"strata","dload.bi_kgd","dload.ub_kgd","tload_kglenS","degf","lenObs","lenStr","MSE_kglenS","Cl_kglenS","flowmu_m3s","flowav_m3s"
1,346.787033356461,347.772982580434,126937.1,28,29,365,141036866.436775,4597.3078960347,1.10698583626145,0.738033452137931
