"strata","dload.bi_kgd","dload.ub_kgd","tload_kglenS","degf","lenObs","lenStr","MSE_kglenS","Cl_kglenS","flowmu_m3s","flowav_m3s"
11,1316.7689440724,1316.73275753069,480607.5,33.2213772069954,342,365,26432684.4618379,1814.31566866749,4.32613079861187,4.30135933796888
