"strata","strata.n","dload.bi_kgd","dload.ub_kgd","tload_kglenS","degf","lenObs","lenStr","MSE_kglenS","Cl_kglenS","flowmu_m3s","flowav_m3s"
1,1,10967.9382560522,10944.3635540845,339275.3,2,3,31,6778333.65758309,7921.0502579786,3.65723575148387,4.14803364266667
