"strata","dload.bi_kgd","dload.ub_kgd","tload_kglenS","degf","lenObs","lenStr","MSE_kglenS","Cl_kglenS","flowmu_m3s","flowav_m3s"
1,1335.48953113742,1335.98032847652,41415.4,4,5,31,226058.851427053,660.039389414261,0.369442895483871,0.364720384
