"strata","dload.bi_kgd","dload.ub_kgd","tload_kglenS","degf","lenObs","lenStr","MSE_kglenS","Cl_kglenS","flowmu_m3s","flowav_m3s"
1,17709.3257127799,17714.6633482011,513725.2,2,3,29,1009971.42450262,3057.56600132316,6.36826140122167,4.572596864
