"strata","dload.bi_kgd","dload.ub_kgd","tload_kglenS","degf","lenObs","lenStr","MSE_kglenS","Cl_kglenS","flowmu_m3s","flowav_m3s"
8,1099.13330439267,1099.13330439267,34073.2,8.92426949992627,31,31,35988.0099251035,143.839253463099,0.35870991483871,0.35870991483871
