"strata","dload.bi_kgd","dload.ub_kgd","tload_kglenS","degf","lenObs","lenStr","MSE_kglenS","Cl_kglenS","flowmu_m3s","flowav_m3s"
9,613.940289578942,613.940289578942,19032.1,10.9051601394718,31,31,18803.9932615912,91.4928481888999,0.140031143225806,0.140031143225806
