"strata","dload.bi_kgd","dload.ub_kgd","tload_kglenS","degf","lenObs","lenStr","MSE_kglenS","Cl_kglenS","flowmu_m3s","flowav_m3s"
5,8922.57048972288,8922.57048972288,267677.1,16.0861838584917,30,30,922989.229666094,507.573797130778,2.69708081066667,2.69708081066667
