"strata","dload.bi_kgd","dload.ub_kgd","tload_kglenS","degf","lenObs","lenStr","MSE_kglenS","Cl_kglenS","flowmu_m3s","flowav_m3s"
9,14587.3449032869,14587.3449032869,452207.6,6.25109359441162,31,31,47444242.1777133,6676.02417427076,4.64815704774194,4.64815704774194
