"strata","dload.bi_kgd","dload.ub_kgd","tload_kglenS","degf","lenObs","lenStr","MSE_kglenS","Cl_kglenS","flowmu_m3s","flowav_m3s"
1,7041.12693975814,7043.89732323132,218360.8,2,3,31,19014703.9645502,13266.7969306863,1.82360192,1.74809045333333
