"strata","dload.bi_kgd","dload.ub_kgd","tload_kglenS","degf","lenObs","lenStr","MSE_kglenS","Cl_kglenS","flowmu_m3s","flowav_m3s"
1,34783.3296732491,34858.0226218194,1080598.7,2,3,31,1416865400.28084,114521.122170159,12.1497862871889,13.0823616
