"strata","dload.bi_kgd","dload.ub_kgd","tload_kglenS","degf","lenObs","lenStr","MSE_kglenS","Cl_kglenS","flowmu_m3s","flowav_m3s"
8,32725.6460345063,32725.6460345063,1014495,2.50244495786656,31,31,374952821.594947,43725.6849394028,13.4430201978495,13.4430201978495
