"strata","dload.bi_kgd","dload.ub_kgd","tload_kglenS","degf","lenObs","lenStr","MSE_kglenS","Cl_kglenS","flowmu_m3s","flowav_m3s"
1,1520.25859725918,1519.54976478448,47106,19,20,31,569914.376561082,362.495170913419,0.359418452031386,0.050828656
