"strata","dload.bi_kgd","dload.ub_kgd","tload_kglenS","degf","lenObs","lenStr","MSE_kglenS","Cl_kglenS","flowmu_m3s","flowav_m3s"
1,2343.42220952386,2344.87731862366,70346.3,3,4,30,85677.4092499937,537.815878697539,0.654333827047619,0.63288048
