"strata","dload.bi_kgd","dload.ub_kgd","tload_kglenS","degf","lenObs","lenStr","MSE_kglenS","Cl_kglenS","flowmu_m3s","flowav_m3s"
5,31574.9076264137,31574.9076264137,884097.5,5.74467230876418,28,28,32068278.5010606,5844.13496601888,6.5698347047619,6.5698347047619
