"strata","dload.bi_kgd","dload.ub_kgd","tload_kglenS","degf","lenObs","lenStr","MSE_kglenS","Cl_kglenS","flowmu_m3s","flowav_m3s"
1,388.389271432811,388.38252789208,11651.5,28,29,30,7856.76187893481,34.3130292980926,0.105668858666667,0.105455668965517
2,388.82052270922,388.819507321454,11664.6,22.9314863440789,29,30,5609.61082737537,32.360161740526,0.105668858666667,0.104785644190476
3,388.82052270922,388.819507321454,11664.6,20.3619777684223,29,30,5420.62631825667,33.9959167697735,0.105668858666667,0.104785644190476
4,388.82052270922,388.819507321454,11664.6,17.2465299337706,29,30,4099.28354781926,32.4918868810506,0.105668858666667,0.104785644190476
5,388.82052270922,388.819507321454,11664.5,15.101233490583,29,30,3746.6480720565,33.5534196509998,0.105668858666667,0.104785644190476
6,388.82052270922,388.819507321454,11664.6,7.37144076140644,29,30,3418.96628244955,50.4096694544196,0.105668858666667,0.104785644190476
7,388.915951459928,388.921629172273,11667.7,7.19528448328733,29,30,3375.91888396588,50.9389003510446,0.105668858666667,0.104677770666667
8,388.915951459928,388.921629172273,11667.8,6.9458300563423,29,30,3351.96821291156,52.0279866592992,0.105668858666667,0.104677770666667
9,388.915951459928,388.921629172273,11667.7,7.57907224156451,29,30,3726.90646044987,51.6345305001734,0.105668858666667,0.104677770666667
