"strata","dload.bi_kgd","dload.ub_kgd","tload_kglenS","degf","lenObs","lenStr","MSE_kglenS","Cl_kglenS","flowmu_m3s","flowav_m3s"
8,28340.9257624243,28340.7278082179,878562.6,12.8573655004317,28,31,7967635.96032299,1702.57636262566,9.09106296774194,9.16422992516129
