"strata","dload.bi_kgd","dload.ub_kgd","tload_kglenS","degf","lenObs","lenStr","MSE_kglenS","Cl_kglenS","flowmu_m3s","flowav_m3s"
1,2014.75358582321,2024.62935785596,60738.9,2,3,30,3278906.55024548,5509.16547414424,0.756852571369963,0.664500906666667
