"strata","dload.bi_kgd","dload.ub_kgd","tload_kglenS","degf","lenObs","lenStr","MSE_kglenS","Cl_kglenS","flowmu_m3s","flowav_m3s"
1,308.58830850816,308.58830850816,9257.6,29,30,30,16498.6143263377,48.7828101953164,0.0966074826666667,0.0966074826666667
2,308.58830850816,308.58830850816,9257.6,5.57009687455469,30,30,10897.6549902464,110.288943996945,0.0966074826666667,0.0966074826666667
3,308.58830850816,308.58830850816,9257.6,4.03967633520734,30,30,9221.51088925461,132.140679830109,0.0966074826666667,0.0966074826666667
4,308.58830850816,308.58830850816,9257.6,3.89132447897324,30,30,9048.26191199248,135.369797864911,0.0966074826666667,0.0966074826666667
5,308.58830850816,308.58830850816,9257.6,3.7857282317184,30,30,8939.68662446144,137.985435964232,0.0966074826666667,0.0966074826666667
6,308.58830850816,308.58830850816,9257.6,3.72161591051373,30,30,8863.07863161702,139.584842776754,0.0966074826666667,0.0966074826666667
7,308.58830850816,308.58830850816,9257.6,3.68981192107069,30,30,8824.98628703388,140.404968806288,0.0966074826666667,0.0966074826666667
8,308.58830850816,308.58830850816,9257.6,3.66376861373749,30,30,8793.7287064814,141.090154900287,0.0966074826666667,0.0966074826666667
9,308.58830850816,308.58830850816,9257.6,3.64849672837438,30,30,8775.69644614032,141.500418569782,0.0966074826666667,0.0966074826666667
