"strata","dload.bi_kgd","dload.ub_kgd","tload_kglenS","degf","lenObs","lenStr","MSE_kglenS","Cl_kglenS","flowmu_m3s","flowav_m3s"
8,388.915951459928,388.921629172273,11667.8,6.9458300563423,29,30,3351.96821291156,52.0279866592992,0.105668858666667,0.104677770666667
