"strata","dload.bi_kgd","dload.ub_kgd","tload_kglenS","degf","lenObs","lenStr","MSE_kglenS","Cl_kglenS","flowmu_m3s","flowav_m3s"
9,21979.2444392002,21979.2444392002,681356.7,8.85647574881562,31,31,23572033.8951167,3699.68472022213,6.84837240774194,6.84837240774194
