"strata","strata.n","dload.bi_kgd","dload.ub_kgd","tload_kglenS","degf","lenObs","lenStr","MSE_kglenS","Cl_kglenS","flowmu_m3s","flowav_m3s"
1,1,1287.04583915628,1286.74699104933,38602.4,2,3,30,498844.584787727,2148.83925201115,0.311382320152381,0.318092053333333
