"strata","dload.bi_kgd","dload.ub_kgd","tload_kglenS","degf","lenObs","lenStr","MSE_kglenS","Cl_kglenS","flowmu_m3s","flowav_m3s"
5,33305.9554801301,33305.9554801301,1032484.6,14.8429829861599,31,31,7801794.69638326,1546.72113483316,7.68481414193548,7.68481414193548
