"strata","dload.bi_kgd","dload.ub_kgd","tload_kglenS","degf","lenObs","lenStr","MSE_kglenS","Cl_kglenS","flowmu_m3s","flowav_m3s"
4,1299.79331352576,1299.79331352576,38993.9,16.0547083275547,30,30,142380.84272068,199.581723258356,0.407856309333333,0.407856309333333
