"strata","dload.bi_kgd","dload.ub_kgd","tload_kglenS","degf","lenObs","lenStr","MSE_kglenS","Cl_kglenS","flowmu_m3s","flowav_m3s"
1,1629.07149537582,1628.73622507018,48862.1,3,4,30,357209.246538117,1098.150348391,0.443714142857143,0.35183624
