"strata","dload.bi_kgd","dload.ub_kgd","tload_kglenS","degf","lenObs","lenStr","MSE_kglenS","Cl_kglenS","flowmu_m3s","flowav_m3s"
3,2755.41981272291,2755.39042377403,82661.7,9.9248721466294,18,30,562674.644298983,531.073043170674,0.731191938526316,0.105093083733333
