"strata","dload.bi_kgd","dload.ub_kgd","tload_kglenS","degf","lenObs","lenStr","MSE_kglenS","Cl_kglenS","flowmu_m3s","flowav_m3s"
7,5533.74425080568,5533.74425080568,171546.1,12.3190637372824,31,31,142665.822770028,233.800266037027,1.68256598709677,1.68256598709677
