"strata","dload.bi_kgd","dload.ub_kgd","tload_kglenS","degf","lenObs","lenStr","MSE_kglenS","Cl_kglenS","flowmu_m3s","flowav_m3s"
8,3496.3860411706,3496.3860411706,108388,5.84173291487022,31,31,58154218.1684735,7771.35599382977,0.603007778408602,0.603007778408602
