"strata","dload.bi_kgd","dload.ub_kgd","tload_kglenS","degf","lenObs","lenStr","MSE_kglenS","Cl_kglenS","flowmu_m3s","flowav_m3s"
1,7548.32137245762,7556.40292811384,234248.5,27,28,31,3825145575.955,24422.1326968428,1.74863908828852,1.72850596957657
2,7422.19270716368,7466.99626896867,231476.9,18.9453318867266,28,31,1376944925.52434,17847.0410348361,1.74863908828852,1.77471451156714
3,7446.98764466842,7504.50292178539,232639.6,11.4117151420956,28,31,1052662430.59873,21046.4083018193,1.74863908828852,1.84533365272723
4,7446.98764466842,7504.50292178539,232639.6,11.4117883526066,28,31,1052665807.31645,21046.3587261295,1.74863908828852,1.84533365272723
5,7446.98764466842,7504.50292178539,232639.7,11.4117620826864,28,31,1052664596.23983,21046.376520971,1.74863908828852,1.84533365272723
6,7446.98764466842,7504.50292178539,232639.6,11.4117705656075,28,31,1052664987.55004,21046.3707771281,1.74863908828852,1.84533365272723
7,7213.59274521833,7246.26202590448,224634.3,7.33188793265562,28,31,1103280012.13035,28742.5554640591,1.74863908828852,1.7574185142154
8,7213.59274521833,7246.26202590448,224634.2,7.33189313308641,28,31,1103280403.44056,28742.5464488813,1.74863908828852,1.7574185142154
9,7193.56488014849,7237.25831850809,224355,2.32406880136251,28,31,2609903118.2982,126534.073020916,1.74863908828852,1.71966278088206
