"strata","dload.bi_kgd","dload.ub_kgd","tload_kglenS","degf","lenObs","lenStr","MSE_kglenS","Cl_kglenS","flowmu_m3s","flowav_m3s"
1,189208.253934672,191545.566885852,5746367,23,24,30,9212474278126.57,1309220.63399902,7.61957893333333,6.38838806666667
2,146427.46963719,146413.920101476,4392417.6,2.31640218892238,24,30,1756097114340.84,3296238.49934038,7.61957893333333,6.03565849904762
3,140237.769522337,140323.562567401,4209706.9,2.0748866761141,24,30,1661586199321.6,3720200.8341189,7.61957893333333,5.97972158222222
4,138854.52084682,138788.074219365,4163642.2,2.05247753232578,24,30,1652579066073.79,3767738.32343512,7.61957893333333,5.7519770625641
5,139495.753397453,139275.548393076,4178266.5,2.05937707866977,24,30,1655359651976.43,3752927.67913228,7.61957893333333,5.95706814222222
6,139972.234757829,139501.311312576,4185039.3,2.07139554911984,24,30,1660203200039.18,3727517.68661818,7.61957893333333,6.25234944
7,145215.191695062,145530.674379195,4365920.3,2.07460862963575,24,30,1661527316373.77,3720839.48649806,7.61957893333333,6.16236494222222
