"strata","dload.bi_kgd","dload.ub_kgd","tload_kglenS","degf","lenObs","lenStr","MSE_kglenS","Cl_kglenS","flowmu_m3s","flowav_m3s"
1,86834.273662464,86834.273662464,2605028.2,29,30,30,340788962630.076,221710.284768117,11.0112236533333,11.0112236533333
2,86834.273662464,86834.273662464,2605028.2,19.4633482980699,30,30,334501398555.97,273946.112373389,11.0112236533333,11.0112236533333
3,86834.273662464,86834.273662464,2605028.2,20.7449321932138,30,30,186671121475.228,197419.709404544,11.0112236533333,11.0112236533333
4,86834.273662464,86834.273662464,2605028.2,14.9135297836513,30,30,155598189829.592,217824.371254216,11.0112236533333,11.0112236533333
5,86834.273662464,86834.273662464,2605028.2,11.5509372108814,30,30,134671457532.171,236278.950521663,11.0112236533333,11.0112236533333
6,86834.273662464,86834.273662464,2605028.1,11.0682715075864,30,30,131753862046.264,239956.300323079,11.0112236533333,11.0112236533333
7,86834.273662464,86834.273662464,2605028.2,11.0311233093956,30,30,131533610662.728,240257.049758772,11.0112236533333,11.0112236533333
8,86834.273662464,86834.273662464,2605028.1,10.4868629548178,30,30,137345755246.948,253396.717944013,11.0112236533333,11.0112236533333
9,86834.273662464,86834.273662464,2605028.1,8.56362663804914,30,30,159293413533.06,310939.972709135,11.0112236533333,11.0112236533333
