"strata","dload.bi_kgd","dload.ub_kgd","tload_kglenS","degf","lenObs","lenStr","MSE_kglenS","Cl_kglenS","flowmu_m3s","flowav_m3s"
8,110425.662412473,110425.662412473,3423195.6,2.36196084126868,31,31,92908674554.5352,739508.264350193,21.6910808398882,21.6910808398882
