"strata","dload.bi_kgd","dload.ub_kgd","tload_kglenS","degf","lenObs","lenStr","MSE_kglenS","Cl_kglenS","flowmu_m3s","flowav_m3s"
1,7196.27437627127,7196.27437627127,215888.2,29,30,30,2447524679.67135,18789.1277546663,1.18290691563022,1.18290691563022
2,7196.27437627127,7196.27437627127,215888.2,4.03612090738145,30,30,1562958599.99639,54443.9347827261,1.18290691563022,1.18290691563022
3,7196.27437627127,7196.27437627127,215888.2,4.32508791323729,30,30,1534279322.21716,50778.7990113849,1.18290691563022,1.18290691563022
4,7196.27437627127,7196.27437627127,215888.2,4.31039088353612,30,30,1531675689.73219,50884.2792709618,1.18290691563022,1.18290691563022
5,7196.27437627127,7196.27437627127,215888.2,4.30932508962603,30,30,1531486305.29119,50891.9543504031,1.18290691563022,1.18290691563022
6,7196.27437627127,7196.27437627127,215888.1,4.30829048586924,30,30,1531302449.76424,50899.4092026275,1.18290691563022,1.18290691563022
7,7196.27437627127,7196.27437627127,215888.2,4.3082018815465,30,30,1531286703.2588,50900.0478372735,1.18290691563022,1.18290691563022
8,7196.27437627127,7196.27437627127,215888.1,4.30820201026346,30,30,1531286726.13411,50900.046909496,1.18290691563022,1.18290691563022
9,7196.27437627127,7196.27437627127,215888.1,4.3082025169063,30,30,1531286816.17355,50900.0432576704,1.18290691563022,1.18290691563022
