"strata","dload.bi_kgd","dload.ub_kgd","tload_kglenS","degf","lenObs","lenStr","MSE_kglenS","Cl_kglenS","flowmu_m3s","flowav_m3s"
1,81456.4170272661,81826.9071270969,2536634.1,22,23,31,59399716553.9097,107761.348551972,3.50169202580645,3.77659930434783
2,75381.2033743155,75699.2828731669,2346677.8,15.0101491330081,23,31,30107271789.2526,95453.6806859709,3.50169202580645,3.16780095332068
3,66370.3101094077,66419.6849791981,2059010.2,7.00646418988079,23,31,18277987305.5686,120752.366825682,3.50169202580645,2.86228041290323
4,66370.3101094077,66419.6849791981,2059010.1,5.59572753062245,23,31,9808407233.84388,104265.773609715,3.50169202580645,2.86228041290323
5,66370.3101094077,66419.6849791981,2059010.2,4.77675762889675,23,31,9403580936.29964,115676.293644987,3.50169202580645,2.86228041290323
6,66370.3101094077,66419.6849791981,2059010.2,4.56524809303661,23,31,9189213297.22813,118711.976588651,3.50169202580645,2.86228041290323
7,66508.019091578,66578.9424302232,2063947.2,4.55941187600018,23,31,9183784770.16727,118803.867965541,3.50169202580645,2.89699132903226
