"strata","dload.bi_kgd","dload.ub_kgd","tload_kglenS","degf","lenObs","lenStr","MSE_kglenS","Cl_kglenS","flowmu_m3s","flowav_m3s"
6,143.137160276506,143.137160276506,4437.2,15.2436921250928,31,31,160211.316442873,218.208783989727,0.57167356455914,0.57167356455914
