"strata","dload.bi_kgd","dload.ub_kgd","tload_kglenS","degf","lenObs","lenStr","MSE_kglenS","Cl_kglenS","flowmu_m3s","flowav_m3s"
8,229995.067434326,229996.108952405,6899883.3,4.82861571256962,28,30,501239910126.863,837134.999033825,10.9402743377778,10.8867870488889
