"strata","dload.bi_kgd","dload.ub_kgd","tload_kglenS","degf","lenObs","lenStr","MSE_kglenS","Cl_kglenS","flowmu_m3s","flowav_m3s"
6,89.0980509404825,89.1042738900771,2762.2,6.69402543989545,30,31,15767.3506561432,115.833915515976,0.0997001035010753,0.0986940958967742
