"strata","dload.bi_kgd","dload.ub_kgd","tload_kglenS","degf","lenObs","lenStr","MSE_kglenS","Cl_kglenS","flowmu_m3s","flowav_m3s"
1,32469.2765170776,32747.6972384763,1015178.6,18,19,31,54400069339.985,115497.720049839,3.93404710835515,3.2299642373614
2,29810.7373778961,29814.9608022652,924263.8,15.1602812631163,19,31,15292530097.5376,67633.4196231544,3.93404710835515,4.11026633902796
3,29810.7373778961,29814.9608022652,924263.8,2.44544342896949,19,31,8345960554.78417,212201.564610911,3.93404710835515,4.11026633902796
4,29810.7373778961,29814.9608022652,924263.9,2.37392628261954,19,31,8222741323.36281,218595.319551463,3.93404710835515,4.11026633902796
5,29810.7373778961,29814.9608022652,924263.9,2.37427996516227,19,31,8223354680.43559,218562.271240574,3.93404710835515,4.11026633902796
