"strata","dload.bi_kgd","dload.ub_kgd","tload_kglenS","degf","lenObs","lenStr","MSE_kglenS","Cl_kglenS","flowmu_m3s","flowav_m3s"
9,127317.057935454,127317.057935454,3946828.9,8.98126898006417,31,31,46013029725.1185,161969.194837733,16.0976136292473,16.0976136292473
