"strata","dload.bi_kgd","dload.ub_kgd","tload_kglenS","degf","lenObs","lenStr","MSE_kglenS","Cl_kglenS","flowmu_m3s","flowav_m3s"
1,39529.8563971396,39529.8563971396,1225425.5,30,31,31,21602962883.7068,54803.6788288986,5.44804879621505,5.44804879621505
2,39529.8563971396,39529.8563971396,1225425.6,20.0525117836989,31,31,14732374645.6635,56530.8841223999,5.44804879621505,5.44804879621505
3,39529.8563971396,39529.8563971396,1225425.6,11.6539508233244,31,31,9673348124.72037,62980.1896674147,5.44804879621505,5.44804879621505
4,39529.8563971396,39529.8563971396,1225425.6,8.85595533447258,31,31,8372921794.46672,69730.2827226223,5.44804879621505,5.44804879621505
5,39529.8563971396,39529.8563971396,1225425.7,7.94605677226899,31,31,7870661580.91245,72661.3211803611,5.44804879621505,5.44804879621505
6,39529.8563971396,39529.8563971396,1225425.7,7.38059898915536,31,31,7578855819.14925,74988.6785433887,5.44804879621505,5.44804879621505
7,39529.8563971396,39529.8563971396,1225425.7,7.39613686230833,31,31,7587694013.4365,74923.5040666577,5.44804879621505,5.44804879621505
8,39529.8563971396,39529.8563971396,1225425.7,7.36529902331097,31,31,7571931884.30841,75061.9739995689,5.44804879621505,5.44804879621505
9,39529.8563971396,39529.8563971396,1225425.5,7.39486048880647,31,31,7579246011.0032,74890.70550751,5.44804879621505,5.44804879621505
