"strata","dload.bi_kgd","dload.ub_kgd","tload_kglenS","degf","lenObs","lenStr","MSE_kglenS","Cl_kglenS","flowmu_m3s","flowav_m3s"
6,27.3650538010249,27.3650538010249,848.3,12.6043635662737,31,31,27554.4724236905,101.333035092217,0.228458724473118,0.228458724473118
