"strata","dload.bi_kgd","dload.ub_kgd","tload_kglenS","degf","lenObs","lenStr","MSE_kglenS","Cl_kglenS","flowmu_m3s","flowav_m3s"
1,153251.017917807,153251.017917807,4750781.6,30,31,31,2606968723029.9,602033.922856657,13.1195080654108,13.1195080654108
2,153251.017917807,153251.017917807,4750781.5,2.02659769749987,31,31,1651422460755.66,3835579.05051552,13.1195080654108,13.1195080654108
3,153251.017917807,153251.017917807,4750781.5,2.02028972319678,31,31,1648849386963.64,3849877.79165444,13.1195080654108,13.1195080654108
4,153251.017917807,153251.017917807,4750781.6,2.01824728975769,31,31,1648017898493.92,3854541.4706852,13.1195080654108,13.1195080654108
5,153251.017917807,153251.017917807,4750781.6,2.01051920487605,31,31,1644857819838.58,3872315.03294831,13.1195080654108,13.1195080654108
6,153251.017917807,153251.017917807,4750781.6,2.0095602364887,31,31,1644465917127.78,3874536.77376443,13.1195080654108,13.1195080654108
7,153251.017917807,153251.017917807,4750781.6,2.00900522509404,31,31,1644238809770.58,3875823.90701255,13.1195080654108,13.1195080654108
8,153251.017917807,153251.017917807,4750781.6,2.00898241081949,31,31,1644229473744.99,3875876.84068666,13.1195080654108,13.1195080654108
9,153251.017917807,153251.017917807,4750781.6,2.00898225113037,31,31,1644229408397.11,3875877.21120424,13.1195080654108,13.1195080654108
