"strata","dload.bi_kgd","dload.ub_kgd","tload_kglenS","degf","lenObs","lenStr","MSE_kglenS","Cl_kglenS","flowmu_m3s","flowav_m3s"
7,31889.830207769,31889.830207769,988584.7,4.74641779522326,31,31,9858216508.99576,119059.250979994,2.51222880116301,2.51222880116301
