"strata","dload.bi_kgd","dload.ub_kgd","tload_kglenS","degf","lenObs","lenStr","MSE_kglenS","Cl_kglenS","flowmu_m3s","flowav_m3s"
8,286417.994345421,286417.994345421,8592539.9,2.00499699851908,30,30,10542009730149.3,9842474.83662102,10.4473260444444,10.4473260444444
