"strata","dload.bi_kgd","dload.ub_kgd","tload_kglenS","degf","lenObs","lenStr","MSE_kglenS","Cl_kglenS","flowmu_m3s","flowav_m3s"
1,34.5207901244004,34.4905494379638,1069.2,29,30,31,322403.835081861,215.646880003563,0.197416175186065,0.187238926508267
2,29.0394280566175,29.0683088092677,901.1,27.9989290187768,30,31,140768.027941964,145.244044279351,0.197416175186065,0.190124026622029
3,31.3328015736249,31.3427029113251,971.6,24.5146876688778,30,31,113528.36706052,140.295934220034,0.197416175186065,0.19377009792843
4,31.3328015736249,31.3427029113251,971.7,12.6213765571336,30,31,104979.526636582,197.629998381102,0.197416175186065,0.19377009792843
5,31.3328015736249,31.3427029113251,971.7,11.5832059151965,30,31,99914.8543258852,203.168616406632,0.197416175186065,0.19377009792843
6,31.3328015736249,31.3427029113251,971.7,11.446545565157,30,31,99542.037938944,204.277296669015,0.197416175186065,0.19377009792843
7,31.3328015736249,31.3427029113251,971.7,11.3419676539284,30,31,99079.3078931991,204.960049980755,0.197416175186065,0.19377009792843
8,31.3328015736249,31.3427029113251,971.7,3.22239498193989,30,31,100748.308689901,541.372668316994,0.197416175186065,0.19377009792843
9,31.3328015736249,31.3427029113251,971.7,3.145346656675,30,31,99531.1960990084,551.601804871921,0.197416175186065,0.19377009792843
