"strata","dload.bi_kgd","dload.ub_kgd","tload_kglenS","degf","lenObs","lenStr","MSE_kglenS","Cl_kglenS","flowmu_m3s","flowav_m3s"
1,12816.3048240729,12816.3048240729,384489.1,29,30,30,16847398083.0162,49295.7522632548,2.27226588444444,2.27226588444444
2,12816.3048240729,12816.3048240729,384489.1,4.07459298705092,30,30,8085072077.87928,122789.160821992,2.27226588444444,2.27226588444444
3,12816.3048240729,12816.3048240729,384489.2,4.92473686034476,30,30,4575241016.8596,78712.9564376861,2.27226588444444,2.27226588444444
4,12816.3048240729,12816.3048240729,384489.2,4.85399764435352,30,30,4542215000.89873,79351.6936325105,2.27226588444444,2.27226588444444
5,12816.3048240729,12816.3048240729,384489.2,4.81217853973038,30,30,4522553964.57546,79738.9333847976,2.27226588444444,2.27226588444444
6,12816.3048240729,12816.3048240729,384489.2,4.79874915146068,30,30,4516234016.3498,79864.9928847181,2.27226588444444,2.27226588444444
7,12816.3048240729,12816.3048240729,384489.2,4.79502671295932,30,30,4514481826.58759,79900.0850481138,2.27226588444444,2.27226588444444
8,12816.3048240729,12816.3048240729,384489.2,4.79504770913163,30,30,4514491711.64529,79899.8869423982,2.27226588444444,2.27226588444444
9,12816.3048240729,12816.3048240729,384489.3,4.79512395848694,30,30,4514527612.07432,79899.1675407024,2.27226588444444,2.27226588444444
