"strata","dload.bi_kgd","dload.ub_kgd","tload_kglenS","degf","lenObs","lenStr","MSE_kglenS","Cl_kglenS","flowmu_m3s","flowav_m3s"
1,36601.0088565149,36601.0088565149,1134631.3,30,31,31,89328194109.0266,111441.597727808,6.14946360515441,6.14946360515441
2,36601.0088565149,36601.0088565149,1134631.2,22.1495931199686,31,31,24687287227.4325,69209.5379094744,6.14946360515441,6.14946360515441
3,36601.0088565149,36601.0088565149,1134631.3,17.7200055651176,31,31,20962574642.4567,72342.3231754434,6.14946360515441,6.14946360515441
4,36601.0088565149,36601.0088565149,1134631.2,13.0246432039034,31,31,17468992193.9516,79103.4369635607,6.14946360515441,6.14946360515441
5,36601.0088565149,36601.0088565149,1134631.3,3.41973757480249,31,31,14327436853.2421,192401.116461502,6.14946360515441,6.14946360515441
6,36601.0088565149,36601.0088565149,1134631.4,2.96810654914764,31,31,13338141884.284,214641.12986607,6.14946360515441,6.14946360515441
7,36601.0088565149,36601.0088565149,1134631.4,2.92654235376382,31,31,13244414693.3422,217164.233236969,6.14946360515441,6.14946360515441
8,36601.0088565149,36601.0088565149,1134631.3,2.907584305469,31,31,13201394119.0227,218347.417390008,6.14946360515441,6.14946360515441
9,36601.0088565149,36601.0088565149,1134631.3,2.90758483964304,31,31,13201395331.6866,218347.383742137,6.14946360515441,6.14946360515441
