"strata","dload.bi_kgd","dload.ub_kgd","tload_kglenS","degf","lenObs","lenStr","MSE_kglenS","Cl_kglenS","flowmu_m3s","flowav_m3s"
8,200.948248322415,200.948248322415,6028.5,2.23708666822867,30,30,1736467.73057773,3430.65640934598,0.25333908288,0.25333908288
