"strata","dload.bi_kgd","dload.ub_kgd","tload_kglenS","degf","lenObs","lenStr","MSE_kglenS","Cl_kglenS","flowmu_m3s","flowav_m3s"
1,29279.2190486214,29279.2190486214,907655.8,30,31,31,98509773223.845,117028.789379719,1.10975975053763,1.10975975053763
2,29279.2190486214,29279.2190486214,907655.8,2.19536135845962,31,31,53266107973.8312,616176.236977645,1.10975975053763,1.10975975053763
3,29279.2190486214,29279.2190486214,907655.8,2.04685978592075,31,31,51431679284.5621,667289.873821498,1.10975975053763,1.10975975053763
4,29279.2190486214,29279.2190486214,907655.7,2.0467171873811,31,31,51429887983.9929,667344.714691979,1.10975975053763,1.10975975053763
5,29279.2190486214,29279.2190486214,907655.7,2.04642509332777,31,31,51426224394.924,667457.12520562,1.10975975053763,1.10975975053763
6,29279.2190486214,29279.2190486214,907655.7,2.04634119170959,31,31,51425170282.5919,667489.412531535,1.10975975053763,1.10975975053763
7,29279.2190486214,29279.2190486214,907655.6,2.04632652045551,31,31,51424985874.4937,667495.058288254,1.10975975053763,1.10975975053763
8,29279.2190486214,29279.2190486214,907655.7,2.04622724388024,31,31,51423738779.9041,667533.270046184,1.10975975053763,1.10975975053763
9,29279.2190486214,29279.2190486214,907655.7,2.04620868324892,31,31,51423505555.613,667540.414307367,1.10975975053763,1.10975975053763
