"strata","dload.bi_kgd","dload.ub_kgd","tload_kglenS","degf","lenObs","lenStr","MSE_kglenS","Cl_kglenS","flowmu_m3s","flowav_m3s"
1,217.513476452997,217.513476452997,6742.9,30,31,31,1522812.93660994,460.125530928666,0.113327807086452,0.113327807086452
2,217.513476452997,217.513476452997,6742.9,14.3489777269434,31,31,543859.268289779,416.607351890226,0.113327807086452,0.113327807086452
3,217.513476452997,217.513476452997,6742.9,7.74830669738253,31,31,407513.751234948,531.84945926172,0.113327807086452,0.113327807086452
4,217.513476452997,217.513476452997,6742.9,6.48947438693812,31,31,389344.011288392,588.560245417486,0.113327807086452,0.113327807086452
5,217.513476452997,217.513476452997,6742.9,6.44919124414529,31,31,388131.933831703,590.291396325886,0.113327807086452,0.113327807086452
6,217.513476452997,217.513476452997,6742.9,6.44766445286745,31,31,388086.575844307,590.357937737092,0.113327807086452,0.113327807086452
7,217.513476452997,217.513476452997,6742.8,6.44533626747068,31,31,388016.476994376,590.458765273313,0.113327807086452,0.113327807086452
8,217.513476452997,217.513476452997,6742.8,6.44422252655341,31,31,387983.084979908,590.507135454456,0.113327807086452,0.113327807086452
9,217.513476452997,217.513476452997,6742.8,6.44498138247151,31,31,388005.953419569,590.474264660361,0.113327807086452,0.113327807086452
