"strata","dload.bi_kgd","dload.ub_kgd","tload_kglenS","degf","lenObs","lenStr","MSE_kglenS","Cl_kglenS","flowmu_m3s","flowav_m3s"
1,2818.96351854258,2827.80783668815,87662,28,29,31,1011630552.87439,12312.5564402665,0.779118483096774,0.805119857103448
2,2750.75588303205,2750.87702483857,85277.2,11.0800826854833,29,31,651321102.912867,16860.1082768894,0.779118483096774,0.786916080850095
3,2750.75588303205,2750.87702483857,85277.2,3.07770183500126,29,31,313028333.726541,31641.5986044181,0.779118483096774,0.786916080850095
4,2750.75588303205,2750.87702483857,85277.2,3.84613940408768,29,31,286403120.78993,24341.5890367801,0.779118483096774,0.786916080850095
5,2752.64686705737,2752.87155714556,85339.1,3.8447197741578,29,31,286350608.644145,24347.571912228,0.779118483096774,0.785502159852534
6,2745.43772924567,2745.33297281146,85105.3,3.84514361327185,29,31,286372111.765876,24346.0327031339,0.779118483096774,0.778570416
7,2744.73425367705,2744.64477515793,85084.1,3.84021577342525,29,31,286188544.612813,24366.7851886872,0.779118483096774,0.780963642322581
8,2743.79623027776,2743.56334432992,85050.6,3.84315169744421,29,31,286298070.011322,24354.4195677872,0.779118483096774,0.778387726967742
9,2738.86775882834,2738.78912253216,84902.4,2.11825937488312,29,31,313626125.379767,49650.7739747892,0.779118483096774,0.778125872688172
