"strata","dload.bi_kgd","dload.ub_kgd","tload_kglenS","degf","lenObs","lenStr","MSE_kglenS","Cl_kglenS","flowmu_m3s","flowav_m3s"
8,218.7887357952,218.7887357952,6563.6,14.8343704532085,30,30,19979.160356774,78.2981720675298,0.10477216,0.10477216
