"strata","dload.bi_kgd","dload.ub_kgd","tload_kglenS","degf","lenObs","lenStr","MSE_kglenS","Cl_kglenS","flowmu_m3s","flowav_m3s"
4,21698.7743018702,21698.7743018702,607565.7,3.00012882896332,28,28,2393567879.35946,89888.3599783901,4.55617986209524,4.55617986209524
