"strata","dload.bi_kgd","dload.ub_kgd","tload_kglenS","degf","lenObs","lenStr","MSE_kglenS","Cl_kglenS","flowmu_m3s","flowav_m3s"
8,90804.9901184185,90818.98143063,2724569.6,2.34723628894335,29,30,153949464726.853,959539.342016423,6.45088497473778,6.46892592264889
