"strata","dload.bi_kgd","dload.ub_kgd","tload_kglenS","degf","lenObs","lenStr","MSE_kglenS","Cl_kglenS","flowmu_m3s","flowav_m3s"
1,325482.66126534,325482.66126534,10089962.5,30,31,31,10193096495183.2,1190436.18822177,15.982254639828,15.982254639828
2,325482.66126534,325482.66126534,10089962.5,20.6710928288978,31,31,7868381283586.61,1284294.50711749,15.982254639828,15.982254639828
3,325482.66126534,325482.66126534,10089962.5,20.2211125852005,31,31,7780199688570.24,1292990.0943581,15.982254639828,15.982254639828
4,325482.66126534,325482.66126534,10089962.6,4.66059854314669,31,31,7266902999754.5,3281452.15477091,15.982254639828,15.982254639828
5,325482.66126534,325482.66126534,10089962.6,4.63977545792473,31,31,7251253177376.39,3290095.74390156,15.982254639828,15.982254639828
6,325482.66126534,325482.66126534,10089962.6,4.62654200059885,31,31,7240985578960.11,3295565.76432411,15.982254639828,15.982254639828
7,325482.66126534,325482.66126534,10089962.5,4.62655741917096,31,31,7243808638962.42,3296199.00675125,15.982254639828,15.982254639828
8,325482.66126534,325482.66126534,10089962.6,4.61595592774328,31,31,7235501013796.16,3300592.02874196,15.982254639828,15.982254639828
9,325482.66126534,325482.66126534,10089962.6,4.61566124387651,31,31,7235270047720.27,3300714.48744597,15.982254639828,15.982254639828
