"strata","dload.bi_kgd","dload.ub_kgd","tload_kglenS","degf","lenObs","lenStr","MSE_kglenS","Cl_kglenS","flowmu_m3s","flowav_m3s"
1,5031.48053458103,5031.48053458103,155975.9,30,31,31,7476009385.87522,32239.4758010119,0.523157447225806,0.523157447225806
2,5031.48053458103,5031.48053458103,155975.9,5.08700480112679,31,31,4650404455.18944,77324.1843316011,0.523157447225806,0.523157447225806
3,5031.48053458103,5031.48053458103,155975.9,2.00650316080804,31,31,1507894150.17875,117585.463297263,0.523157447225806,0.523157447225806
4,5031.48053458103,5031.48053458103,155976,2.00252984793575,31,31,1506400346.0305,117866.756666622,0.523157447225806,0.523157447225806
5,5031.48053458103,5031.48053458103,155975.9,2.00232868648077,31,31,1506324681.83872,117881.046445673,0.523157447225806,0.523157447225806
6,5031.48053458103,5031.48053458103,155975.9,2.00230506395713,31,31,1506315796.33314,117882.724811771,0.523157447225806,0.523157447225806
7,5031.48053458103,5031.48053458103,155975.8,2.00226753122676,31,31,1506301678.43005,117885.391620995,0.523157447225806,0.523157447225806
8,5031.48053458103,5031.48053458103,155975.8,2.00226569591106,31,31,1506300988.11123,117885.522031106,0.523157447225806,0.523157447225806
9,5031.48053458103,5031.48053458103,155975.8,2.00226825514317,31,31,1506301950.8306,117885.340186964,0.523157447225806,0.523157447225806
