"strata","dload.bi_kgd","dload.ub_kgd","tload_kglenS","degf","lenObs","lenStr","MSE_kglenS","Cl_kglenS","flowmu_m3s","flowav_m3s"
1,15.2342800935651,15.2303012976938,472.1,20,21,31,14962.4407761126,57.0548960304939,0.124555098580645,0.096843456
2,13.4625426242273,13.4245414909839,416.2,15.7905715254012,21,31,5445.14954984792,39.4085803658698,0.124555098580645,0.0862454720099256
3,13.6678376781212,13.6266370480045,422.4,13.0172344310399,21,31,5003.86225823306,42.350908515511,0.124555098580645,0.0849880796129032
4,13.5033345396472,13.4031056709379,415.4,12.9831032678337,21,31,5046.90319235522,42.5998978281451,0.124555098580645,0.0859780258064516
5,13.5033345396472,13.4031056709379,415.4,8.94329183640892,21,31,5092.23615838087,54.0316559012581,0.124555098580645,0.0859780258064516
6,13.5033345396472,13.4031056709379,415.4,4.84430789033987,21,31,5449.55524320457,87.0577799487981,0.124555098580645,0.0859780258064516
7,13.090054446445,12.9347253275101,400.9,3.88928819353931,21,31,7009.33535434237,119.202141804932,0.124555098580645,0.0842759729892473
