"strata","dload.bi_kgd","dload.ub_kgd","tload_kglenS","degf","lenObs","lenStr","MSE_kglenS","Cl_kglenS","flowmu_m3s","flowav_m3s"
1,1869.22502181952,1872.40477685707,58044.5,28,29,31,317144734.599018,6893.91649204847,1.2980708202765,1.20053467586207
2,1794.57927997056,1797.55295501983,55724.1,25.5819546071771,29,31,253056396.522397,6470.1005798883,1.2980708202765,1.21899256774194
3,1794.57927997056,1797.55295501983,55724.2,2.96322642476727,29,31,143728286.654625,22320.504441242,1.2980708202765,1.21899256774194
4,1794.57927997056,1797.55295501983,55724.1,2.92207012008813,29,31,142726776.667658,22581.0921903017,1.2980708202765,1.21899256774194
5,1794.57927997056,1797.55295501983,55724.1,2.86571703362338,29,31,141339622.898615,22954.2529568176,1.2980708202765,1.21899256774194
6,1794.57927997056,1797.55295501983,55724.1,2.8637283551552,29,31,141290567.075491,22967.8028184779,1.2980708202765,1.21899256774194
7,1794.57927997056,1797.55295501983,55724.1,2.86205021136244,29,31,141249157.002135,22979.2569488346,1.2980708202765,1.21899256774194
8,1794.57927997056,1797.55295501983,55724.1,2.862467303385,29,31,141259449.889049,22976.4083315675,1.2980708202765,1.21899256774194
9,1862.5011119616,1869.79539876532,57963.6,2.9190277204402,29,31,145383664.687865,22816.0835030204,1.2980708202765,1.22843150107527
