"strata","dload.bi_kgd","dload.ub_kgd","tload_kglenS","degf","lenObs","lenStr","MSE_kglenS","Cl_kglenS","flowmu_m3s","flowav_m3s"
1,107.867532361653,107.861967264183,3343.7,24,25,31,123206.795375388,147.876804877903,0.228818012903226,0.188589888
2,103.019725803106,103.059196891112,3194.8,20.1933156469339,25,31,95648.0755422479,143.474438726209,0.228818012903226,0.194735090322581
3,103.019725803106,103.059196891112,3194.8,19.3949854395452,25,31,93648.6573224013,145.23858430124,0.228818012903226,0.194735090322581
4,103.019725803106,103.059196891112,3194.8,18.5842073191147,25,31,95060.8322279344,149.920524839943,0.228818012903226,0.194735090322581
5,108.406794834581,108.30230931386,3357.4,12.1283724581439,25,31,93363.2927867428,190.940108255451,0.228818012903226,0.200318523870968
6,100.558613030672,100.317072766071,3109.9,4.86698310711115,25,31,91881.0159185032,356.11812758166,0.228818012903226,0.208265496774194
7,100.558613030672,100.317072766071,3109.9,4.98151516926485,25,31,93220.6932776617,352.039794378857,0.228818012903226,0.208265496774194
8,100.558613030672,100.317072766071,3109.9,5.03525387443845,25,31,94632.8681831948,351.663921724084,0.228818012903226,0.208265496774194
