"strata","dload.bi_kgd","dload.ub_kgd","tload_kglenS","degf","lenObs","lenStr","MSE_kglenS","Cl_kglenS","flowmu_m3s","flowav_m3s"
8,2361.9323782656,2361.9323782656,70858,6.3355542017705,30,30,21045525.3897159,4403.06757400997,1.64567802666667,1.64567802666667
