"strata","dload.bi_kgd","dload.ub_kgd","tload_kglenS","degf","lenObs","lenStr","MSE_kglenS","Cl_kglenS","flowmu_m3s","flowav_m3s"
4,29810.7373778961,29814.9608022652,924263.9,2.37392628261954,19,31,8222741323.36281,218595.319551463,3.93404710835515,4.11026633902796
