"strata","dload.bi_kgd","dload.ub_kgd","tload_kglenS","degf","lenObs","lenStr","MSE_kglenS","Cl_kglenS","flowmu_m3s","flowav_m3s"
1,96331.0044458297,96317.8266615266,2985852.6,29,30,31,562104371674.483,284742.019562893,12.0023542807742,12.2181847781333
2,95627.9267094246,95658.0890796852,2965400.7,13.3865631603757,30,31,219721552050.728,275966.511000542,12.0023542807742,12.1850666566308
3,95370.4137385044,95463.4797246737,2959367.8,10.4515946766082,30,31,191203098736.062,299613.131474761,12.0023542807742,12.5299602059355
4,95617.8167766812,95653.0661071334,2965245.1,8.4773052315316,30,31,144578713110.744,298224.296860487,12.0023542807742,12.1981906053591
5,95370.4137385044,95463.4797246737,2959367.9,5.73753736471415,30,31,116074808506.097,351932.237939461,12.0023542807742,12.5299602059355
6,95152.9987327166,95162.8322582442,2950047.9,5.46350413018508,30,31,113312133440.917,360948.162774309,12.0023542807742,12.0826461104516
7,95152.9987327166,95162.8322582442,2950047.9,5.23614405450692,30,31,111156032099.211,369510.903849015,12.0023542807742,12.0826461104516
8,95152.9987327166,95162.8322582442,2950047.9,5.23566696681486,30,31,111150967864.352,369528.906125397,12.0023542807742,12.0826461104516
9,95152.9987327166,95162.8322582442,2950047.9,5.25655313344179,30,31,112124328599.324,369986.705453947,12.0023542807742,12.0826461104516
