"strata","dload.bi_kgd","dload.ub_kgd","tload_kglenS","degf","lenObs","lenStr","MSE_kglenS","Cl_kglenS","flowmu_m3s","flowav_m3s"
1,17796.9388992,17796.9388992,533908.2,29,30,30,47816039157.0548,83048.1339943106,1.58416764444444,1.58416764444444
2,17796.9388992,17796.9388992,533908.2,17.3021166514296,30,30,26527644086.2352,82502.4570947595,1.58416764444444,1.58416764444444
3,17796.9388992,17796.9388992,533908.2,15.0000516354986,30,30,21785585102.3521,81229.3847324513,1.58416764444444,1.58416764444444
4,17796.9388992,17796.9388992,533908.2,2.98904651583057,30,30,14008983566.5287,218322.68077332,1.58416764444444,1.58416764444444
5,17796.9388992,17796.9388992,533908.3,2.98684183739635,30,30,14003816344.153,218454.596671969,1.58416764444444,1.58416764444444
6,17796.9388992,17796.9388992,533908.3,2.98683292664136,30,30,14003795455.0622,218455.130372593,1.58416764444444,1.58416764444444
7,17796.9388992,17796.9388992,533908.3,2.98683295639512,30,30,14003795524.8251,218455.128590612,1.58416764444444,1.58416764444444
8,17796.9388992,17796.9388992,533908.3,2.98683343374904,30,30,14003796643.8926,218455.100000085,1.58416764444444,1.58416764444444
9,17796.9388992,17796.9388992,533908.2,2.98683496428785,30,30,14003800231.9421,218455.00833032,1.58416764444444,1.58416764444444
