"strata","dload.bi_kgd","dload.ub_kgd","tload_kglenS","degf","lenObs","lenStr","MSE_kglenS","Cl_kglenS","flowmu_m3s","flowav_m3s"
6,3771.26578122432,3771.26578122432,116909.2,3.0035057171891,31,31,1129590730.5614,61676.6374815409,0.523442432981677,0.523442432981677
