"strata","dload.bi_kgd","dload.ub_kgd","tload_kglenS","degf","lenObs","lenStr","MSE_kglenS","Cl_kglenS","flowmu_m3s","flowav_m3s"
1,108302.749042673,108302.749042673,3357385.2,30,31,31,1587444227721.26,469788.401946448,8.38072781873548,8.38072781873548
2,108302.749042673,108302.749042673,3357385.2,20.41408356839,31,31,1392196453371.4,544035.94432721,8.38072781873548,8.38072781873548
3,108302.749042673,108302.749042673,3357385.2,4.44707947711435,31,31,427039499066.833,827308.960550455,8.38072781873548,8.38072781873548
4,108302.749042673,108302.749042673,3357385.1,3.62417069670455,31,31,394265569030.651,954450.670218192,8.38072781873548,8.38072781873548
5,108302.749042673,108302.749042673,3357385.1,3.45062815531819,31,31,384669211717.448,988218.764967806,8.38072781873548,8.38072781873548
6,108302.749042673,108302.749042673,3357385.2,3.37681398435455,31,31,380566172001.219,1003994.69750784,8.38072781873548,8.38072781873548
7,108302.749042673,108302.749042673,3357385.2,3.37016141547727,31,31,380199058700.311,1005466.55752983,8.38072781873548,8.38072781873548
8,108302.749042673,108302.749042673,3357385.2,3.36970017145791,31,31,380173038950.83,1005568.15192261,8.38072781873548,8.38072781873548
9,108302.749042673,108302.749042673,3357385.2,3.36954388026905,31,31,380164223814.123,1005602.58761814,8.38072781873548,8.38072781873548
