"strata","dload.bi_kgd","dload.ub_kgd","tload_kglenS","degf","lenObs","lenStr","MSE_kglenS","Cl_kglenS","flowmu_m3s","flowav_m3s"
7,75254.4895840771,75254.4895840771,2257634.5,2.59652433883732,30,30,205950917036.794,980467.936431312,6.45560234910756,6.45560234910756
