"strata","dload.bi_kgd","dload.ub_kgd","tload_kglenS","degf","lenObs","lenStr","MSE_kglenS","Cl_kglenS","flowmu_m3s","flowav_m3s"
7,3495.86658409703,3495.86658409703,108371.9,2.79917473751054,31,31,826464806.946323,56971.6268489385,0.289105393548387,0.289105393548387
