"strata","dload.bi_kgd","dload.ub_kgd","tload_kglenS","degf","lenObs","lenStr","MSE_kglenS","Cl_kglenS","flowmu_m3s","flowav_m3s"
1,1553.48580936172,1553.48580936172,48158.1,30,31,31,283612486.025773,6279.3649735157,0.719757335845161,0.719757335845161
2,1553.48580936172,1553.48580936172,48158.1,7.82158213682838,31,31,54900394.2560731,6133.77044017874,0.719757335845161,0.719757335845161
3,1553.48580936172,1553.48580936172,48158.1,2.85009194634279,31,31,18410809.2974122,8334.58833284958,0.719757335845161,0.719757335845161
4,1553.48580936172,1553.48580936172,48158.1,2.30295018275014,31,31,16556107.8663767,10197.522675515,0.719757335845161,0.719757335845161
5,1553.48580936172,1553.48580936172,48158.1,2.2760352175223,31,31,16459015.5095509,10324.4552497156,0.719757335845161,0.719757335845161
6,1553.48580936172,1553.48580936172,48158.1,2.27458670437928,31,31,16453776.2077729,10331.4175595491,0.719757335845161,0.719757335845161
7,1553.48580936172,1553.48580936172,48158.2,2.27394242646773,31,31,16451445.8164595,10334.518815838,0.719757335845161,0.719757335845161
8,1553.48580936172,1553.48580936172,48158.2,2.27278127380992,31,31,16447244.1550862,10340.1145889626,0.719757335845161,0.719757335845161
9,1553.48580936172,1553.48580936172,48158.2,2.27293049968472,31,31,16447784.4998211,10339.3950531084,0.719757335845161,0.719757335845161
