"strata","dload.bi_kgd","dload.ub_kgd","tload_kglenS","degf","lenObs","lenStr","MSE_kglenS","Cl_kglenS","flowmu_m3s","flowav_m3s"
1,63.9155736902429,63.9225882088354,1981.6,23,24,31,53202.0175330471,99.492134485937,0.179035251612903,0.208742010666667
2,61.5772987226387,61.4651179605279,1905.4,19.206921887686,24,31,29022.4775835885,81.3010220309236,0.179035251612903,0.209285510537634
3,61.5772987226387,61.4651179605279,1905.4,16.3309160651008,24,31,26276.5663138258,84.8947410666916,0.179035251612903,0.209285510537634
4,61.5772987226387,61.4651179605279,1905.4,17.8740436433328,24,31,28645.7483855354,84.1488208536551,0.179035251612903,0.209285510537634
5,61.5772987226387,61.4651179605279,1905.4,16.4909821371804,24,31,33770.9753474765,95.7007259155166,0.179035251612903,0.209285510537634
6,61.5772987226387,61.4651179605279,1905.4,11.6257832148233,24,31,35178.100002662,120.281195436459,0.179035251612903,0.209285510537634
7,62.1426270003516,61.9126937875899,1919.2,10.8353547528852,24,31,45065.6688961075,142.208059439202,0.179035251612903,0.192394387096774
