"strata","dload.bi_kgd","dload.ub_kgd","tload_kglenS","degf","lenObs","lenStr","MSE_kglenS","Cl_kglenS","flowmu_m3s","flowav_m3s"
1,160970.297782408,160970.297782408,4990079.2,30,31,31,1989795880873.01,525965.57073467,8.60168472258064,8.60168472258064
2,160970.297782408,160970.297782408,4990079.2,2.32195734116661,31,31,1106822341989.01,2608809.74677822,8.60168472258064,8.60168472258064
3,160970.297782408,160970.297782408,4990079.2,2.28536908393807,31,31,1098227193537.5,2652706.81532841,8.60168472258064,8.60168472258064
4,160970.297782408,160970.297782408,4990079.2,2.28511069895626,31,31,1098197826118.39,2653062.59257957,8.60168472258064,8.60168472258064
5,160970.297782408,160970.297782408,4990079.2,2.28511177785671,31,31,1098198085480.47,2653061.27191557,8.60168472258064,8.60168472258064
6,160970.297782408,160970.297782408,4990079.2,2.28513289948178,31,31,1098203161035.77,2653035.41530163,8.60168472258064,8.60168472258064
7,160970.297782408,160970.297782408,4990079.2,2.29686220279633,31,31,1101664385213.87,2639562.83215172,8.60168472258064,8.60168472258064
8,160970.297782408,160970.297782408,4990079.2,2.29687614512577,31,31,1101667729206.48,2639546.02437882,8.60168472258064,8.60168472258064
9,160970.297782408,160970.297782408,4990079.3,2.30378963004188,31,31,1103328633636.22,2631254.53104937,8.60168472258064,8.60168472258064
