"strata","dload.bi_kgd","dload.ub_kgd","tload_kglenS","degf","lenObs","lenStr","MSE_kglenS","Cl_kglenS","flowmu_m3s","flowav_m3s"
7,21265.6821953533,21266.8662368372,659272.9,2.60569516852547,29,31,12598546628.4297,241493.548893858,2.64971174619141,2.28114663608823
