"strata","dload.bi_kgd","dload.ub_kgd","tload_kglenS","degf","lenObs","lenStr","MSE_kglenS","Cl_kglenS","flowmu_m3s","flowav_m3s"
1,24914.9687642688,24914.9687642688,747449.1,29,30,30,17894516416.5715,50804.6030837709,2.99709730666667,2.99709730666667
2,24914.9687642688,24914.9687642688,747449.1,8.00400236409342,30,30,14161359707.5141,96988.7037877886,2.99709730666667,2.99709730666667
3,24914.9687642688,24914.9687642688,747449.1,6.05509480011421,30,30,13877279122.7762,116883.410316947,2.99709730666667,2.99709730666667
4,24914.9687642688,24914.9687642688,747449.1,6.05297844368589,30,30,13874853669.9442,116903.427896593,2.99709730666667,2.99709730666667
5,24914.9687642688,24914.9687642688,747449.2,6.05284964869629,30,30,13874706037.1121,116904.646514473,2.99709730666667,2.99709730666667
6,24914.9687642688,24914.9687642688,747449.1,6.0528273192592,30,30,13874680444.6256,116904.857806964,2.99709730666667,2.99709730666667
7,24914.9687642688,24914.9687642688,747449.1,6.05281821918228,30,30,13874670014.7253,116904.943917,2.99709730666667,2.99709730666667
8,24914.9687642688,24914.9687642688,747449.1,6.0528172117156,30,30,13874668860.0343,116904.953450234,2.99709730666667,2.99709730666667
9,24914.9687642688,24914.9687642688,747449.1,5.60326425235741,30,30,15483579750.3644,130867.637304258,2.99709730666667,2.99709730666667
