"strata","dload.bi_kgd","dload.ub_kgd","tload_kglenS","degf","lenObs","lenStr","MSE_kglenS","Cl_kglenS","flowmu_m3s","flowav_m3s"
6,57971.4208730368,57971.4208730368,1739142.5,7.62214042518096,30,30,30482713308.1819,147098.527834955,2.81704965333333,2.81704965333333
