"strata","dload.bi_kgd","dload.ub_kgd","tload_kglenS","degf","lenObs","lenStr","MSE_kglenS","Cl_kglenS","flowmu_m3s","flowav_m3s"
7,125890.868576361,125890.868576361,3524944.4,2.57744214479789,28,28,152248385197.147,850397.814468282,15.8568450350476,15.8568450350476
