"strata","dload.bi_kgd","dload.ub_kgd","tload_kglenS","degf","lenObs","lenStr","MSE_kglenS","Cl_kglenS","flowmu_m3s","flowav_m3s"
1,20859.7392615936,20859.7392615936,625792.2,29,30,30,15077044981.1448,46633.8417670428,1.43456055111111,1.43456055111111
2,20859.7392615936,20859.7392615936,625792.2,8.046707372215,30,30,13164708025.9543,93178.9840170186,1.43456055111111,1.43456055111111
3,20859.7392615936,20859.7392615936,625792.2,5.20494198842073,30,30,7650437594.19728,97396.4771764112,1.43456055111111,1.43456055111111
4,20859.7392615936,20859.7392615936,625792.2,2.68792403364606,30,30,7617522661.24598,181107.994151335,1.43456055111111,1.43456055111111
5,20859.7392615936,20859.7392615936,625792.1,2.67454421501086,30,30,7598549557.1015,181926.470724203,1.43456055111111,1.43456055111111
6,20859.7392615936,20859.7392615936,625792.1,2.66288072506693,30,30,7581940032.83902,182649.123076226,1.43456055111111,1.43456055111111
7,20859.7392615936,20859.7392615936,625792.2,2.66287996332796,30,30,7581938948.40433,182649.170584821,1.43456055111111,1.43456055111111
8,20859.7392615936,20859.7392615936,625792.1,2.66288033164387,30,30,7581939472.75198,182649.147613491,1.43456055111111,1.43456055111111
9,20859.7392615936,20859.7392615936,625792.2,2.6628804733933,30,30,7581939674.55183,182649.13877279,1.43456055111111,1.43456055111111
