"strata","dload.bi_kgd","dload.ub_kgd","tload_kglenS","degf","lenObs","lenStr","MSE_kglenS","Cl_kglenS","flowmu_m3s","flowav_m3s"
1,101742.868239304,109772.290889153,3073624.1,13,14,28,2804434486651.55,1003410.96163132,15.2199074992381,8.22246383161905
2,143088.414365204,148500.336616801,4158009.5,2.0779450730471,14,28,385697626696.481,1788648.95863131,15.2199074992381,10.0165096319307
3,142685.670849788,148017.625350894,4144493.5,2.02836238773409,14,28,381063424365.035,1840160.44152338,15.2199074992381,10.0426934398571
4,142731.979874463,148063.814022185,4145786.8,2.02839056889869,14,28,381066071702.446,1840130.0012484,15.2199074992381,10.3040823653333
