"strata","dload.bi_kgd","dload.ub_kgd","tload_kglenS","degf","lenObs","lenStr","MSE_kglenS","Cl_kglenS","flowmu_m3s","flowav_m3s"
3,61741.6231274858,62443.3705308815,1873301.1,4.00524557428016,9,30,11115637483.1561,146189.917293016,4.22583156158499,4.35072089223111
