"strata","dload.bi_kgd","dload.ub_kgd","tload_kglenS","degf","lenObs","lenStr","MSE_kglenS","Cl_kglenS","flowmu_m3s","flowav_m3s"
6,343.086900472157,343.086900472157,10292.6,2.34052438800193,30,30,1350112.37258734,2851.99148048148,0.70846793008,0.70846793008
