"strata","dload.bi_kgd","dload.ub_kgd","tload_kglenS","degf","lenObs","lenStr","MSE_kglenS","Cl_kglenS","flowmu_m3s","flowav_m3s"
1,22804.5552887288,22804.5552887288,706941.2,30,31,31,18527574932.2594,50753.0728729843,2.54912096344086,2.54912096344086
2,22804.5552887288,22804.5552887288,706941.2,26.7629792293157,31,31,8943927375.87455,37524.800438882,2.54912096344086,2.54912096344086
3,22804.5552887288,22804.5552887288,706941.2,27.9875676928453,31,31,6395262439.31335,30965.0353188215,2.54912096344086,2.54912096344086
4,22804.5552887288,22804.5552887288,706941.2,22.0804192597352,31,31,5112654785.23811,31550.7762514353,2.54912096344086,2.54912096344086
5,22804.5552887288,22804.5552887288,706941.2,16.8490588077853,31,31,3875176131.07496,32018.3430823236,2.54912096344086,2.54912096344086
6,22804.5552887288,22804.5552887288,706941.2,16.0953968271629,31,31,3782944498.0044,32484.1453241409,2.54912096344086,2.54912096344086
7,22804.5552887288,22804.5552887288,706941.1,12.3429661610678,31,31,3312389842.28556,35583.1339771065,2.54912096344086,2.54912096344086
8,22804.5552887288,22804.5552887288,706941.2,10.8531496194513,31,31,3072377744.55052,37093.1702845743,2.54912096344086,2.54912096344086
9,22804.5552887288,22804.5552887288,706941.2,6.21822275762051,31,31,3020733811.88175,53475.8823065162,2.54912096344086,2.54912096344086
