"strata","dload.bi_kgd","dload.ub_kgd","tload_kglenS","degf","lenObs","lenStr","MSE_kglenS","Cl_kglenS","flowmu_m3s","flowav_m3s"
9,66516.9381668573,66516.9381668573,2062025.1,2.85946283490047,31,31,100351696751.023,613109.35662716,9.98788266589247,9.98788266589247
