"strata","dload.bi_kgd","dload.ub_kgd","tload_kglenS","degf","lenObs","lenStr","MSE_kglenS","Cl_kglenS","flowmu_m3s","flowav_m3s"
1,367948.023249388,367948.023249388,11406388.7,30,31,31,8982876731127.91,1117534.0714756,15.7053894114409,15.7053894114409
2,367948.023249388,367948.023249388,11406388.7,5.89225695846452,31,31,6315790784418.75,2544598.94739573,15.7053894114409,15.7053894114409
3,367948.023249388,367948.023249388,11406388.7,15.6214582758883,31,31,1135867242142.73,572763.711262783,15.7053894114409,15.7053894114409
4,367948.023249388,367948.023249388,11406388.7,15.0858925770688,31,31,1116538150957.87,579576.83248965,15.7053894114409,15.7053894114409
5,367948.023249388,367948.023249388,11406388.8,10.7996807822857,31,31,920207283725.938,643929.360073398,15.7053894114409,15.7053894114409
6,367948.023249388,367948.023249388,11406388.7,8.59542385395964,31,31,811527681503.421,700108.957984742,15.7053894114409,15.7053894114409
7,367948.023249388,367948.023249388,11406388.8,8.48311230161753,31,31,806265001611.289,703935.043492078,15.7053894114409,15.7053894114409
8,367948.023249388,367948.023249388,11406388.8,8.42379913028645,31,31,803457366803.236,705987.617769292,15.7053894114409,15.7053894114409
9,367948.023249388,367948.023249388,11406388.8,8.23440994000456,31,31,811066884689.026,720152.193628703,15.7053894114409,15.7053894114409
