"strata","dload.bi_kgd","dload.ub_kgd","tload_kglenS","degf","lenObs","lenStr","MSE_kglenS","Cl_kglenS","flowmu_m3s","flowav_m3s"
1,152056.577204364,152073.320726088,4562199.6,28,29,30,552037097152.207,287621.533470704,9.03156155591111,9.02709151577012
2,151444.163409142,151470.477695683,4544114.3,25.7361210710048,29,30,524508099622.849,293592.547468557,9.03156155591111,9.01731943667633
3,149576.394138262,149602.465677677,4488074,9.55132106659425,29,30,386086275640.582,450842.812530593,9.03156155591111,8.94498671548444
4,149589.591443214,149616.19846843,4488485.9,8.74740625507319,29,30,232532430465.242,370458.765680319,9.03156155591111,8.95862759225397
5,149589.591443214,149616.19846843,4488485.9,7.75296349164285,29,30,214761259697.574,385938.415557608,9.03156155591111,8.95862759225397
6,149064.816202394,149073.891074336,4472216.6,7.53014285281212,29,30,211735077480.498,390923.125198026,9.03156155591111,8.82534886474667
7,149202.936839723,149205.960069114,4476178.8,7.52040012672038,29,30,211597979331.013,391144.084372998,9.03156155591111,8.86883696717037
8,149065.922669462,149081.332996816,4472440,7.51457127863476,29,30,211515865209.595,391276.497359781,9.03156155591111,8.8927069808
9,149469.598306459,149482.951625241,4484488.5,6.72236404879111,29,30,390236041359.044,574529.193762646,9.03156155591111,8.85692293576296
