"strata","dload.bi_kgd","dload.ub_kgd","tload_kglenS","degf","lenObs","lenStr","MSE_kglenS","Cl_kglenS","flowmu_m3s","flowav_m3s"
1,10798.8781788819,10798.8781788819,334765.2,30,31,31,8587195982.87931,34552.4414862492,2.71367177602753,2.71367177602753
2,10798.8781788819,10798.8781788819,334765.2,27.595381659554,31,31,5663825245.28433,29365.6737663416,2.71367177602753,2.71367177602753
3,10798.8781788819,10798.8781788819,334765.2,5.66668091676786,31,31,2832137457.95578,55492.5183642323,2.71367177602753,2.71367177602753
4,10798.8781788819,10798.8781788819,334765.3,5.64025283498646,31,31,2825520945.6885,55624.9161907797,2.71367177602753,2.71367177602753
5,10798.8781788819,10798.8781788819,334765.3,5.62269777785911,31,31,2821117680.51843,55713.5928091652,2.71367177602753,2.71367177602753
6,10798.8781788819,10798.8781788819,334765.2,5.62113878122722,31,31,2820726524.99643,55721.4982514743,2.71367177602753,2.71367177602753
7,10798.8781788819,10798.8781788819,334765.2,5.62032482082001,31,31,2820522296.33734,55725.627738231,2.71367177602753,2.71367177602753
8,10798.8781788819,10798.8781788819,334765.2,5.62032487673797,31,31,2820522310.37115,55725.6274545279,2.71367177602753,2.71367177602753
9,10798.8781788819,10798.8781788819,334765.3,5.62258353205335,31,31,2821091008.74187,55714.1916346624,2.71367177602753,2.71367177602753
