"strata","dload.bi_kgd","dload.ub_kgd","tload_kglenS","degf","lenObs","lenStr","MSE_kglenS","Cl_kglenS","flowmu_m3s","flowav_m3s"
7,59691.3863276246,61235.5239701113,1898301.2,2.0002950247981,23,31,722128152149.301,2584848.08859513,6.62042078017524,13.1044277302842
