"strata","dload.bi_kgd","dload.ub_kgd","tload_kglenS","degf","lenObs","lenStr","MSE_kglenS","Cl_kglenS","flowmu_m3s","flowav_m3s"
1,29066.5582729579,29066.5582729579,901063.3,30,31,31,18217098472.3245,50326.0280975441,3.48509777204301,3.48509777204301
2,29066.5582729579,29066.5582729579,901063.3,24.4497955942661,31,31,15923136987.9386,52618.9808563719,3.48509777204301,3.48509777204301
3,29066.5582729579,29066.5582729579,901063.4,24.1488469902501,31,31,13254760999.0201,48337.5308839555,3.48509777204301,3.48509777204301
4,29066.5582729579,29066.5582729579,901063.4,13.5518724273789,31,31,11684502972.1747,63174.0403810221,3.48509777204301,3.48509777204301
5,29066.5582729579,29066.5582729579,901063.5,8.80890395372433,31,31,11113257391.2175,80615.8696290802,3.48509777204301,3.48509777204301
6,29066.5582729579,29066.5582729579,901063.4,10.4507768066756,31,31,10161033554.1672,69072.265966749,3.48509777204301,3.48509777204301
7,29066.5582729579,29066.5582729579,901063.4,6.49157303268589,31,31,9457502158.98639,91708.8241376891,3.48509777204301,3.48509777204301
8,29066.5582729579,29066.5582729579,901063.4,6.41728422364136,31,31,9403073740.34569,92208.3098514022,3.48509777204301,3.48509777204301
9,29066.5582729579,29066.5582729579,901063.4,6.41527543264493,31,31,9401601701.28611,92221.9983535418,3.48509777204301,3.48509777204301
