"strata","dload.bi_kgd","dload.ub_kgd","tload_kglenS","degf","lenObs","lenStr","MSE_kglenS","Cl_kglenS","flowmu_m3s","flowav_m3s"
1,1374.38325481703,1374.38325481703,42605.9,30,31,31,382343042.517637,7290.87493660447,1.14043628387097,1.14043628387097
2,1374.38325481703,1374.38325481703,42605.9,10.5722303447431,31,31,245766071.680387,10664.5620857906,1.14043628387097,1.14043628387097
3,1374.38325481703,1374.38325481703,42605.9,2.32981366979198,31,31,100960477.914842,24808.0482102621,1.14043628387097,1.14043628387097
4,1374.38325481703,1374.38325481703,42605.8,3.17254275813301,31,31,91905847.081209,16613.7378171587,1.14043628387097,1.14043628387097
5,1374.38325481703,1374.38325481703,42605.9,3.14655461372949,31,31,91528178.4368545,16720.5782738174,1.14043628387097,1.14043628387097
6,1374.38325481703,1374.38325481703,42606,3.14560598864448,31,31,91515293.5726824,16724.6073679529,1.14043628387097,1.14043628387097
7,1374.38325481703,1374.38325481703,42606,3.13759846248615,31,31,91398623.0319798,16758.0289416351,1.14043628387097,1.14043628387097
8,1374.38325481703,1374.38325481703,42606,3.13762930522071,31,31,91399184.1682017,16757.909996558,1.14043628387097,1.14043628387097
9,1374.38325481703,1374.38325481703,42606,3.14010515525196,31,31,91435798.5355772,16747.6006284556,1.14043628387097,1.14043628387097
