"strata","dload.bi_kgd","dload.ub_kgd","tload_kglenS","degf","lenObs","lenStr","MSE_kglenS","Cl_kglenS","flowmu_m3s","flowav_m3s"
8,298.8160902144,298.8160902144,8964.5,2.25905268882573,30,30,295440.103670109,1396.91287137179,0.1628216,0.1628216
