"strata","dload.bi_kgd","dload.ub_kgd","tload_kglenS","degf","lenObs","lenStr","MSE_kglenS","Cl_kglenS","flowmu_m3s","flowav_m3s"
1,90445.9677382546,90445.9677382546,2532487.1,27,28,28,223820095051.289,186813.880001719,11.3633312626667,11.3633312626667
2,90445.9677382546,90445.9677382546,2532487.1,21.3843335999654,28,28,193851523243.425,197785.481139423,11.3633312626667,11.3633312626667
3,90445.9677382546,90445.9677382546,2532487.1,2.68368342789272,28,28,125949556082.669,737766.644400655,11.3633312626667,11.3633312626667
4,90445.9677382546,90445.9677382546,2532487.1,2.49616687591481,28,28,121454785408.66,789372.288576783,11.3633312626667,11.3633312626667
5,90445.9677382546,90445.9677382546,2532487.2,2.3362630547022,28,28,117403008363.598,842978.190810382,11.3633312626667,11.3633312626667
6,90445.9677382546,90445.9677382546,2532487.2,2.33612146965979,28,28,117399450777.689,843030.890616084,11.3633312626667,11.3633312626667
7,90445.9677382546,90445.9677382546,2532487.2,2.33612384502462,28,28,117399510468.824,843030.006411901,11.3633312626667,11.3633312626667
8,90445.9677382546,90445.9677382546,2532487.2,2.3361393255757,28,28,117399899468.613,843024.243958073,11.3633312626667,11.3633312626667
