"strata","dload.bi_kgd","dload.ub_kgd","tload_kglenS","degf","lenObs","lenStr","MSE_kglenS","Cl_kglenS","flowmu_m3s","flowav_m3s"
6,12.5991099743302,12.5947808827367,377.8,15.1154886640264,29,30,1473.69294628924,21.0319015897417,0.108137139733333,0.109335884266667
