"strata","dload.bi_kgd","dload.ub_kgd","tload_kglenS","degf","lenObs","lenStr","MSE_kglenS","Cl_kglenS","flowmu_m3s","flowav_m3s"
7,43587.2133705496,43587.2133705496,1351203.6,7.51694605317311,31,31,5020647317.37624,60269.5417920487,5.41526494489462,5.41526494489462
