"strata","dload.bi_kgd","dload.ub_kgd","tload_kglenS","degf","lenObs","lenStr","MSE_kglenS","Cl_kglenS","flowmu_m3s","flowav_m3s"
1,31067.6019605504,31114.4035714086,933432.1,27,28,30,102432570434.653,126380.083546617,3.08086626684444,2.88647469352381
2,31503.2664306302,31445.3507440252,943360.5,3.0000070913455,28,30,88695677201.7688,547205.672142955,3.08086626684445,3.90220291662222
3,30804.3924762742,31206.0320320173,936181,2.20284988261569,28,30,84030498632.4702,770384.481462861,3.08086626684445,4.05312359484444
4,30804.3924762742,31206.0320320173,936181,2.20284640498256,28,30,84030432303.0803,770385.811987131,3.08086626684445,4.05312359484444
5,30804.3924762742,31206.0320320173,936181,2.20284638323904,28,30,84030431888.363,770385.820306108,3.08086626684445,4.05312359484444
6,30804.3924762742,31206.0320320173,936181,2.20284637434561,28,30,84030431718.7373,770385.823708697,3.08086626684445,4.05312359484444
7,30804.3924762742,31206.0320320173,936181,2.20284635561144,28,30,84030431361.4177,770385.83087631,3.08086626684445,4.05312359484444
8,30804.3924762742,31206.0320320173,936181,2.20284635168351,28,30,84030431286.4997,770385.832379119,3.08086626684445,4.05312359484444
9,30804.3924762742,31206.0320320173,936181,2.20284837830529,28,30,84030469940.5586,770385.057003394,3.08086626684445,4.05312359484444
