"strata","dload.bi_kgd","dload.ub_kgd","tload_kglenS","degf","lenObs","lenStr","MSE_kglenS","Cl_kglenS","flowmu_m3s","flowav_m3s"
1,75757.8836889088,75757.8836889088,2272736.5,29,30,30,241098535682.1,186483.480353924,5.35722392888889,5.35722392888889
2,75757.8836889088,75757.8836889088,2272736.5,12.2156863877033,30,30,78965931665.0371,174836.093450147,5.35722392888889,5.35722392888889
3,75757.8836889088,75757.8836889088,2272736.5,11.4093319596289,30,30,76266463688.7846,179166.255763345,5.35722392888889,5.35722392888889
4,75757.8836889088,75757.8836889088,2272736.5,11.2054040237528,30,30,75893983920.3804,180732.656330191,5.35722392888889,5.35722392888889
5,75757.8836889088,75757.8836889088,2272736.5,6.83269911910384,30,30,75594143224.5251,249959.521835083,5.35722392888889,5.35722392888889
6,75757.8836889088,75757.8836889088,2272736.5,6.82240070259881,30,30,75537136244.3366,250132.468526667,5.35722392888889,5.35722392888889
7,75757.8836889088,75757.8836889088,2272736.5,6.81844758053494,30,30,75685387343.249,250480.698830309,5.35722392888889,5.35722392888889
8,75757.8836889088,75757.8836889088,2272736.6,6.89868307184846,30,30,76350098739.5283,249504.421563876,5.35722392888889,5.35722392888889
9,75757.8836889088,75757.8836889088,2272736.7,6.69285493291115,30,30,99842245197.0078,291519.578784586,5.35722392888889,5.35722392888889
