"strata","dload.bi_kgd","dload.ub_kgd","tload_kglenS","degf","lenObs","lenStr","MSE_kglenS","Cl_kglenS","flowmu_m3s","flowav_m3s"
6,35.3314067793945,35.3342678947376,1095.5,18.5980576685046,30,31,1127.97943366994,16.3240040832765,0.0790130064516129,0.0787085247311828
