"strata","dload.bi_kgd","dload.ub_kgd","tload_kglenS","degf","lenObs","lenStr","MSE_kglenS","Cl_kglenS","flowmu_m3s","flowav_m3s"
1,316977.849348232,317060.602005755,9828878.7,29,30,31,4832558575292.79,834894.582344795,29.5075199175914,29.8693849735111
2,315054.951106127,315149.36187727,9769630.2,7.6485150493994,30,31,2402643348768.16,1302868.967605,29.5075199175914,29.8273723437022
3,314298.264063582,314367.712943549,9745399,6.89057613812779,30,31,2285485480302.41,1366228.52632999,29.5075199175914,29.8100752538191
4,317895.215136957,318312.386531115,9867683.9,5.63848666012685,30,31,2059948338104.2,1502282.94501656,29.5075199175914,29.6234457504803
5,317895.215136957,318312.386531115,9867683.9,4.60721814541101,30,31,1893523685068.5,1691130.59127137,29.5075199175914,29.6234457504803
6,317895.215136957,318312.386531115,9867683.9,4.45686110312622,30,31,1862082148893.79,1724351.85331985,29.5075199175914,29.6234457504803
7,317895.215136957,318312.386531115,9867683.9,4.45569469298989,30,31,1861838405297.75,1724620.6484395,29.5075199175914,29.6234457504803
8,317895.215136957,318312.386531115,9867683.9,4.41017211643767,30,31,1852314870631.28,1735245.9142811,29.5075199175914,29.6234457504803
9,317895.215136957,318312.386531115,9867683.9,4.40901183806707,30,31,1852071127035.24,1735519.86781283,29.5075199175914,29.6234457504803
