"strata","dload.bi_kgd","dload.ub_kgd","tload_kglenS","degf","lenObs","lenStr","MSE_kglenS","Cl_kglenS","flowmu_m3s","flowav_m3s"
8,84720.6923843211,84720.6923843211,2372179.3,2.00052893725764,28,28,892713345990.465,2873491.10519102,6.9128467219619,6.9128467219619
