"strata","dload.bi_kgd","dload.ub_kgd","tload_kglenS","degf","lenObs","lenStr","MSE_kglenS","Cl_kglenS","flowmu_m3s","flowav_m3s"
8,19646.7555708574,19651.0646854276,609182.9,5.0462359413218,30,31,3731337578.19646,69708.2458793582,3.27919200860215,3.27980097204301
