"strata","dload.bi_kgd","dload.ub_kgd","tload_kglenS","degf","lenObs","lenStr","MSE_kglenS","Cl_kglenS","flowmu_m3s","flowav_m3s"
7,353.665281078904,353.665281078904,10609.9,5.00486594749661,30,30,187161.367494569,496.954155408918,0.300856314710507,0.300856314710507
