"strata","dload.bi_kgd","dload.ub_kgd","tload_kglenS","degf","lenObs","lenStr","MSE_kglenS","Cl_kglenS","flowmu_m3s","flowav_m3s"
1,50852.4364886942,50852.4364886942,1576425.5,30,31,31,115504170175.297,126721.961006948,5.04660943913979,5.04660943913979
2,50852.4364886942,50852.4364886942,1576425.6,17.1143433911425,31,31,73852854727.4825,138524.641442368,5.04660943913979,5.04660943913979
3,50852.4364886942,50852.4364886942,1576425.6,10.7033141494068,31,31,55163238756.4484,158545.393730496,5.04660943913979,5.04660943913979
4,50852.4364886942,50852.4364886942,1576425.6,6.5418537616263,31,31,41879835396.1341,191916.438059258,5.04660943913979,5.04660943913979
5,50852.4364886942,50852.4364886942,1576425.6,5.07758464585929,31,31,35408613650.8241,213680.244489798,5.04660943913979,5.04660943913979
6,50852.4364886942,50852.4364886942,1576425.6,3.88356948572064,31,31,30315819997.0483,248233.829808616,5.04660943913979,5.04660943913979
7,50852.4364886942,50852.4364886942,1576425.7,3.87764795647492,31,31,30292695802.5151,248483.717848281,5.04660943913979,5.04660943913979
8,50852.4364886942,50852.4364886942,1576425.7,3.87748263578814,31,31,30292050034.9113,248490.707990307,5.04660943913979,5.04660943913979
9,50852.4364886942,50852.4364886942,1576425.7,3.87747353259171,31,31,30292014489.235,248491.092969663,5.04660943913979,5.04660943913979
