"strata","dload.bi_kgd","dload.ub_kgd","tload_kglenS","degf","lenObs","lenStr","MSE_kglenS","Cl_kglenS","flowmu_m3s","flowav_m3s"
1,832.051907911852,832.051907911852,24961.6,29,30,30,25625633.4414168,1922.56213360824,0.3849385792,0.3849385792
2,832.051907911852,832.051907911852,24961.6,8.81177537941095,30,30,6113917.93638695,1890.45694167153,0.3849385792,0.3849385792
3,832.051907911852,832.051907911852,24961.6,5.84209329569561,30,30,3866039.28573439,2003.63785489256,0.3849385792,0.3849385792
4,832.051907911852,832.051907911852,24961.6,4.31941673289844,30,30,3311071.51732015,2361.5860684384,0.3849385792,0.3849385792
5,832.051907911852,832.051907911852,24961.5,4.19278354954063,30,30,3261771.69598221,2405.09016256465,0.3849385792,0.3849385792
6,832.051907911852,832.051907911852,24961.6,4.16275181188717,30,30,3250057.38362928,2415.89615936396,0.3849385792,0.3849385792
7,832.051907911852,832.051907911852,24961.4,4.15873930289272,30,30,3248489.80050936,2417.35416517849,0.3849385792,0.3849385792
8,832.051907911852,832.051907911852,24961.5,4.15859987642466,30,30,3248435.57534482,2417.404983897,0.3849385792,0.3849385792
9,832.051907911852,832.051907911852,24961.6,4.30901789370005,30,30,3307987.68687119,2365.3811829337,0.3849385792,0.3849385792
