"strata","dload.bi_kgd","dload.ub_kgd","tload_kglenS","degf","lenObs","lenStr","MSE_kglenS","Cl_kglenS","flowmu_m3s","flowav_m3s"
1,141451.119371115,141451.119371115,4243533.6,29,30,30,1215219927048.76,418668.725852304,7.86394741128889,7.86394741128889
2,141451.119371115,141451.119371115,4243533.6,5.55471643559381,30,30,937153407292.939,1024918.70494294,7.86394741128889,7.86394741128889
3,141451.119371115,141451.119371115,4243533.5,3.56358604037475,30,30,585350865717.031,1181749.72432281,7.86394741128889,7.86394741128889
4,141451.119371115,141451.119371115,4243533.6,2.78012121539314,30,30,516275380544.867,1434868.66332798,7.86394741128889,7.86394741128889
5,141451.119371115,141451.119371115,4243533.6,2.51938251612048,30,30,490908845867.748,1569277.50893072,7.86394741128889,7.86394741128889
6,141451.119371115,141451.119371115,4243533.5,2.49587958383071,30,30,488617141049.793,1583506.102763,7.86394741128889,7.86394741128889
7,141451.119371115,141451.119371115,4243533.6,2.49541921340721,30,30,488572075083.499,1583788.61979086,7.86394741128889,7.86394741128889
8,141451.119371115,141451.119371115,4243533.6,2.49538826361754,30,30,488569045274.344,1583807.61838708,7.86394741128889,7.86394741128889
9,141451.119371115,141451.119371115,4243533.6,2.59579057252423,30,30,499326593081,1527175.25185172,7.86394741128889,7.86394741128889
