"strata","dload.bi_kgd","dload.ub_kgd","tload_kglenS","degf","lenObs","lenStr","MSE_kglenS","Cl_kglenS","flowmu_m3s","flowav_m3s"
8,22821.8708071124,22821.8708071124,707478,7.73124635043783,31,31,2155068595.6799,38734.6633484225,4.66517791084387,4.66517791084387
