"strata","dload.bi_kgd","dload.ub_kgd","tload_kglenS","degf","lenObs","lenStr","MSE_kglenS","Cl_kglenS","flowmu_m3s","flowav_m3s"
1,3128.44481391484,3128.44481391484,96981.8,30,31,31,481527592.894153,8182.07850306252,0.437540232258064,0.437540232258064
2,3128.44481391484,3128.44481391484,96981.8,3.02330215883611,31,31,161710757.593152,23173.8462019955,0.437540232258064,0.437540232258064
3,3128.44481391484,3128.44481391484,96981.8,3.00609369905226,31,31,161249780.346352,23281.5286407087,0.437540232258064,0.437540232258064
4,3128.44481391484,3128.44481391484,96981.8,3.0048165409321,31,31,161215514.606388,23289.5867562667,0.437540232258064,0.437540232258064
5,3128.44481391484,3128.44481391484,96981.8,3.00464899448023,31,31,161211019.879482,23290.6446359866,0.437540232258064,0.437540232258064
6,3128.44481391484,3128.44481391484,96981.8,3.00464604196455,31,31,161210940.675147,23290.6632796773,0.437540232258064,0.437540232258064
7,3128.44481391484,3128.44481391484,96981.8,3.00464566225222,31,31,161210930.492299,23290.6656776194,0.437540232258064,0.437540232258064
8,3128.44481391484,3128.44481391484,96981.8,3.00465367062536,31,31,161211145.343551,23290.6151100844,0.437540232258064,0.437540232258064
9,3128.44481391484,3128.44481391484,96981.8,3.00465500172528,31,31,161211181.053391,23290.6067050164,0.437540232258064,0.437540232258064
