"strata","dload.bi_kgd","dload.ub_kgd","tload_kglenS","degf","lenObs","lenStr","MSE_kglenS","Cl_kglenS","flowmu_m3s","flowav_m3s"
1,2451.0187410985,2463.29484138171,76362.1,20,21,31,100966850.381599,4686.85049779995,0.718853938580645,0.817236332190476
2,2323.79156374552,2327.8189416297,72162.4,18.9682166183179,21,31,42018678.2558928,3115.52627761275,0.718853938580645,0.758791790910394
3,2215.55476048275,2215.98233157436,68695.5,10.2642508827458,21,31,22262524.9783379,3270.03510731706,0.718853938580645,0.713557986523297
4,2207.45757743634,2209.17521371657,68484.4,7.49211907287794,21,31,18200107.3568508,3636.99189789584,0.718853938580645,0.7080854350681
5,2186.78170261997,2187.82314178906,67822.5,7.05372684830082,21,31,17506104.4469696,3719.43849977851,0.718853938580645,0.683753285849462
6,2186.78170261997,2187.82314178906,67822.5,6.97790772058329,21,31,17416913.69322,3738.21202032912,0.718853938580645,0.683753285849462
7,2231.16367961283,2229.9936482453,69129.9,2.82786075766666,21,31,36806777.8061289,11887.1223698516,0.718853938580645,0.68698688172043
