"strata","dload.bi_kgd","dload.ub_kgd","tload_kglenS","degf","lenObs","lenStr","MSE_kglenS","Cl_kglenS","flowmu_m3s","flowav_m3s"
6,100.865058183142,100.865058183142,3026,8.2161781390522,30,30,73750.2879898689,217.481093510262,0.226280303914667,0.226280303914667
