"strata","dload.bi_kgd","dload.ub_kgd","tload_kglenS","degf","lenObs","lenStr","MSE_kglenS","Cl_kglenS","flowmu_m3s","flowav_m3s"
1,27711.9245446861,27711.9245446861,859069.7,30,31,31,97321083519.4519,116320.569693834,1.94769268395699,1.94769268395699
2,27711.9245446861,27711.9245446861,859069.7,8.25723619558498,31,31,70892545353.6251,212516.6234606,1.94769268395699,1.94769268395699
3,27711.9245446861,27711.9245446861,859069.7,3.01514859951554,31,31,58369955958.027,441537.788600216,1.94769268395699,1.94769268395699
4,27711.9245446861,27711.9245446861,859069.7,2.36116063915361,31,31,51662330365.3025,551682.070016598,1.94769268395699,1.94769268395699
5,27711.9245446861,27711.9245446861,859069.7,2.33942289474368,31,31,51441210026.8966,557032.455876897,1.94769268395699,1.94769268395699
6,27711.9245446861,27711.9245446861,859069.8,2.33935776950062,31,31,51440494002.5427,557048.429966466,1.94769268395699,1.94769268395699
7,27711.9245446861,27711.9245446861,859069.8,2.33920741895135,31,31,51438840930.5997,557085.313505113,1.94769268395699,1.94769268395699
8,27711.9245446861,27711.9245446861,859069.8,2.33920074274689,31,31,51438767526.1119,557086.951458179,1.94769268395699,1.94769268395699
9,27711.9245446861,27711.9245446861,859069.8,2.33919709121483,31,31,51438727377.6924,557087.847338233,1.94769268395699,1.94769268395699
