"strata","dload.bi_kgd","dload.ub_kgd","tload_kglenS","degf","lenObs","lenStr","MSE_kglenS","Cl_kglenS","flowmu_m3s","flowav_m3s"
7,17244.98217024,17244.98217024,517349.5,3.59247804300825,30,30,17170698497.5858,200849.027859252,2.62795635555556,2.62795635555556
