"strata","dload.bi_kgd","dload.ub_kgd","tload_kglenS","degf","lenObs","lenStr","MSE_kglenS","Cl_kglenS","flowmu_m3s","flowav_m3s"
9,37850.4691152074,37850.4691152074,1173364.6,6.02877883658814,31,31,12133940815.3148,109648.388856135,2.96905027747097,2.96905027747097
