"strata","strata.n","dload.bi_kgd","dload.ub_kgd","tload_kglenS","degf","lenObs","lenStr","MSE_kglenS","Cl_kglenS","flowmu_m3s","flowav_m3s"
1,1,63861.1353931333,64862.6126124275,1945878.4,8,9,30,69017406689.0307,214187.640489343,4.22583156158499,3.48919557161482
2,1,25264.9352536804,26560.4455734656,318725.3,5,6,12,125895785.272553,154786.56901081,1.76418037372444,2.00503300632889
2,2,91543.5511547681,92704.9486814472,1668689.1,2,3,18,16628675.6816133,223317.436618946,5.86693235349202,6.45752070218667
3,1,56104.5648715891,56104.5648715891,168313.7,2,3,3,635089450.01192,230017.035215774,3.63405666439111,3.63405666439111
3,2,4016.78649155345,4033.14944951423,36298.3,2,3,9,149895.212421337,10601.2649298627,1.14088827683556,0.376009348266667
3,3,91543.5511547681,92704.9486814472,1668689.1,2,3,18,16628675.6816133,223317.436618946,5.86693235349202,6.45752070218667
