"strata","dload.bi_kgd","dload.ub_kgd","tload_kglenS","degf","lenObs","lenStr","MSE_kglenS","Cl_kglenS","flowmu_m3s","flowav_m3s"
8,5971.71212155045,5971.71212155045,185123.2,3.35268131959162,31,31,193347908.918857,22791.1989428086,0.462431612903226,0.462431612903226
