"strata","dload.bi_kgd","dload.ub_kgd","tload_kglenS","degf","lenObs","lenStr","MSE_kglenS","Cl_kglenS","flowmu_m3s","flowav_m3s"
1,1029.60872275069,1029.60872275069,31917.9,30,31,31,77897546.5260142,3290.90194563503,0.931718348573935,0.931718348573935
2,1029.60872275069,1029.60872275069,31917.8,11.6039450888169,31,31,49502258.3947316,4517.27138766044,0.931718348573936,0.931718348573936
3,1029.60872275069,1029.60872275069,31917.8,2.20439562890352,31,31,31843961.4427614,14982.8104532989,0.931718348573936,0.931718348573936
4,1029.60872275069,1029.60872275069,31917.8,2.19490735258505,31,31,31775764.3683344,15053.8830143546,0.931718348573936,0.931718348573936
5,1029.60872275069,1029.60872275069,31917.8,2.19394398330063,31,31,31768859.283432,15061.1591910278,0.931718348573936,0.931718348573936
6,1029.60872275069,1029.60872275069,31917.9,2.19570410825461,31,31,31783166.7527003,15048.2734665187,0.931718348573936,0.931718348573936
7,1029.60872275069,1029.60872275069,31918,2.19960661550553,31,31,31811821.1615292,15019.0978318006,0.931718348573936,0.931718348573936
8,1029.60872275069,1029.60872275069,31917.9,2.20517550723764,31,31,31853774.2675015,14978.0017087644,0.931718348573936,0.931718348573936
9,1029.60872275069,1029.60872275069,31917.8,2.20808991572999,31,31,31896357.7690388,14961.466130821,0.931718348573936,0.931718348573936
