"strata","dload.bi_kgd","dload.ub_kgd","tload_kglenS","degf","lenObs","lenStr","MSE_kglenS","Cl_kglenS","flowmu_m3s","flowav_m3s"
7,840.932011379613,840.932011379613,26068.8,2.61789120849737,31,31,8577963.84470532,6266.89595664486,1.03493336774194,1.03493336774194
