"strata","dload.bi_kgd","dload.ub_kgd","tload_kglenS","degf","lenObs","lenStr","MSE_kglenS","Cl_kglenS","flowmu_m3s","flowav_m3s"
5,9804.13653139173,9804.21151529035,303930.6,4.00006697295553,29,31,2826242077.23811,73800.1545110471,1.52101240122151,1.51705779263656
