"strata","dload.bi_kgd","dload.ub_kgd","tload_kglenS","degf","lenObs","lenStr","MSE_kglenS","Cl_kglenS","flowmu_m3s","flowav_m3s"
6,1851.29304660232,1851.29304660232,57390.1,4.95308033648291,31,31,4632912.72325167,2493.21286000301,1.50444418064516,1.50444418064516
