"strata","dload.bi_kgd","dload.ub_kgd","tload_kglenS","degf","lenObs","lenStr","MSE_kglenS","Cl_kglenS","flowmu_m3s","flowav_m3s"
1,3310.42399695311,3311.98781884359,102671.6,29,30,31,135362129.304089,4418.67101634484,0.860964691956989,0.877463693688889
2,3303.86106852599,3304.73723411189,102446.8,20.6975968381846,30,31,72328789.1570138,3891.03243776466,0.860964691956989,0.871397081481481
3,3305.58759247241,3306.56988874508,102503.7,18.1606564068554,30,31,67435530.6763402,4045.88229555618,0.860964691956989,0.87208747539598
4,3300.20679149324,3300.32721476413,102310.1,3.65164572563014,30,31,62894860.0635005,11969.3800351994,0.860964691956989,0.863880865634409
5,3288.37838194622,3288.51300193456,101943.9,3.51623694050443,30,31,61710939.9563887,12290.4949769414,0.860964691956989,0.858689996018433
6,3288.37838194622,3288.51300193456,101943.9,3.49728932322094,30,31,61543726.7827901,12337.957209831,0.860964691956989,0.858689996018433
7,3288.37838194622,3288.51300193456,101943.9,3.44379088293049,30,31,61069064.4814873,12475.5423759233,0.860964691956989,0.858689996018433
8,3288.37838194622,3288.51300193456,101943.9,3.41928047197396,30,31,60850659.2187966,12540.4417179529,0.860964691956989,0.858689996018433
9,3290.83197980648,3291.27404079485,102029.4,3.41560477026738,30,31,60818019.1326343,12550.2955503615,0.860964691956989,0.860354206107527
