"strata","dload.bi_kgd","dload.ub_kgd","tload_kglenS","degf","lenObs","lenStr","MSE_kglenS","Cl_kglenS","flowmu_m3s","flowav_m3s"
9,149161.98227271,149161.98227271,4624021.4,2.12152803362775,31,31,300264693556.22,1533002.41815072,13.1185949247312,13.1185949247312
