"strata","dload.bi_kgd","dload.ub_kgd","tload_kglenS","degf","lenObs","lenStr","MSE_kglenS","Cl_kglenS","flowmu_m3s","flowav_m3s"
7,181185.476536458,181185.476536458,5254378.8,3.00024021332844,29,29,1934368262250.61,2555247.54183818,7.14823212715402,7.14823212715402
