"strata","dload.bi_kgd","dload.ub_kgd","tload_kglenS","degf","lenObs","lenStr","MSE_kglenS","Cl_kglenS","flowmu_m3s","flowav_m3s"
6,117324.717331232,117696.826934312,3530904.8,3.02937944968864,20,30,268780570346.366,942765.39144978,13.7918547555556,11.4620113777778
