"strata","dload.bi_kgd","dload.ub_kgd","tload_kglenS","degf","lenObs","lenStr","MSE_kglenS","Cl_kglenS","flowmu_m3s","flowav_m3s"
1,144202.837047973,144447.698280023,4477878.6,29,30,31,2283058522510.38,573854.248871581,11.5808769816774,11.8833740141333
2,143741.50123209,143870.942920315,4459999.2,11.191800581866,30,31,696418143494.319,547891.906493992,11.5808769816774,11.7994617791593
3,143741.50123209,143870.942920315,4459999.3,6.61047878055324,30,31,326261410461.523,531666.2641435,11.5808769816774,11.7994617791593
4,143482.421956121,143492.622375368,4448271.4,3.49796849410406,30,31,247789703827.947,782729.196551836,11.5808769816774,11.6189934056593
5,143341.704308857,143342.590415502,4443620.4,3.42778406845526,30,31,245288429723.19,794260.667387966,11.5808769816774,11.5871765562323
6,143325.449204493,143326.877486245,4443133.3,3.42608969154305,30,31,245227773507.142,794546.576451175,11.5808769816774,11.5861400067692
7,143295.753658245,143295.876488509,4442172.2,3.42545086245299,30,31,245204909266.522,794654.480420187,11.5808769816774,11.5614685556129
8,143287.63856956,143288.015430609,4441928.5,3.4254375153688,30,31,245204431551.062,794656.735428072,11.5808769816774,11.563639053557
9,143296.035692392,143294.890701683,4442141.6,3.42544922737835,30,31,245204850783.717,794654.756730766,11.5808769816774,11.5870891699785
