"strata","dload.bi_kgd","dload.ub_kgd","tload_kglenS","degf","lenObs","lenStr","MSE_kglenS","Cl_kglenS","flowmu_m3s","flowav_m3s"
8,356.974797046562,356.939835898879,11065.2,5.45591784319321,30,31,483829.048224407,746.65123209041,0.345738993548387,0.339162188387097
