"strata","dload.bi_kgd","dload.ub_kgd","tload_kglenS","degf","lenObs","lenStr","MSE_kglenS","Cl_kglenS","flowmu_m3s","flowav_m3s"
1,208613.343085534,208613.343085534,6258400.3,29,30,30,5778096705968.87,912925.803908038,8.57173211991111,8.57173211991111
2,208613.343085534,208613.343085534,6258400.3,27.9671236098825,30,30,1208711811296.67,425869.721892197,8.57173211991111,8.57173211991111
3,208613.343085534,208613.343085534,6258400.3,19.5127727480154,30,30,1035201702852.1,481232.96875075,8.57173211991111,8.57173211991111
4,208613.343085534,208613.343085534,6258400.3,13.5942144580343,30,30,991975637518.944,580998.75017846,8.57173211991111,8.57173211991111
5,208613.343085534,208613.343085534,6258400.3,13.594066784085,30,30,991970249542.031,581000.939269085,8.57173211991111,8.57173211991111
6,208613.343085534,208613.343085534,6258400.2,13.5477850594458,30,30,1042230961289.09,596751.821440742,8.57173211991111,8.57173211991111
7,208613.343085534,208613.343085534,6258400.2,11.3121132386641,30,30,1113340148010.31,688175.543188771,8.57173211991111,8.57173211991111
8,208613.343085534,208613.343085534,6258400.2,8.19499645234154,30,30,1206468386182.96,881145.797472455,8.57173211991111,8.57173211991111
9,208613.343085534,208613.343085534,6258400.2,4.37773157151744,30,30,1281619488434.62,1452491.36960254,8.57173211991111,8.57173211991111
