"strata","dload.bi_kgd","dload.ub_kgd","tload_kglenS","degf","lenObs","lenStr","MSE_kglenS","Cl_kglenS","flowmu_m3s","flowav_m3s"
4,912.613398581008,912.613398581008,27378.4,3.01992143094648,30,30,24811631.4135519,9088.0700274068,0.557124135939556,0.557124135939556
