"strata","dload.bi_kgd","dload.ub_kgd","tload_kglenS","degf","lenObs","lenStr","MSE_kglenS","Cl_kglenS","flowmu_m3s","flowav_m3s"
6,3405.69507910061,3432.13466146887,106396.2,7.60582795274929,27,31,141539697.09824,10038.2310655605,0.652487408354925,0.628737834161376
