"strata","dload.bi_kgd","dload.ub_kgd","tload_kglenS","degf","lenObs","lenStr","MSE_kglenS","Cl_kglenS","flowmu_m3s","flowav_m3s"
8,3246.32391034435,3246.32391034435,100636,5.91320024834049,31,31,124842027.694329,11283.2623533009,1.03317270219355,1.03317270219355
