"strata","dload.bi_kgd","dload.ub_kgd","tload_kglenS","degf","lenObs","lenStr","MSE_kglenS","Cl_kglenS","flowmu_m3s","flowav_m3s"
1,114920.230982702,114920.230982702,3217766.5,27,28,28,290284639365.34,212751.009917335,15.4415892761905,15.4415892761905
2,114920.230982702,114920.230982702,3217766.4,20.2407068186371,28,28,211511145780.617,213073.53003646,15.4415892761905,15.4415892761905
3,114920.230982702,114920.230982702,3217766.4,17.0950776912048,28,28,201567205209.514,228999.7082317,15.4415892761905,15.4415892761905
4,114920.230982702,114920.230982702,3217766.5,6.619478439978,28,28,188532069643.094,403762.132781541,15.4415892761905,15.4415892761905
5,114920.230982702,114920.230982702,3217766.5,5.76106498211804,28,28,178588129071.991,435185.883087424,15.4415892761905,15.4415892761905
6,114920.230982702,114920.230982702,3217766.4,3.09012436247444,28,28,170135121600.686,734570.295219603,15.4415892761905,15.4415892761905
7,114920.230982702,114920.230982702,3217766.4,3.08392538165841,28,28,169964242556.521,735744.326368874,15.4415892761905,15.4415892761905
8,114920.230982702,114920.230982702,3217766.4,3.08411710196036,28,28,169969527251.525,735707.915905474,15.4415892761905,15.4415892761905
