"strata","dload.bi_kgd","dload.ub_kgd","tload_kglenS","degf","lenObs","lenStr","MSE_kglenS","Cl_kglenS","flowmu_m3s","flowav_m3s"
7,258.21902717474,258.202363583671,8004.2,10.195284585272,30,31,120736.609179635,241.844190124976,0.0730756129032258,0.0725173964157706
