"strata","dload.bi_kgd","dload.ub_kgd","tload_kglenS","degf","lenObs","lenStr","MSE_kglenS","Cl_kglenS","flowmu_m3s","flowav_m3s"
8,515.892453018509,516.196368076543,16002.1,4.20830378803826,26,31,3094448.47399169,2335.05945384675,0.51741589632,0.479913461329892
