"strata","dload.bi_kgd","dload.ub_kgd","tload_kglenS","degf","lenObs","lenStr","MSE_kglenS","Cl_kglenS","flowmu_m3s","flowav_m3s"
6,75757.8836889088,75757.8836889088,2272736.5,6.82240070259881,30,30,75537136244.3366,250132.468526667,5.35722392888889,5.35722392888889
