"strata","dload.bi_kgd","dload.ub_kgd","tload_kglenS","degf","lenObs","lenStr","MSE_kglenS","Cl_kglenS","flowmu_m3s","flowav_m3s"
4,5498.67280548495,5514.77441028252,170957.9,6.12057399434746,22,31,524233429.318973,22537.9393287541,1.65242229677419,1.57856518078853
