"strata","dload.bi_kgd","dload.ub_kgd","tload_kglenS","degf","lenObs","lenStr","MSE_kglenS","Cl_kglenS","flowmu_m3s","flowav_m3s"
1,109.634026677677,109.634026677677,3398.7,30,31,31,241380.161639401,183.190876112539,0.0554156731182796,0.0554156731182796
2,109.634026677677,109.634026677677,3398.7,15.2579035484672,31,31,92534.4672833712,165.744995924228,0.0554156731182796,0.0554156731182796
3,109.634026677677,109.634026677677,3398.7,5.50116225735786,31,31,41572.4264793224,217.477125709727,0.0554156731182796,0.0554156731182796
4,109.634026677677,109.634026677677,3398.6,3.52085018795065,31,31,32915.1241880712,283.4901667504,0.0554156731182796,0.0554156731182796
5,109.634026677677,109.634026677677,3398.7,3.49497365179797,31,31,32806.6555962788,285.042929084425,0.0554156731182796,0.0554156731182796
6,109.634026677677,109.634026677677,3398.7,3.44924313147802,31,31,32590.7048107221,287.75712337176,0.0554156731182796,0.0554156731182796
7,109.634026677677,109.634026677677,3398.7,3.43250597849002,31,31,32511.5041473815,288.77439681589,0.0554156731182796,0.0554156731182796
8,109.634026677677,109.634026677677,3398.7,3.4355637372362,31,31,32526.0356693993,288.587816602092,0.0554156731182796,0.0554156731182796
9,109.634026677677,109.634026677677,3398.7,3.48241330647294,31,31,32922.3500397968,286.541396520899,0.0554156731182796,0.0554156731182796
