"strata","dload.bi_kgd","dload.ub_kgd","tload_kglenS","degf","lenObs","lenStr","MSE_kglenS","Cl_kglenS","flowmu_m3s","flowav_m3s"
1,61140.0361332736,61140.0361332736,1834201.1,29,30,30,780147056292.082,335452.71914563,1.49559898666667,1.49559898666667
2,61140.0361332736,61140.0361332736,1834201.1,10.3844150867984,30,30,338830233519.015,400467.708847479,1.49559898666667,1.49559898666667
3,61140.0361332736,61140.0361332736,1834201.1,3.55322086584626,30,30,167907702896.527,634690.599993714,1.49559898666667,1.49559898666667
4,61140.0361332736,61140.0361332736,1834201.1,3.09774510562217,30,30,159901112662.551,710305.853129031,1.49559898666667,1.49559898666667
5,61140.0361332736,61140.0361332736,1834201.1,3.02954058826472,30,30,158129677573.638,723080.969712178,1.49559898666667,1.49559898666667
6,61140.0361332736,61140.0361332736,1834201.1,2.88901565245886,30,30,154400577842.959,751967.143213211,1.49559898666667,1.49559898666667
7,61140.0361332736,61140.0361332736,1834201,2.88635047976776,30,30,154329332751.618,752553.106268886,1.49559898666667,1.49559898666667
8,61140.0361332736,61140.0361332736,1834201,2.88560092823024,30,30,154309291787.534,752718.174558699,1.49559898666667,1.49559898666667
9,61140.0361332736,61140.0361332736,1834201,2.88560004165016,30,30,154309268082.322,752718.369876108,1.49559898666667,1.49559898666667
