"strata","dload.bi_kgd","dload.ub_kgd","tload_kglenS","degf","lenObs","lenStr","MSE_kglenS","Cl_kglenS","flowmu_m3s","flowav_m3s"
7,1374.38325481703,1374.38325481703,42606,3.13759846248615,31,31,91398623.0319798,16758.0289416351,1.14043628387097,1.14043628387097
