"strata","dload.bi_kgd","dload.ub_kgd","tload_kglenS","degf","lenObs","lenStr","MSE_kglenS","Cl_kglenS","flowmu_m3s","flowav_m3s"
1,51849.9544272604,51849.9544272604,1607348.6,30,31,31,93707921532.5729,114140.877071955,8.89328838864516,8.89328838864516
2,51849.9544272604,51849.9544272604,1607348.6,14.734777242824,31,31,32980590833.2758,100998.23820618,8.89328838864516,8.89328838864516
3,51849.9544272604,51849.9544272604,1607348.6,5.7058949822226,31,31,22374696539.0101,155161.897891811,8.89328838864516,8.89328838864516
4,51849.9544272604,51849.9544272604,1607348.6,4.76844745155369,31,31,20440197647.831,170788.608570513,8.89328838864516,8.89328838864516
5,51849.9544272604,51849.9544272604,1607348.6,4.62641480441918,31,31,20131448673.7115,173771.507340284,8.89328838864516,8.89328838864516
6,51849.9544272604,51849.9544272604,1607348.7,4.56419011247232,31,31,19995423782.7135,175147.841626118,8.89328838864516,8.89328838864516
7,51849.9544272604,51849.9544272604,1607348.7,4.5544386508941,31,31,19983855015.9139,175410.571058548,8.89328838864516,8.89328838864516
8,51849.9544272604,51849.9544272604,1607348.7,4.55443801399061,31,31,19983853618.9443,175410.585448026,8.89328838864516,8.89328838864516
9,51849.9544272604,51849.9544272604,1607348.7,3.66999499207919,31,31,20650259223.7568,215864.047377212,8.89328838864516,8.89328838864516
