"strata","dload.bi_kgd","dload.ub_kgd","tload_kglenS","degf","lenObs","lenStr","MSE_kglenS","Cl_kglenS","flowmu_m3s","flowav_m3s"
1,102839.610817932,102839.610817932,3188027.9,30,31,31,448189151925.218,249622.496942707,7.51369541505376,7.51369541505376
2,102839.610817932,102839.610817932,3188027.9,23.9947012824531,31,31,364596519681.755,254414.587532431,7.51369541505376,7.51369541505376
3,102839.610817932,102839.610817932,3188027.9,12.527628419561,31,31,226808197011.392,291803.253192703,7.51369541505376,7.51369541505376
4,102839.610817932,102839.610817932,3188028,5.99772772815411,31,31,143693650983.539,378777.022438924,7.51369541505376,7.51369541505376
5,102839.610817932,102839.610817932,3188028,5.10165289931167,31,31,133281207616.235,413012.089754722,7.51369541505376,7.51369541505376
6,102839.610817932,102839.610817932,3188028,5.28477924881316,31,31,136599798953.389,406669.327211585,7.51369541505376,7.51369541505376
7,102839.610817932,102839.610817932,3188028,5.31026762631217,31,31,138412759784.461,407824.246958044,7.51369541505376,7.51369541505376
8,102839.610817932,102839.610817932,3188028,4.64628382349398,31,31,138993539787.566,454982.569711026,7.51369541505376,7.51369541505376
9,102839.610817932,102839.610817932,3188028,4.64919333484405,31,31,193466820880.829,536507.11033712,7.51369541505376,7.51369541505376
