"strata","dload.bi_kgd","dload.ub_kgd","tload_kglenS","degf","lenObs","lenStr","MSE_kglenS","Cl_kglenS","flowmu_m3s","flowav_m3s"
1,346.789724333731,346.789724333731,10403.7,29,30,30,2719675.00396669,626.327649723509,0.385903615744,0.385903615744
2,346.789724333731,346.789724333731,10403.7,4.76564977818868,30,30,611553.254805853,934.635161702777,0.385903615744,0.385903615744
3,346.789724333731,346.789724333731,10403.6,3.96528865825156,30,30,551986.301109361,1039.48130464528,0.385903615744,0.385903615744
4,346.789724333731,346.789724333731,10403.8,3.80953267926584,30,30,541814.168487908,1068.04951391839,0.385903615744,0.385903615744
5,346.789724333731,346.789724333731,10403.7,3.69976416288968,30,30,534311.227421497,1089.75461331108,0.385903615744,0.385903615744
6,346.789724333731,346.789724333731,10403.6,3.635851964981,30,30,528849.098636832,1102.05825379131,0.385903615744,0.385903615744
7,346.789724333731,346.789724333731,10403.6,3.62826828129018,30,30,528375.263684241,1103.73892967362,0.385903615744,0.385903615744
8,346.789724333731,346.789724333731,10403.7,3.64801416889611,30,30,531052.483241731,1100.87944884897,0.385903615744,0.385903615744
9,346.789724333731,346.789724333731,10403.7,3.68233357507372,30,30,533658.439392511,1093.91151900503,0.385903615744,0.385903615744
