"strata","dload.bi_kgd","dload.ub_kgd","tload_kglenS","degf","lenObs","lenStr","MSE_kglenS","Cl_kglenS","flowmu_m3s","flowav_m3s"
1,17244.98217024,17244.98217024,517349.5,29,30,30,46534957589.36,81928.0731199174,2.62795635555556,2.62795635555556
2,17244.98217024,17244.98217024,517349.5,5.19711351457078,30,30,20646830316.1778,160192.148454455,2.62795635555556,2.62795635555556
3,17244.98217024,17244.98217024,517349.5,3.71897804152875,30,30,17470457210.951,196103.30134881,2.62795635555556,2.62795635555556
4,17244.98217024,17244.98217024,517349.5,3.59757077992641,30,30,17182865877.7919,200649.908581362,2.62795635555556,2.62795635555556
5,17244.98217024,17244.98217024,517349.5,3.59272838447757,30,30,17171296759.7117,200839.223056527,2.62795635555556,2.62795635555556
6,17244.98217024,17244.98217024,517349.5,3.59250783024481,30,30,17170769684.0405,200847.861132862,2.62795635555556,2.62795635555556
7,17244.98217024,17244.98217024,517349.5,3.59247804300825,30,30,17170698497.5858,200849.027859252,2.62795635555556,2.62795635555556
8,17244.98217024,17244.98217024,517349.5,3.59247876417503,30,30,17170700221.0463,200848.999611767,2.62795635555556,2.62795635555556
9,17244.98217024,17244.98217024,517349.5,3.59257998831212,30,30,17170942130.4262,200845.034909779,2.62795635555556,2.62795635555556
