"strata","dload.bi_kgd","dload.ub_kgd","tload_kglenS","degf","lenObs","lenStr","MSE_kglenS","Cl_kglenS","flowmu_m3s","flowav_m3s"
1,52747.9589619247,52747.9589619247,1635186.7,30,31,31,681528136822.978,307818.663324247,4.65998920739785,4.65998920739785
2,52747.9589619247,52747.9589619247,1635186.8,28.7333951334967,31,31,274733354435.678,200068.799763218,4.65998920739785,4.65998920739785
3,52747.9589619247,52747.9589619247,1635186.7,5.29852338600912,31,31,127894545118.582,392700.360204383,4.65998920739785,4.65998920739785
4,52747.9589619247,52747.9589619247,1635186.7,4.3872661371876,31,31,124919534782.66,452630.230754391,4.65998920739785,4.65998920739785
5,52747.9589619247,52747.9589619247,1635186.7,4.3868895627466,31,31,124914173974.435,452653.629375448,4.65998920739785,4.65998920739785
6,52747.9589619247,52747.9589619247,1635186.7,4.38600969679212,31,31,124901646904.449,452708.317187189,4.65998920739785,4.65998920739785
7,52747.9589619247,52747.9589619247,1635186.8,4.38600396039823,31,31,124901565226.131,452708.673809983,4.65998920739785,4.65998920739785
8,52747.9589619247,52747.9589619247,1635186.7,4.38600384747636,31,31,124901563618.278,452708.68083017,4.65998920739785,4.65998920739785
9,52747.9589619247,52747.9589619247,1635186.8,4.38600446164734,31,31,124901572363.292,452708.64264817,4.65998920739785,4.65998920739785
