"strata","dload.bi_kgd","dload.ub_kgd","tload_kglenS","degf","lenObs","lenStr","MSE_kglenS","Cl_kglenS","flowmu_m3s","flowav_m3s"
7,4784.73233105015,4909.16239989354,152183.9,2.00577374628693,29,31,878261402.616762,89786.2364770439,1.95645353158793,1.64524211033692
