"strata","dload.bi_kgd","dload.ub_kgd","tload_kglenS","degf","lenObs","lenStr","MSE_kglenS","Cl_kglenS","flowmu_m3s","flowav_m3s"
6,94061.2590347364,94061.2590347364,2915899.1,2.1512456013463,31,31,276225911093.475,1442427.83047048,7.80398828731183,7.80398828731183
