"strata","dload.bi_kgd","dload.ub_kgd","tload_kglenS","degf","lenObs","lenStr","MSE_kglenS","Cl_kglenS","flowmu_m3s","flowav_m3s"
1,40941.0807947673,41170.4873263755,1276285.1,25,26,31,157528428466.543,163485.557211417,3.05837882012903,3.41978181723077
2,40152.1272945945,40226.5861569655,1247024.2,2.85648597349817,26,31,58426848988.6288,468360.527050562,3.05837882012903,3.31979980897242
3,40621.9081011866,40803.0652116717,1264895,2.5114020207358,26,31,54726132662.8808,525973.212165316,3.05837882012903,3.15150162661373
4,38649.5550563624,38652.078268683,1198214.4,2.23981486055535,26,31,51664644769.9636,590797.278969267,3.05837882012903,2.91487293150968
5,38649.5550563624,38652.078268683,1198214.4,2.20113211884232,26,31,51215247521.3708,602066.098839553,3.05837882012903,2.91487293150968
6,38649.5550563624,38652.078268683,1198214.4,2.16543583890846,26,31,50797565183.0073,613028.050282906,3.05837882012903,2.91487293150968
7,38650.2127781281,38656.9302223518,1198364.8,2.16660873936091,26,31,50811322304.6804,612658.749528132,3.05837882012903,2.90772339623226
8,38721.4887797405,38733.8803053315,1200750.3,2.16779865484372,26,31,50825281624.6607,612284.769077042,3.05837882012903,2.91619057615484
