"strata","dload.bi_kgd","dload.ub_kgd","tload_kglenS","degf","lenObs","lenStr","MSE_kglenS","Cl_kglenS","flowmu_m3s","flowav_m3s"
7,309698.071682596,309698.004001759,9600638.2,13.1412054306679,30,31,319154152351.893,336307.349994998,20.7828495474581,20.7730539442374
