"strata","dload.bi_kgd","dload.ub_kgd","tload_kglenS","degf","lenObs","lenStr","MSE_kglenS","Cl_kglenS","flowmu_m3s","flowav_m3s"
7,70480.0280803676,70480.0280803676,2114400.9,5.68329930905137,30,30,294183003258.116,564314.305168014,2.36102866961778,2.36102866961778
