"strata","dload.bi_kgd","dload.ub_kgd","tload_kglenS","degf","lenObs","lenStr","MSE_kglenS","Cl_kglenS","flowmu_m3s","flowav_m3s"
1,24958.8289908551,24958.8289908551,773723.7,30,31,31,19420595212.6605,51961.8160249291,5.82793236989247,5.82793236989247
2,24958.8289908551,24958.8289908551,773723.7,19.0613593947071,31,31,16817600475.1554,62156.2332404192,5.82793236989247,5.82793236989247
3,24958.8289908551,24958.8289908551,773723.7,19.7897409958042,31,31,15467586342.4888,58357.114230198,5.82793236989247,5.82793236989247
4,24958.8289908551,24958.8289908551,773723.7,5.06788453314609,31,31,8240705771.76943,103241.154337042,5.82793236989247,5.82793236989247
5,24958.8289908551,24958.8289908551,773723.7,4.19043909264926,31,31,7486578078.86663,115281.114294837,5.82793236989247,5.82793236989247
6,24958.8289908551,24958.8289908551,773723.7,3.956644726978,31,31,7273943366.74571,119561.040601276,5.82793236989247,5.82793236989247
7,24958.8289908551,24958.8289908551,773723.7,3.95608818250988,31,31,7273431771.49528,119571.969049154,5.82793236989247,5.82793236989247
8,24958.8289908551,24958.8289908551,773723.7,3.95578418885999,31,31,7273152307.2472,119577.939848434,5.82793236989247,5.82793236989247
9,24958.8289908551,24958.8289908551,773723.7,3.95578106428321,31,31,7273149435.40999,119578.001230123,5.82793236989247,5.82793236989247
