"strata","dload.bi_kgd","dload.ub_kgd","tload_kglenS","degf","lenObs","lenStr","MSE_kglenS","Cl_kglenS","flowmu_m3s","flowav_m3s"
7,33281.2266709229,33281.0182735527,998430.5,3.00738247519147,27,30,81710862312.0484,523846.128693498,5.17989641882667,5.197128418688
