"strata","dload.bi_kgd","dload.ub_kgd","tload_kglenS","degf","lenObs","lenStr","MSE_kglenS","Cl_kglenS","flowmu_m3s","flowav_m3s"
9,8380.15153319281,8380.15153319281,251404.4,2.15754326340216,30,30,719877821.029449,73342.0966330585,0.705097570154667,0.705097570154667
