"strata","dload.bi_kgd","dload.ub_kgd","tload_kglenS","degf","lenObs","lenStr","MSE_kglenS","Cl_kglenS","flowmu_m3s","flowav_m3s"
1,37857.3186171375,37857.3186171375,1173576.9,30,31,31,107984500358.871,122527.554148639,4.97553579354839,4.97553579354839
2,37857.3186171375,37857.3186171375,1173576.9,13.3334701871815,31,31,30767625580.5853,103514.291945632,4.97553579354839,4.97553579354839
3,37857.3186171375,37857.3186171375,1173576.9,5.40397984273978,31,31,19025684433.9652,149159.732485325,4.97553579354839,4.97553579354839
4,37857.3186171375,37857.3186171375,1173577,5.35011594189368,31,31,18930555271.8989,149947.205453447,4.97553579354839,4.97553579354839
5,37857.3186171375,37857.3186171375,1173576.9,5.34666475326331,31,31,18924446124.7754,149998.251216947,4.97553579354839,4.97553579354839
6,37857.3186171375,37857.3186171375,1173576.8,5.34641844813429,31,31,18924010218.1698,150001.897636678,4.97553579354839,4.97553579354839
7,37857.3186171375,37857.3186171375,1173576.8,5.34637359967573,31,31,18923930845.814,150002.561636777,4.97553579354839,4.97553579354839
8,37857.3186171375,37857.3186171375,1173576.9,5.34639297776357,31,31,18923965141.2659,150002.274735695,4.97553579354839,4.97553579354839
9,37857.3186171375,37857.3186171375,1173576.8,5.346399702428,31,31,18923977045.0318,150002.175184247,4.97553579354839,4.97553579354839
