"strata","dload.bi_kgd","dload.ub_kgd","tload_kglenS","degf","lenObs","lenStr","MSE_kglenS","Cl_kglenS","flowmu_m3s","flowav_m3s"
5,2921.82472298335,2919.11780737433,81735.3,2.05997268954045,20,28,454726777.916242,62175.7029033722,2.97904534666667,3.07574317340952
