"strata","dload.bi_kgd","dload.ub_kgd","tload_kglenS","degf","lenObs","lenStr","MSE_kglenS","Cl_kglenS","flowmu_m3s","flowav_m3s"
6,35489.4229466672,35517.1919888386,1101032.9,7.88155552951755,25,31,3816776160.81995,50879.1253861002,8.93418485092473,6.78191166021505
