"strata","dload.bi_kgd","dload.ub_kgd","tload_kglenS","degf","lenObs","lenStr","MSE_kglenS","Cl_kglenS","flowmu_m3s","flowav_m3s"
7,15891.0015501567,16075.7743531369,498349,3.8372624107783,25,31,5264256313.86178,104579.444813267,3.94858319618065,3.73407247483871
