"strata","dload.bi_kgd","dload.ub_kgd","tload_kglenS","degf","lenObs","lenStr","MSE_kglenS","Cl_kglenS","flowmu_m3s","flowav_m3s"
8,1576.39144453697,1571.84630667774,47155.4,2.77453706289789,28,30,9521796.80349363,6176.07824066717,1.0831176,1.07556645333333
