"strata","dload.bi_kgd","dload.ub_kgd","tload_kglenS","degf","lenObs","lenStr","MSE_kglenS","Cl_kglenS","flowmu_m3s","flowav_m3s"
9,153532.82938999,153532.82938999,4759517.7,6.6134876153761,31,31,325140103579.827,530578.830413762,7.26803042855914,7.26803042855914
