"strata","dload.bi_kgd","dload.ub_kgd","tload_kglenS","degf","lenObs","lenStr","MSE_kglenS","Cl_kglenS","flowmu_m3s","flowav_m3s"
4,4011.02791135875,4037.09168962229,125149.8,5.46342333592505,19,31,723285934.222665,28838.0962181465,0.647194165677419,0.640637151827957
