"strata","dload.bi_kgd","dload.ub_kgd","tload_kglenS","degf","lenObs","lenStr","MSE_kglenS","Cl_kglenS","flowmu_m3s","flowav_m3s"
6,3381.13774328786,3381.13774328786,101434.1,2.02357642206944,30,30,607405594.206257,73718.4175209468,1.543690352,1.543690352
