"strata","dload.bi_kgd","dload.ub_kgd","tload_kglenS","degf","lenObs","lenStr","MSE_kglenS","Cl_kglenS","flowmu_m3s","flowav_m3s"
1,100622.11057699,102300.519874277,3171316.1,26,27,31,5089840755917.96,909471.563430797,1.83006563195084,1.94791616790123
2,110211.86256864,114198.312232888,3540147.6,11.2076249626871,27,31,1773853322372.53,873652.020591389,1.83006563195084,1.90095550107527
3,93399.9848000679,93399.9603770261,2895398.7,3.29704811401092,27,31,73364148756.9176,451420.824991253,1.83006563195084,1.75422068530466
4,93399.9848000679,93399.9603770261,2895398.8,2.36140614256007,27,31,61847446889.9626,603539.064663279,1.83006563195084,1.75422068530466
5,93399.9848000679,93399.9603770261,2895398.8,2.28974960456007,27,31,60900242033.4865,623115.833711061,1.83006563195084,1.75422068530466
6,93399.9848000679,93399.9603770261,2895398.8,2.28962876649987,27,31,60898635041.5893,623150.439927788,1.83006563195084,1.75422068530466
7,93400.1573262968,93400.121566034,2895403.8,2.28963120422457,27,31,60898667460.4357,623149.741743754,1.83006563195084,1.76234019784946
8,93402.0425258272,93401.8108204733,2895456.2,2.28964169418687,27,31,60898806964.7017,623146.737361841,1.83006563195084,1.76842983225806
