"strata","dload.bi_kgd","dload.ub_kgd","tload_kglenS","degf","lenObs","lenStr","MSE_kglenS","Cl_kglenS","flowmu_m3s","flowav_m3s"
7,66508.019091578,66578.9424302232,2063947.2,4.55941187600018,23,31,9183784770.16727,118803.867965541,3.50169202580645,2.89699132903226
