"strata","dload.bi_kgd","dload.ub_kgd","tload_kglenS","degf","lenObs","lenStr","MSE_kglenS","Cl_kglenS","flowmu_m3s","flowav_m3s"
1,256098.148446091,256098.148446091,7682944.5,29,30,30,2375429659396.7,585348.037832201,15.6258542898844,15.6258542898844
2,256098.148446091,256098.148446091,7682944.4,18.916217849891,30,30,1714057179063.51,630231.239506107,15.6258542898844,15.6258542898844
3,256098.148446091,256098.148446091,7682944.5,20.0452044656022,30,30,697301541456.706,388999.442906299,15.6258542898844,15.6258542898844
4,256098.148446091,256098.148446091,7682944.5,13.3885178726633,30,30,555063159331.548,438584.527033709,15.6258542898844,15.6258542898844
5,256098.148446091,256098.148446091,7682944.5,12.594858272935,30,30,446009685498.208,407873.435545659,15.6258542898844,15.6258542898844
6,256098.148446091,256098.148446091,7682944.5,6.28783617416778,30,30,349057583854.254,570185.203758765,15.6258542898844,15.6258542898844
7,256098.148446091,256098.148446091,7682944.5,5.69020637759888,30,30,333148633756.831,599972.53643757,15.6258542898844,15.6258542898844
8,256098.148446091,256098.148446091,7682944.5,5.35547431198723,30,30,323148358571.831,619041.474836822,15.6258542898844,15.6258542898844
9,256098.148446091,256098.148446091,7682944.4,5.30952213792597,30,30,321755509319.914,621864.165865961,15.6258542898844,15.6258542898844
