"strata","dload.bi_kgd","dload.ub_kgd","tload_kglenS","degf","lenObs","lenStr","MSE_kglenS","Cl_kglenS","flowmu_m3s","flowav_m3s"
7,33150.9265644682,33386.1328557376,968197.8,3.74073017771194,26,29,24035831760.4365,228774.078831126,6.70688290206897,6.34263771954023
