"strata","dload.bi_kgd","dload.ub_kgd","tload_kglenS","degf","lenObs","lenStr","MSE_kglenS","Cl_kglenS","flowmu_m3s","flowav_m3s"
1,2361.26787834706,2377.19290887365,73693,23,24,31,1346470581.81027,15827.8939543596,0.669098580645161,0.625329333333333
