"strata","dload.bi_kgd","dload.ub_kgd","tload_kglenS","degf","lenObs","lenStr","MSE_kglenS","Cl_kglenS","flowmu_m3s","flowav_m3s"
1,668.945505729842,668.945505729842,20068.4,29,30,30,42899913.5184862,2487.54695849986,0.883175821511111,0.883175821511111
2,668.945505729842,668.945505729842,20068.4,4.15050279692681,30,30,6487134.41167314,3422.00441838137,0.883175821511111,0.883175821511111
3,668.945505729842,668.945505729842,20068.4,3.48773172879994,30,30,5938763.94395383,3842.80560238895,0.883175821511111,0.883175821511111
4,668.945505729842,668.945505729842,20068.5,3.26156070786147,30,30,5740629.77005658,4036.86391034649,0.883175821511111,0.883175821511111
5,668.945505729842,668.945505729842,20068.4,3.18170350256475,30,30,5669701.84047654,4114.25501006641,0.883175821511111,0.883175821511111
6,668.945505729842,668.945505729842,20068.4,3.18233687952916,30,30,5670269.12040679,4113.62154679732,0.883175821511111,0.883175821511111
7,668.945505729842,668.945505729842,20068.4,3.18380848219679,30,30,5671603.34061267,4112.15697203702,0.883175821511111,0.883175821511111
8,668.945505729842,668.945505729842,20068.4,3.18811043533654,30,30,5675500.29023707,4107.88516772199,0.883175821511111,0.883175821511111
9,668.945505729842,668.945505729842,20068.4,3.20187111018939,30,30,5687926.28572897,4094.31433669545,0.883175821511111,0.883175821511111
