"strata","dload.bi_kgd","dload.ub_kgd","tload_kglenS","degf","lenObs","lenStr","MSE_kglenS","Cl_kglenS","flowmu_m3s","flowav_m3s"
9,110981.238877722,110981.238877722,3329437.2,3.6691803858058,30,30,270031385692.302,780755.755971918,8.86819249777778,8.86819249777778
