"strata","dload.bi_kgd","dload.ub_kgd","tload_kglenS","degf","lenObs","lenStr","MSE_kglenS","Cl_kglenS","flowmu_m3s","flowav_m3s"
1,6273.66098277489,6273.66098277489,194483.5,30,31,31,7321796799.86064,31905.2306592715,0.784870142795699,0.784870142795699
2,6273.66098277489,6273.66098277489,194483.5,14.526945962939,31,31,2197916062.27326,26292.1862247346,0.784870142795699,0.784870142795699
3,6273.66098277489,6273.66098277489,194483.5,13.3723234316392,31,31,738546799.82763,16009.7929977696,0.784870142795699,0.784870142795699
4,6273.66098277489,6273.66098277489,194483.5,9.31368851979064,31,31,622582552.20759,18400.7357734189,0.784870142795699,0.784870142795699
5,6273.66098277489,6273.66098277489,194483.5,9.28941504248138,31,31,621770049.934958,18419.7952439835,0.784870142795699,0.784870142795699
6,6273.66098277489,6273.66098277489,194483.4,5.81446312553918,31,31,572540425.699331,24470.0562930308,0.784870142795699,0.784870142795699
7,6273.66098277489,6273.66098277489,194483.4,5.81260644438863,31,31,572448995.236694,24473.9759644674,0.784870142795699,0.784870142795699
8,6273.66098277489,6273.66098277489,194483.4,5.81055001416685,31,31,572347708.001769,24478.320316022,0.784870142795699,0.784870142795699
9,6273.66098277489,6273.66098277489,194483.4,5.81054131767213,31,31,572347279.699589,24478.3386963427,0.784870142795699,0.784870142795699
