"strata","dload.bi_kgd","dload.ub_kgd","tload_kglenS","degf","lenObs","lenStr","MSE_kglenS","Cl_kglenS","flowmu_m3s","flowav_m3s"
1,69319.9760263771,69510.0984206173,2085303,25,26,30,167837578584.72,168750.288614109,5.58164580571429,5.81583507692308
2,70725.3696331803,70917.9462694946,2127538.3,11.1398068204458,26,30,126683529782.139,234354.764042021,5.58164580571429,6.36640321777778
3,71068.0429297792,71308.0610298404,2139241.9,10.9447303464948,26,30,125552935342.605,235882.466640658,5.58164580571429,6.31567610181818
4,71068.0429297792,71308.0610298404,2139241.9,10.8744928207586,26,30,125149273264.055,236449.646202793,5.58164580571429,6.31567610181818
5,71068.0429297792,71308.0610298404,2139241.9,10.8738024511215,26,30,125145300481.233,236455.253845483,5.58164580571429,6.31567610181818
6,71973.4004171417,72276.4335244567,2168293,7.46514964768005,26,30,143112533540.284,323311.829208821,5.58164580571429,6.26731689142857
7,71973.4004171417,72276.4335244567,2168293,8.19737528789824,26,30,152942645228.651,313667.648859821,5.58164580571429,6.26731689142857
8,72313.8160898594,72566.1463494654,2176984.4,4.49902350225796,26,30,288864811568.307,673789.751691462,5.58164580571429,5.66430389333333
