"strata","dload.bi_kgd","dload.ub_kgd","tload_kglenS","degf","lenObs","lenStr","MSE_kglenS","Cl_kglenS","flowmu_m3s","flowav_m3s"
1,28894.690159489,29294.7524348723,908137.3,24,25,31,218488252632.03,196923.149570932,4.7490805587957,5.13178192810667
2,26982.3334813314,27203.6906919464,843314.4,22.7222043636147,25,31,40797110851.0693,87714.6180550832,4.7490805587957,5.10110579494931
3,25639.3558982015,25646.6952861163,795047.5,3.84728229611826,25,31,11968576433.6588,157312.553931928,4.7490805587957,4.83532094635125
4,25688.7794360097,25697.4579172475,796621.1,3.84235743210872,25,31,11960956358.6494,157446.716429252,4.7490805587957,4.99112982486021
5,25693.7329630937,25703.3000156104,796802.2,3.84438146031325,25,31,11964131640.2849,157391.810135902,4.7490805587957,5.01843062471945
6,25602.4714186921,25614.3696228443,794045.3,3.85447682798514,25,31,11980023388.6214,157119.435539127,4.7490805587957,4.91780692930261
7,25561.4802329951,25562.1230449141,792425.7,3.89713839742331,25,31,12046924301.2123,155987.138905805,4.7490805587957,4.73998264498925
