"strata","dload.bi_kgd","dload.ub_kgd","tload_kglenS","degf","lenObs","lenStr","MSE_kglenS","Cl_kglenS","flowmu_m3s","flowav_m3s"
8,12029.6883503731,12029.6883503731,372920.2,5.65773279222719,31,31,816441700.260215,29830.5393688033,4.13972129169892,4.13972129169892
