"strata","dload.bi_kgd","dload.ub_kgd","tload_kglenS","degf","lenObs","lenStr","MSE_kglenS","Cl_kglenS","flowmu_m3s","flowav_m3s"
1,111433.944210509,112498.25656759,3487446,22,23,31,534853586032.016,323361.482524406,12.9042597675492,15.9940570794203
2,107610.421623837,107715.536028922,3339181.6,5.69059352640691,23,31,133398362313.414,379634.09196952,12.9042597675492,14.3583353843728
3,106598.657729966,106876.981887866,3313186.4,5.48382158652648,23,31,130873346598.102,386803.914375305,12.9042597675492,14.3529562073118
4,105364.946202962,105433.125282416,3268426.9,4.72225098004579,23,31,121289590672.074,419368.85425472,12.9042597675492,13.3048194049658
5,104677.885412857,104681.621995006,3245130.3,4.68092071904642,23,31,120756647683.331,421488.06031504,12.9042597675492,12.6137566202151
6,104828.903208478,104825.994840057,3249605.9,4.67417030844207,23,31,120669506592.046,421838.427086135,12.9042597675492,12.7726960782796
7,104997.430444688,105054.061881883,3256675.8,2.90382521957472,23,31,189769535352.54,829016.965008478,12.9042597675492,13.4790936696774
