"strata","dload.bi_kgd","dload.ub_kgd","tload_kglenS","degf","lenObs","lenStr","MSE_kglenS","Cl_kglenS","flowmu_m3s","flowav_m3s"
1,9175.18350722264,9191.93997298795,284950.1,29,30,31,13923829266.8968,44814.8992275059,0.826667870967742,0.8211872
2,8916.46009929412,8916.62577581374,276415.4,5.06602921750174,30,31,5226180820.98564,82241.2019982017,0.826667870967742,0.81294716344086
3,8899.342739712,8899.04109710876,275870.2,5.03406312655692,30,31,5209648764.54393,82526.4251839607,0.826667870967742,0.810117114592934
4,8938.11293279054,8937.87855413142,277074.2,5.03330481662217,30,31,5209259589.30107,82533.26851396,0.826667870967742,0.804935488172043
5,8938.11293279054,8937.87855413142,277074.2,5.0322602363425,30,31,5208718976.35579,82542.6635605139,0.826667870967742,0.804935488172043
6,8950.62512500312,8950.46093369989,277464.3,5.03354307863107,30,31,5209385830.23704,82531.1494419223,0.826667870967742,0.80419712
7,8959.80550182813,8959.73612260556,277751.7,5.03387912662035,30,31,5209561482.97113,82528.1420844945,0.826667870967742,0.803831741935484
8,8968.0002010591,8967.83832009723,278002.9,5.04783237820067,30,31,5216808909.90798,82403.3377812885,0.826667870967742,0.802918296774194
9,9042.42771280103,9045.46495497526,280409.3,5.08844880822021,30,31,5238159939.52701,82046.7569369528,0.826667870967742,0.802004851612903
