"strata","dload.bi_kgd","dload.ub_kgd","tload_kglenS","degf","lenObs","lenStr","MSE_kglenS","Cl_kglenS","flowmu_m3s","flowav_m3s"
1,25252.1869218277,25372.4968397202,786547.4,28,29,31,133143335798.869,141252.773024718,2.64971174619141,2.34706029595954
2,21247.0544287204,21248.1392573356,658692.3,20.0043370532815,29,31,82063294722.6885,133602.028067215,2.64971174619141,2.27888723274409
3,21265.6821953533,21266.8662368372,659272.9,4.97318633631008,29,31,17553855806.2247,152969.551880766,2.64971174619141,2.28114663608823
4,21265.6821953533,21266.8662368372,659272.9,2.62823334092712,29,31,12652939900.6523,239579.041558888,2.64971174619141,2.28114663608823
5,21265.6821953533,21266.8662368372,659272.9,2.6067485196165,29,31,12601093118.5745,241403.004048486,2.64971174619141,2.28114663608823
6,21265.6821953533,21266.8662368372,659272.8,2.60583210479994,29,31,12598877669.9671,241481.771747144,2.64971174619141,2.28114663608823
7,21265.6821953533,21266.8662368372,659272.9,2.60569516852547,29,31,12598546628.4297,241493.548893858,2.64971174619141,2.28114663608823
8,21265.6821953533,21266.8662368372,659272.9,2.6057072262623,29,31,12598575778.3733,241492.511803616,2.64971174619141,2.28114663608823
9,21330.43520083,21332.5383435826,661308.7,2.60643493727501,29,31,12600337355.2473,241429.970002975,2.64971174619141,2.28945965256602
