"strata","dload.bi_kgd","dload.ub_kgd","tload_kglenS","degf","lenObs","lenStr","MSE_kglenS","Cl_kglenS","flowmu_m3s","flowav_m3s"
1,79890.1037847386,80347.2471575754,2330070.2,23,24,29,744979672324.27,372303.319607601,5.7174499702069,6.52905177066667
2,82063.3563294849,82917.8153620381,2404616.6,19.6152341285651,24,29,386758970538.319,293276.034639564,5.7174499702069,6.10685153747126
3,75683.3515434375,75685.7863988007,2194887.8,10.4938628046321,24,29,260200694679.176,348630.550765051,5.7174499702069,5.64654314793359
4,75736.1699063643,75739.4500555411,2196444,10.4937704134932,24,29,260199549356.893,348631.71266444,5.7174499702069,5.69427738887356
5,75713.7808382776,75722.7111416568,2195958.6,10.4943335049183,24,29,260206531951.258,348624.633141271,5.7174499702069,5.6846388275249
6,75713.7808382776,75722.7111416568,2195958.7,7.34449080840768,24,29,264947905443.498,444883.779891855,5.7174499702069,5.6846388275249
7,75713.7808382776,75722.7111416568,2195958.7,4.18798225830618,24,29,280838568268.048,706426.719260579,5.7174499702069,5.6846388275249
