"strata","dload.bi_kgd","dload.ub_kgd","tload_kglenS","degf","lenObs","lenStr","MSE_kglenS","Cl_kglenS","flowmu_m3s","flowav_m3s"
1,703.157458572288,703.157458572288,21094.7,29,30,30,5331239.27375391,876.914329526482,0.356869079253333,0.356869079253333
2,703.157458572288,703.157458572288,21094.7,25.2661793641125,30,30,1210805.9397707,450.614821617646,0.356869079253333,0.356869079253333
3,703.157458572288,703.157458572288,21094.7,20.4811038842489,30,30,1040923.55482381,469.554349819737,0.356869079253333,0.356869079253333
4,703.157458572288,703.157458572288,21094.7,14.1456874023254,30,30,570102.153191149,430.158952121255,0.356869079253333,0.356869079253333
5,703.157458572288,703.157458572288,21094.7,8.97062029474613,30,30,400219.768244263,478.054780695111,0.356869079253333,0.356869079253333
6,703.157458572288,703.157458572288,21094.7,8.39325225782764,30,30,385826.788317826,490.411121045408,0.356869079253333,0.356869079253333
7,703.157458572288,703.157458572288,21094.7,8.54498175429325,30,30,391978.502788709,488.466544706897,0.356869079253333,0.356869079253333
8,703.157458572288,703.157458572288,21094.7,8.40623864164228,30,30,404452.443029586,501.593069866998,0.356869079253333,0.356869079253333
9,703.157458572288,703.157458572288,21094.6,9.1047406230317,30,30,443890.662189319,498.615678757469,0.356869079253333,0.356869079253333
