"strata","dload.bi_kgd","dload.ub_kgd","tload_kglenS","degf","lenObs","lenStr","MSE_kglenS","Cl_kglenS","flowmu_m3s","flowav_m3s"
1,61329.2364343954,61329.2364343954,1717218.6,27,28,28,148067860098.026,151946.255715948,11.9555889333333,11.9555889333333
2,61329.2364343954,61329.2364343954,1717218.6,8.58267539757546,28,28,55719822065.3991,183630.444123137,11.9555889333333,11.9555889333333
3,61329.2364343954,61329.2364343954,1717218.6,7.70762208248008,28,28,52664111942.8022,191881.050073392,11.9555889333333,11.9555889333333
4,61329.2364343954,61329.2364343954,1717218.7,6.01289346701998,28,28,45875313954.0592,213619.254947284,11.9555889333333,11.9555889333333
5,61329.2364343954,61329.2364343954,1717218.7,5.49200672132551,28,28,43914623655.3634,223805.922329328,11.9555889333333,11.9555889333333
6,61329.2364343954,61329.2364343954,1717218.7,5.33513863125533,28,28,43503264854.9829,227805.782096697,11.9555889333333,11.9555889333333
7,61329.2364343954,61329.2364343954,1717218.7,5.34709433475881,28,28,43438199194.7516,227239.266465111,11.9555889333333,11.9555889333333
8,61329.2364343954,61329.2364343954,1717218.6,6.48230650581909,28,28,49159896842.177,209303.210873071,11.9555889333333,11.9555889333333
