"strata","dload.bi_kgd","dload.ub_kgd","tload_kglenS","degf","lenObs","lenStr","MSE_kglenS","Cl_kglenS","flowmu_m3s","flowav_m3s"
1,127.945595864822,128.004588673345,3968.1,26,27,31,127163.642149645,143.753526071297,0.0429319225806452,0.0450971259259259
2,127.384823808,127.423059162751,3950.1,11.7579194567062,27,31,118972.095152032,219.669560703298,0.0429319225806452,0.0461289806451613
3,127.384823808,127.423059162751,3950.2,3.09311208512196,27,31,54870.9675485015,416.743970648302,0.0429319225806452,0.0461289806451613
4,126.763973400774,126.763973400774,3929.8,2.90125292549015,27,31,53135.8291120276,439.100028844508,0.0429319225806452,0.0429319225806452
5,126.763973400774,126.763973400774,3929.8,2.91846065987871,27,31,53298.1316983977,436.949161159621,0.0429319225806452,0.0429319225806452
6,126.763973400774,126.763973400774,3929.7,2.95387594719373,27,31,53678.7763343534,432.823563337261,0.0429319225806452,0.0429319225806452
7,127.057561983174,127.057561983174,3938.8,3.01107850588791,27,31,54215.9630498424,426.147690998944,0.0429319225806452,0.0429319225806452
8,126.432502420645,126.432502420645,3919.4,3.07336238218991,27,31,54918.7127831456,419.729024347923,0.0429319225806452,0.0429319225806452
