"strata","dload.bi_kgd","dload.ub_kgd","tload_kglenS","degf","lenObs","lenStr","MSE_kglenS","Cl_kglenS","flowmu_m3s","flowav_m3s"
5,53089.6211907155,53182.8091541451,1595484.2,5.52861973913628,19,30,64133532330.6776,269087.522027542,1.85204457244444,1.68436192177778
