"strata","dload.bi_kgd","dload.ub_kgd","tload_kglenS","degf","lenObs","lenStr","MSE_kglenS","Cl_kglenS","flowmu_m3s","flowav_m3s"
8,30804.3924762742,31206.0320320173,936181,2.20284635168351,28,30,84030431286.4997,770385.832379119,3.08086626684445,4.05312359484444
