"strata","dload.bi_kgd","dload.ub_kgd","tload_kglenS","degf","lenObs","lenStr","MSE_kglenS","Cl_kglenS","flowmu_m3s","flowav_m3s"
1,6913.07194774297,6913.07194774297,214305.2,30,31,31,3129764506.9302,20859.73963314,0.974189264516129,0.974189264516129
2,6913.07194774297,6913.07194774297,214305.2,12.3452219225617,31,31,2620340231.76048,31644.9271270457,0.974189264516129,0.974189264516129
3,6913.07194774297,6913.07194774297,214305.2,4.71645911884811,31,31,1865512649.54687,52062.1182810393,0.974189264516129,0.974189264516129
4,6913.07194774297,6913.07194774297,214305.2,3.8306646594567,31,31,1679085513.15738,59155.9588682172,0.974189264516129,0.974189264516129
5,6913.07194774297,6913.07194774297,214305.2,3.56029107210004,31,31,1624003161.87947,62300.9473417608,0.974189264516129,0.974189264516129
6,6913.07194774297,6913.07194774297,214305.2,3.40580877334731,31,31,1588389838.01537,64319.0871016187,0.974189264516129,0.974189264516129
7,6913.07194774297,6913.07194774297,214305.2,3.3706006975132,31,31,1580148560.31229,64811.9576178734,0.974189264516129,0.974189264516129
8,6913.07194774297,6913.07194774297,214305.2,3.36674569665511,31,31,1579244349.28194,64866.7429800704,0.974189264516129,0.974189264516129
9,6913.07194774297,6913.07194774297,214305.2,3.36751039336587,31,31,1579423918.63029,64855.8660459091,0.974189264516129,0.974189264516129
