"strata","dload.bi_kgd","dload.ub_kgd","tload_kglenS","degf","lenObs","lenStr","MSE_kglenS","Cl_kglenS","flowmu_m3s","flowav_m3s"
1,1825.15919776497,1825.15919776497,51104.5,27,28,28,243296711.440151,6159.24843745871,1.61225796622857,1.61225796622857
2,1825.15919776497,1825.15919776497,51104.4,4.24281207394604,28,28,141092702.81426,15655.8820613531,1.61225796622857,1.61225796622857
3,1825.15919776497,1825.15919776497,51104.4,3.88201048418609,28,28,134912114.851213,16565.7198436413,1.61225796622857,1.61225796622857
4,1825.15919776497,1825.15919776497,51104.4,3.15067191033339,28,28,121302462.449201,19223.0647764844,1.61225796622857,1.61225796622857
5,1825.15919776497,1825.15919776497,51104.4,3.1069355938171,28,28,120456156.338048,19435.3988883633,1.61225796622857,1.61225796622857
6,1825.15919776497,1825.15919776497,51104.5,3.10440780678096,28,28,120407148.56812,19447.9211790151,1.61225796622857,1.61225796622857
7,1825.15919776497,1825.15919776497,51104.5,3.10469422722086,28,28,120412720.18751,19446.5023525849,1.61225796622857,1.61225796622857
8,1825.15919776497,1825.15919776497,51104.5,3.10897404399705,28,28,120495933.077723,19425.3422337529,1.61225796622857,1.61225796622857
