"strata","dload.bi_kgd","dload.ub_kgd","tload_kglenS","degf","lenObs","lenStr","MSE_kglenS","Cl_kglenS","flowmu_m3s","flowav_m3s"
9,325482.66126534,325482.66126534,10089962.6,4.61566124387651,31,31,7235270047720.27,3300714.48744597,15.982254639828,15.982254639828
