"strata","dload.bi_kgd","dload.ub_kgd","tload_kglenS","degf","lenObs","lenStr","MSE_kglenS","Cl_kglenS","flowmu_m3s","flowav_m3s"
5,79215.0160314192,79235.8209574628,2377074.7,4.25431343729146,29,30,83379305883.0664,379695.936516787,11.2265886488889,11.2736522192593
