"strata","dload.bi_kgd","dload.ub_kgd","tload_kglenS","degf","lenObs","lenStr","MSE_kglenS","Cl_kglenS","flowmu_m3s","flowav_m3s"
5,54018.0645899099,54018.0645899099,1512505.9,3.20233249392201,28,28,103917073702.793,553329.44674859,5.76240137904762,5.76240137904762
