"strata","dload.bi_kgd","dload.ub_kgd","tload_kglenS","degf","lenObs","lenStr","MSE_kglenS","Cl_kglenS","flowmu_m3s","flowav_m3s"
1,31813.5583176341,31833.6838180277,986844.2,28,29,31,25101584028.4268,61332.0992584163,1.45291064946237,1.50233643218391
2,31808.7376594906,31825.9779976811,986605.3,16.0915294271537,29,31,23160762713.0607,80388.4213610335,1.45291064946237,1.4911611655914
3,31810.1311747949,31824.2262033749,986551,15.1837194106599,29,31,23014070668.7516,82894.4047224696,1.45291064946237,1.48617622892473
4,31409.7196034193,31419.2542049092,973996.9,7.89963022254339,29,31,21111069848.7637,119473.920129025,1.45291064946237,1.45184496344086
5,31393.5376391811,31399.0001311152,973369,6.83903463869259,29,31,20947385561.4032,131493.842338911,1.45291064946237,1.44717878107527
6,32242.559334137,32373.5768889952,1003580.9,2.76471236229525,29,31,18881652067.3689,276127.151270343,1.45291064946237,1.45766817634409
7,32223.8950946654,32350.7842329582,1002874.4,2.75132134029249,29,31,18835851486.3857,277309.49203486,1.45291064946237,1.45217481863799
8,32218.2632287632,32344.3474492943,1002674.8,2.75105600473792,29,31,18834943276.5761,277333.085681566,1.45291064946237,1.4502464344086
9,32216.4978498378,32342.732248751,1002624.8,2.73320370777829,29,31,20032781564.2715,288136.825278301,1.45291064946237,1.45207332473118
