"strata","dload.bi_kgd","dload.ub_kgd","tload_kglenS","degf","lenObs","lenStr","MSE_kglenS","Cl_kglenS","flowmu_m3s","flowav_m3s"
8,2933.45816698938,2933.47058493271,90937.5,3.02774250251738,30,31,351401216.820643,34107.8933493195,1.37013957737634,1.37183310470538
