"strata","dload.bi_kgd","dload.ub_kgd","tload_kglenS","degf","lenObs","lenStr","MSE_kglenS","Cl_kglenS","flowmu_m3s","flowav_m3s"
1,157882.681951244,158060.148887881,4899864.6,22,23,31,1295332345245.03,503224.105368125,10.024139587957,13.1670555072464
2,155784.531371961,157044.719739788,4868386.4,19.6021072262424,23,31,300694081072.406,258692.130274669,10.024139587957,13.6614782202151
3,154854.734499796,154961.247186694,4803798.7,6.32279655637035,23,31,281465981986.091,509947.543780616,10.024139587957,10.5233504178187
4,154854.734499796,154961.247186695,4803798.7,4.43525919736873,23,31,268458927862.611,657433.244391163,10.024139587957,10.5233504178187
5,154416.067427966,154419.613076865,4787008,4.42207994102799,23,31,268059447340.832,658604.213296655,10.024139587957,10.1184071286021
6,154416.067427966,154419.613076865,4787008,4.54576094690123,23,31,272020310183.003,648201.454886542,10.024139587957,10.1184071286021
7,154416.067427966,154419.613076865,4787008,4.57858242677821,23,31,273355085615.702,645894.071231514,10.024139587957,10.1184071286021
