"strata","dload.bi_kgd","dload.ub_kgd","tload_kglenS","degf","lenObs","lenStr","MSE_kglenS","Cl_kglenS","flowmu_m3s","flowav_m3s"
7,3128.44481391484,3128.44481391484,96981.8,3.00464566225222,31,31,161210930.492299,23290.6656776194,0.437540232258064,0.437540232258064
