"strata","dload.bi_kgd","dload.ub_kgd","tload_kglenS","degf","lenObs","lenStr","MSE_kglenS","Cl_kglenS","flowmu_m3s","flowav_m3s"
7,382.311014459999,382.311014459999,11469.4,2.8954716938835,30,30,5813942.54869059,4603.09964055711,0.463470504533333,0.463470504533333
