"strata","dload.bi_kgd","dload.ub_kgd","tload_kglenS","degf","lenObs","lenStr","MSE_kglenS","Cl_kglenS","flowmu_m3s","flowav_m3s"
1,18193.1704294139,18193.1704294139,563988.3,30,31,31,20283600092.9896,53103.7967128608,2.32842186426839,2.32842186426839
2,18193.1704294139,18193.1704294139,563988.3,21.6870550808056,31,31,15827825651.8018,56073.2843346613,2.32842186426839,2.32842186426839
3,18193.1704294139,18193.1704294139,563988.3,5.70843496313959,31,31,14097407464.6414,123120.339428178,2.32842186426839,2.32842186426839
4,18193.1704294139,18193.1704294139,563988.3,3.7852924933494,31,31,12256125801.0537,161582.680265531,2.32842186426839,2.32842186426839
5,18193.1704294139,18193.1704294139,563988.3,3.74375998834551,31,31,12188650740.6031,162790.353753267,2.32842186426839,2.32842186426839
6,18193.1704294139,18193.1704294139,563988.4,3.72519668374899,31,31,12158377339.0842,163340.903282195,2.32842186426839,2.32842186426839
7,18193.1704294139,18193.1704294139,563988.3,3.72183320836974,31,31,12152862515.7488,163441.23715606,2.32842186426839,2.32842186426839
8,18193.1704294139,18193.1704294139,563988.4,3.7174114473661,31,31,12145637943.0638,163573.67785723,2.32842186426839,2.32842186426839
9,18193.1704294139,18193.1704294139,563988.4,3.71502024670356,31,31,12141762692.2993,163645.68672234,2.32842186426839,2.32842186426839
