"strata","dload.bi_kgd","dload.ub_kgd","tload_kglenS","degf","lenObs","lenStr","MSE_kglenS","Cl_kglenS","flowmu_m3s","flowav_m3s"
1,59849.4674732666,59849.4674732666,1855333.5,30,31,31,439295673278.306,247133.440726816,8.8579220756129,8.8579220756129
2,59849.4674732666,59849.4674732666,1855333.5,9.34947216741138,31,31,246101230854.792,364936.343876296,8.8579220756129,8.8579220756129
3,59849.4674732666,59849.4674732666,1855333.5,18.315873360317,31,31,225076000897.513,232607.729513699,8.8579220756129,8.8579220756129
4,59849.4674732666,59849.4674732666,1855333.5,3.36019442894438,31,31,205775163879.815,741875.170450025,8.8579220756129,8.8579220756129
5,59849.4674732666,59849.4674732666,1855333.6,3.29086026682314,31,31,203636452677.473,753503.452956679,8.8579220756129,8.8579220756129
6,59849.4674732666,59849.4674732666,1855333.6,3.28882794245084,31,31,203575198992.689,753857.180605261,8.8579220756129,8.8579220756129
7,59849.4674732666,59849.4674732666,1855333.6,3.28214965149279,31,31,203368496893.623,755013.741947133,8.8579220756129,8.8579220756129
8,59849.4674732666,59849.4674732666,1855333.5,3.28063395462641,31,31,203321787391.189,755277.517870773,8.8579220756129,8.8579220756129
9,59849.4674732666,59849.4674732666,1855333.5,3.28067929625817,31,31,203323192602.274,755269.636893042,8.8579220756129,8.8579220756129
