"strata","dload.bi_kgd","dload.ub_kgd","tload_kglenS","degf","lenObs","lenStr","MSE_kglenS","Cl_kglenS","flowmu_m3s","flowav_m3s"
8,182.5101577728,182.5101577728,5475.4,3.17844392833851,30,30,287904.185120708,928.093009799704,0.12317808,0.12317808
