"strata","dload.bi_kgd","dload.ub_kgd","tload_kglenS","degf","lenObs","lenStr","MSE_kglenS","Cl_kglenS","flowmu_m3s","flowav_m3s"
6,43523.5127823493,45922.8453247594,1377685.3,2.00000432922942,23,30,179825538313.054,1290166.05464651,1.88254176604444,1.98326567241481
