"strata","dload.bi_kgd","dload.ub_kgd","tload_kglenS","degf","lenObs","lenStr","MSE_kglenS","Cl_kglenS","flowmu_m3s","flowav_m3s"
1,34341.6111272299,34341.6111272299,1064589.9,30,31,31,25334949216.2564,59348.9543728901,5.49361144086021,5.49361144086021
2,34341.6111272299,34341.6111272299,1064589.9,26.8097725092362,31,31,20112992570.3014,56218.2698360017,5.49361144086022,5.49361144086022
3,34341.6111272299,34341.6111272299,1064589.9,22.5802725294133,31,31,17884856624.26,58279.2105456823,5.49361144086022,5.49361144086022
4,34341.6111272299,34341.6111272299,1064590,15.3260219607961,31,31,12698436028.6549,61239.4730854327,5.49361144086022,5.49361144086022
5,34341.6111272299,34341.6111272299,1064590,13.315097354463,31,31,11762717817.6229,64056.8912241716,5.49361144086022,5.49361144086022
6,34341.6111272299,34341.6111272299,1064590,9.67386754465752,31,31,11478520947.3424,77103.3761937955,5.49361144086022,5.49361144086022
7,34341.6111272299,34341.6111272299,1064590.1,9.52654205016868,31,31,11384894855.4069,77548.3772914266,5.49361144086021,5.49361144086021
8,34341.6111272299,34341.6111272299,1064590,5.98107221356106,31,31,11372490888.5194,106779.98165338,5.49361144086022,5.49361144086022
9,34341.6111272299,34341.6111272299,1064590.1,5.88682819158605,31,31,11278864796.584,107606.251516663,5.49361144086021,5.49361144086021
