"strata","dload.bi_kgd","dload.ub_kgd","tload_kglenS","degf","lenObs","lenStr","MSE_kglenS","Cl_kglenS","flowmu_m3s","flowav_m3s"
1,519.933105019905,520.272411863184,16128.4,25,26,31,4662077.46807801,889.384721448823,0.51741589632,0.453441492652308
2,528.301362328587,528.649643202037,16388.1,23.7993586895705,26,31,4121428.33944008,859.257616272177,0.51741589632,0.468435009389124
3,519.506682972218,519.885044223061,16116.5,4.3447594923271,26,31,3144264.48836225,2289.81305501766,0.51741589632,0.471375288449376
4,516.98483581356,517.32300593798,16037,4.3017242364811,26,31,3128580.59456928,2303.69971655918,0.51741589632,0.479522963523441
5,516.98483581356,517.32300593798,16037,4.23411802493781,26,31,3103742.29378237,2326.16619060795,0.51741589632,0.479522963523441
6,516.98483581356,517.32300593798,16037,4.22844853788455,26,31,3101674.01961213,2328.09736384501,0.51741589632,0.479522963523441
7,516.98483581356,517.32300593798,16037,4.21324527372163,26,31,3096116.50665563,2333.30447367538,0.51741589632,0.479522963523441
8,515.892453018509,516.196368076543,16002.1,4.20830378803826,26,31,3094448.47399169,2335.05945384675,0.51741589632,0.479913461329892
