"strata","dload.bi_kgd","dload.ub_kgd","tload_kglenS","degf","lenObs","lenStr","MSE_kglenS","Cl_kglenS","flowmu_m3s","flowav_m3s"
8,51336.4354152465,51336.4354152465,1591429.5,8.44696107066938,31,31,23357558801.4827,120153.83657962,3.52072213333333,3.52072213333333
