"strata","dload.bi_kgd","dload.ub_kgd","tload_kglenS","degf","lenObs","lenStr","MSE_kglenS","Cl_kglenS","flowmu_m3s","flowav_m3s"
9,53942.8770112413,53942.8770112413,1672229.2,3.0176953153786,31,31,190644550411.688,797252.824806232,3.78668691612903,3.78668691612903
