"strata","dload.bi_kgd","dload.ub_kgd","tload_kglenS","degf","lenObs","lenStr","MSE_kglenS","Cl_kglenS","flowmu_m3s","flowav_m3s"
8,36601.0088565149,36601.0088565149,1134631.3,2.907584305469,31,31,13201394119.0227,218347.417390008,6.14946360515441,6.14946360515441
