"strata","dload.bi_kgd","dload.ub_kgd","tload_kglenS","degf","lenObs","lenStr","MSE_kglenS","Cl_kglenS","flowmu_m3s","flowav_m3s"
1,201511.824292378,201511.824292378,6246866.6,30,31,31,1540662061228.32,462814.276137079,9.05340412049204,9.05340412049204
2,201511.824292378,201511.824292378,6246866.6,25.2557139855114,31,31,1074660057160.68,424622.244394113,9.05340412049204,9.05340412049204
3,201511.824292378,201511.824292378,6246866.6,18.9982820849393,31,31,757817511972.998,418024.783019656,9.05340412049204,9.05340412049204
4,201511.824292378,201511.824292378,6246866.5,12.9568298644508,31,31,659857114209.252,487697.528128193,9.05340412049204,9.05340412049204
5,201511.824292378,201511.824292378,6246866.5,6.29023771922647,31,31,377252075016.864,592600.822611752,9.05340412049204,9.05340412049204
6,201511.824292378,201511.824292378,6246866.5,5.25983981877192,31,31,343739580305.455,647497.870317465,9.05340412049204,9.05340412049204
7,201511.824292378,201511.824292378,6246866.4,5.25227503692283,31,31,343492150381.721,647994.97497269,9.05340412049204,9.05340412049204
8,201511.824292378,201511.824292378,6246866.4,5.2562159745617,31,31,343636231544.681,647750.097453188,9.05340412049204,9.05340412049204
9,201511.824292378,201511.824292378,6246866.4,5.43709318558421,31,31,350660085932.547,637343.080862256,9.05340412049204,9.05340412049204
