"strata","dload.bi_kgd","dload.ub_kgd","tload_kglenS","degf","lenObs","lenStr","MSE_kglenS","Cl_kglenS","flowmu_m3s","flowav_m3s"
1,159945.231330773,161406.702389758,5003607.8,12,13,31,1494658527644,768953.880667676,8.55624082580645,11.9174520123077
2,149299.603928447,153474.064138358,4757695.9,9.563102182849,13,31,588725659520.638,556282.583548981,8.55624082580645,11.93411536
3,137173.850120323,138057.900216045,4279794.8,5.1459631121803,13,31,381529955583.985,694013.03007123,8.55624082580645,9.24278620903226
4,133484.953711456,133365.728460309,4134337.5,3.77132572126023,13,31,996967163037.248,1462314.23725229,8.55624082580645,7.31736560172043
