"strata","dload.bi_kgd","dload.ub_kgd","tload_kglenS","degf","lenObs","lenStr","MSE_kglenS","Cl_kglenS","flowmu_m3s","flowav_m3s"
1,76658.2297059077,76658.2297059077,2299746.9,29,30,30,366554052797.603,229938.710939118,8.81404794449778,8.81404794449778
2,76658.2297059077,76658.2297059077,2299746.9,11.2486929437316,30,30,279823232520.556,346208.559380002,8.81404794449778,8.81404794449778
3,76658.2297059077,76658.2297059077,2299746.8,6.1432519167375,30,30,100449322549.618,311130.580865663,8.81404794449778,8.81404794449778
4,76658.2297059077,76658.2297059077,2299746.9,4.44136323754709,30,30,85685399437.1772,370988.190832466,8.81404794449778,8.81404794449778
5,76658.2297059077,76658.2297059077,2299746.9,4.27778915951452,30,30,84084736323.8642,379489.270491947,8.81404794449778,8.81404794449778
6,76658.2297059077,76658.2297059077,2299746.9,4.20026492332892,30,30,83314749316.8041,383787.235272629,8.81404794449778,8.81404794449778
7,76658.2297059077,76658.2297059077,2299746.9,4.19485974065136,30,30,83261108390.5427,384094.571657535,8.81404794449778,8.81404794449778
8,76658.2297059077,76658.2297059077,2299746.9,4.19259591536959,30,30,83238635077.6436,384223.576135413,8.81404794449778,8.81404794449778
9,76658.2297059077,76658.2297059077,2299746.9,4.19398605343085,30,30,83252463500.5721,384144.403143186,8.81404794449778,8.81404794449778
