"strata","dload.bi_kgd","dload.ub_kgd","tload_kglenS","degf","lenObs","lenStr","MSE_kglenS","Cl_kglenS","flowmu_m3s","flowav_m3s"
1,43587.2133705496,43587.2133705496,1351203.6,30,31,31,128593081457.877,133709.373675753,5.41526494489462,5.41526494489462
2,43587.2133705496,43587.2133705496,1351203.6,6.21510748974583,31,31,62683690613.9814,243690.410272481,5.41526494489462,5.41526494489462
3,43587.2133705496,43587.2133705496,1351203.6,22.2871096221238,31,31,10167132966.3158,44261.9230566958,5.41526494489462,5.41526494489462
4,43587.2133705496,43587.2133705496,1351203.5,15.5384212467444,31,31,7334643226.60108,46169.1739513585,5.41526494489462,5.41526494489462
5,43587.2133705496,43587.2133705496,1351203.5,10.3201942623236,31,31,5961612281.03389,53328.1883210799,5.41526494489462,5.41526494489462
6,43587.2133705496,43587.2133705496,1351203.6,7.51706594769747,31,31,5020687357.30995,60269.1218758285,5.41526494489462,5.41526494489462
7,43587.2133705496,43587.2133705496,1351203.6,7.51694605317311,31,31,5020647317.37624,60269.5417920487,5.41526494489462,5.41526494489462
8,43587.2133705496,43587.2133705496,1351203.7,7.51695802669865,31,31,5020651316.28099,60269.4998569256,5.41526494489462,5.41526494489462
9,43587.2133705496,43587.2133705496,1351203.6,7.51702143168372,31,31,5020672491.94759,60269.2777932531,5.41526494489462,5.41526494489462
