"strata","dload.bi_kgd","dload.ub_kgd","tload_kglenS","degf","lenObs","lenStr","MSE_kglenS","Cl_kglenS","flowmu_m3s","flowav_m3s"
7,77400.3109751606,77400.3109751606,2167208.8,6.14011966197211,28,28,216288611388.371,456718.927201856,5.67416420761905,5.67416420761905
