"strata","dload.bi_kgd","dload.ub_kgd","tload_kglenS","degf","lenObs","lenStr","MSE_kglenS","Cl_kglenS","flowmu_m3s","flowav_m3s"
1,54018.0645899099,54018.0645899099,1512505.8,27,28,28,257354635086.874,200320.594260095,5.76240137904762,5.76240137904762
2,54018.0645899099,54018.0645899099,1512505.8,3.64057908476459,28,28,110818716810.521,503863.392464774,5.76240137904762,5.76240137904762
3,54018.0645899099,54018.0645899099,1512505.8,3.33768265031969,28,28,106091456156.097,536254.291168314,5.76240137904762,5.76240137904762
4,54018.0645899099,54018.0645899099,1512505.8,3.28673141966283,28,28,105279195314.904,542470.172992306,5.76240137904762,5.76240137904762
5,54018.0645899099,54018.0645899099,1512505.9,3.20233249392201,28,28,103917073702.793,553329.44674859,5.76240137904762,5.76240137904762
6,54018.0645899099,54018.0645899099,1512505.9,3.20233807107802,28,28,103917164203.941,553328.704090426,5.76240137904762,5.76240137904762
7,54018.0645899099,54018.0645899099,1512505.8,3.20239834430344,28,28,103918142232.436,553320.678208575,5.76240137904762,5.76240137904762
8,54018.0645899099,54018.0645899099,1512505.7,3.2025123765936,28,28,103919992584.561,553305.495005704,5.76240137904762,5.76240137904762
