"strata","dload.bi_kgd","dload.ub_kgd","tload_kglenS","degf","lenObs","lenStr","MSE_kglenS","Cl_kglenS","flowmu_m3s","flowav_m3s"
1,147239.893405516,147239.893405516,4417196.8,29,30,30,1228534024612.69,420955.970866964,5.38974734684444,5.38974734684444
2,147239.893405516,147239.893405516,4417196.8,6.32465416898692,30,30,638809070168.656,768077.797324572,5.38974734684444,5.38974734684444
3,147239.893405516,147239.893405516,4417196.8,5.82993218680933,30,30,612939949673.384,799050.389918899,5.38974734684444,5.38974734684444
4,147239.893405516,147239.893405516,4417196.8,5.4942964051314,30,30,598458026303.525,825932.669727824,5.38974734684444,5.38974734684444
5,147239.893405516,147239.893405516,4417196.7,5.43975087790202,30,30,595461146235.562,830219.536676279,5.38974734684444,5.38974734684444
6,147239.893405516,147239.893405516,4417196.6,5.43632987201856,30,30,595286723445.408,830501.255310013,5.38974734684444,5.38974734684444
7,147239.893405516,147239.893405516,4417196.7,5.45641786091384,30,30,596451654370.99,828950.79265344,5.38974734684444,5.38974734684444
8,147239.893405516,147239.893405516,4417196.8,5.49572247361975,30,30,598660346747.969,825907.463923189,5.38974734684444,5.38974734684444
9,147239.893405516,147239.893405516,4417196.7,5.65655464489005,30,30,611371577228.028,816431.691745361,5.38974734684444,5.38974734684444
