"strata","dload.bi_kgd","dload.ub_kgd","tload_kglenS","degf","lenObs","lenStr","MSE_kglenS","Cl_kglenS","flowmu_m3s","flowav_m3s"
5,28009.8672755125,28016.405205292,868508.6,2.41206406113952,25,31,14293090900.9365,282482.921693226,1.31330578064516,1.26055432258065
