"strata","dload.bi_kgd","dload.ub_kgd","tload_kglenS","degf","lenObs","lenStr","MSE_kglenS","Cl_kglenS","flowmu_m3s","flowav_m3s"
4,138854.52084682,138788.074219365,4163642.2,2.05247753232578,24,30,1652579066073.79,3767738.32343512,7.61957893333333,5.7519770625641
