"strata","dload.bi_kgd","dload.ub_kgd","tload_kglenS","degf","lenObs","lenStr","MSE_kglenS","Cl_kglenS","flowmu_m3s","flowav_m3s"
1,6661.2695353889,6661.2695353889,206499.4,30,31,31,3042881937.99795,20568.1676683692,0.558723956989247,0.558723956989247
2,6661.2695353889,6661.2695353889,206499.3,21.7259291745807,31,31,2581297416.24413,22621.93570543,0.558723956989247,0.558723956989247
3,6661.2695353889,6661.2695353889,206499.4,17.0099966209764,31,31,635950555.134126,12899.8486292158,0.558723956989247,0.558723956989247
4,6661.2695353889,6661.2695353889,206499.4,16.987296988274,31,31,635526645.847595,12905.4744892387,0.558723956989247,0.558723956989247
5,6661.2695353889,6661.2695353889,206499.4,16.949610803773,31,31,634818742.110738,12914.805226739,0.558723956989247,0.558723956989247
6,6661.2695353889,6661.2695353889,206499.4,16.975525488467,31,31,635306936.90871,12908.3989536348,0.558723956989247,0.558723956989247
7,6661.2695353889,6661.2695353889,206499.5,4.87890595832785,31,31,642580000.422808,29722.398973582,0.558723956989247,0.558723956989247
8,6661.2695353889,6661.2695353889,206499.5,4.868173120008,31,31,641872096.685951,29759.0709016109,0.558723956989247,0.558723956989247
9,6661.2695353889,6661.2695353889,206499.5,4.86858735758776,31,31,641899420.676146,29757.6519138824,0.558723956989247,0.558723956989247
