"strata","dload.bi_kgd","dload.ub_kgd","tload_kglenS","degf","lenObs","lenStr","MSE_kglenS","Cl_kglenS","flowmu_m3s","flowav_m3s"
7,7780.3163877608,7788.72199519094,241450.4,3.31998639664222,26,31,1622086628.428,66660.209525421,1.96105258064516,2.0444044516129
