"strata","dload.bi_kgd","dload.ub_kgd","tload_kglenS","degf","lenObs","lenStr","MSE_kglenS","Cl_kglenS","flowmu_m3s","flowav_m3s"
1,137588.561363891,137588.561363891,4127656.8,29,30,30,4688628996132.77,822367.6427509,2.51925130666667,2.51925130666667
2,137588.561363891,137588.561363891,4127656.9,20.2169593820092,30,30,3909079756595.4,916615.821752616,2.51925130666667,2.51925130666667
3,137588.561363891,137588.561363891,4127656.8,5.65479302707522,30,30,534526011681.245,763579.813355789,2.51925130666667,2.51925130666667
4,137588.561363891,137588.561363891,4127656.7,4.96096858054001,30,30,507403313607.808,824049.627641038,2.51925130666667,2.51925130666667
5,137588.561363891,137588.561363891,4127656.7,3.78736377622698,30,30,474421344128.018,1004803.75481628,2.51925130666667,2.51925130666667
6,137588.561363891,137588.561363891,4127656.7,3.7850259428746,30,30,474274923171.602,1005220.85107083,2.51925130666667,2.51925130666667
7,137588.561363891,137588.561363891,4127656.7,3.78500882770634,30,30,474273850879.285,1005223.90674582,2.51925130666667,2.51925130666667
8,137588.561363891,137588.561363891,4127656.7,3.78500887476749,30,30,474273853827.743,1005223.89834366,2.51925130666667,2.51925130666667
9,137588.561363891,137588.561363891,4127656.7,3.78627795784362,30,30,474353430515.285,1004997.49060433,2.51925130666667,2.51925130666667
