"strata","dload.bi_kgd","dload.ub_kgd","tload_kglenS","degf","lenObs","lenStr","MSE_kglenS","Cl_kglenS","flowmu_m3s","flowav_m3s"
4,68698.722140513,68967.8900672278,2138004.6,2.78823228474132,18,31,51819757432.3622,453105.071844968,5.52163898322581,5.91323292387097
