"strata","dload.bi_kgd","dload.ub_kgd","tload_kglenS","degf","lenObs","lenStr","MSE_kglenS","Cl_kglenS","flowmu_m3s","flowav_m3s"
8,91686.9618920815,91687.0456296953,2750611.2,7.17641775334672,29,30,45272327888.3763,186880.680732697,11.9023490231556,11.9017052879022
