"strata","dload.bi_kgd","dload.ub_kgd","tload_kglenS","degf","lenObs","lenStr","MSE_kglenS","Cl_kglenS","flowmu_m3s","flowav_m3s"
1,420.521391529586,420.41592319046,12612.5,16,17,30,716938.127924463,448.742608259004,0.265430734037333,0.140672532178824
