"strata","dload.bi_kgd","dload.ub_kgd","tload_kglenS","degf","lenObs","lenStr","MSE_kglenS","Cl_kglenS","flowmu_m3s","flowav_m3s"
1,15061.6180100377,15061.6180100377,466910.2,30,31,31,13592793460.2458,43471.7788521321,0.897612111827957,0.897612111827957
2,15061.6180100377,15061.6180100377,466910.1,4.50630142443749,31,31,4604443860.98318,84952.2985483695,0.897612111827957,0.897612111827957
3,15061.6180100377,15061.6180100377,466910.1,4.48284058531474,31,31,4595040049.19426,85239.3155842467,0.897612111827957,0.897612111827957
4,15061.6180100377,15061.6180100377,466910.2,4.40515282387885,31,31,4554995558.49747,86132.7037054636,0.897612111827957,0.897612111827957
5,15061.6180100377,15061.6180100377,466910.2,4.3478306385157,31,31,4528595864.92318,86847.9386755926,0.897612111827957,0.897612111827957
6,15061.6180100377,15061.6180100377,466910.1,4.33778710155851,31,31,4523360828.50873,86969.843586667,0.897612111827957,0.897612111827957
7,15061.6180100377,15061.6180100377,466910.1,4.33670973002882,31,31,4522799023.26279,86982.9604349222,0.897612111827957,0.897612111827957
8,15061.6180100377,15061.6180100377,466910.1,4.33636405278803,31,31,4522618760.5983,86987.170695715,0.897612111827957,0.897612111827957
9,15061.6180100377,15061.6180100377,466910.1,4.33675693645661,31,31,4522823668.35144,86982.3858080918,0.897612111827957,0.897612111827957
