"strata","dload.bi_kgd","dload.ub_kgd","tload_kglenS","degf","lenObs","lenStr","MSE_kglenS","Cl_kglenS","flowmu_m3s","flowav_m3s"
5,12686.4814800018,12793.477117293,396597.7,3.48101260027641,27,31,4922324438.91489,110839.94704874,2.01236840739785,1.92833313111221
