"strata","dload.bi_kgd","dload.ub_kgd","tload_kglenS","degf","lenObs","lenStr","MSE_kglenS","Cl_kglenS","flowmu_m3s","flowav_m3s"
7,23061.0303362759,23061.0303362759,691831.1,3.36429656792983,30,30,29305439031.0694,279630.224717648,3.23049066488889,3.23049066488889
