"strata","dload.bi_kgd","dload.ub_kgd","tload_kglenS","degf","lenObs","lenStr","MSE_kglenS","Cl_kglenS","flowmu_m3s","flowav_m3s"
1,3026.09980212863,3034.11959341436,94057.7,27,28,31,869516921.704563,11643.9041495067,1.68233374366452,1.57112376897143
2,2867.36566783989,2883.37199200732,89384.5,22.895101878933,28,31,688141779.233103,11344.00485943,1.68233374366452,1.61165877882581
3,2867.36566783989,2883.37199200732,89384.6,8.20137997437828,28,31,294921072.509546,13769.4428409271,1.68233374366452,1.61165877882581
4,2900.99375821908,2912.96098451623,90301.8,3.13197065663485,28,31,165649365.069174,22602.4192377755,1.68233374366452,1.63456601702652
5,2900.99375821908,2912.96098451623,90301.8,3.12226786725888,28,31,165396152.233582,22657.8973642517,1.68233374366452,1.63456601702652
6,2900.99375821908,2912.96098451623,90301.8,3.12148464818895,28,31,165375434.806551,22662.3777353024,1.68233374366452,1.63456601702652
7,2904.48558562841,2916.38160677009,90407.9,3.1212975654205,28,31,165370541.331682,22663.4521827302,1.68233374366452,1.64083250456774
8,2904.48558562841,2916.38160677009,90407.8,3.12180652195502,28,31,165384048.8903,22660.5429380675,1.68233374366452,1.64083250456774
