"strata","dload.bi_kgd","dload.ub_kgd","tload_kglenS","degf","lenObs","lenStr","MSE_kglenS","Cl_kglenS","flowmu_m3s","flowav_m3s"
5,6661.2695353889,6661.2695353889,206499.4,16.949610803773,31,31,634818742.110738,12914.805226739,0.558723956989247,0.558723956989247
