"strata","dload.bi_kgd","dload.ub_kgd","tload_kglenS","degf","lenObs","lenStr","MSE_kglenS","Cl_kglenS","flowmu_m3s","flowav_m3s"
1,41390.6579151716,41390.6579151716,1200329.1,28,29,29,34331778742.4933,71727.4544181112,7.95453347832644,7.95453347832644
2,41390.6579151716,41390.6579151716,1200329.1,8.19457093448727,29,29,18732009854.8141,109798.671444218,7.95453347832644,7.95453347832644
3,41390.6579151716,41390.6579151716,1200329.1,4.57573052057864,29,29,18432563202.2842,167809.447315087,7.95453347832644,7.95453347832644
4,41390.6579151716,41390.6579151716,1200329.1,4.47108494841755,29,29,18226529967.5476,170141.145821318,7.95453347832644,7.95453347832644
5,41390.6579151716,41390.6579151716,1200329.1,4.47107684868123,29,29,18226513458.0968,170141.328961687,7.95453347832644,7.95453347832644
6,41390.6579151716,41390.6579151716,1200329.1,4.3510819378422,29,29,17994314621.0602,173008.530975621,7.95453347832644,7.95453347832644
7,41390.6579151716,41390.6579151716,1200329.2,4.35107612648742,29,29,17994302604.3365,173008.670949444,7.95453347832644,7.95453347832644
8,41390.6579151716,41390.6579151716,1200329.2,4.35107826791123,29,29,17994307032.4373,173008.619370794,7.95453347832644,7.95453347832644
9,41390.6579151716,41390.6579151716,1200329.2,4.36020742954931,29,29,18013283076.3672,172789.787074603,7.95453347832644,7.95453347832644
