"strata","dload.bi_kgd","dload.ub_kgd","tload_kglenS","degf","lenObs","lenStr","MSE_kglenS","Cl_kglenS","flowmu_m3s","flowav_m3s"
1,3696.96292479174,3696.96292479174,114605.9,30,31,31,389416865.148088,7358.01096953109,0.364921341935484,0.364921341935484
2,3696.96292479174,3696.96292479174,114605.9,7.14044532961495,31,31,175512381.993217,11676.8116235353,0.364921341935484,0.364921341935484
3,3696.96292479174,3696.96292479174,114605.9,9.49697292689058,31,31,41650777.2823377,4699.89630096787,0.364921341935484,0.364921341935484
4,3696.96292479174,3696.96292479174,114605.9,4.45045408545574,31,31,30184105.0282416,6950.94840092507,0.364921341935484,0.364921341935484
5,3696.96292479174,3696.96292479174,114605.9,4.44987810549208,31,31,30182215.8331632,6951.49212437922,0.364921341935484,0.364921341935484
6,3696.96292479174,3696.96292479174,114605.9,4.44529520461276,31,31,30166678.3927984,6955.76636576247,0.364921341935484,0.364921341935484
7,3696.96292479174,3696.96292479174,114605.9,4.4406711546306,31,31,30151025.3738934,6960.09298000021,0.364921341935484,0.364921341935484
8,3696.96292479174,3696.96292479174,114605.9,4.44131961770859,31,31,30153231.0166697,6959.48675902459,0.364921341935484,0.364921341935484
9,3696.96292479174,3696.96292479174,114605.9,4.44844018916097,31,31,30177691.1236326,6952.87235671256,0.364921341935484,0.364921341935484
