"strata","dload.bi_kgd","dload.ub_kgd","tload_kglenS","degf","lenObs","lenStr","MSE_kglenS","Cl_kglenS","flowmu_m3s","flowav_m3s"
8,4054.69055930395,4055.98387556417,121679.4,2.29930629906324,27,30,343946253.318018,46575.002372641,2.35809929665778,1.81214635856
