"strata","dload.bi_kgd","dload.ub_kgd","tload_kglenS","degf","lenObs","lenStr","MSE_kglenS","Cl_kglenS","flowmu_m3s","flowav_m3s"
7,107.764549719493,107.764549719493,3340.6,16.927185689584,31,31,21049.3318377911,74.4241019974533,0.263142907107097,0.263142907107097
