"strata","dload.bi_kgd","dload.ub_kgd","tload_kglenS","degf","lenObs","lenStr","MSE_kglenS","Cl_kglenS","flowmu_m3s","flowav_m3s"
6,17922.3376687973,18613.4279917617,577016.2,4.0699637251292,22,31,18886296562.3637,187857.610447629,3.89896455053763,3.12403319856631
