"strata","dload.bi_kgd","dload.ub_kgd","tload_kglenS","degf","lenObs","lenStr","MSE_kglenS","Cl_kglenS","flowmu_m3s","flowav_m3s"
1,80478.4590113474,80478.4590113474,2494832.2,30,31,31,171024349316.395,154199.166487653,9.70409032612473,9.70409032612473
2,80478.4590113474,80478.4590113474,2494832.2,13.3861786050813,31,31,140756973319.974,220883.09570049,9.70409032612473,9.70409032612473
3,80478.4590113474,80478.4590113474,2494832.2,7.57836398861757,31,31,99101185930.2865,266276.731485988,9.70409032612473,9.70409032612473
4,80478.4590113474,80478.4590113474,2494832.2,3.60382403362743,31,31,65359984215.9953,390688.954860278,9.70409032612473,9.70409032612473
5,80478.4590113474,80478.4590113474,2494832.2,3.5755180398381,31,31,65137461129.0612,392959.262055168,9.70409032612473,9.70409032612473
6,80478.4590113474,80478.4590113474,2494832.2,3.47060257710119,31,31,64210249970.8124,401489.826528966,9.70409032612473,9.70409032612473
7,80478.4590113474,80478.4590113474,2494832.2,3.47046545483673,31,31,64208981489.031,401501.255936829,9.70409032612473,9.70409032612473
8,80478.4590113474,80478.4590113474,2494832.2,3.38617987232095,31,31,63430248949.7627,408769.381539783,9.70409032612473,9.70409032612473
9,80478.4590113474,80478.4590113474,2494832.2,3.38604444040006,31,31,63428980467.9813,408781.402909544,9.70409032612473,9.70409032612473
