"strata","dload.bi_kgd","dload.ub_kgd","tload_kglenS","degf","lenObs","lenStr","MSE_kglenS","Cl_kglenS","flowmu_m3s","flowav_m3s"
1,7566.70778299924,7691.80684257935,215370.6,15,16,28,3438550888.25333,32271.351611021,2.22843102857143,3.0989198
2,7026.31628499273,7124.60943331309,199489,8.97527119265342,16,28,1917738118.79153,33080.8046911672,2.22843102857143,2.86702784217687
3,6822.31729480699,6883.70117025759,192743.6,4.82180302131425,16,28,1012923851.91599,37675.5967230459,2.22843102857143,2.78583375238095
4,6135.44751149816,6135.91238769055,171805.5,3.11456897349168,16,28,787973641.41714,49582.2527425077,2.22843102857143,2.07572257142857
5,6135.44751149816,6135.91238769055,171805.5,2.6683513429581,16,28,729424508.015899,56517.7812688134,2.22843102857143,2.07572257142857
