"strata","dload.bi_kgd","dload.ub_kgd","tload_kglenS","degf","lenObs","lenStr","MSE_kglenS","Cl_kglenS","flowmu_m3s","flowav_m3s"
7,3868.25285194883,3868.25285194883,116047.6,4.46022359769108,30,30,235843935.630137,19393.75686529,2.28066653511111,2.28066653511111
