"strata","dload.bi_kgd","dload.ub_kgd","tload_kglenS","degf","lenObs","lenStr","MSE_kglenS","Cl_kglenS","flowmu_m3s","flowav_m3s"
7,172505.731978061,172505.731978061,5175171.9,2.97533163781696,30,30,410261295444.479,1187306.91893073,10.4515735644444,10.4515735644444
