"strata","dload.bi_kgd","dload.ub_kgd","tload_kglenS","degf","lenObs","lenStr","MSE_kglenS","Cl_kglenS","flowmu_m3s","flowav_m3s"
7,37857.3186171375,37857.3186171375,1173576.8,5.34637359967573,31,31,18923930845.814,150002.561636777,4.97553579354839,4.97553579354839
