"strata","dload.bi_kgd","dload.ub_kgd","tload_kglenS","degf","lenObs","lenStr","MSE_kglenS","Cl_kglenS","flowmu_m3s","flowav_m3s"
9,50852.4364886942,50852.4364886942,1576425.7,3.87747353259171,31,31,30292014489.235,248491.092969663,5.04660943913979,5.04660943913979
