"strata","dload.bi_kgd","dload.ub_kgd","tload_kglenS","degf","lenObs","lenStr","MSE_kglenS","Cl_kglenS","flowmu_m3s","flowav_m3s"
1,59739.7127856662,60303.2193023317,1869399.8,22,23,31,796955747069.068,394718.911683627,6.62042078017524,7.00480593888464
2,59971.2729787432,61519.789479204,1907113.5,2.00070489970579,23,31,722202133486.085,2584208.4248047,6.62042078017524,13.1525444498104
3,59806.1811941695,61349.5180355492,1901835.1,2.00045482822797,23,31,722156996970.166,2584598.64326829,6.62042078017524,13.1046367556012
4,59682.0620337597,61225.119458465,1897978.7,2.00040947123544,23,31,722148810119.701,2584669.43682293,6.62042078017524,13.1000788374451
5,59806.1811941695,61349.5180355492,1901835.1,2.00032697858711,23,31,722133919836.68,2584798.20488852,6.62042078017524,13.1046367556012
6,59682.0620337597,61225.119458465,1897978.7,2.00029541557093,23,31,722128222685.883,2584847.47853872,6.62042078017524,13.1000788374451
7,59691.3863276246,61235.5239701113,1898301.2,2.0002950247981,23,31,722128152149.301,2584848.08859513,6.62042078017524,13.1044277302842
