"strata","dload.bi_kgd","dload.ub_kgd","tload_kglenS","degf","lenObs","lenStr","MSE_kglenS","Cl_kglenS","flowmu_m3s","flowav_m3s"
6,244536.529344851,244536.529344851,7336095.8,5.38183666052434,30,30,920299909599.72,1040705.56016266,12.9699816597333,12.9699816597333
