"strata","dload.bi_kgd","dload.ub_kgd","tload_kglenS","degf","lenObs","lenStr","MSE_kglenS","Cl_kglenS","flowmu_m3s","flowav_m3s"
1,36543.8136566877,36543.8136566877,1096314.4,29,30,30,99373734161.1606,119723.356587752,2.37924990115556,2.37924990115556
2,36543.8136566877,36543.8136566877,1096314.4,23.2254745044203,30,30,57642226726.8928,103001.476863293,2.37924990115556,2.37924990115556
3,36543.8136566877,36543.8136566877,1096314.5,11.0735009668883,30,30,37723076919.2275,128359.08425104,2.37924990115556,2.37924990115556
4,36543.8136566877,36543.8136566877,1096314.5,5.1568147377442,30,30,24798175249.4092,176640.465011807,2.37924990115556,2.37924990115556
5,36543.8136566877,36543.8136566877,1096314.4,5.07380162671448,30,30,24596715964.4972,178199.278876995,2.37924990115556,2.37924990115556
6,36543.8136566877,36543.8136566877,1096314.4,5.05072431549133,30,30,24540706610.9494,178643.639742662,2.37924990115556,2.37924990115556
7,36543.8136566877,36543.8136566877,1096314.4,5.05050702085512,30,30,24540178701.0304,178647.845289164,2.37924990115556,2.37924990115556
8,36543.8136566877,36543.8136566877,1096314.4,5.05049802567576,30,30,24540156847.4215,178648.019391942,2.37924990115556,2.37924990115556
9,36543.8136566877,36543.8136566877,1096314.4,5.05049481695251,30,30,24540149051.8902,178648.08149734,2.37924990115556,2.37924990115556
