"strata","dload.bi_kgd","dload.ub_kgd","tload_kglenS","degf","lenObs","lenStr","MSE_kglenS","Cl_kglenS","flowmu_m3s","flowav_m3s"
8,367948.023249388,367948.023249388,11406388.8,8.42379913028645,31,31,803457366803.236,705987.617769292,15.7053894114409,15.7053894114409
