"strata","dload.bi_kgd","dload.ub_kgd","tload_kglenS","degf","lenObs","lenStr","MSE_kglenS","Cl_kglenS","flowmu_m3s","flowav_m3s"
1,92.6059184581321,92.6041717477887,2870.7,29,30,31,15234.4921303729,46.8767042148277,0.0404134237788018,0.0406818026666667
2,92.0477624216184,92.0383918519532,2853.2,26.4291645877655,30,31,7182.5553222687,33.8593304618467,0.0404134237788018,0.0409353924423963
3,92.0477624216184,92.0383918519532,2853.1,22.0657119942356,30,31,6001.72950193765,34.1968754869621,0.0404134237788018,0.0409353924423963
4,92.2882855818028,92.2733634188318,2860.4,19.3010380609283,30,31,5184.78734070735,34.268185641535,0.0404134237788018,0.0407396541935484
5,92.2882855818028,92.2733634188318,2860.4,10.8180063051542,30,31,5006.29843672966,47.4453900266669,0.0404134237788018,0.0407396541935484
6,92.2882855818028,92.2733634188318,2860.4,10.2180149253225,30,31,4904.56232129198,48.6748417189293,0.0404134237788018,0.0407396541935484
7,92.2882855818028,92.2733634188318,2860.4,10.3710544594825,30,31,4951.14918502344,48.4486560563485,0.0404134237788018,0.0407396541935484
8,92.2882855818028,92.2733634188318,2860.4,10.2854533038954,30,31,4968.94400514664,48.7900525762212,0.0404134237788018,0.0407396541935484
9,92.2882855818028,92.2733634188318,2860.4,10.6324247399643,30,31,5155.01999918956,48.6688522307251,0.0404134237788018,0.0407396541935484
