"strata","dload.bi_kgd","dload.ub_kgd","tload_kglenS","degf","lenObs","lenStr","MSE_kglenS","Cl_kglenS","flowmu_m3s","flowav_m3s"
7,33425.7529564515,33491.4736216065,1038235.7,2.65271932097328,26,31,2804909578.27346,111587.218056431,10.444934848,8.97767803481003
