"strata","dload.bi_kgd","dload.ub_kgd","tload_kglenS","degf","lenObs","lenStr","MSE_kglenS","Cl_kglenS","flowmu_m3s","flowav_m3s"
8,90825.1831963136,90825.1831963136,2724755.4,3.93069296889291,30,30,251067637498.446,706603.962090624,2.07105928888889,2.07105928888889
