"strata","dload.bi_kgd","dload.ub_kgd","tload_kglenS","degf","lenObs","lenStr","MSE_kglenS","Cl_kglenS","flowmu_m3s","flowav_m3s"
1,10708.884037455,10715.8275847883,332190.7,29,30,31,2387504169.47032,18557.3153907786,1.0497007311828,1.04551918222222
2,10579.3681242369,10584.3563231477,328115,17.377116771589,30,31,1606223158.35603,20250.7508327203,1.0497007311828,1.03499426408602
3,10579.3681242369,10584.3563231477,328115,12.3719596859511,30,31,1328410436.20089,22501.9773748322,1.0497007311828,1.03499426408602
4,10620.560224617,10628.9510532803,329497.5,11.0947407294618,30,31,1255362013.22713,23387.8744684859,1.0497007311828,1.04787384086022
5,10579.3681242369,10584.3563231477,328115.1,7.75854031035407,30,31,1044425585.87922,26900.8711613706,1.0497007311828,1.03499426408602
6,10620.560224617,10628.9510532803,329497.6,6.73957133852126,30,31,971377162.905455,28612.2341940508,1.0497007311828,1.04787384086022
7,10620.560224617,10628.9510532803,329497.6,6.08819979484256,30,31,921831747.891638,30003.8151728571,1.0497007311828,1.04787384086022
8,10620.560224617,10628.9510532803,329497.6,6.05045555616447,30,31,918964321.350245,30095.1380948605,1.0497007311828,1.04787384086022
9,10487.7542212992,10488.5300248124,325144.4,5.2544668823463,30,31,926336562.433048,33639.9742070352,1.0497007311828,1.02869149247312
