"strata","dload.bi_kgd","dload.ub_kgd","tload_kglenS","degf","lenObs","lenStr","MSE_kglenS","Cl_kglenS","flowmu_m3s","flowav_m3s"
5,83.3805041486453,83.3813402678388,2584.8,3.44132621642513,30,31,27613.9378028667,265.470472032134,0.0555722223948387,0.0548357480990968
