"strata","dload.bi_kgd","dload.ub_kgd","tload_kglenS","degf","lenObs","lenStr","MSE_kglenS","Cl_kglenS","flowmu_m3s","flowav_m3s"
1,31274.9222945528,31274.9222945528,969522.6,30,31,31,320961394703.431,211241.601828794,4.42701197419355,4.42701197419355
2,31274.9222945528,31274.9222945528,969522.6,3.06450352888859,31,31,100240200680.727,568781.672699301,4.42701197419355,4.42701197419355
3,31274.9222945528,31274.9222945528,969522.6,3.02606713248057,31,31,99609323400.6854,574589.781633331,4.42701197419355,4.42701197419355
4,31274.9222945528,31274.9222945528,969522.6,3.00222122327801,31,31,99215690431.3266,578293.301333512,4.42701197419355,4.42701197419355
5,31274.9222945528,31274.9222945528,969522.6,3.00213448579135,31,31,99214257186.6986,578306.921605527,4.42701197419355,4.42701197419355
6,31274.9222945528,31274.9222945528,969522.6,3.00208286505067,31,31,99213404202.2969,578315.028055324,4.42701197419355,4.42701197419355
7,31274.9222945528,31274.9222945528,969522.6,3.00207789478529,31,31,99213322073.0434,578315.808599129,4.42701197419355,4.42701197419355
8,31274.9222945528,31274.9222945528,969522.7,3.00207368507046,31,31,99213252512.0412,578316.46970932,4.42701197419355,4.42701197419355
9,31274.9222945528,31274.9222945528,969522.6,3.00208103008405,31,31,99213373883.8471,578315.316231005,4.42701197419355,4.42701197419355
