"strata","dload.bi_kgd","dload.ub_kgd","tload_kglenS","degf","lenObs","lenStr","MSE_kglenS","Cl_kglenS","flowmu_m3s","flowav_m3s"
1,75254.4895840771,75254.4895840771,2257634.7,29,30,30,523491032379.695,274787.961770558,6.45560234910756,6.45560234910756
2,75254.4895840771,75254.4895840771,2257634.7,5.13342008815738,30,30,228183943549.618,537754.723317393,6.45560234910756,6.45560234910756
3,75254.4895840771,75254.4895840771,2257634.6,2.62838312402365,30,30,207210551874.956,969460.37849671,6.45560234910756,6.45560234910756
4,75254.4895840771,75254.4895840771,2257634.6,2.59713223420953,30,30,205975024337.215,980254.265730932,6.45560234910756,6.45560234910756
5,75254.4895840771,75254.4895840771,2257634.6,2.59663409224523,30,30,205955269750.536,980429.348310474,6.45560234910756,6.45560234910756
6,75254.4895840771,75254.4895840771,2257634.6,2.59652578916541,30,30,205950974555.301,980467.426479237,6.45560234910756,6.45560234910756
7,75254.4895840771,75254.4895840771,2257634.5,2.59652433883732,30,30,205950917036.794,980467.936431312,6.45560234910756,6.45560234910756
8,75254.4895840771,75254.4895840771,2257634.6,2.59652541215151,30,30,205950959603.366,980467.559041693,6.45560234910756,6.45560234910756
9,75254.4895840771,75254.4895840771,2257634.6,2.59652689360131,30,30,205951018356.252,980467.038147828,6.45560234910756,6.45560234910756
