"strata","dload.bi_kgd","dload.ub_kgd","tload_kglenS","degf","lenObs","lenStr","MSE_kglenS","Cl_kglenS","flowmu_m3s","flowav_m3s"
9,15331.5473018061,15331.5473018061,459946.6,2.48753789980841,30,30,7033689112.33081,190764.986962866,1.34684139733333,1.34684139733333
