"strata","dload.bi_kgd","dload.ub_kgd","tload_kglenS","degf","lenObs","lenStr","MSE_kglenS","Cl_kglenS","flowmu_m3s","flowav_m3s"
1,88283.7113016271,88383.0432175443,2739874.3,28,29,31,285682430308.927,206908.833153409,14.9272415399484,15.7911558177269
2,88400.8703945613,88582.4503144083,2746056,24.2851671760344,29,31,140448653233.108,156858.043976778,14.9272415399484,15.7880298537642
3,88061.635730818,88116.7980654932,2731620.8,8.64785634425255,29,31,101384913953.713,246466.306537526,14.9272415399484,15.4849485624071
4,87742.5552473256,87778.4932904788,2721133.3,8.22234617904686,29,31,99127235034.0663,252010.228983226,14.9272415399484,15.4045462899436
5,88399.1145420617,88452.4829467023,2742027,5.11307317793915,29,31,95252899654.6103,348535.561220506,14.9272415399484,15.0323982790454
6,87996.112976347,88025.1892743826,2728780.9,4.81462233124953,29,31,92358804240.9726,360195.291085972,14.9272415399484,15.0092208336166
7,87677.0324928546,87686.8844993682,2718293.4,4.56548297961802,29,31,90101125321.3259,371707.913523339,14.9272415399484,14.9288185611531
8,87677.0324928546,87686.8844993682,2718293.4,4.56324595257662,29,31,90079047338.4798,371814.621430275,14.9272415399484,14.9288185611531
9,87708.9928980748,87722.063028298,2719383.9,4.56161363505283,29,31,90062935979.4447,371892.563557793,14.9272415399484,14.9733565905548
