"strata","dload.bi_kgd","dload.ub_kgd","tload_kglenS","degf","lenObs","lenStr","MSE_kglenS","Cl_kglenS","flowmu_m3s","flowav_m3s"
1,255.320459910108,255.343569694777,7915.7,27,28,31,337269.342235854,229.32322223601,0.141392176516129,0.143237498857143
2,250.944673505111,250.940849111899,7779.2,16.7669594555323,28,31,169345.633528699,212.258144515837,0.141392176516129,0.142009473140917
3,251.487360853638,251.493662688198,7796.3,21.0289688623072,28,31,109185.844249676,149.83747713503,0.141392176516129,0.142247389548387
4,252.44580616061,252.461248056007,7826.4,18.3771853633702,28,31,91446.6652721586,147.984372173703,0.141392176516129,0.14290058492937
5,249.352925113728,249.353624267636,7730,16.4371860425261,28,31,85621.6817939745,152.671049158032,0.141392176516129,0.140813192813896
6,248.956121346501,248.95722905121,7717.8,14.6116148902641,28,31,80016.1866343819,158.09615271116,0.141392176516129,0.14096833796129
7,249.58863288583,249.608835590028,7737.9,12.6253377510289,28,31,70821.72106057,162.293586059294,0.141392176516129,0.140592912
8,250.351465002931,250.408342501856,7762.7,11.5388124418462,28,31,69721.4617211403,170.118412449142,0.141392176516129,0.140757332129032
9,251.840600594713,251.927274219805,7809.7,7.07344268235367,28,31,138541.94729142,330.23566338622,0.141392176516129,0.141737763268817
