"strata","dload.bi_kgd","dload.ub_kgd","tload_kglenS","degf","lenObs","lenStr","MSE_kglenS","Cl_kglenS","flowmu_m3s","flowav_m3s"
1,5930.68485553204,5984.15155909056,185508.7,21,22,31,1530066575.01202,17751.2204144706,1.65242229677419,1.82600455757576
2,5938.16635375642,5987.87583008681,185624.1,14.3201159030954,22,31,907174095.99259,17035.1581318804,1.65242229677419,1.8414416489913
3,5488.2381296645,5501.17254207885,170536.3,6.24576809271179,22,31,547350821.976115,22689.748286748,1.65242229677419,1.59426628817204
4,5498.67280548495,5514.77441028252,170957.9,6.12057399434746,22,31,524233429.318973,22537.9393287541,1.65242229677419,1.57856518078853
5,5500.10717486738,5517.48974326375,171042.1,6.12596834643204,22,31,524465152.866247,22528.2940954378,1.65242229677419,1.5982955962724
6,5792.55275770164,5873.08175688589,182065.5,6.53555388846941,22,31,586287615.360063,22723.0191207502,1.65242229677419,1.73719000774194
7,5256.76477155898,5279.99372201428,163679.8,4.72832939309134,22,31,635834798.558873,30331.7446363361,1.65242229677419,1.55011643870968
