"strata","dload.bi_kgd","dload.ub_kgd","tload_kglenS","degf","lenObs","lenStr","MSE_kglenS","Cl_kglenS","flowmu_m3s","flowav_m3s"
1,27193.5155670532,27235.9102655976,844313.2,29,30,31,69925487969.6639,100429.391746756,4.93025174967742,4.99336091466667
2,26863.0043568466,26865.2067524491,832821.4,2.52929537162298,30,31,31704043701.1656,396916.3664428,4.93025174967742,4.91998564100358
3,26921.7722185714,26922.4965804345,834597.4,2.49067957326184,30,31,31460364321.8278,402828.756927276,4.93025174967742,5.01393246090323
4,26921.7722185714,26922.4965804345,834597.4,2.3985844495148,30,31,30986194699.6802,418852.579672925,4.93025174967742,5.01393246090323
5,26921.7722185714,26922.4965804345,834597.4,2.39827191401988,30,31,30984175864.2279,418907.444053839,4.93025174967742,5.01393246090323
6,26921.7722185714,26922.4965804345,834597.4,2.39820203442143,30,31,30983724456.6594,418919.714065766,4.93025174967742,5.01393246090323
7,26921.7722185714,26922.4965804345,834597.4,2.39819762256385,30,31,30983695957.9111,418920.488778149,4.93025174967742,5.01393246090323
8,26921.7722185714,26922.4965804345,834597.4,2.39818322073732,30,31,30983602924.8367,418923.017715267,4.93025174967742,5.01393246090323
9,26921.7722185714,26922.4965804345,834597.3,2.39823276203962,30,31,30983922952.8848,418914.318546099,4.93025174967742,5.01393246090323
