"strata","dload.bi_kgd","dload.ub_kgd","tload_kglenS","degf","lenObs","lenStr","MSE_kglenS","Cl_kglenS","flowmu_m3s","flowav_m3s"
9,175273.439534154,175537.785717728,5441671.3,5.08708562406263,30,31,214201803301.236,524778.534983317,12.3695698924731,11.5992311397849
