"strata","dload.bi_kgd","dload.ub_kgd","tload_kglenS","degf","lenObs","lenStr","MSE_kglenS","Cl_kglenS","flowmu_m3s","flowav_m3s"
1,99836.9613017088,99836.9613017088,2995108.8,29,30,30,353744521087.65,225885.285133822,8.28061889777778,8.28061889777778
2,99836.9613017088,99836.9613017088,2995108.8,20.4071891270471,30,30,327712864640.258,264001.644532461,8.28061889777778,8.28061889777778
3,99836.9613017088,99836.9613017088,2995108.8,8.09374974594317,30,30,144655606513.48,307664.858155612,8.28061889777778,8.28061889777778
4,99836.9613017088,99836.9613017088,2995108.8,6.79686472821211,30,30,132571564804.609,332253.906992964,8.28061889777778,8.28061889777778
5,99836.9613017088,99836.9613017088,2995108.8,6.06578159263804,30,30,125789714755.352,351444.615652434,8.28061889777778,8.28061889777778
6,99836.9613017088,99836.9613017088,2995108.9,6.02870106235062,30,30,125407626157.16,352506.755205424,8.28061889777778,8.28061889777778
7,99836.9613017088,99836.9613017088,2995108.9,6.07204691523745,30,30,128863187538.454,355440.858140036,8.28061889777778,8.28061889777778
8,99836.9613017088,99836.9613017088,2995109,6.05995829627116,30,30,128749591508.753,355808.004060372,8.28061889777778,8.28061889777778
9,99836.9613017088,99836.9613017088,2995108.9,6.50829723547848,30,30,143955784917.552,357134.648164713,8.28061889777778,8.28061889777778
