"strata","dload.bi_kgd","dload.ub_kgd","tload_kglenS","degf","lenObs","lenStr","MSE_kglenS","Cl_kglenS","flowmu_m3s","flowav_m3s"
1,250105.241417525,250105.241417525,7503157.2,29,30,30,2625044999166.28,615334.769796183,14.3918979730667,14.3918979730667
2,250105.241417525,250105.241417525,7503157.3,6.38333189634345,30,30,1692332805304.04,1241789.28308738,14.3918979730667,14.3918979730667
3,250105.241417525,250105.241417525,7503157.3,3.96559203147721,30,30,1513106310077.95,1720906.98412639,14.3918979730667,14.3918979730667
4,250105.241417525,250105.241417525,7503157.3,3.13380144351599,30,30,1340908910883.2,2032342.55381802,14.3918979730667,14.3918979730667
5,250105.241417525,250105.241417525,7503157.2,3.12594066437587,30,30,1340802600341.49,2037556.80428367,14.3918979730667,14.3918979730667
6,250105.241417525,250105.241417525,7503157.3,2.9598138145095,30,30,1302984076208.01,2127847.38026423,14.3918979730667,14.3918979730667
7,250105.241417525,250105.241417525,7503157.3,2.85481558617473,30,30,1279592160701.86,2193259.04523599,14.3918979730667,14.3918979730667
8,250105.241417525,250105.241417525,7503157.3,2.85283897715591,30,30,1279149080441.24,2194555.26963305,14.3918979730667,14.3918979730667
9,250105.241417525,250105.241417525,7503157.3,3.31495999745698,30,30,1403920594107.78,1964072.84365524,14.3918979730667,14.3918979730667
