"strata","dload.bi_kgd","dload.ub_kgd","tload_kglenS","degf","lenObs","lenStr","MSE_kglenS","Cl_kglenS","flowmu_m3s","flowav_m3s"
8,156162.209603997,156162.209603997,4841028.7,2.45024979384483,31,31,297676209101.186,1264238.60732998,16.8917324043011,16.8917324043011
