"strata","dload.bi_kgd","dload.ub_kgd","tload_kglenS","degf","lenObs","lenStr","MSE_kglenS","Cl_kglenS","flowmu_m3s","flowav_m3s"
1,5553.41479441845,5563.0960945769,172456,29,30,31,7254574989.0222,32348.1215738683,0.660496972043011,0.671894737777778
2,5619.12250557263,5650.51270243787,175165.9,10.0006653101161,30,31,5023949120.79101,49939.7662124847,0.660496972043011,0.681969853372434
3,5550.7971000731,5556.98109829311,172266.4,2.5443799699223,30,31,2281358107.97193,105714.442013301,0.660496972043011,0.675918971182796
4,5522.84984109192,5523.19349580729,171218.9,2.28270783046636,30,31,2161987252.54296,117877.260369877,0.660496972043011,0.669142078033794
5,5519.2677161249,5520.0946550504,171122.9,2.28229940531884,30,31,2161793961.49183,117899.531922749,0.660496972043011,0.670773230107527
6,5514.41008783277,5516.13101527794,171000,2.27953213043241,30,31,2160482329.78288,118050.711563009,0.660496972043011,0.670316507526882
7,5514.41008783277,5516.13101527794,171000.1,2.27953569017063,30,31,2160484016.78808,118050.516709376,0.660496972043011,0.670316507526882
8,5514.41008783277,5516.13101527794,171000,2.27952399235629,30,31,2160478474.67629,118051.157074771,0.660496972043011,0.670316507526882
9,5514.41008783277,5516.13101527794,171000,2.2795322255722,30,31,2160482376.35583,118050.706395787,0.660496972043011,0.670316507526882
