"strata","dload.bi_kgd","dload.ub_kgd","tload_kglenS","degf","lenObs","lenStr","MSE_kglenS","Cl_kglenS","flowmu_m3s","flowav_m3s"
1,12029.6883503731,12029.6883503731,372920.3,30,31,31,2373238757.18765,18164.5134253905,4.13972129169892,4.13972129169892
2,12029.6883503731,12029.6883503731,372920.3,24.1810591998814,31,31,1892687668.16161,18252.3215483729,4.13972129169893,4.13972129169893
3,12029.6883503731,12029.6883503731,372920.4,19.1587445845409,31,31,1695365355.67144,19677.9047649266,4.13972129169892,4.13972129169892
4,12029.6883503731,12029.6883503731,372920.4,8.91356799049177,31,31,1038370782.50823,24452.0640656907,4.13972129169893,4.13972129169893
5,12029.6883503731,12029.6883503731,372920.3,6.2368589263854,31,31,857874322.82619,28435.5808772745,4.13972129169892,4.13972129169892
6,12029.6883503731,12029.6883503731,372920.3,5.6828108548105,31,31,818242510.812131,29763.3353506496,4.13972129169892,4.13972129169892
7,12029.6883503731,12029.6883503731,372920.2,5.67521727583652,31,31,817699199.440341,29783.6466803402,4.13972129169892,4.13972129169892
8,12029.6883503731,12029.6883503731,372920.2,5.65773279222719,31,31,816441700.260215,29830.5393688033,4.13972129169892,4.13972129169892
9,12029.6883503731,12029.6883503731,372920.2,5.66580279847129,31,31,817081325.465884,29809.9339555568,4.13972129169892,4.13972129169892
