"strata","dload.bi_kgd","dload.ub_kgd","tload_kglenS","degf","lenObs","lenStr","MSE_kglenS","Cl_kglenS","flowmu_m3s","flowav_m3s"
1,760.68641937215,761.015922489596,23591.5,25,26,31,23469148.6992606,1995.48556244807,0.795839096774194,0.769726861538462
2,714.211284983052,714.004192750926,22134.2,21.315261326315,26,31,4101315.12152653,911.397800568874,0.795839096774194,0.765020251332398
3,668.940172185437,668.712990655656,20730.1,9.28695375197073,26,31,1828812.56944892,999.146049310775,0.795839096774194,0.77071935483871
4,665.939177576975,665.779324977006,20639.2,5.6437218716622,26,31,1293541.40493811,1189.61703922893,0.795839096774194,0.780310529032258
5,659.6022812758,659.673778329468,20449.9,5.19602866347198,26,31,1248608.32790974,1245.94542680907,0.795839096774194,0.822176765591398
6,659.6022812758,659.673778329468,20449.9,5.17205380307576,26,31,1245713.1092722,1249.04408706729,0.795839096774194,0.822176765591398
7,659.6022812758,659.673778329468,20449.9,5.11132481657369,26,31,1245787.81889508,1260.80464938314,0.795839096774194,0.822176765591398
8,659.6022812758,659.673778329468,20449.9,5.27598090762882,26,31,1281585.90131519,1247.25715698929,0.795839096774194,0.822176765591398
