"strata","dload.bi_kgd","dload.ub_kgd","tload_kglenS","degf","lenObs","lenStr","MSE_kglenS","Cl_kglenS","flowmu_m3s","flowav_m3s"
1,175147.277803769,175524.463310562,5441258.4,24,25,31,2050132068321.28,603217.103587146,11.3226932292473,12.0850344650667
2,175980.094176077,176731.94077941,5478690.2,20.8811648536422,25,31,1756369463983.52,603342.328577531,11.3226932292473,12.1063577694214
3,187928.631059885,192580.715040947,5970002.2,4.31467746856485,25,31,1081138863251.6,1350734.11128155,11.3226932292473,12.101009850778
4,185513.119459486,190126.253749848,5893914,3.70879134892573,25,31,1000159923133.31,1487572.3063078,11.3226932292473,12.2926928252903
5,185513.119459486,190126.253749848,5893914,3.30991621762444,25,31,943823170597.932,1612843.41669949,11.3226932292473,12.2926928252903
6,185513.119459486,190126.253749848,5893914,3.2456206175687,25,31,934615299472.966,1636931.39194958,11.3226932292473,12.2926928252903
7,185513.119459486,190126.253749848,5893914.1,3.24547810478419,25,31,934594782110.468,1636986.16043015,11.3226932292473,12.2926928252903
8,160201.979001134,160848.587048439,4986306.4,2.25745618470194,25,31,1187476065471.47,2803182.52051546,11.3226932292473,11.5309587260215
