"strata","dload.bi_kgd","dload.ub_kgd","tload_kglenS","degf","lenObs","lenStr","MSE_kglenS","Cl_kglenS","flowmu_m3s","flowav_m3s"
8,111976.998368515,111992.836964203,3471778,2.07453882619607,30,31,105162037381.069,936132.534373617,11.5759087099478,11.5915155729892
