"strata","dload.bi_kgd","dload.ub_kgd","tload_kglenS","degf","lenObs","lenStr","MSE_kglenS","Cl_kglenS","flowmu_m3s","flowav_m3s"
1,94053.109051443,94053.109051443,2915646.4,30,31,31,583244735595.846,284759.660539512,6.16612721985376,6.16612721985376
2,94053.109051443,94053.109051443,2915646.4,3.94115779169133,31,31,354776308951.814,837946.141119912,6.16612721985376,6.16612721985376
3,94053.109051443,94053.109051443,2915646.3,3.12440632488226,31,31,315546329167.21,988962.875140634,6.16612721985376,6.16612721985376
4,94053.109051443,94053.109051443,2915646.3,3.11985950879732,31,31,315316643350.247,990098.008914518,6.16612721985376,6.16612721985376
5,94053.109051443,94053.109051443,2915646.2,3.11919481026958,31,31,315283051492.238,990264.3219776,6.16612721985376,6.16612721985376
6,94053.109051443,94053.109051443,2915646.2,3.11914432669457,31,31,315280500079.159,990276.957263429,6.16612721985376,6.16612721985376
7,94053.109051443,94053.109051443,2915646.2,3.11913954894567,31,31,315280258613.471,990278.153091276,6.16612721985376,6.16612721985376
8,94053.109051443,94053.109051443,2915646.2,3.11913499023636,31,31,315280028218.095,990279.294100486,6.16612721985376,6.16612721985376
9,94053.109051443,94053.109051443,2915646.2,3.11913529663388,31,31,315280043703.327,990279.217411477,6.16612721985376,6.16612721985376
