"strata","dload.bi_kgd","dload.ub_kgd","tload_kglenS","degf","lenObs","lenStr","MSE_kglenS","Cl_kglenS","flowmu_m3s","flowav_m3s"
8,33705.4457522787,33705.4457522787,1044868.9,3.0000034916263,31,31,66195968358.9675,472732.748143377,6.4329375483871,6.4329375483871
