"strata","dload.bi_kgd","dload.ub_kgd","tload_kglenS","degf","lenObs","lenStr","MSE_kglenS","Cl_kglenS","flowmu_m3s","flowav_m3s"
8,12359.8614062254,12359.8614062254,383155.6,3.9186686675091,31,31,1407794532.15524,53058.2384847524,0.743290545328172,0.743290545328172
