"strata","dload.bi_kgd","dload.ub_kgd","tload_kglenS","degf","lenObs","lenStr","MSE_kglenS","Cl_kglenS","flowmu_m3s","flowav_m3s"
8,60616.5477371045,60682.0845689705,1881144.6,2.51624933894475,30,31,30110731568.2934,389236.273976115,5.52175773109677,5.88660599741935
