"strata","dload.bi_kgd","dload.ub_kgd","tload_kglenS","degf","lenObs","lenStr","MSE_kglenS","Cl_kglenS","flowmu_m3s","flowav_m3s"
1,17489.4247953321,17489.4247953321,524682.7,29,30,30,39928695247.501,75890.189800106,3.5525832528,3.5525832528
2,17489.4247953321,17489.4247953321,524682.7,18.079310246299,30,30,36574474125.2597,94465.1267150127,3.5525832528,3.5525832528
3,17489.4247953321,17489.4247953321,524682.7,9.67965440999905,30,30,18880642427.1927,98849.0371260635,3.5525832528,3.5525832528
4,17489.4247953321,17489.4247953321,524682.8,4.73969826448472,30,30,14196058171.108,143038.403122743,3.5525832528,3.5525832528
5,17489.4247953321,17489.4247953321,524682.8,4.17093037752008,30,30,13308550212.961,154330.652705244,3.5525832528,3.5525832528
6,17489.4247953321,17489.4247953321,524682.8,4.14584742896789,30,30,13268471792.859,154914.505293205,3.5525832528,3.5525832528
7,17489.4247953321,17489.4247953321,524682.8,4.13964745625909,30,30,13258543022.7016,155060.089953791,3.5525832528,3.5525832528
8,17489.4247953321,17489.4247953321,524682.8,4.13904242120253,30,30,13257574050.3473,155074.326717671,3.5525832528,3.5525832528
9,17489.4247953321,17489.4247953321,524682.7,4.13843978324394,30,30,13256608787.3142,155088.511626391,3.5525832528,3.5525832528
