"strata","dload.bi_kgd","dload.ub_kgd","tload_kglenS","degf","lenObs","lenStr","MSE_kglenS","Cl_kglenS","flowmu_m3s","flowav_m3s"
8,273.696709112783,273.715777721012,8485.2,13.2095046334716,29,31,28990.7035940868,101.044870347638,0.477731819354839,0.471946666666667
