"strata","dload.bi_kgd","dload.ub_kgd","tload_kglenS","degf","lenObs","lenStr","MSE_kglenS","Cl_kglenS","flowmu_m3s","flowav_m3s"
1,9750.7358939566,9759.35593766742,273262,25,26,28,902289428.962662,12372.9385578464,3.29043744285714,3.44648129230769
2,9561.3702251553,9561.96462184687,267735,13.4611949968582,26,28,532929714.925099,13545.9886183985,3.29043744285714,3.28870978095238
3,9561.3702251553,9561.96462184687,267735,12.31283917092,26,28,499518132.996266,13838.6609331948,3.29043744285714,3.28870978095238
4,9542.88940989943,9543.18223071126,267209,11.6521355280094,26,28,491952551.933253,14204.2641243049,3.29043744285714,3.28495106285714
5,9547.66357105108,9547.81324360298,267338.7,5.22761464742614,26,28,464316556.249722,23912.4225190757,3.29043744285714,3.28442701818182
6,9547.66357105108,9547.81324360298,267338.7,4.99137445814786,26,28,461586137.310981,24732.8126953253,3.29043744285714,3.28442701818182
7,9536.7087285941,9536.48137795721,267021.4,4.98306009484049,26,28,461200920.484096,24755.5549215591,3.29043744285714,3.27096964285714
8,9543.0313929281,9542.64947497586,267194.2,5.00352416221245,26,28,462153485.084262,24699.8634177437,3.29043744285714,3.25835349714286
