"strata","dload.bi_kgd","dload.ub_kgd","tload_kglenS","degf","lenObs","lenStr","MSE_kglenS","Cl_kglenS","flowmu_m3s","flowav_m3s"
1,218527.59818098,218527.59818098,6555827.9,29,30,30,1289998871147.76,431357.888490903,10.2976163813689,10.2976163813689
2,218527.59818098,218527.59818098,6555827.9,21.8668285550162,30,30,401387453345.715,281076.50325442,10.2976163813689,10.2976163813689
3,218527.59818098,218527.59818098,6555827.9,7.65441449480772,30,30,329916179533.828,482535.375465544,10.2976163813689,10.2976163813689
4,218527.59818098,218527.59818098,6555827.9,5.68632287012375,30,30,295781843071.009,565617.553423631,10.2976163813689,10.2976163813689
5,218527.59818098,218527.59818098,6555827.9,5.6783779314414,30,30,295575092524.585,566019.705146901,10.2976163813689,10.2976163813689
6,218527.59818098,218527.59818098,6555827.9,5.6783727748612,30,30,295574958317.67,566019.966572446,10.2976163813689,10.2976163813689
7,218527.59818098,218527.59818098,6555827.9,6.2063354900649,30,30,318987204995.304,550297.200554136,10.2976163813689,10.2976163813689
8,218527.59818098,218527.59818098,6555827.9,6.26168296393936,30,30,322810299650.776,549999.898261679,10.2976163813689,10.2976163813689
9,218527.59818098,218527.59818098,6555827.8,6.21407486953521,30,30,336919187776.535,565037.020058395,10.2976163813689,10.2976163813689
