"strata","dload.bi_kgd","dload.ub_kgd","tload_kglenS","degf","lenObs","lenStr","MSE_kglenS","Cl_kglenS","flowmu_m3s","flowav_m3s"
8,508128.498422013,508129.761883292,14735763.2,2.03144429276212,28,29,10623913784263.4,9695048.93852029,20.0423136965517,19.9875109241379
