"strata","dload.bi_kgd","dload.ub_kgd","tload_kglenS","degf","lenObs","lenStr","MSE_kglenS","Cl_kglenS","flowmu_m3s","flowav_m3s"
1,33031.0821677656,33031.0821677656,1023963.5,30,31,31,83625120185.9497,107825.487477146,4.41035682408602,4.41035682408602
2,33031.0821677656,33031.0821677656,1023963.6,27.0000218378053,31,31,84477574494.9898,114770.46165314,4.41035682408602,4.41035682408602
3,33031.0821677656,33031.0821677656,1023963.6,24.1457010394783,31,31,85620059606.6454,122861.988570158,4.41035682408602,4.41035682408602
4,33031.0821677656,33031.0821677656,1023963.5,20.0256475037289,31,31,89479019128.7817,139424.264280102,4.41035682408602,4.41035682408602
5,33031.0821677656,33031.0821677656,1023963.6,17.0431499559909,31,31,90751113329.551,153925.931462814,4.41035682408602,4.41035682408602
6,33050.4294943456,33050.4294943456,1024563.4,15.085600081118,35,35,91695352846.3502,166093.576041558,4.45902518227957,4.45902518227957
7,33059.7457375287,33059.7457375287,1024852.1,11.0136422950399,39,39,93485628959.9682,202748.863708111,4.52119425995699,4.52119425995699
8,33031.0821677656,33031.0821677656,1023963.5,8.00962948893548,31,31,95838044194.1843,252192.382055302,4.41035682408602,4.41035682408602
9,33031.0821677656,33031.0821677656,1023963.5,4.00473033695163,31,31,97651426377.2729,433350.662999896,4.41035682408602,4.41035682408602
