"strata","dload.bi_kgd","dload.ub_kgd","tload_kglenS","degf","lenObs","lenStr","MSE_kglenS","Cl_kglenS","flowmu_m3s","flowav_m3s"
1,3868.25285194883,3868.25285194883,116047.6,29,30,30,645637232.569535,9650.22330905598,2.28066653511111,2.28066653511111
2,3868.25285194883,3868.25285194883,116047.6,16.2596687876549,30,30,473171814.012725,11421.0669335069,2.28066653511111,2.28066653511111
3,3868.25285194883,3868.25285194883,116047.6,9.67065450947617,30,30,360160399.435789,13660.6333920587,2.28066653511111,2.28066653511111
4,3868.25285194883,3868.25285194883,116047.6,6.1393076092081,30,30,278029375.497992,16376.451388382,2.28066653511111,2.28066653511111
5,3868.25285194883,3868.25285194883,116047.6,4.60386062198974,30,30,239326587.869994,19023.9493005678,2.28066653511111,2.28066653511111
6,3868.25285194883,3868.25285194883,116047.6,4.46915565424723,30,30,236079981.327168,19370.6942987808,2.28066653511111,2.28066653511111
7,3868.25285194883,3868.25285194883,116047.6,4.46022359769108,30,30,235843935.630137,19393.75686529,2.28066653511111,2.28066653511111
8,3868.25285194883,3868.25285194883,116047.7,4.46041638469682,30,30,235849036.951601,19393.2581359744,2.28066653511111,2.28066653511111
9,3868.25285194883,3868.25285194883,116047.7,4.46100513996836,30,30,235864618.366354,19391.7354925162,2.28066653511111,2.28066653511111
