"strata","dload.bi_kgd","dload.ub_kgd","tload_kglenS","degf","lenObs","lenStr","MSE_kglenS","Cl_kglenS","flowmu_m3s","flowav_m3s"
1,128712.050434177,128712.050434177,3990073.6,30,31,31,375002597964.023,228333.792976448,9.18036593393548,9.18036593393548
2,128712.050434177,128712.050434177,3990073.5,20.6234095481416,31,31,307937467708.559,254399.849979786,9.18036593393548,9.18036593393548
3,128712.050434177,128712.050434177,3990073.5,13.4221595568153,31,31,159265591758.874,234579.99529006,9.18036593393548,9.18036593393548
4,128712.050434177,128712.050434177,3990073.5,12.8678226206627,31,31,155877129516.201,238023.705731022,9.18036593393548,9.18036593393548
5,128712.050434177,128712.050434177,3990073.5,5.45136933049932,31,31,117495366122.364,368181.140895135,9.18036593393548,9.18036593393548
6,128712.050434177,128712.050434177,3990073.5,5.19838828357276,31,31,114709126651.502,377511.056361926,9.18036593393548,9.18036593393548
7,128712.050434177,128712.050434177,3990073.6,5.12431631168885,31,31,113880771647.095,380432.182461619,9.18036593393548,9.18036593393548
8,128712.050434177,128712.050434177,3990073.6,5.1241418436877,31,31,113878832955.519,380439.204002642,9.18036593393548,9.18036593393548
9,128712.050434177,128712.050434177,3990073.7,5.12413027108037,31,31,113878704361.382,380439.669769186,9.18036593393548,9.18036593393548
