"strata","dload.bi_kgd","dload.ub_kgd","tload_kglenS","degf","lenObs","lenStr","MSE_kglenS","Cl_kglenS","flowmu_m3s","flowav_m3s"
6,218965.399621205,219466.112881813,6583983.4,11.2410315818485,24,30,359041055499.144,392329.673810722,13.3918044440889,15.6090759566222
