"strata","dload.bi_kgd","dload.ub_kgd","tload_kglenS","degf","lenObs","lenStr","MSE_kglenS","Cl_kglenS","flowmu_m3s","flowav_m3s"
9,29066.5582729579,29066.5582729579,901063.4,6.41527543264493,31,31,9401601701.28611,92221.9983535418,3.48509777204301,3.48509777204301
