"strata","dload.bi_kgd","dload.ub_kgd","tload_kglenS","degf","lenObs","lenStr","MSE_kglenS","Cl_kglenS","flowmu_m3s","flowav_m3s"
8,71223.268819916,71224.3071901339,2136729.1,2.23862596592565,29,30,88263684060.2496,772749.192910179,4.75898905368889,4.71965041123556
