"strata","dload.bi_kgd","dload.ub_kgd","tload_kglenS","degf","lenObs","lenStr","MSE_kglenS","Cl_kglenS","flowmu_m3s","flowav_m3s"
1,46.8416685072332,46.8416685072332,1405.3,29,30,30,77853.5565435596,105.969847174902,0.3760895792,0.3760895792
2,46.8416685072331,46.8416685072331,1405.3,17.8887918212406,30,30,56146.805333032,117.753959491487,0.3760895792,0.3760895792
3,46.8416685072331,46.8416685072331,1405.3,13.1841018352321,30,30,30494.4709560081,103.752135001336,0.3760895792,0.3760895792
4,46.8416685072331,46.8416685072331,1405.3,12.153741324557,30,30,29140.5970331221,106.538163220752,0.3760895792,0.3760895792
5,46.8416685072332,46.8416685072332,1405.3,11.0313072933886,30,30,27616.2783500232,110.08695059058,0.3760895792,0.3760895792
6,46.8416685072331,46.8416685072331,1405.4,10.840806232094,30,30,27370.5179718146,110.791513056053,0.3760895792,0.3760895792
7,46.8416685072332,46.8416685072332,1405.2,10.0315290687215,30,30,27631.3447249345,116.889285482195,0.3760895792,0.3760895792
8,46.8416685072331,46.8416685072331,1405.3,9.85797614934972,30,30,27385.5843467259,117.667940617011,0.3760895792,0.3760895792
9,46.8416685072331,46.8416685072331,1405.3,6.77521918156541,30,30,35880.8586990292,173.244716890058,0.3760895792,0.3760895792
