"strata","dload.bi_kgd","dload.ub_kgd","tload_kglenS","degf","lenObs","lenStr","MSE_kglenS","Cl_kglenS","flowmu_m3s","flowav_m3s"
7,321.83722662612,321.83722662612,9655.1,3.02229321038094,30,30,2600858.5551593,2939.95531292233,0.192267925688889,0.192267925688889
