"strata","dload.bi_kgd","dload.ub_kgd","tload_kglenS","degf","lenObs","lenStr","MSE_kglenS","Cl_kglenS","flowmu_m3s","flowav_m3s"
8,3998.41582429844,3998.41582429844,123950.9,4.4752783404067,30,31,1863173514.37844,54355.1122437771,1.1217960651871,1.1217960651871
