"strata","dload.bi_kgd","dload.ub_kgd","tload_kglenS","degf","lenObs","lenStr","MSE_kglenS","Cl_kglenS","flowmu_m3s","flowav_m3s"
7,3696.96292479174,3696.96292479174,114605.9,4.4406711546306,31,31,30151025.3738934,6960.09298000021,0.364921341935484,0.364921341935484
