"strata","dload.bi_kgd","dload.ub_kgd","tload_kglenS","degf","lenObs","lenStr","MSE_kglenS","Cl_kglenS","flowmu_m3s","flowav_m3s"
1,15331.5473018061,15331.5473018061,459946.4,29,30,30,18073800518.6141,51058.4729491,1.34684139733333,1.34684139733333
2,15331.5473018061,15331.5473018061,459946.4,18.2153710789095,30,30,16767156903.4303,63687.2809906609,1.34684139733333,1.34684139733333
3,15331.5473018061,15331.5473018061,459946.4,2.87575816332511,30,30,7559332344.49603,167226.16577424,1.34684139733333,1.34684139733333
4,15331.5473018061,15331.5473018061,459946.4,2.73725284668556,30,30,7376511670.77319,174551.161295936,1.34684139733333,1.34684139733333
5,15331.5473018061,15331.5473018061,459946.5,2.62353824071611,30,30,7221313855.7262,181372.217513173,1.34684139733333,1.34684139733333
6,15331.5473018061,15331.5473018061,459946.5,2.60056549669353,30,30,7192059485.84649,182886.175555732,1.34684139733333,1.34684139733333
7,15331.5473018061,15331.5473018061,459946.6,2.50340276827579,30,30,7056164719.55027,189596.729171071,1.34684139733333,1.34684139733333
8,15331.5473018061,15331.5473018061,459946.6,2.48758687455187,30,30,7033758352.11343,190761.34349328,1.34684139733333,1.34684139733333
9,15331.5473018061,15331.5473018061,459946.6,2.48753789980841,30,30,7033689112.33081,190764.986962866,1.34684139733333,1.34684139733333
