"strata","dload.bi_kgd","dload.ub_kgd","tload_kglenS","degf","lenObs","lenStr","MSE_kglenS","Cl_kglenS","flowmu_m3s","flowav_m3s"
5,127193.348664614,127193.348664614,3815800.4,9.00454111857245,30,30,5340543089863.98,1742012.66255796,2.09331944,2.09331944
