"strata","dload.bi_kgd","dload.ub_kgd","tload_kglenS","degf","lenObs","lenStr","MSE_kglenS","Cl_kglenS","flowmu_m3s","flowav_m3s"
1,26581.396665799,26609.9464922155,824908.3,25,26,31,27521541363.3462,68333.9142338762,5.11830148710538,4.9984528561641
2,26322.3916870246,26349.0489176348,816820.5,21.9328971226881,26,31,32329485455.2139,79636.2150833995,5.11830148710538,4.86892549124223
3,26900.0899750597,26903.5842207515,834011.1,18.7822459795767,26,31,34230140595.2884,89422.2724809968,5.11830148710538,4.84836730432326
4,27284.3841718354,27291.1280119488,846025,15.5830028907243,26,31,62199744979.3593,134224.128827369,5.11830148710538,4.59785954107312
5,27524.9744628802,27498.5891523035,852456.3,12.4457430374947,26,31,65475929352.9127,157408.464827211,5.11830148710538,4.66885959138329
6,27868.8258843326,27768.8752572604,860835.2,9.31016663009629,26,31,70934135679.7448,196458.393044221,5.11830148710538,4.77393425982796
7,28226.1357663005,27988.3053946185,867637.5,6.1912759443218,26,31,77000895279.5567,270852.160558314,5.11830148710538,4.97309632950169
8,28959.4949372399,28201.7754445505,874255.2,3.07665018213176,26,31,96208352798.6652,554917.584106777,5.11830148710538,5.40171155007312
