"strata","dload.bi_kgd","dload.ub_kgd","tload_kglenS","degf","lenObs","lenStr","MSE_kglenS","Cl_kglenS","flowmu_m3s","flowav_m3s"
7,40974.6741521583,40974.6741521583,1147290.9,9.17853645577986,28,28,6663388895.36794,60771.14376629,6.89388542186667,6.89388542186667
