"strata","dload.bi_kgd","dload.ub_kgd","tload_kglenS","degf","lenObs","lenStr","MSE_kglenS","Cl_kglenS","flowmu_m3s","flowav_m3s"
5,192.549124707097,192.549124707097,5969,14.7320663366008,31,31,439168.854556433,368.593267570944,0.151175174193548,0.151175174193548
