"strata","dload.bi_kgd","dload.ub_kgd","tload_kglenS","degf","lenObs","lenStr","MSE_kglenS","Cl_kglenS","flowmu_m3s","flowav_m3s"
8,15061.6180100377,15061.6180100377,466910.1,4.33636405278803,31,31,4522618760.5983,86987.170695715,0.897612111827957,0.897612111827957
