"strata","dload.bi_kgd","dload.ub_kgd","tload_kglenS","degf","lenObs","lenStr","MSE_kglenS","Cl_kglenS","flowmu_m3s","flowav_m3s"
1,2361.26787834706,2377.19290887365,73693,23,24,31,1346470581.81027,15827.8939543596,0.669098580645161,0.625329333333333
2,2420.51239438226,2439.79038993955,75633.5,20.0071023289904,24,31,1407864912.27683,17497.8708425205,0.669098580645161,0.628145789247312
3,2483.81983674887,2506.92453465436,77714.7,17.0100656133818,24,31,1477803366.61623,19664.3796244466,0.669098580645161,0.634387664516129
4,2596.51312560689,2626.52794538655,81422.4,14.0079430827721,24,31,1599199373.36873,22915.2776516213,0.669098580645161,0.635879624946237
5,2724.87622371293,2760.99556789262,85590.9,11.0058437592995,24,31,1731128908.14304,27602.0929260181,0.669098580645161,0.645843789247312
6,2822.69135951348,2857.82451178303,88592.6,7.00580952393802,24,31,1821365572.3865,38120.495475669,0.669098580645161,0.668299316129032
7,3088.44931589435,3203.76292835542,99316.8,5.12079449514679,24,31,2585705334.10212,57355.9001576778,0.669098580645161,0.66605376344086
