"strata","dload.bi_kgd","dload.ub_kgd","tload_kglenS","degf","lenObs","lenStr","MSE_kglenS","Cl_kglenS","flowmu_m3s","flowav_m3s"
7,16005.5232589394,16005.5232589394,480165.7,3.26304997164469,30,30,2140498499.51064,77915.1370138477,2.92777557784889,2.92777557784889
