"strata","dload.bi_kgd","dload.ub_kgd","tload_kglenS","degf","lenObs","lenStr","MSE_kglenS","Cl_kglenS","flowmu_m3s","flowav_m3s"
1,1976.26011756486,1976.26011756486,61264.1,30,31,31,178467153.17078,4981.1795998601,0.764040548301075,0.764040548301075
2,1976.26011756486,1976.26011756486,61264.1,22.740571293237,31,31,101698185.3157,4377.42547802196,0.764040548301075,0.764040548301075
3,1976.26011756486,1976.26011756486,61264.1,23.2837865313789,31,31,69778709.0998752,3578.74264562339,0.764040548301075,0.764040548301075
4,1976.26011756486,1976.26011756486,61264.1,11.4726170009168,31,31,52702761.3856431,4693.79637631353,0.764040548301075,0.764040548301075
5,1976.26011756486,1976.26011756486,61264,7.68631600471558,31,31,35709270.0233899,5005.93162091013,0.764040548301075,0.764040548301075
6,1976.26011756486,1976.26011756486,61264,4.80809181756801,31,31,27853918.0913304,6262.13516679465,0.764040548301075,0.764040548301075
7,1976.26011756486,1976.26011756486,61264.1,4.80761911214064,31,31,27852566.9023546,6262.4852310846,0.764040548301075,0.764040548301075
8,1976.26011756486,1976.26011756486,61264,4.80927694476754,31,31,27857423.5259248,6261.27113031106,0.764040548301075,0.764040548301075
9,1976.26011756486,1976.26011756486,61264,4.81115171644556,31,31,27863248.169242,6259.93674566406,0.764040548301075,0.764040548301075
