"strata","dload.bi_kgd","dload.ub_kgd","tload_kglenS","degf","lenObs","lenStr","MSE_kglenS","Cl_kglenS","flowmu_m3s","flowav_m3s"
1,233.700794044407,233.700794044407,7244.7,30,31,31,404165.205060782,237.045935871978,0.179928418291613,0.179928418291613
2,233.700794044407,233.700794044407,7244.7,13.7287300069562,31,31,72809.4465552275,156.483479206913,0.179928418291613,0.179928418291613
3,233.700794044407,233.700794044407,7244.7,13.757166304697,31,31,73132.7362622401,156.63731060491,0.179928418291613,0.179928418291613
4,233.700794044407,233.700794044407,7244.6,10.5597729968876,31,31,63375.1983883622,171.381149140713,0.179928418291613,0.179928418291613
5,233.700794044407,233.700794044407,7244.6,10.4577944976473,31,31,63067.3231209988,172.009951744271,0.179928418291613,0.179928418291613
6,233.700794044407,233.700794044407,7244.7,10.4462580660588,31,31,63040.6394396827,172.093009332543,0.179928418291613,0.179928418291613
7,243.524515506686,243.524515506686,7549.2,10.648876852283,35,35,63657.5338563338,170.859885139922,0.192035037770323,0.192035037770323
8,233.700794044407,233.700794044407,7244.7,10.8257864588655,31,31,64765.5082787088,170.573925992261,0.179928418291613,0.179928418291613
9,233.700794044407,233.700794044407,7244.7,8.65393152668009,31,31,68975.1242331753,203.196413829427,0.179928418291613,0.179928418291613
