"strata","dload.bi_kgd","dload.ub_kgd","tload_kglenS","degf","lenObs","lenStr","MSE_kglenS","Cl_kglenS","flowmu_m3s","flowav_m3s"
6,100.558613030672,100.317072766071,3109.9,4.86698310711115,25,31,91881.0159185032,356.11812758166,0.228818012903226,0.208265496774194
