"strata","dload.bi_kgd","dload.ub_kgd","tload_kglenS","degf","lenObs","lenStr","MSE_kglenS","Cl_kglenS","flowmu_m3s","flowav_m3s"
1,177.557986625632,177.552741728902,5504.1,21,22,31,308649.43741672,252.119128661413,0.484331460645161,0.470895512727273
2,176.404742343143,176.357754926964,5467.1,19.9692441383783,22,31,273774.506162775,244.267262303221,0.484331460645161,0.470405828907753
3,180.476715768817,180.471291263313,5594.6,17.0836094940547,22,31,216316.243102966,237.321648670549,0.484331460645161,0.467857828486352
4,182.447776788928,182.491628315409,5657.3,8.56606501560419,22,31,231215.16684839,374.54504787971,0.484331460645161,0.467149908486352
5,223.269936834528,223.302758894249,6922.4,13.8715174116741,30,39,234895.860030613,279.342698429609,0.59394488,0.577205997419355
6,181.060676508286,181.118224300013,5614.7,8.96743897396738,22,31,298539.67005659,412.980947922423,0.484331460645161,0.469784846451613
7,187.145360148678,187.14844621289,5801.6,5.87598527430017,22,31,375672.76084889,621.882975929048,0.484331460645161,0.473666988387097
