"strata","dload.bi_kgd","dload.ub_kgd","tload_kglenS","degf","lenObs","lenStr","MSE_kglenS","Cl_kglenS","flowmu_m3s","flowav_m3s"
1,231.849750516282,231.905567855247,6957.2,24,25,30,528542.259312943,306.282783935838,0.697183213333333,0.723777408
2,227.523469041353,227.45651828239,6823.7,22.9457353871718,25,30,475281.882661834,297.76255995919,0.697183213333333,0.704878565925926
3,227.226160668717,227.189074827208,6815.7,12.5805358738128,25,30,283476.552677415,325.395049565061,0.697183213333333,0.70508832
4,232.709041319965,232.68646852483,6980.6,9.42594028563459,25,30,240637.603754746,358.970487244731,0.697183213333333,0.695919070476191
5,233.6126655456,233.6126655456,7008.4,9.33349349709845,25,30,239440.537550937,360.362106144389,0.697183213333333,0.686210453333333
6,233.324095571446,233.307244643101,6999.2,9.26863546043025,25,30,238937.51082455,361.610994598385,0.697183213333333,0.690741141333333
7,233.324095571446,233.307244643101,6999.2,7.03381826461076,25,30,252385.281956307,447.481869508159,0.697183213333333,0.690741141333333
8,231.547570503411,231.511405041534,6945.3,8.040422094327,25,30,290452.624433047,437.903478616104,0.697183213333333,0.6937616
