"strata","dload.bi_kgd","dload.ub_kgd","tload_kglenS","degf","lenObs","lenStr","MSE_kglenS","Cl_kglenS","flowmu_m3s","flowav_m3s"
1,719.916912385188,719.916912385188,22317.4,30,31,31,64786393.4236838,3001.20011753293,0.463265892817204,0.463265892817204
2,719.916912385188,719.916912385188,22317.4,6.20762601470271,31,31,59180230.9054151,7494.33001278997,0.463265892817204,0.463265892817204
3,719.916912385188,719.916912385188,22317.4,4.21739135852788,31,31,50031985.707687,9371.62910959476,0.463265892817204,0.463265892817204
4,719.916912385188,719.916912385188,22317.3,4.21606892889062,31,31,50024140.2256647,9373.45040790116,0.463265892817204,0.463265892817204
5,719.916912385188,719.916912385188,22317.4,4.21054383118825,31,31,49991338.4491258,9381.0733671676,0.463265892817204,0.463265892817204
6,719.916912385188,719.916912385188,22317.4,4.20960400527718,31,31,49985759.6380676,9382.37265952041,0.463265892817204,0.463265892817204
7,719.916912385188,719.916912385188,22317.4,4.20979444909939,31,31,49986891.4811529,9382.10944291125,0.463265892817204,0.463265892817204
8,719.916912385188,719.916912385188,22317.4,4.21017901011814,31,31,49989218.5048012,9381.58192003876,0.463265892817204,0.463265892817204
9,719.916912385188,719.916912385188,22317.4,4.21036946676129,31,31,49990350.3478866,9381.31877011808,0.463265892817204,0.463265892817204
