"strata","dload.bi_kgd","dload.ub_kgd","tload_kglenS","degf","lenObs","lenStr","MSE_kglenS","Cl_kglenS","flowmu_m3s","flowav_m3s"
9,127739.493317395,127739.493317395,3959924.3,3.01463306244392,31,31,4791864505243.93,4001329.71494824,1.60400970322581,1.60400970322581
