"strata","dload.bi_kgd","dload.ub_kgd","tload_kglenS","degf","lenObs","lenStr","MSE_kglenS","Cl_kglenS","flowmu_m3s","flowav_m3s"
1,172505.731978061,172505.731978061,5175172,29,30,30,1137102986226.56,404988.768867995,10.4515735644444,10.4515735644444
2,172505.731978061,172505.731978061,5175172,15.0320712908672,30,30,898025543924.91,520869.937786659,10.4515735644444,10.4515735644444
3,172505.731978061,172505.731978061,5175171.9,8.85586896908438,30,30,603953429498.953,592225.917737438,10.4515735644444,10.4515735644444
4,172505.731978061,172505.731978061,5175171.9,3.69221433967892,30,30,456927435392.357,1009681.94302106,10.4515735644444,10.4515735644444
5,172505.731978061,172505.731978061,5175171.9,3.30981679524921,30,30,432765502820,1092159.94102197,10.4515735644444,10.4515735644444
6,172505.731978061,172505.731978061,5175171.9,3.02504970917803,30,30,413466520189.531,1171069.9306432,10.4515735644444,10.4515735644444
7,172505.731978061,172505.731978061,5175171.9,2.97533163781696,30,30,410261295444.479,1187306.91893073,10.4515735644444,10.4515735644444
8,172505.731978061,172505.731978061,5175172,2.97431074134149,30,30,410574070475.304,1188196.39981466,10.4515735644444,10.4515735644444
9,172505.731978061,172505.731978061,5175172.1,3.83416846768762,30,30,485214518137.931,1004767.0049909,10.4515735644444,10.4515735644444
