"strata","dload.bi_kgd","dload.ub_kgd","tload_kglenS","degf","lenObs","lenStr","MSE_kglenS","Cl_kglenS","flowmu_m3s","flowav_m3s"
8,2155.628293056,2155.628293056,60357.5,3.71346380657737,28,28,36718129.8032911,9002.71769771,1.80721862857143,1.80721862857143
