"strata","dload.bi_kgd","dload.ub_kgd","tload_kglenS","degf","lenObs","lenStr","MSE_kglenS","Cl_kglenS","flowmu_m3s","flowav_m3s"
7,7196.27437627127,7196.27437627127,215888.2,4.3082018815465,30,30,1531286703.2588,50900.0478372735,1.18290691563022,1.18290691563022
