"strata","dload.bi_kgd","dload.ub_kgd","tload_kglenS","degf","lenObs","lenStr","MSE_kglenS","Cl_kglenS","flowmu_m3s","flowav_m3s"
1,1743374.77644808,1745318.1603132,52359544.8,27,28,30,188452320823847,5420762.09809014,21.0768063653144,21.7105396199797
2,1731821.04779504,1733948.92667878,52018467.8,25.9915559875881,28,30,135104626673310,4686509.90363611,21.0768063653144,22.1288127442617
3,1700658.62557484,1702411.39472829,51072341.8,23.2685368012326,28,30,123956690675928,4771575.56065429,21.0768063653144,21.4713537786477
4,1717807.12271588,1718941.10675495,51568233.2,19.7153638116599,28,30,87718703782914.4,4404052.80895003,21.0768063653144,21.7744221964255
5,1717807.12271588,1718941.10675495,51568233.2,15.3760886374799,28,30,72026018467392.2,4603333.88925287,21.0768063653144,21.7744221964255
6,1717807.12271588,1718941.10675495,51568233.2,7.64162324288108,28,30,67639779412429.7,6917109.97132461,21.0768063653144,21.7744221964255
7,1700658.62557484,1702411.39472829,51072341.9,7.2364305573987,28,30,65709950907465.1,7078579.22692239,21.0768063653144,21.4713537786477
8,1700658.62557484,1702411.39472829,51072342,5.12479564495749,28,30,65809794119431.3,9144608.95512546,21.0768063653144,21.4713537786477
9,1700658.62557484,1702411.39472829,51072341.9,5.59107510039492,28,30,72451359297161,8966882.99487112,21.0768063653144,21.4713537786477
