"strata","dload.bi_kgd","dload.ub_kgd","tload_kglenS","degf","lenObs","lenStr","MSE_kglenS","Cl_kglenS","flowmu_m3s","flowav_m3s"
8,115861.247537526,115861.247537526,3475837.5,4.71221644995088,30,30,90038180020.0888,361957.58134359,9.40209632284444,9.40209632284444
