"strata","dload.bi_kgd","dload.ub_kgd","tload_kglenS","degf","lenObs","lenStr","MSE_kglenS","Cl_kglenS","flowmu_m3s","flowav_m3s"
8,1308.36073814151,1308.36073814151,40559.3,5.9210803927957,31,31,13717283.3232181,3736.42825116028,1.33947370090323,1.33947370090323
