"strata","dload.bi_kgd","dload.ub_kgd","tload_kglenS","degf","lenObs","lenStr","MSE_kglenS","Cl_kglenS","flowmu_m3s","flowav_m3s"
1,118229.335545721,119863.847688238,3715779.3,23,24,31,4584453785595.84,923567.191546527,5.46346775053763,6.21455437777778
2,106528.693422821,106652.454193049,3306226.1,6.02856799547336,24,31,2571885898933.1,1596387.88310821,5.46346775053763,5.83840116786844
3,106613.606530497,106752.660683166,3309332.4,3.02089515131168,24,31,1199806021720.54,1997795.33806424,5.46346775053763,5.88029307641577
4,105594.848277555,105613.558358948,3274020.3,3.0014713472798,24,31,1195939953618.12,2008298.39153549,5.46346775053763,5.91872881892473
5,105594.848277555,105613.558358948,3274020.3,2.99433338458138,24,31,1194516695305.64,2012204.87297314,5.46346775053763,5.91872881892473
6,105594.848277555,105613.558358948,3274020.3,2.99433315097021,24,31,1194516648708.88,2012205.00124584,5.46346775053763,5.91872881892473
7,105486.862501261,105486.575665225,3270083.8,3.00410041228285,24,31,1196465164729.92,2006867.05567086,5.46346775053763,5.65955397849462
