"strata","dload.bi_kgd","dload.ub_kgd","tload_kglenS","degf","lenObs","lenStr","MSE_kglenS","Cl_kglenS","flowmu_m3s","flowav_m3s"
8,99904.6046422673,99913.939568127,2797590.2,4.97668327972074,27,28,32395837796.1035,207691.312474919,13.8447236819429,13.952004575581
