"strata","dload.bi_kgd","dload.ub_kgd","tload_kglenS","degf","lenObs","lenStr","MSE_kglenS","Cl_kglenS","flowmu_m3s","flowav_m3s"
7,1700658.62557484,1702411.39472829,51072341.9,7.2364305573987,28,30,65709950907465.1,7078579.22692239,21.0768063653144,21.4713537786477
