"strata","dload.bi_kgd","dload.ub_kgd","tload_kglenS","degf","lenObs","lenStr","MSE_kglenS","Cl_kglenS","flowmu_m3s","flowav_m3s"
9,24958.8289908551,24958.8289908551,773723.7,3.95578106428321,31,31,7273149435.40999,119578.001230123,5.82793236989247,5.82793236989247
