"strata","dload.bi_kgd","dload.ub_kgd","tload_kglenS","degf","lenObs","lenStr","MSE_kglenS","Cl_kglenS","flowmu_m3s","flowav_m3s"
1,14125.6204788755,14125.6204788755,423768.6,29,30,30,7570100866.98633,33044.098847769,3.23231395217778,3.23231395217778
2,14125.6204788755,14125.6204788755,423768.6,8.02914768418322,30,30,5465908605.22186,60128.7507702723,3.23231395217778,3.23231395217778
3,14125.6204788755,14125.6204788755,423768.6,8.01724119613926,30,30,5461852429.69427,60166.5408908984,3.23231395217778,3.23231395217778
4,14125.6204788755,14125.6204788755,423768.7,3.61863161399786,30,30,5327080598.33518,111104.633265723,3.23231395217778,3.23231395217778
5,14125.6204788755,14125.6204788755,423768.7,3.61362324015524,30,30,5323391982.50697,111211.919402745,3.23231395217778,3.23231395217778
6,14125.6204788755,14125.6204788755,423768.7,3.60711385164726,30,30,5318594532.33431,111351.920512951,3.23231395217778,3.23231395217778
7,14125.6204788755,14125.6204788755,423768.7,3.60711412056473,30,30,5318594730.59053,111351.91471587,3.23231395217778,3.23231395217778
8,14125.6204788755,14125.6204788755,423768.7,3.60711436828737,30,30,5318594913.22128,111351.90937569,3.23231395217778,3.23231395217778
9,14125.6204788755,14125.6204788755,423768.6,3.60711586055051,30,30,5318596013.37568,111351.87720686,3.23231395217778,3.23231395217778
