"strata","dload.bi_kgd","dload.ub_kgd","tload_kglenS","degf","lenObs","lenStr","MSE_kglenS","Cl_kglenS","flowmu_m3s","flowav_m3s"
8,7354.35646780262,7357.25102828066,228074.8,4.36979627510762,30,31,760197413.398199,35429.8829547963,1.47334822374194,1.4417845067957
