"strata","dload.bi_kgd","dload.ub_kgd","tload_kglenS","degf","lenObs","lenStr","MSE_kglenS","Cl_kglenS","flowmu_m3s","flowav_m3s"
8,80762.2709767168,80762.2709767168,2422868.1,3.84209708306328,30,30,96083619294.0095,446274.675339946,6.92031128888889,6.92031128888889
