"strata","dload.bi_kgd","dload.ub_kgd","tload_kglenS","degf","lenObs","lenStr","MSE_kglenS","Cl_kglenS","flowmu_m3s","flowav_m3s"
6,21997.5466890233,21995.4311654199,659863,3.20409408627982,21,30,10688437494.5854,177359.193155573,4.33138334951111,4.32639959271111
