"strata","dload.bi_kgd","dload.ub_kgd","tload_kglenS","degf","lenObs","lenStr","MSE_kglenS","Cl_kglenS","flowmu_m3s","flowav_m3s"
7,16881.8569813988,16881.8569813988,506455.8,3.07654297128418,30,30,2665360501.87249,92366.8076784508,0.888636244444444,0.888636244444444
