"strata","dload.bi_kgd","dload.ub_kgd","tload_kglenS","degf","lenObs","lenStr","MSE_kglenS","Cl_kglenS","flowmu_m3s","flowav_m3s"
1,7928.42596479568,7928.42596479568,245781.2,30,31,31,1571160921.30013,14779.6240517754,1.50432238795699,1.50432238795699
2,7928.42596479568,7928.42596479568,245781.2,14.9269345069459,31,31,918903381.629102,16730.5359769617,1.50432238795699,1.50432238795699
3,7928.42596479568,7928.42596479568,245781.2,7.55222487542129,31,31,787221932.985593,23788.7143820038,1.50432238795699,1.50432238795699
4,7928.42596479568,7928.42596479568,245781.2,5.07738330825694,31,31,635094264.859057,28618.2255155469,1.50432238795699,1.50432238795699
5,7928.42596479568,7928.42596479568,245781.2,4.81362199794067,31,31,618438091.796054,29479.5277758265,1.50432238795699,1.50432238795699
6,7928.42596479568,7928.42596479568,245781.2,4.49040454545297,31,31,596906287.619406,30678.3045687976,1.50432238795699,1.50432238795699
7,7928.42596479568,7928.42596479568,245781.2,4.48625829217171,31,31,596630585.589274,30695.101248874,1.50432238795699,1.50432238795699
8,7928.42596479568,7928.42596479568,245781.2,4.4867174090357,31,31,596661194.952237,30693.2415051574,1.50432238795699,1.50432238795699
9,7928.42596479568,7928.42596479568,245781.2,4.48752543902939,31,31,596715003.530017,30689.9679612643,1.50432238795699,1.50432238795699
