"strata","dload.bi_kgd","dload.ub_kgd","tload_kglenS","degf","lenObs","lenStr","MSE_kglenS","Cl_kglenS","flowmu_m3s","flowav_m3s"
1,113.137968536151,113.308392828689,3399.3,24,25,30,166013.133159689,171.654008872551,0.0561616533333333,0.060031616
2,108.855367048533,108.795992816967,3263.8,14.2484009223404,25,30,43222.0298893772,117.935296123211,0.0561616533333333,0.0571055466666667
3,112.531222096457,112.601555005383,3378,13.9678486766339,25,30,13589.8949155297,66.9146464048174,0.0561616533333333,0.0577995858823529
4,111.0190442976,111.034720500756,3331,6.05046776108274,25,30,7046.25938995325,83.3346623858331,0.0561616533333333,0.055834921025641
5,111.052114274743,111.062064693965,3331.9,5.86846245811839,25,30,6986.17066343074,84.8867496541046,0.0561616533333333,0.055854888
6,110.8414130112,110.845024568072,3325.3,4.35239529447299,25,30,5877.27305113302,98.849765172289,0.0561616533333333,0.0556897066666667
7,110.8307092608,110.821690684076,3324.6,4.30342312523904,25,30,5844.4380927074,99.5350385843312,0.0561616533333333,0.0556897066666667
8,110.647896,110.451831829917,3313.5,6.13903740272699,25,30,16877.7215724871,127.598460843835,0.0561616533333333,0.0563189688888889
