"strata","dload.bi_kgd","dload.ub_kgd","tload_kglenS","degf","lenObs","lenStr","MSE_kglenS","Cl_kglenS","flowmu_m3s","flowav_m3s"
1,70375.9315052662,70375.9315052662,2181653.9,30,31,31,239125701143.552,182333.379260795,5.17552441147527,5.17552441147527
2,70375.9315052662,70375.9315052662,2181653.9,11.0258859739933,31,31,208685483030.636,302713.717104313,5.17552441147527,5.17552441147527
3,70375.9315052662,70375.9315052662,2181653.8,6.09769276572901,31,31,154532136969.952,388025.830091087,5.17552441147527,5.17552441147527
4,70375.9315052662,70375.9315052662,2181653.8,5.08647054012116,31,31,141577351496.342,426680.822625185,5.17552441147527,5.17552441147527
5,70375.9315052662,70375.9315052662,2181653.8,5.083446761988,31,31,141535296925.612,426819.120584227,5.17552441147527,5.17552441147527
6,70375.9315052662,70375.9315052662,2181653.9,5.08095488655606,31,31,141500732929.044,426933.38090575,5.17552441147527,5.17552441147527
7,70375.9315052662,70375.9315052662,2181653.9,5.0806054267233,31,31,141495866656.004,426949.386873939,5.17552441147527,5.17552441147527
8,70375.9315052662,70375.9315052662,2181653.9,5.08068024018967,31,31,141496908477.134,426945.960092713,5.17552441147527,5.17552441147527
9,70375.9315052662,70375.9315052662,2181653.9,5.08280513749966,31,31,141526567438.916,426848.784906973,5.17552441147527,5.17552441147527
