"strata","dload.bi_kgd","dload.ub_kgd","tload_kglenS","degf","lenObs","lenStr","MSE_kglenS","Cl_kglenS","flowmu_m3s","flowav_m3s"
1,524094.09624003,524094.09624003,15722822.9,29,30,30,33828326747439,2208937.04147752,15.7300138631111,15.7300138631111
2,524094.09624003,524094.09624003,15722822.9,16.6177634558728,30,30,21414720084599.6,2399252.47756568,15.7300138631111,15.7300138631111
3,524094.09624003,524094.09624003,15722822.9,2.32888648064805,30,30,7506420828474.1,6767922.92293332,15.7300138631111,15.7300138631111
4,524094.09624003,524094.09624003,15722822.9,2.26294895424025,30,30,7399688755170.77,6975200.25396062,15.7300138631111,15.7300138631111
5,524094.09624003,524094.09624003,15722822.9,2.209723243908,30,30,7312104781089.37,7156393.08156185,15.7300138631111,15.7300138631111
6,524094.09624003,524094.09624003,15722822.9,2.17419154117825,30,30,7253482183933.36,7285296.40504706,15.7300138631111,15.7300138631111
7,524094.09624003,524094.09624003,15722823,2.17215709124658,30,30,7250087550926.21,7292864.88459418,15.7300138631111,15.7300138631111
8,524094.09624003,524094.09624003,15722823,2.17095517535908,30,30,7248113427456.6,7297362.79192514,15.7300138631111,15.7300138631111
9,524094.09624003,524094.09624003,15722822.9,2.1708216052371,30,30,7247890447474.97,7297861.33784532,15.7300138631111,15.7300138631111
