"strata","dload.bi_kgd","dload.ub_kgd","tload_kglenS","degf","lenObs","lenStr","MSE_kglenS","Cl_kglenS","flowmu_m3s","flowav_m3s"
1,78023.1132364808,78023.1132364808,2340693.4,29,30,30,198900448753.295,169379.5446483,7.38816775111111,7.38816775111111
2,78023.1132364808,78023.1132364808,2340693.4,12.9577626190119,30,30,118428420546.317,206602.108850934,7.38816775111111,7.38816775111111
3,78023.1132364808,78023.1132364808,2340693.4,8.63265388574292,30,30,52245006538.7421,177132.107152779,7.38816775111111,7.38816775111111
4,78023.1132364808,78023.1132364808,2340693.4,4.32187257553033,30,30,36026336378.4559,246216.723296959,7.38816775111111,7.38816775111111
5,78023.1132364808,78023.1132364808,2340693.4,3.74492977174884,30,30,33470825777.5545,269685.849899976,7.38816775111111,7.38816775111111
6,78023.1132364808,78023.1132364808,2340693.4,3.74198698900942,30,30,33457671319.7509,269829.638831316,7.38816775111111,7.38816775111111
7,78023.1132364808,78023.1132364808,2340693.4,3.74122204035912,30,30,33454251249.8202,269867.061643666,7.38816775111111,7.38816775111111
8,78023.1132364808,78023.1132364808,2340693.3,3.74123180922844,30,30,33454294939.9498,269866.583658738,7.38816775111111,7.38816775111111
9,78023.1132364808,78023.1132364808,2340693.3,3.74139234626476,30,30,33455012815.6511,269858.728717385,7.38816775111111,7.38816775111111
