"strata","dload.bi_kgd","dload.ub_kgd","tload_kglenS","degf","lenObs","lenStr","MSE_kglenS","Cl_kglenS","flowmu_m3s","flowav_m3s"
1,3776.5720114871,3783.69947301146,117294.7,28,29,31,360442687.89609,7349.459068086,0.457179303225806,0.462344993103448
2,3818.64405357852,3839.6475574397,119029,10.4411220944331,29,31,234827659.747078,10506.5934832366,0.457179303225806,0.484379670250896
3,3685.33811705924,3687.53817843644,114313.7,4.13628124405218,29,31,100663260.485718,13520.6608973784,0.457179303225806,0.446979165591398
4,3685.33811705924,3687.53817843644,114313.7,3.42479906155765,29,31,91630994.8765132,15364.4073462019,0.457179303225806,0.446979165591398
5,3685.33811705924,3687.53817843644,114313.7,2.35088460948981,29,31,75178260.4126587,21162.1223366071,0.457179303225806,0.446979165591398
6,3685.33811705924,3687.53817843644,114313.7,2.28077580284501,29,31,74042262.2429152,21838.5378453117,0.457179303225806,0.446979165591398
7,3685.33811705924,3687.53817843644,114313.7,2.22408898549399,29,31,73114718.4353064,22434.3102058245,0.457179303225806,0.446979165591398
8,3687.92577777108,3689.45443253536,114373.1,2.19269143224408,29,31,72595404.7834127,22784.8765072768,0.457179303225806,0.446979165591398
9,3687.92577777108,3689.45443253536,114373.1,2.19255624953004,29,31,72593166.9721149,22786.4206281108,0.457179303225806,0.446979165591398
