"strata","dload.bi_kgd","dload.ub_kgd","tload_kglenS","degf","lenObs","lenStr","MSE_kglenS","Cl_kglenS","flowmu_m3s","flowav_m3s"
1,13387.5803485659,13387.5803485659,401627.4,29,30,30,34020476734.9382,70050.8286591032,1.83571852140444,1.83571852140444
2,13387.5803485659,13387.5803485659,401627.4,12.4087212920869,30,30,18302282063.579,83372.8970168,1.83571852140444,1.83571852140444
3,13387.5803485659,13387.5803485659,401627.4,11.6287534358909,30,30,13301163569.7417,73949.9961840011,1.83571852140444,1.83571852140444
4,13387.5803485659,13387.5803485659,401627.4,3.83453578383677,30,30,7674704768.80661,126354.647698601,1.83571852140444,1.83571852140444
5,13387.5803485659,13387.5803485659,401627.4,3.82854521887649,30,30,7668706368.16606,126486.259578056,1.83571852140444,1.83571852140444
6,13387.5803485659,13387.5803485659,401627.4,3.82799072334073,30,30,7668150997.50776,126498.467900532,1.83571852140444,1.83571852140444
7,13387.5803485659,13387.5803485659,401627.4,3.82798820467773,30,30,7668148474.8442,126498.523364301,1.83571852140444,1.83571852140444
8,13387.5803485659,13387.5803485659,401627.4,3.82797440847203,30,30,7668134656.6721,126498.827173406,1.83571852140444,1.83571852140444
9,13387.5803485659,13387.5803485659,401627.4,3.82854958821873,30,30,7668711071.11452,126486.166091091,1.83571852140444,1.83571852140444
