"strata","dload.bi_kgd","dload.ub_kgd","tload_kglenS","degf","lenObs","lenStr","MSE_kglenS","Cl_kglenS","flowmu_m3s","flowav_m3s"
1,310499.459757586,310597.107273761,9628510.3,29,30,31,3449535354862.75,705380.386576433,20.7828495474581,21.4176089537067
2,310253.004471347,310369.395731515,9621451.3,12.5701526754473,30,31,1004348858725.11,612790.114303065,20.7828495474581,21.3870287177921
3,310253.004471347,310369.395731515,9621451.3,26.6034689557862,30,31,486709703182.047,277722.034358351,20.7828495474581,21.3870287177921
4,309948.377692565,310021.774075561,9610675,14.1388347129975,30,31,331318196510.452,328019.768030619,20.7828495474581,20.9481213988571
5,309765.257426689,309771.709089522,9602923.1,13.1567160157587,30,31,319342537632.827,336168.418174519,20.7828495474581,20.8085563024704
6,309706.31731601,309706.66612548,9600906.7,13.1412878481749,30,31,319155153174.823,336306.610789844,20.7828495474581,20.7827306854065
7,309698.071682596,309698.004001759,9600638.2,13.1412054306679,30,31,319154152351.893,336307.349994998,20.7828495474581,20.7730539442374
8,309706.31731601,309706.66612548,9600906.6,5.40799854349973,30,31,346388551168.094,636082.300235891,20.7828495474581,20.7827306854065
9,309698.071682596,309698.004001759,9600638.1,5.40796729289285,30,31,346387550345.163,636084.226102189,20.7828495474581,20.7730539442374
