"strata","dload.bi_kgd","dload.ub_kgd","tload_kglenS","degf","lenObs","lenStr","MSE_kglenS","Cl_kglenS","flowmu_m3s","flowav_m3s"
6,192192.022163439,192192.022163439,5957952.7,18.5504323111619,31,31,573443066070.665,368599.919357506,10.4571202064516,10.4571202064516
