"strata","dload.bi_kgd","dload.ub_kgd","tload_kglenS","degf","lenObs","lenStr","MSE_kglenS","Cl_kglenS","flowmu_m3s","flowav_m3s"
1,84118.876601664,84118.876601664,2523566.3,29,30,30,639679144923.693,303755.517598312,5.29854522666667,5.29854522666667
2,84118.876601664,84118.876601664,2523566.3,27.9250166141407,30,30,555343651122.599,288903.635461517,5.29854522666667,5.29854522666667
3,84118.876601664,84118.876601664,2523566.2,4.40859775766324,30,30,224417198980.299,604176.046151055,5.29854522666667,5.29854522666667
4,84118.876601664,84118.876601664,2523566.2,4.25294254115447,30,30,220452467496.614,617568.972267563,5.29854522666667,5.29854522666667
5,84118.876601664,84118.876601664,2523566.3,4.25234941887242,30,30,220437094462.965,617622.017815977,5.29854522666667,5.29854522666667
6,84118.876601664,84118.876601664,2523566.3,4.25224082996346,30,30,220434279849.397,617631.731278329,5.29854522666667,5.29854522666667
7,84118.876601664,84118.876601664,2523566.3,4.25223865720259,30,30,220434223531.928,617631.925642305,5.29854522666667,5.29854522666667
8,84118.876601664,84118.876601664,2523566.3,4.25223073630332,30,30,220434018223.733,617632.634206824,5.29854522666667,5.29854522666667
9,84118.876601664,84118.876601664,2523566.2,4.25223865128216,30,30,220434223378.512,617631.926171971,5.29854522666667,5.29854522666667
