"strata","dload.bi_kgd","dload.ub_kgd","tload_kglenS","degf","lenObs","lenStr","MSE_kglenS","Cl_kglenS","flowmu_m3s","flowav_m3s"
1,91439.9009108071,91555.6498818518,2838225.1,29,30,31,620639006311.332,299200.705316619,8.28674405505376,8.43809176888889
2,91938.2568079524,92320.2022138472,2861926.2,11.1297437843928,30,31,375053785358.779,403463.248973134,8.28674405505376,8.64328200028674
3,90397.9890388689,90421.0887987424,2803053.7,3.41591019126706,30,31,250522028543.39,805420.579552736,8.28674405505376,8.3189125488172
4,90397.9890388689,90421.0887987424,2803053.8,2.63048283245553,30,31,221449109184.763,1001279.42345273,8.28674405505376,8.3189125488172
5,90397.9890388689,90421.0887987424,2803053.8,2.62278730370142,30,31,221124898585.459,1003984.97393115,8.28674405505376,8.3189125488172
6,90311.4156479073,90315.7635677955,2799788.8,2.6180322142996,30,31,220924287660.123,1005668.04392138,8.28674405505376,8.2806848688172
7,90311.4156479073,90315.7635677955,2799788.8,2.61763741675084,30,31,220907627681.841,1005808.18677921,8.28674405505376,8.2806848688172
8,90311.4156479073,90315.7635677955,2799788.9,2.61763572268689,30,31,220907556199.229,1005808.78827561,8.28674405505376,8.2806848688172
9,90311.4156479073,90315.7635677955,2799788.8,2.61763547591919,30,31,220907545786.618,1005808.87589331,8.28674405505376,8.2806848688172
