"strata","strata.n","dload.bi_kgd","dload.ub_kgd","tload_kglenS","degf","lenObs","lenStr","MSE_kglenS","Cl_kglenS","flowmu_m3s","flowav_m3s"
1,1,66375.4266684746,66896.1448749978,2006884.3,11,12,30,60415149856.0667,163114.924838234,6.96684500548571,14.6195312222222
2,1,1914.59644765988,1915.50516374554,42141.1,3,4,22,9978.01062878068,4037.80293592321,1.72481459535931,1.0937364
2,2,208320.592356336,208320.592356336,1666564.7,7,8,8,631640634.502901,179695.887060904,21.3824286333333,21.3824286333333
3,1,1985.55081895784,1988.00545425524,41748.1,2,3,21,17689.5043447076,8497.64187679146,1.7536860713288,1.08547733333333
3,2,122084.37758016,122084.37758016,366253.1,2,3,3,82400819.7805234,82853.015275109,9.85188666666667,9.85188666666667
3,3,216913.490828032,216913.490828032,1301480.9,5,6,6,1171446112.38944,236079.806387827,23.7703804444444,23.7703804444444
