"strata","dload.bi_kgd","dload.ub_kgd","tload_kglenS","degf","lenObs","lenStr","MSE_kglenS","Cl_kglenS","flowmu_m3s","flowav_m3s"
1,103.0659028992,103.0659028992,3092,29,30,30,86845.2064738363,111.922140017367,0.06796032,0.06796032
2,103.0659028992,103.0659028992,3091.9,24.187169395265,30,30,40945.7064861282,84.8832884286627,0.06796032,0.06796032
3,103.0659028992,103.0659028992,3092,23.9347520566242,30,30,33363.3966721695,77.0675702949914,0.06796032,0.06796032
4,103.0659028992,103.0659028992,3092,19.1037778743968,30,30,29315.3342139252,81.9600776668558,0.06796032,0.06796032
5,103.0659028992,103.0659028992,3092,11.748280503895,30,30,29375.8395936193,109.209638204467,0.06796032,0.06796032
6,103.0659028992,103.0659028992,3092,9.38433006158374,30,30,26320.9985730119,119.060502615983,0.06796032,0.06796032
7,103.0659028992,103.0659028992,3092,9.34966429619744,30,30,26569.3331398619,119.907068387638,0.06796032,0.06796032
8,103.0659028992,103.0659028992,3092,8.88180325805716,30,30,25863.6575759381,122.320394039287,0.06796032,0.06796032
9,103.0659028992,103.0659028992,3092,9.01544833706392,30,30,26144.9852700648,121.789509782371,0.06796032,0.06796032
