"strata","dload.bi_kgd","dload.ub_kgd","tload_kglenS","degf","lenObs","lenStr","MSE_kglenS","Cl_kglenS","flowmu_m3s","flowav_m3s"
4,526.711847203639,526.705117658961,16327.9,4.12387923117583,28,31,2234900.12608603,2019.93794254212,0.202797522694194,0.205547654877419
