"strata","dload.bi_kgd","dload.ub_kgd","tload_kglenS","degf","lenObs","lenStr","MSE_kglenS","Cl_kglenS","flowmu_m3s","flowav_m3s"
5,14630.7886222931,14630.7886222931,438923.8,4.49714057169569,30,30,4259364560.50353,81846.9503688229,2.12519251544889,2.12519251544889
