"strata","dload.bi_kgd","dload.ub_kgd","tload_kglenS","degf","lenObs","lenStr","MSE_kglenS","Cl_kglenS","flowmu_m3s","flowav_m3s"
1,30556.2396563752,30556.2396563752,886131,28,29,29,90014733882.4585,116143.274607851,4.73576184588506,4.73576184588506
2,30556.2396563752,30556.2396563752,886130.9,5.42073021577451,29,29,25327257259.8882,171686.299068215,4.73576184588506,4.73576184588506
3,30556.2396563752,30556.2396563752,886131,5.10274659330134,29,29,24568720413.4924,177294.676503594,4.73576184588506,4.73576184588506
4,30556.2396563752,30556.2396563752,886131,5.09083675824333,29,29,24540011143.9547,177520.102703402,4.73576184588506,4.73576184588506
5,30556.2396563752,30556.2396563752,886131,5.06255541016435,29,29,24471677111.0199,178059.968957344,4.73576184588506,4.73576184588506
6,30556.2396563752,30556.2396563752,886131,5.03459342747788,29,29,24403893214.2054,178600.161733078,4.73576184588506,4.73576184588506
7,30556.2396563752,30556.2396563752,886131,5.03467101057851,29,29,24404081276.4871,178598.652807541,4.73576184588506,4.73576184588506
8,30556.2396563752,30556.2396563752,886131,5.03796068343513,29,29,24412059336.1816,178534.737447361,4.73576184588506,4.73576184588506
9,30556.2396563752,30556.2396563752,886131.1,5.0379420018711,29,29,39519997955.4982,227159.164534796,4.73576184588506,4.73576184588506
