"strata","dload.bi_kgd","dload.ub_kgd","tload_kglenS","degf","lenObs","lenStr","MSE_kglenS","Cl_kglenS","flowmu_m3s","flowav_m3s"
1,30885.8952625552,31210.4814879051,967524.9,24,25,31,92892191581.1436,128402.160756836,1.31330578064516,1.461996384
2,28833.3399303811,29002.7010644338,899083.7,11.7071993876312,25,31,35836182013.2787,120881.641649569,1.31330578064516,1.36135299612903
3,28833.3399303811,29002.7010644338,899083.7,3.79858023917227,25,31,18034910809.2268,195376.855518924,1.31330578064516,1.36135299612903
4,28009.8672755125,28016.405205292,868508.6,2.49746416623142,25,31,14545195348.045,272998.212440932,1.31330578064516,1.26055432258065
5,28009.8672755125,28016.405205292,868508.6,2.41206406113952,25,31,14293090900.9365,282482.921693226,1.31330578064516,1.26055432258065
6,28066.1802141349,28080.2755850821,870488.5,2.41461211439122,25,31,14300649767.7517,282185.216764307,1.31330578064516,1.26123940645161
7,28128.5064905413,28153.6361082015,872762.7,2.41690891021272,25,31,14307476997.9806,281917.836517075,1.31330578064516,1.27329688258065
