"strata","dload.bi_kgd","dload.ub_kgd","tload_kglenS","degf","lenObs","lenStr","MSE_kglenS","Cl_kglenS","flowmu_m3s","flowav_m3s"
8,99314.1246052707,99314.1246052707,3078737.8,2.46650779873505,31,31,1232376985787.02,2551481.58207871,3.35828113548387,3.35828113548387
