"strata","dload.bi_kgd","dload.ub_kgd","tload_kglenS","degf","lenObs","lenStr","MSE_kglenS","Cl_kglenS","flowmu_m3s","flowav_m3s"
1,33705.4457522787,33705.4457522787,1044868.8,30,31,31,95458476489.2409,115202.075153999,6.4329375483871,6.4329375483871
2,33705.4457522787,33705.4457522787,1044868.8,3.0000096819625,31,31,66196036654.7428,472731.952445491,6.4329375483871,6.4329375483871
3,33705.4457522787,33705.4457522787,1044868.9,3.00000658372867,31,31,66196002473.0392,472732.350687939,6.4329375483871,6.4329375483871
4,33705.4457522787,33705.4457522787,1044868.9,3.00000421192239,31,31,66195976305.7408,472732.65555721,6.4329375483871,6.4329375483871
5,33705.4457522787,33705.4457522787,1044868.9,3.00000373291777,31,31,66195971021.0515,472732.717127997,6.4329375483871,6.4329375483871
6,33705.4457522787,33705.4457522787,1044868.8,3.00000370428102,31,31,66195970705.1123,472732.720808937,6.4329375483871,6.4329375483871
7,33705.4457522787,33705.4457522787,1044868.8,3.00000356388975,31,31,66195969156.2247,472732.7388547,6.4329375483871,6.4329375483871
8,33705.4457522787,33705.4457522787,1044868.9,3.0000034916263,31,31,66195968358.9675,472732.748143377,6.4329375483871,6.4329375483871
9,33705.4457522787,33705.4457522787,1044868.9,3.0000038281392,31,31,66195972071.5963,472732.704888325,6.4329375483871,6.4329375483871
