"strata","dload.bi_kgd","dload.ub_kgd","tload_kglenS","degf","lenObs","lenStr","MSE_kglenS","Cl_kglenS","flowmu_m3s","flowav_m3s"
7,4392.8232417792,4392.8232417792,131784.7,3.21051885930172,30,30,736562163.427257,46463.7465644385,0.58686568,0.58686568
