"strata","dload.bi_kgd","dload.ub_kgd","tload_kglenS","degf","lenObs","lenStr","MSE_kglenS","Cl_kglenS","flowmu_m3s","flowav_m3s"
1,30907.0258324704,30907.0258324704,927210.8,29,30,30,118653509947.943,130822.7802165,2.22865801244444,2.22865801244444
2,30907.0258324704,30907.0258324704,927210.8,3.25337414333181,30,30,49012123661.3178,373953.835277932,2.22865801244444,2.22865801244444
3,30907.0258324704,30907.0258324704,927210.7,2.28936785261861,30,30,41049171397.043,511688.649898893,2.22865801244444,2.22865801244444
4,30907.0258324704,30907.0258324704,927210.8,2.27745425855993,30,30,40942381712.4596,514514.519585747,2.22865801244444,2.22865801244444
5,30907.0258324704,30907.0258324704,927210.8,2.27733184161498,30,30,40941281332.7573,514543.780957229,2.22865801244444,2.22865801244444
6,30907.0258324704,30907.0258324704,927210.8,2.27719874137562,30,30,40940085684.367,514575.606412707,2.22865801244444,2.22865801244444
7,30907.0258324704,30907.0258324704,927210.7,2.27712995881442,30,30,40939467380.3601,514592.052577315,2.22865801244444,2.22865801244444
8,30907.0258324704,30907.0258324704,927210.8,2.27711964512848,30,30,40939374667.6185,514594.518751336,2.22865801244444,2.22865801244444
9,30907.0258324704,30907.0258324704,927210.8,2.2771186628121,30,30,40939365837.2906,514594.753641397,2.22865801244444,2.22865801244444
