"strata","dload.bi_kgd","dload.ub_kgd","tload_kglenS","degf","lenObs","lenStr","MSE_kglenS","Cl_kglenS","flowmu_m3s","flowav_m3s"
1,92007.1000186386,92058.9562036785,2761768.7,28,29,30,268717044020.486,200671.1189872,11.9023490231556,12.2676779064368
2,91732.1651250057,91736.0316326528,2752081,16.0480288780353,29,30,245179341518.549,261964.187910387,11.9023490231556,11.9227933594667
3,91734.6043938816,91738.7826815933,2752163.5,15.5106961072708,29,30,99656409282.3942,170360.196188127,11.9023490231556,11.9256232017349
4,91734.6043938816,91738.7826815933,2752163.5,12.1308508294178,29,30,63436880888.8112,157371.433020377,11.9023490231556,11.925623201735
5,91734.6043938816,91738.7826815933,2752163.5,7.88628228868974,29,30,47502803026.6117,179421.565149081,11.9023490231556,11.9256232017349
6,91734.6043938816,91738.7826815933,2752163.4,7.20636763746966,29,30,45364821505.0582,186529.60375463,11.9023490231556,11.925623201735
7,91693.7639374805,91694.0130513045,2750820.3,7.17656448540472,29,30,45272790719.5104,186878.972743221,11.9023490231556,11.9111566098356
8,91686.9618920815,91687.0456296953,2750611.2,7.17641775334672,29,30,45272327888.3763,186880.680732697,11.9023490231556,11.9017052879022
9,91689.2361295415,91689.2361295415,2750677,2.51342859424503,29,30,162081314310.877,904291.68563517,11.9023490231556,11.9032504412889
