"strata","dload.bi_kgd","dload.ub_kgd","tload_kglenS","degf","lenObs","lenStr","MSE_kglenS","Cl_kglenS","flowmu_m3s","flowav_m3s"
1,1227.52309762364,1227.52309762364,38053.2,30,31,31,115971384.902964,4015.39685504429,0.267274663156989,0.267274663156989
2,1227.52309762364,1227.52309762364,38053.3,15.4669653407497,31,31,53399348.2146213,3950.02425819455,0.267274663156989,0.267274663156989
3,1227.52309762364,1227.52309762364,38053.2,2.24821014848995,31,31,15072840.9381607,10041.2664399445,0.267274663156989,0.267274663156989
4,1227.52309762364,1227.52309762364,38053.3,3.51197554057839,31,31,10992371.6257743,5193.27430535809,0.267274663156989,0.267274663156989
5,1227.52309762364,1227.52309762364,38053.3,3.50924950079602,31,31,10988134.1346879,5196.16049781978,0.267274663156989,0.267274663156989
6,1227.52309762364,1227.52309762364,38053.3,3.50696478249967,31,31,10984555.5004408,5198.57768649127,0.267274663156989,0.267274663156989
7,1227.52309762364,1227.52309762364,38053.3,3.50547755826503,31,31,10982225.6077818,5200.15333547578,0.267274663156989,0.267274663156989
8,1227.52309762364,1227.52309762364,38053.2,3.50513208820423,31,31,10981684.973335,5200.51974209587,0.267274663156989,0.267274663156989
9,1227.52309762364,1227.52309762364,38053.2,3.50568787749995,31,31,10982582.4606002,5199.93688016698,0.267274663156989,0.267274663156989
