"strata","dload.bi_kgd","dload.ub_kgd","tload_kglenS","degf","lenObs","lenStr","MSE_kglenS","Cl_kglenS","flowmu_m3s","flowav_m3s"
7,454.27982706944,454.27982706944,14082.7,2.07184221065611,31,31,4414767.13090716,6076.59790717571,0.406283661247312,0.406283661247312
