"strata","dload.bi_kgd","dload.ub_kgd","tload_kglenS","degf","lenObs","lenStr","MSE_kglenS","Cl_kglenS","flowmu_m3s","flowav_m3s"
1,2669.71138730115,2672.82311763167,80184.7,11,12,30,13554495.3489413,2443.21928786839,6.96684500548571,14.6195312222222
2,2501.99346434737,2502.15804947545,75064.8,7.33560070988805,12,30,9526271.75232873,2669.88035887931,6.96684500548571,6.50405432888889
3,2542.70529891069,2551.37237056997,76541.1,3.15156835786805,12,30,5629975.48967556,4140.12676616699,6.96684500548571,7.33019696888889
