"strata","strata.n","dload.bi_kgd","dload.ub_kgd","tload_kglenS","degf","lenObs","lenStr","MSE_kglenS","Cl_kglenS","flowmu_m3s","flowav_m3s"
1,1,657.273748403673,639.439303348295,19183.2,2,3,30,17659097.5861595,12785.1418457316,2.76978756571429,3.02895370666667
