"strata","dload.bi_kgd","dload.ub_kgd","tload_kglenS","degf","lenObs","lenStr","MSE_kglenS","Cl_kglenS","flowmu_m3s","flowav_m3s"
1,3821.02514196136,3787.05898124273,117398.8,22,23,31,497589409.041185,9862.94009481389,12.9042597675492,15.9940570794203
2,4012.95344802027,4013.29913251059,124412.3,12.5840584070239,23,31,98208865.9080482,6055.55732342151,12.9042597675492,13.8861319978242
3,4051.99842657901,4056.4394150304,125749.7,16.7916035328104,23,31,46181221.2842347,3502.20745761259,12.9042597675492,13.5907775647312
4,3997.31233039682,4000.20754740313,124006.5,11.2689392336726,23,31,33685240.7444237,3794.30621006262,12.9042597675492,13.3048194049658
5,3959.82439291654,3961.15310371836,122795.8,10.3003129162508,23,31,32096845.5803521,3917.73095585444,12.9042597675492,12.6137566202151
6,4026.19122797731,4026.56749814176,124823.7,9.32550755705494,23,31,30459441.2942354,4066.69455441414,12.9042597675492,12.7726960782796
7,4045.00479539797,4042.15415792478,125306.8,3.5431212707416,23,31,61645206.2154108,12194.3943270187,12.9042597675492,14.0770957686022
