"strata","dload.bi_kgd","dload.ub_kgd","tload_kglenS","degf","lenObs","lenStr","MSE_kglenS","Cl_kglenS","flowmu_m3s","flowav_m3s"
1,376.646383909039,380.308826671447,11409.3,22,23,30,2563094.96507758,707.869467071284,1.88254176604444,0.904221086144928
2,402.125658282694,406.480719344364,12194.5,3.01219713415788,23,30,922296.244620192,1756.95366041836,1.88254176604444,1.68933466648889
3,402.125658282694,406.480719344364,12194.5,3.0025476985076,23,30,920817.497785978,1761.54792309384,1.88254176604444,1.68933466648889
4,402.125658282694,406.480719344364,12194.5,3.00185347839682,23,30,920711.036951118,1761.88000760397,1.88254176604444,1.68933466648889
5,402.125658282694,406.480719344364,12194.5,3.00147396909919,23,30,920652.832063139,1762.06163519932,1.88254176604444,1.68933466648889
6,402.125658282694,406.480719344364,12194.5,3.00123299352976,23,30,920615.873124075,1762.17699582714,1.88254176604444,1.68933466648889
7,402.125658282694,406.480719344364,12194.4,3.00121478747175,23,30,920613.080841856,1762.18571258476,1.88254176604444,1.68933466648889
