"strata","dload.bi_kgd","dload.ub_kgd","tload_kglenS","degf","lenObs","lenStr","MSE_kglenS","Cl_kglenS","flowmu_m3s","flowav_m3s"
1,1867.57633708205,1867.57633708205,57894.9,30,31,31,4727218.61001079,810.692016360884,5.82793236989247,5.82793236989247
2,1867.57633708205,1867.57633708205,57894.8,23.086779700386,31,31,3613036.95379338,818.18745519345,5.82793236989247,5.82793236989247
3,1867.57633708205,1867.57633708205,57894.9,20.31965145873,31,31,2652327.46304159,752.877564223666,5.82793236989247,5.82793236989247
4,1867.57633708205,1867.57633708205,57894.9,19.5863467888664,31,31,2602416.81379264,761.389267171313,5.82793236989247,5.82793236989247
5,1867.57633708205,1867.57633708205,57894.7,15.9638438098105,31,31,2717241.46094904,874.765789051362,5.82793236989247,5.82793236989247
6,1885.19431782441,1885.19431782441,58440.9,17.2442127954915,35,35,2725146.76380225,837.817553567432,5.95103432946237,5.95103432946237
7,1898.08595207474,1898.08595207474,58840.5,13.3298807340493,35,35,2969457.20776028,1017.09587203292,6.00130426150538,6.00130426150538
8,1867.57633708205,1867.57633708205,57894.8,3.76078226941933,31,31,3073682.92633219,2574.27148418122,5.82793236989247,5.82793236989247
9,1867.57633708205,1867.57633708205,57894.8,3.75956462047846,31,31,3073250.8913136,2574.86231673067,5.82793236989247,5.82793236989247
