"strata","dload.bi_kgd","dload.ub_kgd","tload_kglenS","degf","lenObs","lenStr","MSE_kglenS","Cl_kglenS","flowmu_m3s","flowav_m3s"
1,1992.9060283904,1992.9060283904,59787.2,29,30,30,26248397.5138588,1945.78332285463,2.07105928888889,2.07105928888889
2,1992.9060283904,1992.9060283904,59787.2,12.2491629391139,30,30,11737221.4366727,2127.99451254031,2.07105928888889,2.07105928888889
3,1992.9060283904,1992.9060283904,59787.2,4.766995602542,30,30,3452001.07044194,2220.03620025775,2.07105928888889,2.07105928888889
4,1992.9060283904,1992.9060283904,59787.2,3.31214841474669,30,30,3101287.76003448,2921.63106766195,2.07105928888889,2.07105928888889
5,1992.9060283904,1992.9060283904,59787.2,3.21738407154406,30,30,3056484.34716809,2986.59236086592,2.07105928888889,2.07105928888889
6,1992.9060283904,1992.9060283904,59787.2,3.20630989829754,30,30,3051215.65160874,2994.51695885827,2.07105928888889,2.07105928888889
7,1992.9060283904,1992.9060283904,59787.1,3.20225484093238,30,30,3049287.82462093,2997.43854420565,2.07105928888889,2.07105928888889
8,1992.9060283904,1992.9060283904,59787.1,3.19855008367767,30,30,3047522.98348478,3000.115029483,2.07105928888889,2.07105928888889
9,1992.9060283904,1992.9060283904,59787,2.51231403399343,30,30,3559556.51400868,4240.07192877602,2.07105928888889,2.07105928888889
