"strata","dload.bi_kgd","dload.ub_kgd","tload_kglenS","degf","lenObs","lenStr","MSE_kglenS","Cl_kglenS","flowmu_m3s","flowav_m3s"
1,91.3788298061295,91.3788298061295,2832.7,30,31,31,259517.704628074,189.948797462956,0.463265892817204,0.463265892817204
2,91.3788298061296,91.3788298061296,2832.7,28.9860762564955,31,31,302836.141293058,209.054864174115,0.463265892817204,0.463265892817204
3,91.3788298061295,91.3788298061295,2832.8,2.48290079159235,31,31,287332.966264355,1222.05072651809,0.463265892817204,0.463265892817204
4,91.3788298061295,91.3788298061295,2832.8,2.46609795960908,31,31,286359.079086994,1230.16895942756,0.463265892817204,0.463265892817204
5,91.3788298061295,91.3788298061295,2832.8,2.51535245706422,31,31,289266.125754915,1206.94845883589,0.463265892817204,0.463265892817204
6,91.3788298061295,91.3788298061295,2832.8,2.57771441668193,31,31,292941.745668584,1179.45652465731,0.463265892817204,0.463265892817204
7,91.3788298061295,91.3788298061295,2832.8,2.54999751375875,31,31,292651.405652051,1194.16730244122,0.463265892817204,0.463265892817204
8,91.3788298061296,91.3788298061296,2832.7,2.54707187507295,31,31,292483.446160342,1195.46728976764,0.463265892817204,0.463265892817204
9,91.3788298061296,91.3788298061296,2832.7,2.54650521975891,31,31,292450.907565022,1195.71958858166,0.463265892817204,0.463265892817204
