"strata","dload.bi_kgd","dload.ub_kgd","tload_kglenS","degf","lenObs","lenStr","MSE_kglenS","Cl_kglenS","flowmu_m3s","flowav_m3s"
9,1457.70143131213,1457.70143131213,43730.9,4.74283153776607,30,30,2493327.29479191,1894.62340811308,2.92777557784889,2.92777557784889
