"strata","dload.bi_kgd","dload.ub_kgd","tload_kglenS","degf","lenObs","lenStr","MSE_kglenS","Cl_kglenS","flowmu_m3s","flowav_m3s"
1,1697.82975851548,1697.82975851548,52632.7,30,31,31,24686898.9821581,1852.61989155224,8.22388715316989,8.22388715316989
2,1697.82975851548,1697.82975851548,52632.7,21.4161600019638,31,31,11285426.2046628,1507.84703977014,8.22388715316989,8.22388715316989
3,1697.82975851548,1697.82975851548,52632.8,11.1462167306083,31,31,7224743.63967776,1769.17163255229,8.22388715316989,8.22388715316989
4,1697.82975851548,1697.82975851548,52632.7,7.20052054182158,31,31,6113229.03023688,2166.55096018099,8.22388715316989,8.22388715316989
5,1697.82975851548,1697.82975851548,52632.7,7.09114167977966,31,31,6066255.75128419,2181.39314635301,8.22388715316989,8.22388715316989
6,1697.82975851548,1697.82975851548,52632.7,7.14072050296917,31,31,6089371.12642354,2174.92823529884,8.22388715316989,8.22388715316989
7,1697.82975851548,1697.82975851548,52632.6,7.10136727879661,31,31,6095892.62577801,2184.51205588198,8.22388715316989,8.22388715316989
8,1697.82975851548,1697.82975851548,52632.6,7.09186530055474,31,31,6091810.71848076,2185.82696006609,8.22388715316989,8.22388715316989
9,1697.82975851548,1697.82975851548,52632.6,2.46447887629313,31,31,6682006.87166954,5947.20853228429,8.22388715316989,8.22388715316989
