"strata","dload.bi_kgd","dload.ub_kgd","tload_kglenS","degf","lenObs","lenStr","MSE_kglenS","Cl_kglenS","flowmu_m3s","flowav_m3s"
4,122.921362127314,122.921362127314,3810.5,5.98006428589914,31,31,51895.9127072653,228.130328952765,0.523157447225806,0.523157447225806
