"strata","dload.bi_kgd","dload.ub_kgd","tload_kglenS","degf","lenObs","lenStr","MSE_kglenS","Cl_kglenS","flowmu_m3s","flowav_m3s"
1,3403.0287156891,3403.0287156891,102090.9,29,30,30,149178434.361796,4638.69803238164,15.6258542898844,15.6258542898844
2,3403.0287156891,3403.0287156891,102090.8,21.5351271858821,30,30,77599634.7191708,3941.68712352939,15.6258542898844,15.6258542898844
3,3403.0287156891,3403.0287156891,102090.8,20.7572456622317,30,30,35880132.9173981,2736.11419122529,15.6258542898844,15.6258542898844
4,3403.0287156891,3403.0287156891,102090.8,16.2846864398431,30,30,31718468.5060266,2954.37894353978,15.6258542898844,15.6258542898844
5,3403.0287156891,3403.0287156891,102090.8,11.4946795970146,30,30,22725996.6660624,3078.61045688729,15.6258542898844,15.6258542898844
6,3403.0287156891,3403.0287156891,102090.8,10.9813229175753,30,30,22216866.7423504,3131.27575716516,15.6258542898844,15.6258542898844
7,3403.0287156891,3403.0287156891,102090.8,8.35512803180445,30,30,22362736.8770577,3744.91531403247,15.6258542898844,15.6258542898844
8,3403.0287156891,3403.0287156891,102090.8,8.09420302896977,30,30,21995638.8095643,3793.69322753551,15.6258542898844,15.6258542898844
9,3403.0287156891,3403.0287156891,102090.8,7.71437019560751,30,30,25007466.8313923,4178.78998790088,15.6258542898844,15.6258542898844
