"strata","dload.bi_kgd","dload.ub_kgd","tload_kglenS","degf","lenObs","lenStr","MSE_kglenS","Cl_kglenS","flowmu_m3s","flowav_m3s"
7,168.870888753755,168.868124505129,5234.9,5.86881785385564,30,31,24101.2830958749,157.659700920396,0.483212490322581,0.481202910967742
