"strata","dload.bi_kgd","dload.ub_kgd","tload_kglenS","degf","lenObs","lenStr","MSE_kglenS","Cl_kglenS","flowmu_m3s","flowav_m3s"
9,487.480592332027,487.480592332027,15111.8,2.23719291490261,31,31,417867.242026932,1682.81222116737,1.37013957737634,1.37013957737634
