"strata","dload.bi_kgd","dload.ub_kgd","tload_kglenS","degf","lenObs","lenStr","MSE_kglenS","Cl_kglenS","flowmu_m3s","flowav_m3s"
1,4134.13796386659,4134.13796386659,128158.3,30,31,31,284029033.901726,6283.97460207166,9.84177787354839,9.84177787354839
2,4134.13796386659,4134.13796386659,128158.2,19.8304904762714,31,31,92353640.3697866,4504.06883990983,9.84177787354839,9.84177787354839
3,4134.13796386659,4134.13796386659,128158.2,12.4785174141766,31,31,41119704.5764672,3938.39796737507,9.84177787354839,9.84177787354839
4,4134.13796386659,4134.13796386659,128158.2,10.4465310665482,31,31,37830057.1099513,4215.64742912415,9.84177787354839,9.84177787354839
5,4134.13796386659,4134.13796386659,128158.2,10.441686170791,31,31,37821281.5647966,4216.38890326088,9.84177787354839,9.84177787354839
6,4134.13796386659,4134.13796386659,128158.2,8.25377123626031,31,31,39158942.6878922,4996.08548048906,9.84177787354839,9.84177787354839
7,4134.13796386659,4134.13796386659,128158.2,6.75715947806427,31,31,38772396.4541517,5705.76475991799,9.84177787354839,9.84177787354839
8,4134.13796386659,4134.13796386659,128158.2,6.75410152655944,31,31,38763620.908997,5706.95590831625,9.84177787354839,9.84177787354839
9,4134.13796386659,4134.13796386659,128158.2,6.75214431037797,31,31,38758001.5520859,5707.71873838902,9.84177787354839,9.84177787354839
