"strata","dload.bi_kgd","dload.ub_kgd","tload_kglenS","degf","lenObs","lenStr","MSE_kglenS","Cl_kglenS","flowmu_m3s","flowav_m3s"
8,12.1548378999152,12.1536635181147,376.8,4.96151334349613,30,31,124.797034164937,12.9223211185914,0.0790130064516129,0.0788607655913978
