"strata","dload.bi_kgd","dload.ub_kgd","tload_kglenS","degf","lenObs","lenStr","MSE_kglenS","Cl_kglenS","flowmu_m3s","flowav_m3s"
1,2460.15021418853,2459.81553183023,73794.5,28,29,30,33369473.0954595,2236.20667895969,6.65598969244444,6.87173875494253
2,2460.4649207917,2460.38938373381,73811.7,10.1547402350218,29,30,28752673.0609915,3741.54227779525,6.65598969244444,6.80709975439316
3,2457.01379258203,2457.00981534823,73710.3,9.97523625466124,29,30,28775585.4066478,3785.63641796842,6.65598969244444,6.65410190577778
4,2460.34956322475,2461.64100239962,73849.3,8.08809178173424,29,30,25400602.015564,4078.83657293429,6.65598969244444,6.81552549487407
5,2458.5212350388,2458.64597575081,73759.4,4.93052442368904,29,30,22195792.6896848,5477.26052687854,6.65598969244444,6.67446771540741
6,2458.5212350388,2458.64597575081,73759.4,4.55441780851334,29,30,21313152.1623782,5728.50943482463,6.65598969244444,6.67446771540741
7,2457.41771618737,2457.43699752439,73723.1,4.53226088995015,29,30,21261212.8651412,5744.9428704581,6.65598969244444,6.65864607796825
8,2457.09851718953,2457.10092983476,73713,4.53177694629813,29,30,21260077.680553,5745.30394303521,6.65598969244444,6.65483342311111
9,2457.01379258203,2457.00981534823,73710.3,4.53225848420803,29,30,21261207.8566202,5744.94475089452,6.65598969244444,6.65410190577778
