"strata","dload.bi_kgd","dload.ub_kgd","tload_kglenS","degf","lenObs","lenStr","MSE_kglenS","Cl_kglenS","flowmu_m3s","flowav_m3s"
1,1341.19229819509,1341.19229819509,41577,30,31,31,23139243.7588175,1793.6084172588,1.50432238795699,1.50432238795699
2,1341.19229819509,1341.19229819509,41577,14.5207593181357,31,31,9141763.81242721,1696.07606322582,1.50432238795699,1.50432238795699
3,1341.19229819509,1341.19229819509,41577,14.3029715977786,31,31,3346476.29643581,1035.38654583602,1.50432238795699,1.50432238795699
4,1341.19229819509,1341.19229819509,41577,12.1197266665466,31,31,2163310.6737754,919.511883024142,1.50432238795699,1.50432238795699
5,1341.19229819509,1341.19229819509,41577,11.5869723830677,31,31,2124131.86301387,936.581248421878,1.50432238795699,1.50432238795699
6,1341.19229819509,1341.19229819509,41577,11.5316093622296,31,31,2119009.91550304,938.213279644576,1.50432238795699,1.50432238795699
7,1341.19229819509,1341.19229819509,41577,11.5224191864882,31,31,2118377.51836293,938.534011629031,1.50432238795699,1.50432238795699
8,1341.19229819509,1341.19229819509,41576.9,11.522632828956,31,31,2118397.17592185,938.52764774208,1.50432238795699,1.50432238795699
9,1341.19229819509,1341.19229819509,41576.9,8.02552217726986,31,31,2177948.04833992,1200.62350142826,1.50432238795699,1.50432238795699
