"strata","dload.bi_kgd","dload.ub_kgd","tload_kglenS","degf","lenObs","lenStr","MSE_kglenS","Cl_kglenS","flowmu_m3s","flowav_m3s"
1,4365.56673362691,4365.56673362691,135332.6,30,31,31,48338143.4388202,2592.37626085949,4.75468180452473,4.75468180452473
2,4365.56673362691,4365.56673362691,135332.6,25.2014205064031,31,31,28688519.589255,2196.52177979907,4.75468180452473,4.75468180452473
3,4365.56673362691,4365.56673362691,135332.6,22.3298920912264,31,31,26617862.6943523,2262.31769370264,4.75468180452473,4.75468180452473
4,4365.56673362691,4365.56673362691,135332.5,7.88247363045319,31,31,24294284.1104628,4058.90695986375,4.75468180452473,4.75468180452473
5,4365.56673362691,4365.56673362691,135332.6,6.5177862682971,31,31,21776384.4899764,4387.87801984913,4.75468180452473,4.75468180452473
6,4365.56673362691,4365.56673362691,135332.5,6.15615454591194,31,31,21329470.6648175,4526.77629974795,4.75468180452473,4.75468180452473
7,4365.56673362691,4365.56673362691,135332.5,5.73472546778015,31,31,20553099.1080557,4684.78399945637,4.75468180452473,4.75468180452473
8,4365.56673362691,4365.56673362691,135332.6,5.57912549467661,31,31,20273698.3686383,4751.10199977042,4.75468180452473,4.75468180452473
9,4365.56673362691,4365.56673362691,135332.7,5.45406241741773,31,31,20041741.358304,4806.77127097779,4.75468180452473,4.75468180452473
