"strata","dload.bi_kgd","dload.ub_kgd","tload_kglenS","degf","lenObs","lenStr","MSE_kglenS","Cl_kglenS","flowmu_m3s","flowav_m3s"
1,7417.51581873898,7417.51581873898,229943,30,31,31,57037048.0077428,2815.99301291838,10.5266469326624,10.5266469326624
2,7417.51581873898,7417.51581873898,229943,20.047162752266,31,31,52534545.8596992,3376.27048229672,10.5266469326624,10.5266469326624
3,7417.51581873898,7417.51581873898,229943,6.03677054307513,31,31,34985693.4089364,5881.93649085665,10.5266469326624,10.5266469326624
4,7417.51581873898,7417.51581873898,229943,3.76400492550139,31,31,26609144.9038332,7568.25975521198,10.5266469326624,10.5266469326624
5,7417.51581873898,7417.51581873898,229943,3.46099277783114,31,31,25535715.9800494,8028.16003474783,10.5266469326624,10.5266469326624
6,7417.51581873898,7417.51581873898,229942.9,3.44559345541583,31,31,25478820.7436715,8054.09781146678,10.5266469326624,10.5266469326624
7,7417.51581873898,7417.51581873898,229942.9,3.44465073698552,31,31,25475334.6571948,8055.69543463996,10.5266469326624,10.5266469326624
8,7417.51581873898,7417.51581873898,229943,3.4439367959283,31,31,25472694.202133,8056.90608278655,10.5266469326624,10.5266469326624
9,7417.51581873898,7417.51581873898,229943,3.44417319091716,31,31,25473568.715042,8056.5051816728,10.5266469326624,10.5266469326624
