"strata","strata.n","dload.bi_kgd","dload.ub_kgd","tload_kglenS","degf","lenObs","lenStr","MSE_kglenS","Cl_kglenS","flowmu_m3s","flowav_m3s"
1,1,4825.77601852397,4765.02794764209,147715.9,2,3,31,141018909.742103,36129.3354835733,8.49792177215401,13.7537843911111
