"strata","dload.bi_kgd","dload.ub_kgd","tload_kglenS","degf","lenObs","lenStr","MSE_kglenS","Cl_kglenS","flowmu_m3s","flowav_m3s"
8,377.526110559794,377.526110559794,11703.2,9.80700497315124,31,31,7148.89586220355,60.3188790560725,1.03493336774194,1.03493336774194
