"strata","dload.bi_kgd","dload.ub_kgd","tload_kglenS","degf","lenObs","lenStr","MSE_kglenS","Cl_kglenS","flowmu_m3s","flowav_m3s"
1,5779.81259884523,5779.81259884523,161834.8,27,28,28,240261332.445471,6120.70633848993,7.53104571650286,7.53104571650286
2,5779.81259884523,5779.81259884523,161834.8,10.5318629011139,28,28,42517359.9266075,4446.39584047391,7.53104571650286,7.53104571650286
3,5779.81259884523,5779.81259884523,161834.8,6.50246124325136,28,28,42698985.5845032,6154.70100273972,7.53104571650286,7.53104571650286
4,5779.81259884523,5779.81259884523,161834.8,10.1671222023233,28,28,41860488.2767016,4511.0599477291,7.53104571650286,7.53104571650286
5,5779.81259884523,5779.81259884523,161834.8,10.1657231155286,28,28,41857916.519664,4511.31440545394,7.53104571650286,7.53104571650286
6,5779.81259884523,5779.81259884523,161834.8,10.171118255812,28,28,41870082.6922876,4510.45470626676,7.53104571650286,7.53104571650286
7,5779.81259884523,5779.81259884523,161834.8,6.29071595397724,28,28,42051708.3501833,6256.2510932922,7.53104571650286,7.53104571650286
8,5779.81259884523,5779.81259884523,161834.8,6.38013045940975,28,28,42509915.9144339,6225.98720382862,7.53104571650286,7.53104571650286
