"strata","dload.bi_kgd","dload.ub_kgd","tload_kglenS","degf","lenObs","lenStr","MSE_kglenS","Cl_kglenS","flowmu_m3s","flowav_m3s"
6,5490.53986609316,5490.53986609316,164716.3,2.71053571123546,30,30,118056881.085408,22330.5968761594,10.2976163813689,10.2976163813689
