"strata","dload.bi_kgd","dload.ub_kgd","tload_kglenS","degf","lenObs","lenStr","MSE_kglenS","Cl_kglenS","flowmu_m3s","flowav_m3s"
6,2638.60360174758,2639.92278603207,81837.6,2.30328435235459,21,31,2313954.51171846,3811.63482275121,7.10935136481541,8.4434868754185
