"strata","dload.bi_kgd","dload.ub_kgd","tload_kglenS","degf","lenObs","lenStr","MSE_kglenS","Cl_kglenS","flowmu_m3s","flowav_m3s"
1,2150.35947194385,2150.35947194385,66661.1,30,31,31,51218180.5728536,2668.48721413789,3.52072213333333,3.52072213333333
2,2150.35947194385,2150.35947194385,66661.1,14.8951540270185,31,31,23016919.621079,2651.19993799213,3.52072213333333,3.52072213333333
3,2150.35947194385,2150.35947194385,66661.1,13.8215845431882,31,31,22115763.6768015,2716.32900218029,3.52072213333333,3.52072213333333
4,2150.35947194385,2150.35947194385,66661.1,12.7144176506319,31,31,14504418.9263255,2312.71627925118,3.52072213333333,3.52072213333333
5,2150.35947194385,2150.35947194385,66661.1,11.0694227828488,31,31,13431665.9383167,2422.63151231098,3.52072213333333,3.52072213333333
6,2150.35947194385,2150.35947194385,66661.1,10.7742474390056,31,31,13572908.5395629,2476.68909511583,3.52072213333333,3.52072213333333
7,2150.35947194385,2150.35947194385,66661.1,10.7427155096101,31,31,13552990.1739232,2479.40897102772,3.52072213333333,3.52072213333333
8,2150.35947194385,2150.35947194385,66661.1,8.41101632093788,31,31,13614972.5935547,2909.12378414358,3.52072213333333,3.52072213333333
9,2150.35947194385,2150.35947194385,66661,8.62290278451598,31,31,14112101.0837788,2913.36304530859,3.52072213333333,3.52072213333333
