"strata","dload.bi_kgd","dload.ub_kgd","tload_kglenS","degf","lenObs","lenStr","MSE_kglenS","Cl_kglenS","flowmu_m3s","flowav_m3s"
1,1.49145085879094,1.49160870158135,46.2,27,28,31,11.4430660210065,1.33576729028449,0.125123718193548,0.124725390857143
2,1.51517053207071,1.51565405644355,47,17.5221619695889,28,31,9.84651401714278,1.57800000694933,0.125123718193548,0.124751032567742
3,1.57407620587675,1.57398739444682,48.8,23.0296351545071,28,31,2.98083324921123,0.744188585279019,0.125123718193548,0.126242688516129
4,1.57407620587675,1.57398739444682,48.8,21.104857784233,28,31,2.61503268499661,0.73181056993786,0.125123718193548,0.126242688516129
5,1.57645684896957,1.57656292933289,48.9,19.0203817599576,28,31,2.42703639910055,0.747603373643361,0.125123718193548,0.125315541677419
6,1.57407620587675,1.57398739444682,48.8,15.6196466061833,28,31,2.08926325894889,0.77685090404855,0.125123718193548,0.126242688516129
7,1.57645684896957,1.57656292933289,48.9,13.6340504025399,28,31,1.90126697305282,0.802949037567011,0.125123718193548,0.125315541677419
8,1.57645684896957,1.57656292933289,48.9,14.2175478130439,28,31,2.0443644732465,0.812134316777516,0.125123718193548,0.125315541677419
9,1.5838563526674,1.58406851339404,49.2,11.690098604593,28,31,4.90441720140459,1.41541241672738,0.125123718193548,0.125315541677419
