"strata","dload.bi_kgd","dload.ub_kgd","tload_kglenS","degf","lenObs","lenStr","MSE_kglenS","Cl_kglenS","flowmu_m3s","flowav_m3s"
8,1192.12435593221,1196.11071015495,37079.5,2.08653189757228,29,31,908619.225774544,2729.41458646277,1.95645353158793,1.64524211033692
