"strata","dload.bi_kgd","dload.ub_kgd","tload_kglenS","degf","lenObs","lenStr","MSE_kglenS","Cl_kglenS","flowmu_m3s","flowav_m3s"
4,1553.57751788063,1553.57751788063,46607.3,11.1833417310586,30,30,1259368.7851643,737.122754291819,3.54015123370667,3.54015123370667
