"strata","dload.bi_kgd","dload.ub_kgd","tload_kglenS","degf","lenObs","lenStr","MSE_kglenS","Cl_kglenS","flowmu_m3s","flowav_m3s"
8,4170.06757441486,4170.06757441486,129272.1,13.5953477727778,31,31,6287231.96174147,1462.62444797503,5.37060082580645,5.37060082580645
