"strata","dload.bi_kgd","dload.ub_kgd","tload_kglenS","degf","lenObs","lenStr","MSE_kglenS","Cl_kglenS","flowmu_m3s","flowav_m3s"
1,1002.87671425536,1002.87671425536,30086.3,29,30,30,187321400.057175,5198.00600700041,2.03317770311111,2.03317770311111
2,1002.87671425536,1002.87671425536,30086.3,3.02998632905291,30,30,95190870.7104748,17738.2286203508,2.03317770311111,2.03317770311111
3,1002.87671425536,1002.87671425536,30086.3,3.01527085862199,30,30,94959361.0908853,17808.3377789242,2.03317770311111,2.03317770311111
4,1002.87671425536,1002.87671425536,30086.3,3.00247483207343,30,30,94757591.571886,17870.0560192986,2.03317770311111,2.03317770311111
5,1002.87671425536,1002.87671425536,30086.3,3.00197852779178,30,30,94749759.5050028,17872.4643416353,2.03317770311111,2.03317770311111
6,1002.87671425536,1002.87671425536,30086.2,3.0015297442816,30,30,94742676.6718327,17874.6429828686,2.03317770311111,2.03317770311111
7,1002.87671425536,1002.87671425536,30086.2,3.00145059123805,30,30,94741427.4322136,17875.027329392,2.03317770311111,2.03317770311111
8,1002.87671425536,1002.87671425536,30086.2,3.00142304400805,30,30,94740992.6629672,17875.1610980762,2.03317770311111,2.03317770311111
9,1002.87671425536,1002.87671425536,30086.2,3.00141911561149,30,30,94740930.6623008,17875.1801745584,2.03317770311111,2.03317770311111
