"strata","dload.bi_kgd","dload.ub_kgd","tload_kglenS","degf","lenObs","lenStr","MSE_kglenS","Cl_kglenS","flowmu_m3s","flowav_m3s"
1,77.9859944722714,77.9859944722714,2339.6,29,30,30,6444.51852330385,30.488658628027,0.3760895792,0.3760895792
2,77.9859944722714,77.9859944722714,2339.6,23.130569210879,30,30,5126.04901282241,30.7858534854827,0.3760895792,0.3760895792
3,77.9859944722714,77.9859944722714,2339.5,21.9198629047376,30,30,1893.51458053455,19.2792283214499,0.3760895792,0.3760895792
4,77.9859944722714,77.9859944722714,2339.5,23.4886065282837,30,30,1396.12960627992,15.9302731091778,0.3760895792,0.3760895792
5,77.9859944722714,77.9859944722714,2339.5,20.4042598223813,30,30,909.569285587763,13.9095431265418,0.3760895792,0.3760895792
6,77.9859944722714,77.9859944722714,2339.6,16.9389749256881,30,30,743.164086359342,13.9785617477581,0.3760895792,0.3760895792
7,77.9859944722714,77.9859944722714,2339.6,14.221853589957,30,30,662.117444926802,14.6129645198235,0.3760895792,0.3760895792
8,77.9859944722714,77.9859944722714,2339.6,13.2641598199747,30,30,644.642886170962,15.0303513228626,0.3760895792,0.3760895792
9,77.9859944722714,77.9859944722714,2339.6,12.9173701137,30,30,655.433969060049,15.3988315461238,0.3760895792,0.3760895792
