"strata","dload.bi_kgd","dload.ub_kgd","tload_kglenS","degf","lenObs","lenStr","MSE_kglenS","Cl_kglenS","flowmu_m3s","flowav_m3s"
8,714.283527992832,714.283527992832,21428.5,11.4289372641014,30,30,73953.4283567959,176.241605788065,2.28066653511111,2.28066653511111
