"strata","dload.bi_kgd","dload.ub_kgd","tload_kglenS","degf","lenObs","lenStr","MSE_kglenS","Cl_kglenS","flowmu_m3s","flowav_m3s"
1,526.827680593228,527.443539024701,16350.7,29,30,31,20213724.5149227,1707.52177544335,0.826667870967742,0.8211872
2,517.33998561022,517.42128194066,16040.1,20.3145533615056,30,31,1361334.2576189,539.454139571564,0.826667870967742,0.81582949280397
3,526.239121407779,526.810540972907,16331.1,4.89746300208566,30,31,774044.377546148,1028.41713299462,0.826667870967742,0.834584395698925
4,526.239121407779,526.810540972907,16331.1,4.89619785204915,30,31,773944.418180824,1028.56552607787,0.826667870967742,0.834584395698925
5,526.239121407779,526.810540972907,16331.2,4.89449434739676,30,31,773809.763808751,1028.76544288496,0.826667870967742,0.834584395698925
6,526.239121407779,526.810540972907,16331.2,4.893976587737,30,31,773768.818175115,1028.82622623007,0.826667870967742,0.834584395698925
7,526.239121407779,526.810540972907,16331.2,4.8945003277769,30,31,773810.251354063,1028.76475060631,0.826667870967742,0.834584395698925
8,526.239121407779,526.810540972907,16331.1,4.89504670857558,30,31,773853.462186633,1028.70062564839,0.826667870967742,0.834584395698925
9,526.239121407779,526.810540972907,16331,4.89682185078308,30,31,773994.134419009,1028.49259893287,0.826667870967742,0.834584395698925
