"strata","dload.bi_kgd","dload.ub_kgd","tload_kglenS","degf","lenObs","lenStr","MSE_kglenS","Cl_kglenS","flowmu_m3s","flowav_m3s"
6,1868.72710367918,1866.04475916623,57847.3,8.17565888392818,25,31,4758012.35850563,1752.62744466507,7.21850038709677,7.03275131354839
