"strata","dload.bi_kgd","dload.ub_kgd","tload_kglenS","degf","lenObs","lenStr","MSE_kglenS","Cl_kglenS","flowmu_m3s","flowav_m3s"
8,2461.5723897392,2460.04058918323,76261.3,6.02839262154601,30,31,10789032.6697682,3269.7397782822,16.0976136292473,15.5059143019355
