"strata","dload.bi_kgd","dload.ub_kgd","tload_kglenS","degf","lenObs","lenStr","MSE_kglenS","Cl_kglenS","flowmu_m3s","flowav_m3s"
7,15.3598575524571,15.3583335693805,460.7,3.18088447951368,25,30,264.707832273658,28.1195976212824,0.0561616533333333,0.0558312906666667
