"strata","dload.bi_kgd","dload.ub_kgd","tload_kglenS","degf","lenObs","lenStr","MSE_kglenS","Cl_kglenS","flowmu_m3s","flowav_m3s"
1,4611.33009570519,4611.33009570519,142951.2,30,31,31,35959872.3101499,2235.950183088,16.8917324043011,16.8917324043011
2,4611.33009570519,4611.33009570519,142951.2,22.7433017625896,31,31,16044191.375288,1738.56961559868,16.8917324043011,16.8917324043011
3,4611.33009570519,4611.33009570519,142951.2,16.211694514632,31,31,11041668.6792209,1747.66793443504,16.8917324043011,16.8917324043011
4,4611.33009570519,4611.33009570519,142951.3,14.2801004500433,31,31,10145684.7638199,1804.5154281821,16.8917324043011,16.8917324043011
5,4611.33009570519,4611.33009570519,142951.2,12.2337956261522,31,31,8998003.5026563,1864.63011956365,16.8917324043011,16.8917324043011
6,4611.33009570519,4611.33009570519,142951.2,9.40439295807369,31,31,8191222.41253797,2097.45367081892,16.8917324043011,16.8917324043011
7,4611.33009570519,4611.33009570519,142951.2,7.2645302718294,31,31,7231409.42882608,2341.92357332741,16.8917324043011,16.8917324043011
8,4611.33009570519,4611.33009570519,142951.3,7.1787570070906,31,31,7188256.43125883,2354.29632601485,16.8917324043011,16.8917324043011
9,4611.33009570519,4611.33009570519,142951.3,7.14945966812991,31,31,7371257.31634472,2390.88522700622,16.8917324043011,16.8917324043011
