"strata","dload.bi_kgd","dload.ub_kgd","tload_kglenS","degf","lenObs","lenStr","MSE_kglenS","Cl_kglenS","flowmu_m3s","flowav_m3s"
6,593.24121880889,593.985525381885,18413.6,4.2513029527298,29,31,258803.425250387,669.357290669778,1.26792733221677,1.36840710683527
