"strata","dload.bi_kgd","dload.ub_kgd","tload_kglenS","degf","lenObs","lenStr","MSE_kglenS","Cl_kglenS","flowmu_m3s","flowav_m3s"
1,11.6618593758968,11.6618593758968,361.5,30,31,31,2191.37667469315,17.4546670944557,0.125141987096774,0.125141987096774
2,11.6618593758968,11.6618593758968,361.5,28.0737476836252,31,31,1059.96264751754,12.5851956346235,0.125141987096774,0.125141987096774
3,11.6618593758968,11.6618593758968,361.6,23.8519509428432,31,31,1058.65253444534,13.7545310544736,0.125141987096774,0.125141987096774
4,11.6618593758968,11.6618593758968,361.6,2.29410509151288,31,31,985.869567578948,79.0851658322824,0.125141987096774,0.125141987096774
5,11.6618593758968,11.6618593758968,361.6,2.28373952871493,31,31,983.63702870895,79.4629626316002,0.125141987096774,0.125141987096774
6,11.6618593758968,11.6618593758968,361.6,2.2753490253844,31,31,981.82728173326,79.7726750910521,0.125141987096774,0.125141987096774
7,11.6618593758968,11.6618593758968,361.6,2.27674010273133,31,31,982.130164462869,79.7211918891808,0.125141987096774,0.125141987096774
8,11.6618593758968,11.6618593758968,361.6,2.27813805864306,31,31,982.433486492649,79.6695117495051,0.125141987096774,0.125141987096774
9,11.6618593758968,11.6618593758968,361.5,2.28518928886207,31,31,983.958106482618,79.4101520829105,0.125141987096774,0.125141987096774
