"strata","dload.bi_kgd","dload.ub_kgd","tload_kglenS","degf","lenObs","lenStr","MSE_kglenS","Cl_kglenS","flowmu_m3s","flowav_m3s"
1,2365.49536377709,2365.49536377709,73330.4,30,31,31,13044667.6385837,1346.69597449722,2.97496970659785,2.97496970659785
2,2365.49536377709,2365.49536377709,73330.4,28.9841569709924,31,31,4579127.66203744,812.949239676781,2.97496970659785,2.97496970659785
3,2365.49536377709,2365.49536377709,73330.4,15.0874666718149,31,31,2606774.10405963,885.521996952988,2.97496970659785,2.97496970659785
4,2365.49536377709,2365.49536377709,73330.3,13.4403479223654,31,31,2156547.43166072,862.497288502464,2.97496970659785,2.97496970659785
5,2365.49536377709,2365.49536377709,73330.3,13.3879789071703,31,31,2152205.97146897,863.643449565944,2.97496970659785,2.97496970659785
6,2365.49536377709,2365.49536377709,73330.3,13.3689263725361,31,31,2150784.71258339,864.094472172538,2.97496970659785,2.97496970659785
7,2365.49536377709,2365.49536377709,73330.4,12.3906667303041,31,31,2192307.44541133,913.286101764773,2.97496970659785,2.97496970659785
8,2365.49536377709,2365.49536377709,73330.3,10.0348710755441,31,31,2296138.53372872,1065.32193571124,2.97496970659785,2.97496970659785
9,2365.49536377709,2365.49536377709,73330.4,3.25253911260209,31,31,2442514.99635952,2640.5688714394,2.97496970659785,2.97496970659785
