"strata","dload.bi_kgd","dload.ub_kgd","tload_kglenS","degf","lenObs","lenStr","MSE_kglenS","Cl_kglenS","flowmu_m3s","flowav_m3s"
1,4699.7283402575,4701.07527848879,145733.3,29,30,31,75288479.3680682,3295.39396720755,5.17552441147527,5.23565251265778
2,4708.44647712085,4709.54228271753,145995.9,10.892442230707,30,31,36420708.0403082,4029.50918372058,5.17552441147527,5.45017746944282
3,4700.05510184263,4700.48286779397,145714.9,6.67230506117069,30,31,28327122.0613469,4921.13357651428,5.17552441147527,5.22744550729061
4,4718.62224402944,4718.7827348553,146282.2,4.29832992699852,30,31,22246150.5029256,6147.163557133,5.17552441147527,5.29036030129893
5,4718.62224402944,4718.7827348553,146282.1,3.90655343211511,30,31,21198549.1134532,6529.10495522286,5.17552441147527,5.29036030129892
6,4718.62224402944,4718.7827348553,146282.1,3.78818938495398,30,31,20872587.8808198,6663.46349516452,5.17552441147527,5.29036030129892
7,4718.62224402944,4718.7827348553,146282.1,3.78608714754903,30,31,20866795.9125301,6665.94951888742,5.17552441147527,5.29036030129892
8,4718.62224402944,4718.7827348553,146282.1,3.77384938397841,30,31,20833022.5951393,6680.48494029109,5.17552441147527,5.29036030129892
9,4718.62224402944,4718.7827348553,146282.2,4.31151623701572,30,31,22348867.3013587,6145.12187278097,5.17552441147527,5.29036030129892
