"strata","dload.bi_kgd","dload.ub_kgd","tload_kglenS","degf","lenObs","lenStr","MSE_kglenS","Cl_kglenS","flowmu_m3s","flowav_m3s"
1,1172.46351709737,1172.32055070984,36341.9,29,30,31,9296777.74255329,1158.00198469862,3.62388967466667,3.73847517902222
2,1172.71650614681,1172.96501296056,36361.9,9.67578644117503,30,31,5617701.67320016,1705.51123506396,3.62388967466667,3.68026856399669
3,1170.6173904169,1170.61777977926,36289.2,9.39795303190765,30,31,4993089.97866246,1638.30461433983,3.62388967466667,3.62279031654902
4,1170.6173904169,1170.61777977926,36289.1,3.61331351926422,30,31,3292037.40525008,2765.82538272582,3.62388967466667,3.62279031654902
5,1170.63544955914,1170.63599689511,36289.7,3.61330700774554,30,31,3292034.43909368,2765.82885860173,3.62388967466667,3.62343995516559
6,1170.63544955914,1170.63599689511,36289.6,3.61330118918824,30,31,3292031.7884884,2765.83196454002,3.62388967466667,3.62343995516559
7,1170.64215001272,1170.64286958533,36289.8,3.61330963980218,30,31,3292035.63825055,2765.82745367691,3.62388967466667,3.62359128258064
8,1170.65686405638,1170.65804380577,36290.2,3.61333279745187,30,31,3292046.18817805,2765.81509256818,3.62388967466667,3.62400781357419
9,1170.65686405638,1170.65804380577,36290.3,3.79461861000509,30,31,3392293.88474637,2682.13149643397,3.62388967466667,3.62400781357419
