"strata","dload.bi_kgd","dload.ub_kgd","tload_kglenS","degf","lenObs","lenStr","MSE_kglenS","Cl_kglenS","flowmu_m3s","flowav_m3s"
7,5799.55347720132,5800.17225520423,179805.4,2.32444632305273,26,31,37636433.9568632,15191.7833936964,4.78604844567742,4.63073962764731
