"strata","dload.bi_kgd","dload.ub_kgd","tload_kglenS","degf","lenObs","lenStr","MSE_kglenS","Cl_kglenS","flowmu_m3s","flowav_m3s"
7,4561.41295128576,4561.41295128576,136842.3,10.5168497055668,30,30,15856971.7583628,2717.84214417913,11.0112236533333,11.0112236533333
