"strata","dload.bi_kgd","dload.ub_kgd","tload_kglenS","degf","lenObs","lenStr","MSE_kglenS","Cl_kglenS","flowmu_m3s","flowav_m3s"
1,2779.33550090607,2779.29911880764,86158.3,28,29,31,8713529.77310721,1142.70552024761,5.01916345686022,5.20452205885057
2,2790.24053941873,2790.04689307279,86491.4,23.5205231354818,29,31,7526177.08241815,1168.74780958993,5.01916345686022,5.13231190898925
3,2791.37138784687,2790.47231724556,86504.7,24.5007773956552,29,31,6186224.41781842,1035.95701800338,5.01916345686021,5.20305640984086
4,2791.37138784687,2790.47231724556,86504.7,15.8028168858754,29,31,3339956.21513793,975.57396857089,5.01916345686022,5.20305640984086
5,2791.37138784687,2790.47231724556,86504.7,13.299992901034,29,31,2995204.23915908,1022.87028387642,5.01916345686022,5.20305640984086
6,2791.37138784687,2790.47231724556,86504.7,10.822376637839,29,31,2928545.5343775,1147.23435460151,5.01916345686022,5.20305640984086
7,2791.37138784687,2790.47231724556,86504.7,10.3693313037245,29,31,2864738.52068585,1165.5118679383,5.01916345686022,5.20305640984086
8,2791.37138784687,2790.47231724556,86504.7,10.3678772507573,29,31,2864577.48964052,1165.58211963463,5.01916345686022,5.20305640984086
9,2791.42855656046,2791.71963835184,86543.2,3.27311651280801,29,31,4670517.68069661,3628.26625430155,5.01916345686022,4.99686626047312
