"strata","dload.bi_kgd","dload.ub_kgd","tload_kglenS","degf","lenObs","lenStr","MSE_kglenS","Cl_kglenS","flowmu_m3s","flowav_m3s"
8,408.4378788958,408.4378788958,12253,6.30324129603125,30,30,297834.426465918,525.750804226547,0.705097570154667,0.705097570154667
