"strata","dload.bi_kgd","dload.ub_kgd","tload_kglenS","degf","lenObs","lenStr","MSE_kglenS","Cl_kglenS","flowmu_m3s","flowav_m3s"
8,2051.61949254221,2051.61949254221,61548.4,8.34149811813509,30,30,2607169.62693406,1280.07763166789,11.9023490231556,11.9023490231556
