"strata","dload.bi_kgd","dload.ub_kgd","tload_kglenS","degf","lenObs","lenStr","MSE_kglenS","Cl_kglenS","flowmu_m3s","flowav_m3s"
6,4580.68998728681,4566.76206898506,137002.9,8.63841939104831,24,30,69921891.7164921,6477.24319507207,13.3918044440889,16.6771148606222
