"strata","dload.bi_kgd","dload.ub_kgd","tload_kglenS","degf","lenObs","lenStr","MSE_kglenS","Cl_kglenS","flowmu_m3s","flowav_m3s"
1,5179.67981844728,5179.67981844728,160570.1,30,31,31,324291902.992593,6714.61483135583,8.52731506236559,8.52731506236559
2,5179.67981844728,5179.67981844728,160570.1,28.8936051280933,31,31,190149609.193195,5247.57192285445,8.52731506236559,8.52731506236559
3,5179.67981844728,5179.67981844728,160570.1,4.5414955955412,31,31,101159976.499259,12509.9378046952,8.52731506236559,8.52731506236559
4,5179.67981844728,5179.67981844728,160570.1,4.47847643120879,31,31,100454510.236193,12613.5326319349,8.52731506236559,8.52731506236559
5,5179.67981844728,5179.67981844728,160570.1,4.46079752979179,31,31,100255950.068497,12643.2125745743,8.52731506236559,8.52731506236559
6,5179.67981844728,5179.67981844728,160570.1,4.4467995435179,31,31,100098417.708552,12666.903201077,8.52731506236559,8.52731506236559
7,5179.67981844728,5179.67981844728,160570.1,4.44665058848322,31,31,100096742.773856,12667.1563927412,8.52731506236559,8.52731506236559
8,5179.67981844728,5179.67981844728,160570.1,4.44576865381749,31,31,100086814.179916,12668.6551938964,8.52731506236559,8.52731506236559
9,5179.67981844728,5179.67981844728,160570.1,4.44619588552835,31,31,100091628.816833,12667.9293576609,8.52731506236559,8.52731506236559
