"strata","dload.bi_kgd","dload.ub_kgd","tload_kglenS","degf","lenObs","lenStr","MSE_kglenS","Cl_kglenS","flowmu_m3s","flowav_m3s"
4,609.849461540157,609.955265197936,18908.6,8.35535045191758,23,31,813910.840582575,714.430923411124,1.04921532642409,1.02517266827584
