"strata","dload.bi_kgd","dload.ub_kgd","tload_kglenS","degf","lenObs","lenStr","MSE_kglenS","Cl_kglenS","flowmu_m3s","flowav_m3s"
8,230.214235754942,230.214235754942,7136.6,8.64917509574996,31,31,12856.1110767043,87.7570526979684,1.19196981505376,1.19196981505376
