"strata","dload.bi_kgd","dload.ub_kgd","tload_kglenS","degf","lenObs","lenStr","MSE_kglenS","Cl_kglenS","flowmu_m3s","flowav_m3s"
9,4315.53657023993,4305.20325665761,133461.3,6.18470677131898,29,31,50615497.6424642,6949.67506033822,20.7828495474581,21.3365635622194
