"strata","dload.bi_kgd","dload.ub_kgd","tload_kglenS","degf","lenObs","lenStr","MSE_kglenS","Cl_kglenS","flowmu_m3s","flowav_m3s"
1,13.5957924221641,13.5973905676519,421.5,29,30,31,768.12848848554,10.5259188095032,0.0808398967741936,0.07928704
2,13.6929083458065,13.6933771660436,424.5,18.5349312081976,30,31,456.329921769137,10.4029449511234,0.0808398967741935,0.0801145138519924
3,13.8032772545747,13.803793936938,428,22.7844441649605,30,31,148.206199517869,5.27873652247763,0.0808398967741936,0.0799679718475073
4,13.8290100247442,13.8295672391633,428.8,22.2692009641964,30,31,100.738220728307,4.40780829994251,0.0808398967741935,0.0798757046594982
5,13.7945351627911,13.7950530273493,427.7,20.4069304970818,30,31,87.1004410844848,4.30400890942587,0.0808398967741936,0.0806876559139785
6,13.7945351627911,13.7950530273493,427.6,18.724715211877,30,31,84.6066236329016,4.4534966031778,0.0808398967741936,0.0806876559139785
7,13.7945351627911,13.7950530273493,427.6,11.8755213098879,30,31,72.2619470897979,5.38088292488944,0.0808398967741936,0.0806876559139785
8,13.8605753397025,13.8613536543962,429.6,11.2453632951001,30,31,71.0283291121148,5.51685169701257,0.0808398967741936,0.0810682580645161
9,13.8605753397025,13.8613536543962,429.6,11.2259482269198,30,31,70.9668758001694,5.5203680477892,0.0808398967741936,0.0810682580645161
