"strata","dload.bi_kgd","dload.ub_kgd","tload_kglenS","degf","lenObs","lenStr","MSE_kglenS","Cl_kglenS","flowmu_m3s","flowav_m3s"
1,4068.88027717187,4064.79742189685,126008.7,26,27,31,208995603.339766,5827.8129203819,10.444934848,7.18309119288889
2,3162.70078199787,3156.17972127187,97841.5,18.9446769847207,27,31,54923786.6161854,3564.48423767328,10.444934848,6.78914185546823
3,3162.70078199787,3156.17972127187,97841.5,6.01134259990929,27,31,23864529.4381254,4873.15713843084,10.444934848,6.78914185546823
4,3129.25281075161,3123.7457049466,96836.1,4.44263186267213,27,31,20229918.5579005,5699.00048281406,10.444934848,7.10529306850179
5,3129.25281075161,3123.7457049466,96836.1,3.15703783980008,27,31,16947067.8280329,7170.20308018142,10.444934848,7.10529306850179
6,3129.25281075161,3123.7457049466,96836.1,3.11758670283176,27,31,16840670.4647878,7241.24255916687,10.444934848,7.10529306850179
7,3128.43670011226,3122.16700344186,96787.2,3.10490068546121,27,31,16853484.6271622,7274.7838374094,10.444934848,7.25977227533763
8,3128.43670011226,3122.16700344186,96787.2,4.25788371383105,27,31,20431068.3227075,5939.32442297254,10.444934848,7.25977227533763
