"strata","dload.bi_kgd","dload.ub_kgd","tload_kglenS","degf","lenObs","lenStr","MSE_kglenS","Cl_kglenS","flowmu_m3s","flowav_m3s"
1,3353.12157118208,3353.12157118208,100593.6,29,30,30,49147413.9423185,2662.52328738582,2.51925130666667,2.51925130666667
2,3353.12157118208,3353.12157118208,100593.6,12.2469601109335,30,30,45293279.9443139,4180.73139988764,2.51925130666667,2.51925130666667
3,3353.12157118208,3353.12157118208,100593.7,11.0896214608549,30,30,43056288.7621061,4332.60411814472,2.51925130666667,2.51925130666667
4,3353.12157118208,3353.12157118208,100593.6,8.46988715806497,30,30,31921305.2702423,4433.8733052128,2.51925130666667,2.51925130666667
5,3353.12157118208,3353.12157118208,100593.6,7.68798166229188,30,30,30388215.7669385,4617.24412003926,2.51925130666667,2.51925130666667
6,3353.12157118208,3353.12157118208,100593.6,7.63552621574877,30,30,30284159.0429991,4630.93051947816,2.51925130666667,2.51925130666667
7,3353.12157118208,3353.12157118208,100593.7,7.6228793463983,30,30,30259055.662313,4634.26013924504,2.51925130666667,2.51925130666667
8,3353.12157118208,3353.12157118208,100593.7,7.62140034688502,30,30,30256119.7058866,4634.65030341534,2.51925130666667,2.51925130666667
9,3353.12157118208,3353.12157118208,100593.7,5.76693068620096,30,30,30723984.446466,5703.66485960676,2.51925130666667,2.51925130666667
