"strata","dload.bi_kgd","dload.ub_kgd","tload_kglenS","degf","lenObs","lenStr","MSE_kglenS","Cl_kglenS","flowmu_m3s","flowav_m3s"
1,4145.23129024387,4122.88793012807,115440.9,21,22,28,280384999.713875,7598.89494611817,11.5660126353714,11.7354388991273
2,3818.64430773425,3783.19938014062,105929.6,17.9540138306205,22,28,240775469.001732,7695.11330464753,11.5660126353714,11.2257412461752
3,3834.05360531447,3812.56434835812,106751.8,8.6105043900626,22,28,94714445.8437617,7554.73704532292,11.5660126353714,10.7215694387613
4,4031.95527494706,4018.43769423396,112516.3,5.54824946812969,22,28,72733168.5032089,9037.27818288209,11.5660126353714,10.1260576177465
5,4401.74986440589,4402.16771097603,123260.7,3.97913299356778,22,28,60964801.7648372,10890.1331117532,11.5660126353714,9.54598111902857
6,4410.03636258459,4410.60491614604,123496.9,3.94038833361528,22,28,60793471.1292771,10970.9373015452,11.5660126353714,9.62804320542857
