"strata","dload.bi_kgd","dload.ub_kgd","tload_kglenS","degf","lenObs","lenStr","MSE_kglenS","Cl_kglenS","flowmu_m3s","flowav_m3s"
1,487.480592332027,487.480592332027,15111.9,30,31,31,2458684.43101571,584.661435272569,1.37013957737634,1.37013957737634
2,487.480592332027,487.480592332027,15111.9,13.9768194888805,31,31,1065628.14818478,592.311748965859,1.37013957737634,1.37013957737634
3,487.480592332027,487.480592332027,15111.9,8.13047568014212,31,31,711093.742763454,680.070136638836,1.37013957737634,1.37013957737634
4,487.480592332027,487.480592332027,15111.9,3.89549534517464,31,31,556881.704997448,1060.95839032121,1.37013957737634,1.37013957737634
5,487.480592332027,487.480592332027,15111.9,2.65597498353411,31,31,455936.94791731,1420.65434898586,1.37013957737634,1.37013957737634
6,487.480592332027,487.480592332027,15111.9,2.35228434795047,31,31,428530.089268177,1596.51937631941,1.37013957737634,1.37013957737634
7,487.480592332027,487.480592332027,15111.9,2.27865436445488,31,31,421744.429339396,1650.19996762549,1.37013957737634,1.37013957737634
8,487.480592332027,487.480592332027,15111.8,2.2428777948665,31,31,418398.086224555,1678.22507616644,1.37013957737634,1.37013957737634
9,487.480592332027,487.480592332027,15111.8,2.23719291490261,31,31,417867.242026932,1682.81222116737,1.37013957737634,1.37013957737634
