"strata","dload.bi_kgd","dload.ub_kgd","tload_kglenS","degf","lenObs","lenStr","MSE_kglenS","Cl_kglenS","flowmu_m3s","flowav_m3s"
1,30.34523432448,30.34523432448,910.4,29,30,30,12672.5143339328,42.7537757604295,0.1628216,0.1628216
2,30.34523432448,30.34523432448,910.4,4.16060200163406,30,30,2197.02837509834,62.8415701050199,0.1628216,0.1628216
3,30.34523432448,30.34523432448,910.3,2.61977023002295,30,30,1733.72571623781,89.0194391589251,0.1628216,0.1628216
4,30.34523432448,30.34523432448,910.4,2.51990352766083,30,30,1700.13531877376,92.3278161999825,0.1628216,0.1628216
5,30.34523432448,30.34523432448,910.4,2.43647933692917,30,30,1671.65537145492,95.402190358185,0.1628216,0.1628216
6,30.34523432448,30.34523432448,910.4,2.39707138109363,30,30,1658.04757808708,96.9660272375648,0.1628216,0.1628216
7,30.34523432448,30.34523432448,910.4,2.34996033140563,30,30,1641.61822063051,98.9388754028757,0.1628216,0.1628216
8,30.34523432448,30.34523432448,910.4,2.33748688941565,30,30,1637.25043984635,99.48162785232,0.1628216,0.1628216
9,30.34523432448,30.34523432448,910.4,2.34094014418583,30,30,1638.46223590855,99.3305368134085,0.1628216,0.1628216
