"strata","dload.bi_kgd","dload.ub_kgd","tload_kglenS","degf","lenObs","lenStr","MSE_kglenS","Cl_kglenS","flowmu_m3s","flowav_m3s"
7,716.963818749477,716.963818749477,22225.8,11.1629956844125,31,31,601958.060413861,510.195632886807,1.45361345416946,1.45361345416946
