"strata","dload.bi_kgd","dload.ub_kgd","tload_kglenS","degf","lenObs","lenStr","MSE_kglenS","Cl_kglenS","flowmu_m3s","flowav_m3s"
7,2121.16917722013,2121.16917722013,65756.3,7.06828787343113,31,31,862507.551721763,824.397243073297,5.49361144086022,5.49361144086022
