"strata","dload.bi_kgd","dload.ub_kgd","tload_kglenS","degf","lenObs","lenStr","MSE_kglenS","Cl_kglenS","flowmu_m3s","flowav_m3s"
1,162.73251052308,162.877279841992,5049.2,28,29,31,377200.119413531,237.751451175968,0.718853938580645,0.70326237462069
2,159.693507188505,159.739996062493,4952,25.784865611126,29,31,104961.529380113,131.199665510118,0.718853938580645,0.694321612148883
3,162.620145214392,162.653801897446,5042.3,13.2592854689614,29,31,55909.0544644304,140.005887976597,0.718853938580645,0.705533097528536
4,166.811440345292,166.966756364561,5176,12.0947296677137,29,31,36944.4859702762,120.314932090119,0.718853938580645,0.708532008258065
5,167.508361812192,167.704260718759,5198.9,7.61533554652717,29,31,28855.5833893253,143.206182267584,0.718853938580645,0.711741245591398
6,167.508361812192,167.704260718759,5198.9,7.27387640788357,29,31,28187.3352593985,146.08333173007,0.718853938580645,0.711741245591398
7,167.508361812192,167.704260718759,5198.8,7.25128696945201,29,31,28144.4405455872,146.28772509587,0.718853938580645,0.711741245591398
8,167.508361812192,167.704260718759,5198.8,7.26046729258222,29,31,28166.1720013348,146.215648477314,0.718853938580645,0.711741245591398
9,163.309570222312,163.500564465518,5068.7,3.51991359751083,29,31,96823.0215189887,486.340836753323,0.718853938580645,0.713629032258065
