"strata","dload.bi_kgd","dload.ub_kgd","tload_kglenS","degf","lenObs","lenStr","MSE_kglenS","Cl_kglenS","flowmu_m3s","flowav_m3s"
1,16.9661250636038,16.9661250636038,525.9,30,31,31,94.723156474558,3.6289512461788,0.0555722223948387,0.0555722223948387
2,16.9661250636038,16.9661250636038,525.9,28.6943925222495,31,31,33.6694226362097,2.2164725208184,0.0555722223948387,0.0555722223948387
3,16.9661250636038,16.9661250636038,525.9,27.6835087344377,31,31,20.8917607013195,1.78039748588457,0.0555722223948387,0.0555722223948387
4,16.9661250636038,16.9661250636038,525.9,19.9982133749224,31,31,13.4815522344751,1.71270881003282,0.0555722223948387,0.0555722223948387
5,16.9661250636038,16.9661250636038,525.9,16.7971461330605,31,31,11.9595906583608,1.78190519421665,0.0555722223948387,0.0555722223948387
6,16.9661250636038,16.9661250636038,525.9,12.7476351658917,31,31,11.6841780003371,2.07246336140028,0.0555722223948387,0.0555722223948387
7,16.9661250636038,16.9661250636038,526,12.4962988488063,31,31,11.6024409836257,2.09023160069302,0.0555722223948387,0.0555722223948387
8,16.9661250636038,16.9661250636038,526,12.5558336073591,31,31,11.6343422431637,2.08708480830735,0.0555722223948387,0.0555722223948387
9,16.9661250636038,16.9661250636038,525.8,12.9705806937852,31,31,12.8938922557915,2.15446934455071,0.0555722223948387,0.0555722223948387
