"strata","dload.bi_kgd","dload.ub_kgd","tload_kglenS","degf","lenObs","lenStr","MSE_kglenS","Cl_kglenS","flowmu_m3s","flowav_m3s"
8,181.489043003458,181.489043003458,5626.2,5.26546057884091,31,31,141024.200449581,414.388051894774,0.668641858064516,0.668641858064516
