"strata","dload.bi_kgd","dload.ub_kgd","tload_kglenS","degf","lenObs","lenStr","MSE_kglenS","Cl_kglenS","flowmu_m3s","flowav_m3s"
1,535.193921293122,536.751215372166,16639.3,24,25,31,2003627.06767438,596.336198630141,1.31330578064516,1.461996384
2,505.649262957213,505.651076646971,15675.1,13.0724493704887,25,31,1081396.00226198,621.007936352913,1.31330578064516,1.251025428739
3,505.649262957213,505.651076646971,15675.1,6.26061048865564,25,31,717074.732045001,819.833159673937,1.31330578064516,1.251025428739
4,505.649262957213,505.651076646971,15675.1,6.15057912196237,25,31,710710.137559002,826.865013009862,1.31330578064516,1.251025428739
5,509.199856758316,509.22850168882,15786.1,6.12960951433017,25,31,709499.895917759,828.239795258002,1.31330578064516,1.25758562580645
6,509.199856758316,509.22850168882,15786.1,6.12945427351131,25,31,709490.913181855,828.249999957474,1.31330578064516,1.25758562580645
7,524.098145063199,525.039950425135,16276.2,4.41868213149655,25,31,760033.856553598,1109.70828679701,1.31330578064516,1.3471032516129
