"strata","dload.bi_kgd","dload.ub_kgd","tload_kglenS","degf","lenObs","lenStr","MSE_kglenS","Cl_kglenS","flowmu_m3s","flowav_m3s"
1,255.234489861837,255.234489861837,7657,29,30,30,792118.682895386,338.016739192076,0.883175821511111,0.883175821511111
2,255.234489861837,255.234489861837,7657.1,5.29068826520752,30,30,684476.809160068,909.528988180014,0.883175821511111,0.883175821511111
3,255.234489861837,255.234489861837,7657,17.9522674057777,30,30,610802.770862764,387.599813508422,0.883175821511111,0.883175821511111
4,255.234489861837,255.234489861837,7657,3.69194531722302,30,30,568412.142985837,1126.21744181978,0.883175821511111,0.883175821511111
5,255.234489861837,255.234489861837,7657,3.25794886591538,30,30,533598.124161219,1232.13153437037,0.883175821511111,0.883175821511111
6,255.234489861837,255.234489861837,7657.1,3.2376073118246,30,30,531930.565446262,1238.02307140103,0.883175821511111,0.883175821511111
7,255.234489861837,255.234489861837,7657.1,3.22696729784559,30,30,531055.051555203,1241.14207194038,0.883175821511111,0.883175821511111
8,255.234489861837,255.234489861837,7657.1,3.23102777593904,30,30,531390.861464937,1239.95039511124,0.883175821511111,0.883175821511111
9,255.234489861837,255.234489861837,7657.1,3.24887152664637,30,30,532988.549824222,1234.90386737105,0.883175821511111,0.883175821511111
