"strata","dload.bi_kgd","dload.ub_kgd","tload_kglenS","degf","lenObs","lenStr","MSE_kglenS","Cl_kglenS","flowmu_m3s","flowav_m3s"
8,35.7087992432026,35.7087992432026,1071.3,2.57126071044989,30,30,12942.1589941964,248.650200000671,0.3849385792,0.3849385792
