"strata","dload.bi_kgd","dload.ub_kgd","tload_kglenS","degf","lenObs","lenStr","MSE_kglenS","Cl_kglenS","flowmu_m3s","flowav_m3s"
8,3403.0287156891,3403.0287156891,102090.8,8.09420302896977,30,30,21995638.8095643,3793.69322753551,15.6258542898844,15.6258542898844
