"strata","dload.bi_kgd","dload.ub_kgd","tload_kglenS","degf","lenObs","lenStr","MSE_kglenS","Cl_kglenS","flowmu_m3s","flowav_m3s"
7,52.6413649680691,52.6413649680691,1631.9,5.38520777101296,31,31,429.200175981476,22.4637497781993,0.263142907107097,0.263142907107097
