"strata","dload.bi_kgd","dload.ub_kgd","tload_kglenS","degf","lenObs","lenStr","MSE_kglenS","Cl_kglenS","flowmu_m3s","flowav_m3s"
7,602.407269816155,602.407269816155,18674.7,5.73199196110712,31,31,787270.214757171,917.211087038662,1.14043628387097,1.14043628387097
