"strata","dload.bi_kgd","dload.ub_kgd","tload_kglenS","degf","lenObs","lenStr","MSE_kglenS","Cl_kglenS","flowmu_m3s","flowav_m3s"
8,263.34841056493,263.34841056493,8163.8,7.17006032220351,31,31,51160.9895449875,198.785993475148,0.764040548301075,0.764040548301075
