"strata","dload.bi_kgd","dload.ub_kgd","tload_kglenS","degf","lenObs","lenStr","MSE_kglenS","Cl_kglenS","flowmu_m3s","flowav_m3s"
6,94.9521097153909,94.9541623171871,2943.5,2.22939659810309,28,31,28094.8363652908,438.373776166641,0.202797522694194,0.204124073429677
