"strata","dload.bi_kgd","dload.ub_kgd","tload_kglenS","degf","lenObs","lenStr","MSE_kglenS","Cl_kglenS","flowmu_m3s","flowav_m3s"
1,1472.07475777408,1472.07475777408,45634.3,30,31,31,7357891.63539613,1011.41582965433,6.14946360515441,6.14946360515441
2,1472.07475777408,1472.07475777408,45634.3,25.0803636634462,31,31,3577765.25854699,777.747057015444,6.14946360515441,6.14946360515441
3,1472.07475777408,1472.07475777408,45634.4,12.1591788970991,31,31,2968158.8784675,1074.93247074535,6.14946360515441,6.14946360515441
4,1472.07475777408,1472.07475777408,45634.3,2.62957157995505,31,31,2772788.13466235,3544.48149565813,6.14946360515441,6.14946360515441
5,1472.07475777408,1472.07475777408,45634.3,4.71924330106265,31,31,2656855.57671128,1963.79388586849,6.14946360515441,6.14946360515441
6,1472.07475777408,1472.07475777408,45634.3,4.24334170992019,31,31,2516563.57674199,2090.65430123085,6.14946360515441,6.14946360515441
7,1472.07475777408,1472.07475777408,45634.3,4.25175207404649,31,31,2519059.56703052,2088.10569993177,6.14946360515441,6.14946360515441
8,1472.07475777408,1472.07475777408,45634.3,4.34685370460276,31,31,2547924.20013547,2060.41421612525,6.14946360515441,6.14946360515441
9,1472.07475777408,1472.07475777408,45634.3,4.40170070495263,31,31,2568217.45419928,2046.58415248845,6.14946360515441,6.14946360515441
