"strata","dload.bi_kgd","dload.ub_kgd","tload_kglenS","degf","lenObs","lenStr","MSE_kglenS","Cl_kglenS","flowmu_m3s","flowav_m3s"
1,1741.27381096568,1741.27381096568,53979.5,30,31,31,87086969.2548312,3479.60255588553,3.11563965247312,3.11563965247312
2,1741.27381096568,1741.27381096568,53979.5,7.16091211104813,31,31,50742086.615892,6265.95298339636,3.11563965247312,3.11563965247312
3,1741.27381096568,1741.27381096568,53979.5,7.06445865598108,31,31,9287141.46451194,2706.20674399141,3.11563965247312,3.11563965247312
4,1741.27381096568,1741.27381096568,53979.4,4.34962739098826,31,31,7235103.77259252,3470.13618083583,3.11563965247312,3.11563965247312
5,1741.27381096568,1741.27381096568,53979.5,4.18602426627739,31,31,7097354.40144985,3552.74681276176,3.11563965247312,3.11563965247312
6,1741.27381096568,1741.27381096568,53979.5,4.16685552981853,31,31,7081078.73807284,3562.93500576916,3.11563965247312,3.11563965247312
7,1741.27381096568,1741.27381096568,53979.5,4.1622521138275,31,31,7077164.39350777,3565.3981798592,3.11563965247312,3.11563965247312
8,1741.27381096568,1741.27381096568,53979.5,4.16149831862325,31,31,7076523.51264107,3565.80220238715,3.11563965247312,3.11563965247312
9,1741.27381096568,1741.27381096568,53979.5,4.16105240671683,31,31,7076144.35648601,3566.04128257328,3.11563965247312,3.11563965247312
