"strata","dload.bi_kgd","dload.ub_kgd","tload_kglenS","degf","lenObs","lenStr","MSE_kglenS","Cl_kglenS","flowmu_m3s","flowav_m3s"
8,52.3320214543107,52.3320214543107,1570,6.90331099631037,30,30,1155.14041766828,30.6750441123613,0.300856314710507,0.300856314710507
