"strata","dload.bi_kgd","dload.ub_kgd","tload_kglenS","degf","lenObs","lenStr","MSE_kglenS","Cl_kglenS","flowmu_m3s","flowav_m3s"
7,1027.3235489645,1027.34819670851,31847.8,9.25750032411154,29,31,142756.457489263,279.727671991864,2.64971174619141,2.2956414535914
