"strata","dload.bi_kgd","dload.ub_kgd","tload_kglenS","degf","lenObs","lenStr","MSE_kglenS","Cl_kglenS","flowmu_m3s","flowav_m3s"
1,4578.04864868949,4578.04864868949,141919.5,30,31,31,60879906.4495959,2909.31027639581,10.216941067114,10.216941067114
2,4578.04864868949,4578.04864868949,141919.5,24.1173771480333,31,31,35231800.5557193,2493.89916581194,10.216941067114,10.216941067114
3,4578.04864868949,4578.04864868949,141919.4,15.370645880227,31,31,24292979.2264397,2673.97955832978,10.216941067114,10.216941067114
4,4578.04864868949,4578.04864868949,141919.5,15.2317683378777,31,31,24182256.3682695,2682.08829109386,10.216941067114,10.216941067114
5,4578.04864868949,4578.04864868949,141919.5,8.72608399310132,31,31,18449311.2580037,3305.10438645082,10.216941067114,10.216941067114
6,4578.04864868949,4578.04864868949,141919.5,8.15629796810825,31,31,16195991.0827069,3238.6986567896,10.216941067114,10.216941067114
7,4578.04864868949,4578.04864868949,141919.5,7.6024344562852,31,31,15612305.0102455,3334.91074856316,10.216941067114,10.216941067114
8,4578.04864868949,4578.04864868949,141919.5,7.56016772406539,31,31,15568711.1497989,3342.99450314223,10.216941067114,10.216941067114
9,4578.04864868949,4578.04864868949,141919.5,7.90624399465772,31,31,16240085.3810911,3311.81658167114,10.216941067114,10.216941067114
