"strata","dload.bi_kgd","dload.ub_kgd","tload_kglenS","degf","lenObs","lenStr","MSE_kglenS","Cl_kglenS","flowmu_m3s","flowav_m3s"
6,2495.10727204412,2495.10727204412,77348.4,4.57203097181227,31,31,11393281.1082638,4174.85311577766,6.75639761445161,6.75639761445161
