"strata","dload.bi_kgd","dload.ub_kgd","tload_kglenS","degf","lenObs","lenStr","MSE_kglenS","Cl_kglenS","flowmu_m3s","flowav_m3s"
1,55.2410818155778,55.2577013872198,1657.7,22,23,30,1826.95076643336,18.8988010546411,0.286670158897778,0.309632060503188
2,54.5682438703443,54.5721406850057,1637.1,20.6472645637669,23,30,1351.70071578825,16.8439400652694,0.286670158897778,0.288529624569363
3,53.9386802627923,53.9237386257416,1617.7,17.8317093609981,23,30,1090.80449621177,16.4429899598273,0.286670158897778,0.276189928159677
4,54.9857559160939,54.9794213173307,1649.3,11.4320062702271,23,30,746.929472807844,17.7091265512007,0.286670158897778,0.286050146830222
5,55.2711479523745,55.2723170077769,1658.2,10.1076414839305,23,30,697.929870818316,18.4882871841433,0.286670158897778,0.287879663815111
6,55.2711479523745,55.2723170077769,1658.1,7.62263281623642,23,30,696.819266709844,22.2393661092307,0.286670158897778,0.287879663815111
7,55.2711479523745,55.2723170077769,1658.2,6.09954999415862,23,30,742.499815909871,26.8906824487414,0.286670158897778,0.287879663815111
