"strata","dload.bi_kgd","dload.ub_kgd","tload_kglenS","degf","lenObs","lenStr","MSE_kglenS","Cl_kglenS","flowmu_m3s","flowav_m3s"
1,16.8374262670561,16.8464298971087,522.2,29,30,31,14141.8395426284,45.1643778567406,0.0997001035010753,0.0977628081066667
2,16.5066893130386,16.5078402358617,511.7,2.58489748825625,30,31,3045.75128621413,119.868418169375,0.0997001035010753,0.0973283262241338
3,16.7663113985712,16.7754040312701,520.1,2.30329980198744,30,31,2879.74232967292,134.464275659143,0.0997001035010753,0.0993306656802867
4,16.7663113985712,16.7754040312701,520.1,2.28827181144824,30,31,2870.32806609011,135.391150954788,0.0997001035010753,0.0993306656802867
5,16.7663113985712,16.7754040312701,520,2.28800754875335,30,31,2870.1623716722,135.407618998695,0.0997001035010753,0.0993306656802867
6,16.7663113985712,16.7754040312701,520,2.28385562197551,30,31,2867.55635789339,135.667083443463,0.0997001035010753,0.0993306656802867
7,16.7663113985712,16.7754040312701,520,2.28364492504684,30,31,2867.42408489553,135.680289707774,0.0997001035010753,0.0993306656802867
8,16.7663113985712,16.7754040312701,520,2.28365294667469,30,31,2867.42981622677,135.679803303211,0.0997001035010753,0.0993306656802867
9,16.7663113985712,16.7754040312701,520.1,2.28553510802161,30,31,2868.61230152284,135.561990409954,0.0997001035010753,0.0993306656802867
