"strata","dload.bi_kgd","dload.ub_kgd","tload_kglenS","degf","lenObs","lenStr","MSE_kglenS","Cl_kglenS","flowmu_m3s","flowav_m3s"
1,4830.72568505691,4830.72568505691,135260.3,27,28,28,30729236.6966623,2188.94822299034,11.9555889333333,11.9555889333333
2,4830.72568505692,4830.72568505692,135260.3,25.4234604877483,28,28,29121458.0358554,2202.38124469842,11.9555889333333,11.9555889333333
3,4830.72568505691,4830.72568505691,135260.3,16.6300399464327,28,28,17017730.9237312,2137.8892127298,11.9555889333333,11.9555889333333
4,4830.72568505692,4830.72568505692,135260.4,8.13477380938974,28,28,7607694.61493497,2223.63157755537,11.9555889333333,11.9555889333333
5,4830.72568505691,4830.72568505691,135260.4,7.60017711385109,28,28,6693243.2498811,2184.02338260203,11.9555889333333,11.9555889333333
6,4830.72568505691,4830.72568505691,135260.4,6.68759919340923,28,28,6252201.29176693,2308.18432813424,11.9555889333333,11.9555889333333
7,4830.72568505691,4830.72568505691,135260.3,6.41800572665086,28,28,6122561.91978553,2352.6990566599,11.9555889333333,11.9555889333333
8,4830.72568505691,4830.72568505691,135260.3,3.07193223230176,28,28,8258234.05392446,5149.49229456621,11.9555889333333,11.9555889333333
