"strata","dload.bi_kgd","dload.ub_kgd","tload_kglenS","degf","lenObs","lenStr","MSE_kglenS","Cl_kglenS","flowmu_m3s","flowav_m3s"
1,2757.64235121112,2757.64235121112,82729.3,29,30,30,11495802.7636406,1287.69417597511,8.81404794449778,8.81404794449778
2,2757.64235121112,2757.64235121112,82729.3,27.9843501804133,30,30,7985701.02667057,1094.27413311829,8.81404794449778,8.81404794449778
3,2757.64235121112,2757.64235121112,82729.3,14.8895754687714,30,30,6855182.50061564,1447.18486487569,8.81404794449778,8.81404794449778
4,2757.64235121112,2757.64235121112,82729.2,13.3708537088216,30,30,6468950.8703312,1498.44982925661,8.81404794449778,8.81404794449778
5,2757.64235121112,2757.64235121112,82729.3,12.4148642831368,30,30,6302674.78848734,1546.69352866007,8.81404794449778,8.81404794449778
6,2757.64235121112,2757.64235121112,82729.3,3.22965101048527,30,30,6026254.15535787,4177.42691395518,8.81404794449778,8.81404794449778
7,2757.64235121112,2757.64235121112,82729.4,3.03500558514771,30,30,5859978.07351401,4393.39320374868,8.81404794449778,8.81404794449778
8,2757.64235121112,2757.64235121112,82729.3,3.01382655719385,30,30,5839498.19680407,4418.38222143246,8.81404794449778,8.81404794449778
9,2757.64235121112,2757.64235121112,82729.4,3.04187464334902,30,30,5868670.31725436,4386.16063444023,8.81404794449778,8.81404794449778
