"strata","dload.bi_kgd","dload.ub_kgd","tload_kglenS","degf","lenObs","lenStr","MSE_kglenS","Cl_kglenS","flowmu_m3s","flowav_m3s"
1,446.19523461502,446.52036059568,13395.6,28,29,30,2943913.5672479,664.201409977265,1.52062421037156,1.5677252287154
2,445.684044342704,445.659917807056,13369.8,3.08349473093448,29,30,1654301.53620693,2295.72007233834,1.52062421037156,1.53496848562233
3,445.712072375335,445.687861183598,13370.7,3.09099291540084,29,30,1656339.1226277,2291.30813879324,1.52062421037156,1.53115971650436
4,445.930901727125,445.920319705118,13377.6,3.06153831542025,29,30,1648423.15630809,2308.87713684865,1.52062421037156,1.5243655068927
5,446.113638026747,446.114510374036,13383.4,3.06030877572933,29,30,1648092.49829608,2309.62079646772,1.52062421037156,1.52099383900089
6,446.106488236867,446.107962012709,13383.3,3.0603714231729,29,30,1648109.36789631,2309.58290045954,1.52062421037156,1.52080902468622
7,446.074848044533,446.074685448611,13382.2,3.06083524323649,29,30,1648234.26616218,2309.30240094514,1.52062421037156,1.52053180321422
8,446.085207251324,446.091283844521,13382.8,3.06223247353361,29,30,1648611.18245061,2308.45860770427,1.52062421037156,1.52105544377244
9,446.085207251324,446.091283844521,13382.8,3.06895141292264,29,30,1650443.23832657,2304.42985205213,1.52062421037156,1.52105544377244
