"strata","dload.bi_kgd","dload.ub_kgd","tload_kglenS","degf","lenObs","lenStr","MSE_kglenS","Cl_kglenS","flowmu_m3s","flowav_m3s"
1,362.361504722303,362.361504722303,11233.2,30,31,31,2637624.34979089,605.563268649275,1.77484587107097,1.77484587107097
2,362.361504722303,362.361504722303,11233.2,6.07592471212369,31,31,520191.260537131,713.804947033336,1.77484587107097,1.77484587107097
3,362.361504722303,362.361504722303,11233.2,6.07498513183253,31,31,520151.333877194,713.859120928138,1.77484587107097,1.77484587107097
4,362.361504722303,362.361504722303,11233.2,6.08044259964836,31,31,520385.670270233,713.546390458769,1.77484587107097,1.77484587107097
5,362.361504722303,362.361504722303,11233.2,6.09787659827198,31,31,521133.749431166,712.551355467007,1.77484587107097,1.77484587107097
6,362.361504722303,362.361504722303,11233.2,6.13107493389381,31,31,522559.362686025,710.675418232562,1.77484587107097,1.77484587107097
7,362.361504722303,362.361504722303,11233.2,6.14047626490615,31,31,523029.769675834,710.193717355011,1.77484587107097,1.77484587107097
8,362.361504722303,362.361504722303,11233.2,6.14060775556974,31,31,523035.373041592,710.186329764952,1.77484587107097,1.77484587107097
9,362.361504722303,362.361504722303,11233.2,6.14444919042423,31,31,523199.100972872,709.970685369519,1.77484587107097,1.77484587107097
