"strata","dload.bi_kgd","dload.ub_kgd","tload_kglenS","degf","lenObs","lenStr","MSE_kglenS","Cl_kglenS","flowmu_m3s","flowav_m3s"
1,519.298438797839,517.433047070474,15523,8,9,30,1041134.30427388,831.894908726201,4.22583156158499,3.48919557161482
2,505.332019831275,505.831346373854,15175,5.9276389217566,9,30,1302768.07407465,1150.52872696754,4.22583156158499,3.481952516976
3,503.603114829263,509.649004097617,15289.5,2.08957937476973,9,30,1617929.50663622,3634.69108839876,4.22583156158499,4.35072089223111
