"strata","dload.bi_kgd","dload.ub_kgd","tload_kglenS","degf","lenObs","lenStr","MSE_kglenS","Cl_kglenS","flowmu_m3s","flowav_m3s"
8,3013.99466516241,3013.99466516241,93433.9,9.01644334889728,31,31,10962294.7853022,2493.64808323715,8.73623519483871,8.73623519483871
