"strata","dload.bi_kgd","dload.ub_kgd","tload_kglenS","degf","lenObs","lenStr","MSE_kglenS","Cl_kglenS","flowmu_m3s","flowav_m3s"
1,11318.3165809746,11319.3155403386,339579.5,28,29,30,1550527344.90517,15243.2292265935,11.2265886488889,11.5260767816092
2,11302.0890927401,11303.5445225969,339106.4,26.8960246764921,29,30,323247829.488639,7114.4906056634,11.2265886488889,11.4780121849573
3,11325.9719042474,11331.7537959106,339952.6,24.6703939082323,29,30,153668121.799736,5143.61053295337,11.2265886488889,11.3183691659259
4,11325.9719042474,11331.7537959106,339952.6,18.7114906373586,29,30,106336036.13926,4994.74928363859,11.2265886488889,11.3183691659259
5,11312.4471222085,11315.8474371874,339475.5,14.5585813223489,29,30,89226269.9758947,5290.66275934576,11.2265886488889,11.2080341530864
6,11329.7094579734,11335.3111591931,340059.5,11.5771027156239,29,30,78083098.8485133,5681.47307852785,11.2265886488889,11.2736522192593
7,11329.7094579734,11335.3111591931,340059.5,9.87390267391092,29,30,72334343.2064058,6041.18887579594,11.2265886488889,11.2736522192593
8,11329.7094579734,11335.3111591931,340059.5,9.39318206719548,29,30,70493070.4940513,6157.79853339994,11.2265886488889,11.2736522192593
9,11329.7094579734,11335.3111591931,340059.4,9.37905926443439,29,30,70439991.3423297,6161.46067441964,11.2265886488889,11.2736522192593
