"strata","dload.bi_kgd","dload.ub_kgd","tload_kglenS","degf","lenObs","lenStr","MSE_kglenS","Cl_kglenS","flowmu_m3s","flowav_m3s"
4,1176.85587701904,1176.73226892546,36478.7,22.2146788893664,30,31,365176.787414033,265.748277508077,2.77434761445161,2.85662923217204
