"strata","dload.bi_kgd","dload.ub_kgd","tload_kglenS","degf","lenObs","lenStr","MSE_kglenS","Cl_kglenS","flowmu_m3s","flowav_m3s"
7,2941.53108828647,2942.33547271785,88270,7.55084114211562,25,30,4509143.17159291,1800.62788782732,6.18611959111111,5.676668896
