"strata","dload.bi_kgd","dload.ub_kgd","tload_kglenS","degf","lenObs","lenStr","MSE_kglenS","Cl_kglenS","flowmu_m3s","flowav_m3s"
9,658.819339707202,658.819339707202,20423.6,2.06071781280476,31,31,225342.089159301,1383.38585803039,1.93482452524731,1.93482452524731
