"strata","dload.bi_kgd","dload.ub_kgd","tload_kglenS","degf","lenObs","lenStr","MSE_kglenS","Cl_kglenS","flowmu_m3s","flowav_m3s"
6,509.199856758316,509.22850168882,15786.1,6.12945427351131,25,31,709490.913181855,828.249999957474,1.31330578064516,1.25758562580645
