"strata","dload.bi_kgd","dload.ub_kgd","tload_kglenS","degf","lenObs","lenStr","MSE_kglenS","Cl_kglenS","flowmu_m3s","flowav_m3s"
8,18.7332508082044,18.7332508082044,580.6,9.64725466956229,31,31,276.60801853506,11.9902853865757,0.57167356455914,0.57167356455914
