"strata","dload.bi_kgd","dload.ub_kgd","tload_kglenS","degf","lenObs","lenStr","MSE_kglenS","Cl_kglenS","flowmu_m3s","flowav_m3s"
1,1529.43467659095,1529.43513550305,47412.5,29,30,31,1258103.38202516,425.991804962242,6.31659660541936,6.42720568
2,1523.12829800585,1523.07089650243,47215.2,23.9818086598201,30,31,1134887.21094151,448.994649908462,6.31659660541935,6.29919395268817
3,1523.12829800585,1523.07089650243,47215.1,23.1984799785954,30,31,727475.05728337,366.152786197809,6.31659660541935,6.29919395268817
4,1523.12829800585,1523.07089650243,47215.1,20.4893462895443,30,31,642912.085148372,368.938477704016,6.31659660541935,6.29919395268817
5,1523.12829800585,1523.07089650243,47215.1,8.32004453285734,30,31,489887.669005412,555.83395964625,6.31659660541935,6.29919395268817
6,1523.12829800585,1523.07089650243,47215.1,7.56550093125978,30,31,465852.834942722,577.994558522484,6.31659660541935,6.29919395268817
7,1523.12829800585,1523.07089650243,47215.1,6.49363007450956,30,31,429912.046237898,618.177913454537,6.31659660541935,6.29919395268817
8,1523.12829800585,1523.07089650243,47215.2,6.47096550664024,30,31,429153.268742542,619.19222607756,6.31659660541935,6.29919395268817
9,1523.12829800585,1523.07089650243,47215.1,4.12948066955764,30,31,586315.288809417,1033.37055389777,6.31659660541935,6.29919395268817
