"strata","dload.bi_kgd","dload.ub_kgd","tload_kglenS","degf","lenObs","lenStr","MSE_kglenS","Cl_kglenS","flowmu_m3s","flowav_m3s"
1,2051.61949254221,2051.61949254221,61548.6,29,30,30,25304732.1224854,1910.48640504997,11.9023490231556,11.9023490231556
2,2051.61949254221,2051.61949254221,61548.5,27.9472452795609,30,30,15175417.4071752,1509.57270769186,11.9023490231556,11.9023490231556
3,2051.61949254221,2051.61949254221,61548.5,25.7648075036282,30,30,9218018.1975201,1230.04788173902,11.9023490231556,11.9023490231556
4,2051.61949254221,2051.61949254221,61548.5,13.4853068343306,30,30,6412416.4829412,1484.30102717587,11.9023490231556,11.9023490231556
5,2051.61949254221,2051.61949254221,61548.4,8.67408747359663,30,30,2659110.54347861,1259.7143846776,11.9023490231556,11.9023490231556
6,2051.61949254221,2051.61949254221,61548.4,8.40789352365037,30,30,2617558.09158546,1275.87799613215,11.9023490231556,11.9023490231556
7,2051.61949254221,2051.61949254221,61548.4,8.34883371799171,30,30,2608316.64561411,1279.60990501757,11.9023490231556,11.9023490231556
8,2051.61949254221,2051.61949254221,61548.4,8.34149811813509,30,30,2607169.62693406,1280.07763166789,11.9023490231556,11.9023490231556
9,2051.61949254221,2051.61949254221,61548.5,8.26906705626912,30,30,2712858.65978472,1313.38169890892,11.9023490231556,11.9023490231556
