"strata","dload.bi_kgd","dload.ub_kgd","tload_kglenS","degf","lenObs","lenStr","MSE_kglenS","Cl_kglenS","flowmu_m3s","flowav_m3s"
5,446.113638026747,446.114510374036,13383.4,3.06030877572933,29,30,1648092.49829608,2309.62079646772,1.52062421037156,1.52099383900089
