"strata","dload.bi_kgd","dload.ub_kgd","tload_kglenS","degf","lenObs","lenStr","MSE_kglenS","Cl_kglenS","flowmu_m3s","flowav_m3s"
9,1417.63804737817,1417.63804737817,43946.9,3.15778683484362,31,31,4408898.38814541,3656.31071310733,4.42701197419355,4.42701197419355
