"strata","dload.bi_kgd","dload.ub_kgd","tload_kglenS","degf","lenObs","lenStr","MSE_kglenS","Cl_kglenS","flowmu_m3s","flowav_m3s"
9,3934.29371073472,3934.29371073472,121963.2,5.82953363040888,31,31,26744244.8242153,5278.40443343572,8.75321309556989,8.75321309556989
