"strata","dload.bi_kgd","dload.ub_kgd","tload_kglenS","degf","lenObs","lenStr","MSE_kglenS","Cl_kglenS","flowmu_m3s","flowav_m3s"
1,210.200283239226,210.200283239226,6516.2,30,31,31,22857.9966746839,56.3731282614838,0.838542658064516,0.838542658064516
2,210.200283239226,210.200283239226,6516.2,17.2851019892105,31,31,16872.1499176119,65.8337145467213,0.838542658064516,0.838542658064516
3,210.200283239226,210.200283239226,6516.2,25.8792594836587,31,31,11290.3108942686,42.9436895508749,0.838542658064516,0.838542658064516
4,210.200283239226,210.200283239226,6516.3,13.2558556501332,31,31,5822.36459159482,45.1879129344641,0.838542658064516,0.838542658064516
5,210.200283239226,210.200283239226,6516.3,11.2682298714893,31,31,5271.29841511254,47.4666156806124,0.838542658064516,0.838542658064516
6,210.200283239226,210.200283239226,6516.4,9.67369713139749,31,31,5016.04255527663,50.9701529841404,0.838542658064516,0.838542658064516
7,210.200283239226,210.200283239226,6516.4,9.02207474561246,31,31,4842.41891607413,52.3888405386417,0.838542658064516,0.838542658064516
8,210.200283239226,210.200283239226,6516.3,8.9356184919008,31,31,4818.87045473644,52.5908613972408,0.838542658064516,0.838542658064516
9,210.200283239226,210.200283239226,6516.4,9.04621210960099,31,31,4850.05506870414,52.3389059528077,0.838542658064516,0.838542658064516
