"strata","dload.bi_kgd","dload.ub_kgd","tload_kglenS","degf","lenObs","lenStr","MSE_kglenS","Cl_kglenS","flowmu_m3s","flowav_m3s"
1,1744.82932829568,1744.82932829568,52344.9,29,30,30,43343804.513818,2500.38332532422,1.91822722666667,1.91822722666667
2,1744.82932829568,1744.82932829568,52344.9,17.4955163203264,30,30,20251665.3207723,2265.03737627865,1.91822722666667,1.91822722666667
3,1744.82932829568,1744.82932829568,52344.8,25.6020777948954,30,30,10651018.2373357,1326.81476245489,1.91822722666667,1.91822722666667
4,1744.82932829568,1744.82932829568,52344.8,23.9762025348923,30,30,6307926.44235277,1058.67893263441,1.91822722666667,1.91822722666667
5,1744.82932829568,1744.82932829568,52344.9,15.8247432081815,30,30,5090558.00064183,1203.43288043163,1.91822722666667,1.91822722666667
6,1744.82932829568,1744.82932829568,52344.8,14.7112050948259,30,30,3607513.55626784,1057.29947673255,1.91822722666667,1.91822722666667
7,1744.82932829568,1744.82932829568,52344.8,13.3530560671484,30,30,3283756.1670545,1068.45698017204,1.91822722666667,1.91822722666667
8,1744.82932829568,1744.82932829568,52344.9,4.47020411053997,30,30,3941980.69752735,2502.57349631539,1.91822722666667,1.91822722666667
9,1744.82932829568,1744.82932829568,52344.8,4.41486293467737,30,30,3917387.85881981,2521.21335497535,1.91822722666667,1.91822722666667
