"strata","dload.bi_kgd","dload.ub_kgd","tload_kglenS","degf","lenObs","lenStr","MSE_kglenS","Cl_kglenS","flowmu_m3s","flowav_m3s"
1,25.329099252652,25.329099252652,759.9,29,30,30,25676.8078318411,60.8574281351725,0.0830702588693333,0.0830702588693333
2,25.329099252652,25.329099252652,759.9,3.0088822737924,30,30,15040.6922602306,224.629823105398,0.0830702588693333,0.0830702588693333
3,25.329099252652,25.329099252652,759.9,3.0043200659547,30,30,15029.2837992411,224.907484807594,0.0830702588693333,0.0830702588693333
4,25.329099252652,25.329099252652,759.8,3.00185540537627,30,30,15023.1173087457,225.057963744788,0.0830702588693333,0.0830702588693333
5,25.329099252652,25.329099252652,759.8,3.00132694811869,30,30,15021.7948405299,225.090272258079,0.0830702588693333,0.0830702588693333
6,25.329099252652,25.329099252652,759.8,3.00091872992646,30,30,15020.7732070754,225.115240296736,0.0830702588693333,0.0830702588693333
7,25.329099252652,25.329099252652,759.8,3.00069720331039,30,30,15020.2187744371,225.128793496451,0.0830702588693333,0.0830702588693333
8,25.329099252652,25.329099252652,759.8,3.00068278760303,30,30,15020.1826949049,225.129675560187,0.0830702588693333,0.0830702588693333
9,25.329099252652,25.329099252652,759.9,3.00106019573188,30,30,15021.1272703287,225.10658682346,0.0830702588693333,0.0830702588693333
