"strata","dload.bi_kgd","dload.ub_kgd","tload_kglenS","degf","lenObs","lenStr","MSE_kglenS","Cl_kglenS","flowmu_m3s","flowav_m3s"
8,742.867535738214,742.867535738214,22286.1,14.4151743996851,30,30,140696.644793467,211.321603712915,1.34684139733333,1.34684139733333
