"strata","dload.bi_kgd","dload.ub_kgd","tload_kglenS","degf","lenObs","lenStr","MSE_kglenS","Cl_kglenS","flowmu_m3s","flowav_m3s"
1,4166.96486573568,4166.96486573568,125008.9,29,30,30,26823686.3816,1966.99071956799,6.92031128888889,6.92031128888889
2,4166.96486573568,4166.96486573568,125008.9,18.235465758442,30,30,25459570.2667122,2480.13452203476,6.92031128888889,6.92031128888889
3,4166.96486573568,4166.96486573568,125008.9,24.9267921363017,30,30,11238071.0530359,1383.07998129767,6.92031128888889,6.92031128888889
4,4166.96486573568,4166.96486573568,125008.9,18.2391269183536,30,30,6781638.47542841,1279.87414093783,6.92031128888889,6.92031128888889
5,4166.96486573568,4166.96486573568,125009,16.8393037656287,30,30,6636400.74072197,1325.45362775022,6.92031128888889,6.92031128888889
6,4166.96486573568,4166.96486573568,125008.9,14.9749502914156,30,30,6379635.89127285,1391.40508520318,6.92031128888889,6.92031128888889
7,4416.8315840256,4416.8315840256,132504.9,17.3939204565392,34,34,6513774.35448629,1288.88284305202,7.31108312888889,7.31108312888889
8,4166.96486573568,4166.96486573568,125008.9,10.4273016520486,30,30,7304620.45521083,1854.59096173196,6.92031128888889,6.92031128888889
9,4166.96486573568,4166.96486573568,125009,8.63175860472739,30,30,8269899.65761729,2228.7160033207,6.92031128888889,6.92031128888889
