"strata","dload.bi_kgd","dload.ub_kgd","tload_kglenS","degf","lenObs","lenStr","MSE_kglenS","Cl_kglenS","flowmu_m3s","flowav_m3s"
6,2756.53285226062,2756.53285226062,77183,9.5890735944646,28,28,1419230.81938547,862.202028583365,6.89388542186667,6.89388542186667
