"strata","dload.bi_kgd","dload.ub_kgd","tload_kglenS","degf","lenObs","lenStr","MSE_kglenS","Cl_kglenS","flowmu_m3s","flowav_m3s"
1,39.8631659273497,39.8631659273497,1235.8,30,31,31,67525.1457805636,96.8915309322173,0.211549332129032,0.211549332129032
2,39.8631659273497,39.8631659273497,1235.8,19.6346487966076,31,31,15084.8480665206,57.8873844952095,0.211549332129032,0.211549332129032
3,39.8631659273497,39.8631659273497,1235.8,20.473254532178,31,31,10343.5396917318,46.8171195238179,0.211549332129032,0.211549332129032
4,39.8631659273497,39.8631659273497,1235.7,13.9318950972751,31,31,7393.9411478355,49.4329142441284,0.211549332129032,0.211549332129032
5,39.8631659273497,39.8631659273497,1235.7,11.4620111851722,31,31,6253.92843623323,51.1601330140958,0.211549332129032,0.211549332129032
6,39.8631659273497,39.8631659273497,1235.8,11.8027629293751,31,31,6541.07093593619,51.387567327198,0.211549332129032,0.211549332129032
7,39.8631659273497,39.8631659273497,1235.8,7.49751482731183,31,31,6584.47481758871,69.1434403649974,0.211549332129032,0.211549332129032
8,39.8631659273497,39.8631659273497,1235.8,7.49050122628479,31,31,6581.391944375,69.1717437832402,0.211549332129032,0.211549332129032
9,39.8631659273497,39.8631659273497,1235.9,8.09286109869865,31,31,7314.85941267914,69.1903113465765,0.211549332129032,0.211549332129032
