"strata","dload.bi_kgd","dload.ub_kgd","tload_kglenS","degf","lenObs","lenStr","MSE_kglenS","Cl_kglenS","flowmu_m3s","flowav_m3s"
5,2446.81906458869,2446.81906458869,75851.3,16.0071571361834,31,31,82090821.1962374,4800.54864628458,4.41035682408602,4.41035682408602
