"strata","dload.bi_kgd","dload.ub_kgd","tload_kglenS","degf","lenObs","lenStr","MSE_kglenS","Cl_kglenS","flowmu_m3s","flowav_m3s"
6,2234.15661634135,2234.15661634135,67024.8,9.1870256431481,30,30,4755894.59546496,1622.5771449818,9.40209632284444,9.40209632284444
