"strata","dload.bi_kgd","dload.ub_kgd","tload_kglenS","degf","lenObs","lenStr","MSE_kglenS","Cl_kglenS","flowmu_m3s","flowav_m3s"
9,1080.04838117999,1080.04838117999,33481.6,5.38022907079759,31,31,2282698.80598505,1639.41203531886,3.1442243963871,3.1442243963871
