"strata","dload.bi_kgd","dload.ub_kgd","tload_kglenS","degf","lenObs","lenStr","MSE_kglenS","Cl_kglenS","flowmu_m3s","flowav_m3s"
1,2833.54423184385,2833.54423184385,87839.9,30,31,31,24661129.8307743,1851.65272051713,8.01072559033118,8.01072559033118
2,2833.54423184385,2833.54423184385,87839.9,25.9756406219129,31,31,15097822.3786942,1567.17518219956,8.01072559033118,8.01072559033118
3,2833.54423184385,2833.54423184385,87839.9,7.75303320234505,31,31,13807109.5187979,3094.48773892368,8.01072559033118,8.01072559033118
4,2833.54423184385,2833.54423184385,87839.9,6.35893442321942,31,31,10068692.5345719,3037.37899772829,8.01072559033118,8.01072559033118
5,2833.54423184385,2833.54423184385,87839.9,5.19505302032942,31,31,9002287.11053594,3346.00468591951,8.01072559033118,8.01072559033118
6,2833.54423184385,2833.54423184385,87839.9,4.31970309099829,31,31,8181730.56100908,3712.08023683396,8.01072559033118,8.01072559033118
7,2833.54423184385,2833.54423184385,87839.9,2.91901946819986,31,31,8158543.32119166,5404.94074143541,8.01072559033118,8.01072559033118
8,2833.54423184385,2833.54423184385,87839.9,2.87500986624462,31,31,8097426.46553928,5474.69631266701,8.01072559033118,8.01072559033118
9,2833.54423184385,2833.54423184385,87840,2.86056315886825,31,31,8077021.98684906,5498.15770561202,8.01072559033118,8.01072559033118
