"strata","dload.bi_kgd","dload.ub_kgd","tload_kglenS","degf","lenObs","lenStr","MSE_kglenS","Cl_kglenS","flowmu_m3s","flowav_m3s"
7,2237.45877609799,2237.45877609799,62648.9,7.50326848516271,28,28,600574.661162594,660.001524156567,3.86843575064762,3.86843575064762
