"strata","dload.bi_kgd","dload.ub_kgd","tload_kglenS","degf","lenObs","lenStr","MSE_kglenS","Cl_kglenS","flowmu_m3s","flowav_m3s"
1,2237.45877609799,2237.45877609799,62648.8,27,28,28,3086684.62618407,693.754370433769,3.86843575064762,3.86843575064762
2,2237.45877609799,2237.45877609799,62648.8,15.7140530288913,28,28,1238628.53356843,596.053972366114,3.86843575064762,3.86843575064762
3,2237.45877609799,2237.45877609799,62648.9,17.5997188770526,28,28,921851.178953041,481.610551754242,3.86843575064762,3.86843575064762
4,2237.45877609799,2237.45877609799,62649,10.8991392552999,28,28,651161.610773832,538.587132311156,3.86843575064762,3.86843575064762
5,2237.45877609799,2237.45877609799,62648.9,7.89327010453978,28,28,616251.967226621,645.853242372135,3.86843575064762,3.86843575064762
6,2237.45877609799,2237.45877609799,62648.9,7.53482427319421,28,28,601820.430800618,658.784166204105,3.86843575064762,3.86843575064762
7,2237.45877609799,2237.45877609799,62648.9,7.50326848516271,28,28,600574.661162594,660.001524156567,3.86843575064762,3.86843575064762
8,2237.45877609799,2237.45877609799,62648.9,7.54070588620391,28,28,602101.653440476,658.585322313137,3.86843575064762,3.86843575064762
