"strata","dload.bi_kgd","dload.ub_kgd","tload_kglenS","degf","lenObs","lenStr","MSE_kglenS","Cl_kglenS","flowmu_m3s","flowav_m3s"
1,1796.78077011556,1794.53069836884,55630.5,25,26,31,14448210.0159019,1565.69420644845,4.59087751152074,5.24813769230769
2,1782.76147447495,1783.29107198211,55282,23.572482211804,26,31,7945375.68995943,1199.38856522209,4.59087751152074,5.0286787281106
3,1782.76147447495,1783.29107198211,55282,11.6020538634268,26,31,5591932.37574101,1518.40690768547,4.59087751152074,5.0286787281106
4,1794.37831861296,1794.37915244475,55625.7,10.1959412992024,26,31,5459021.3374657,1626.13227337803,4.59087751152074,4.55847195698925
5,1794.37831861296,1794.37915244475,55625.8,10.1385774381287,26,31,5443571.86907417,1629.64006458866,4.59087751152074,4.55847195698925
6,1794.70248940115,1794.66566888569,55634.7,2.2471482846648,26,31,5474857.43366244,6055.48006268543,4.59087751152074,4.54324787096774
7,1794.70248940115,1794.66566888569,55634.7,2.25242368249508,26,31,5481753.02827458,6040.55250497704,4.59087751152074,4.54324787096774
8,1794.70248940115,1794.66566888569,55634.7,2.27331546965608,26,31,5509128.79761209,5982.55277859334,4.59087751152074,4.54324787096774
