"strata","dload.bi_kgd","dload.ub_kgd","tload_kglenS","degf","lenObs","lenStr","MSE_kglenS","Cl_kglenS","flowmu_m3s","flowav_m3s"
9,780.163849835149,780.163849835149,24185.3,4.59297476074776,31,31,2359852.33667485,1892.79545881883,1.45291064946237,1.45291064946237
