"strata","dload.bi_kgd","dload.ub_kgd","tload_kglenS","degf","lenObs","lenStr","MSE_kglenS","Cl_kglenS","flowmu_m3s","flowav_m3s"
1,6725.92897558508,6725.92897558508,201777.9,29,30,30,373213919.409077,7337.05873857957,16.5252318831467,16.5252318831467
2,6725.92897558508,6725.92897558508,201777.9,11.9840208376058,30,30,86030060.5020142,5838.59013524295,16.5252318831467,16.5252318831467
3,6725.92897558508,6725.92897558508,201777.9,8.00983263031099,30,30,55236549.4418624,6054.36836625812,16.5252318831467,16.5252318831467
4,6725.92897558508,6725.92897558508,201777.9,4.53531862127288,30,30,32778085.0621351,7129.15263636626,16.5252318831467,16.5252318831467
5,6725.92897558508,6725.92897558508,201777.9,4.17635940638657,30,30,32426035.5463018,7609.21437876488,16.5252318831467,16.5252318831467
6,6725.92897558508,6725.92897558508,201777.9,4.2261189915846,30,30,32633729.0223748,7555.17059429655,16.5252318831467,16.5252318831467
7,6725.92897558508,6725.92897558508,201778,4.29248650816185,30,30,32917344.8506229,7486.32449231596,16.5252318831467,16.5252318831467
8,6725.92897558508,6725.92897558508,201778,4.38026569958459,30,30,33315073.1680386,7401.8454751238,16.5252318831467,16.5252318831467
9,6725.92897558508,6725.92897558508,201777.9,4.33742860324749,30,30,33575404.969199,7493.4095119402,16.5252318831467,16.5252318831467
