"strata","dload.bi_kgd","dload.ub_kgd","tload_kglenS","degf","lenObs","lenStr","MSE_kglenS","Cl_kglenS","flowmu_m3s","flowav_m3s"
8,941.018876271641,940.856833648214,28225.6,4.55082552356985,28,30,1733380.49482293,1634.75047241761,0.73765264,0.722361568
