"strata","dload.bi_kgd","dload.ub_kgd","tload_kglenS","degf","lenObs","lenStr","MSE_kglenS","Cl_kglenS","flowmu_m3s","flowav_m3s"
1,2723.50985140335,2723.50985140335,84428.8,30,31,31,4747090.77719037,812.39421306224,5.5663064516129,5.5663064516129
