"strata","dload.bi_kgd","dload.ub_kgd","tload_kglenS","degf","lenObs","lenStr","MSE_kglenS","Cl_kglenS","flowmu_m3s","flowav_m3s"
4,30.7627082272768,30.7627082272768,922.9,15.423173660155,30,30,2159.74490876795,25.1624328981176,0.3352992288,0.3352992288
