"strata","dload.bi_kgd","dload.ub_kgd","tload_kglenS","degf","lenObs","lenStr","MSE_kglenS","Cl_kglenS","flowmu_m3s","flowav_m3s"
6,2913.88535263887,2914.04609110054,87421.3,10.5280502553665,26,30,5670696.02405823,1624.2090162527,5.58164580571429,6.0668744
