"strata","dload.bi_kgd","dload.ub_kgd","tload_kglenS","degf","lenObs","lenStr","MSE_kglenS","Cl_kglenS","flowmu_m3s","flowav_m3s"
8,4611.33009570519,4611.33009570519,142951.3,7.1787570070906,31,31,7188256.43125883,2354.29632601485,16.8917324043011,16.8917324043011
