"strata","dload.bi_kgd","dload.ub_kgd","tload_kglenS","degf","lenObs","lenStr","MSE_kglenS","Cl_kglenS","flowmu_m3s","flowav_m3s"
3,4044.96731796352,4042.28881415508,125310.9,15.3971226494698,24,31,3547341.82598954,1020.77994520535,3.89896455053763,4.33493514049076
