"strata","dload.bi_kgd","dload.ub_kgd","tload_kglenS","degf","lenObs","lenStr","MSE_kglenS","Cl_kglenS","flowmu_m3s","flowav_m3s"
7,402.125658282694,406.480719344364,12194.4,3.00121478747175,23,30,920613.080841856,1762.18571258476,1.88254176604444,1.68933466648889
