"strata","dload.bi_kgd","dload.ub_kgd","tload_kglenS","degf","lenObs","lenStr","MSE_kglenS","Cl_kglenS","flowmu_m3s","flowav_m3s"
1,508.447872607603,508.79076178209,15772.5,29,30,31,1892227.73067707,522.432012543852,1.34244163647312,1.38097887288889
2,508.006612186124,508.119065733422,15751.7,18.8402868176674,30,31,742116.158455271,415.638389042899,1.34244163647312,1.35925268122151
3,507.259264888451,507.265935802153,15725.3,10.3375797538062,30,31,490773.912367197,483.342074816165,1.34244163647312,1.35168154948192
4,507.200968222245,507.22899208201,15724.2,7.79968497213918,30,31,417125.454453426,535.672902113541,1.34244163647312,1.35284171710394
5,507.259264888451,507.265935802153,15725.3,6.54876363076528,30,31,389278.532577336,584.669237763875,1.34244163647312,1.35168154948192
6,507.040520438851,507.001247616905,15717.1,6.29207089761464,30,31,381404.206227384,595.72643284014,1.34244163647312,1.3474895627957
7,506.809560074421,506.804155752102,15711,6.08366168742208,30,31,374973.163606167,605.466153506023,1.34244163647312,1.34845575941505
8,506.809560074421,506.804155752102,15711,5.98836078195511,30,31,372009.498676687,610.16319714611,1.34244163647312,1.34845575941505
9,506.851162487168,506.856236019503,15712.6,4.97792738442334,30,31,388638.162492758,719.215997463141,1.34244163647312,1.34246599501075
