"strata","dload.bi_kgd","dload.ub_kgd","tload_kglenS","degf","lenObs","lenStr","MSE_kglenS","Cl_kglenS","flowmu_m3s","flowav_m3s"
5,5779.81259884523,5779.81259884523,161834.8,10.1657231155286,28,28,41857916.519664,4511.31440545394,7.53104571650286,7.53104571650286
