"strata","dload.bi_kgd","dload.ub_kgd","tload_kglenS","degf","lenObs","lenStr","MSE_kglenS","Cl_kglenS","flowmu_m3s","flowav_m3s"
4,114.576116855115,114.56841002207,3551.5,5.1318608052605,25,31,89355.7512072746,336.59478132446,0.302797479793548,0.293407837701014
