"strata","dload.bi_kgd","dload.ub_kgd","tload_kglenS","degf","lenObs","lenStr","MSE_kglenS","Cl_kglenS","flowmu_m3s","flowav_m3s"
8,5561.36863822168,5561.36863822168,166841.1,9.11780607956906,30,30,14063589.8370231,2803.95474014052,9.03156155591111,9.03156155591111
