"strata","dload.bi_kgd","dload.ub_kgd","tload_kglenS","degf","lenObs","lenStr","MSE_kglenS","Cl_kglenS","flowmu_m3s","flowav_m3s"
9,762.177449587223,762.115190409786,23625.5,5.94336976933991,30,31,129401.073598906,361.888503176154,1.78502408602151,1.78243599139785
