"strata","dload.bi_kgd","dload.ub_kgd","tload_kglenS","degf","lenObs","lenStr","MSE_kglenS","Cl_kglenS","flowmu_m3s","flowav_m3s"
1,15.4044826174619,15.4124592647776,462.4,23,24,30,4586.32704600132,29.211725269578,0.162349653333333,0.164001466666667
2,14.699083244544,14.7005857323313,441.1,11.1915368501192,24,30,1945.30314572711,28.957417870806,0.162349653333333,0.162349653333333
3,14.609130964992,14.6090490643912,438.3,7.66762205365612,24,30,1551.16175687814,33.0479587579635,0.162349653333333,0.155472716190476
4,14.50925647872,14.5052596938327,435.2,5.94339939811534,24,30,1372.18507179713,37.2658111182883,0.162349653333333,0.156686293333333
5,14.50925647872,14.5052596938327,435.2,5.32911211188912,24,30,1297.93273011337,39.3832975472175,0.162349653333333,0.156686293333333
6,14.3515530787617,14.342418464129,430.3,5.19429823695351,24,30,1281.24108703191,39.9222700971379,0.162349653333333,0.157252629333333
7,14.3515530787617,14.342418464129,430.2,5.13681224617066,24,30,1274.09921889929,40.1620887497083,0.162349653333333,0.157252629333333
