"strata","dload.bi_kgd","dload.ub_kgd","tload_kglenS","degf","lenObs","lenStr","MSE_kglenS","Cl_kglenS","flowmu_m3s","flowav_m3s"
7,73.2246904346434,73.2246904346434,2270,7.13073692929113,31,31,31032.7375138113,155.415042821926,0.267274663156989,0.267274663156989
