"strata","dload.bi_kgd","dload.ub_kgd","tload_kglenS","degf","lenObs","lenStr","MSE_kglenS","Cl_kglenS","flowmu_m3s","flowav_m3s"
9,4307.61023630669,4307.61023630669,133535.9,2.30495932594361,31,31,8832573.37206141,7439.9227121787,9.98788266589247,9.98788266589247
