"strata","dload.bi_kgd","dload.ub_kgd","tload_kglenS","degf","lenObs","lenStr","MSE_kglenS","Cl_kglenS","flowmu_m3s","flowav_m3s"
6,485.814857018519,485.814857018519,14574.3,8.63580079837348,30,30,107725.651370442,254.29044238474,1.60253014535111,1.60253014535111
