"strata","dload.bi_kgd","dload.ub_kgd","tload_kglenS","degf","lenObs","lenStr","MSE_kglenS","Cl_kglenS","flowmu_m3s","flowav_m3s"
7,2032.46465922219,2031.7479996818,60952.5,6.63552485195898,33,34,20344285.6504167,4186.98497925706,3.69154952195556,3.64257850047407
