"strata","dload.bi_kgd","dload.ub_kgd","tload_kglenS","degf","lenObs","lenStr","MSE_kglenS","Cl_kglenS","flowmu_m3s","flowav_m3s"
7,11.6634378091355,11.6634378091355,361.6,9.1944966975129,30,31,18.7078216423991,3.21641272378092,0.0575470451612903,0.0575470451612903
