"strata","dload.bi_kgd","dload.ub_kgd","tload_kglenS","degf","lenObs","lenStr","MSE_kglenS","Cl_kglenS","flowmu_m3s","flowav_m3s"
1,1385.18599679898,1386.6474543369,41599.4,22,23,30,11244567.6970634,1482.66219156302,2.8285226768,2.72651386713043
2,1410.20702066079,1411.21909698343,42336.5,19.7199426363955,23,30,5827028.67022389,1134.94026386836,2.8285226768,2.746904597824
3,1358.41907466299,1359.44934537647,40783.5,18.7034990181053,23,30,1209507.49761224,532.823375984324,2.8285226768,2.56526038431333
4,1371.36768604874,1369.32339490932,41079.7,10.9668297602894,23,30,764640.33690216,581.38718265876,2.8285226768,3.45026521546667
5,1371.36768604874,1369.32339490933,41079.7,9.78968584176608,23,30,729025.591943648,609.811227829777,2.8285226768,3.45026521546667
6,1371.36768604874,1369.32339490933,41079.7,8.94522257558725,23,30,720372.390290082,642.55643075303,2.8285226768,3.45026521546667
7,1371.36768604874,1369.32339490932,41079.7,6.93706085520921,23,30,724371.323730596,765.516091636857,2.8285226768,3.45026521546667
