"strata","dload.bi_kgd","dload.ub_kgd","tload_kglenS","degf","lenObs","lenStr","MSE_kglenS","Cl_kglenS","flowmu_m3s","flowav_m3s"
1,2234.15661634135,2234.15661634135,67024.7,29,30,30,23968524.4371285,1859.36104878038,9.40209632284444,9.40209632284444
2,2234.15661634135,2234.15661634135,67024.7,17.7542195427386,30,30,14295277.5638562,1887.06376566284,9.40209632284444,9.40209632284444
3,2234.15661634135,2234.15661634135,67024.7,22.584139302954,30,30,8502976.33844892,1270.61809762058,9.40209632284444,9.40209632284444
4,2234.15661634135,2234.15661634135,67024.8,12.7893790767411,30,30,5732683.33631869,1448.80408939153,9.40209632284444,9.40209632284444
5,2234.15661634135,2234.15661634135,67024.8,9.26463657082941,30,30,4776048.26939077,1617.16811655675,9.40209632284444,9.40209632284444
6,2234.15661634135,2234.15661634135,67024.8,9.1870256431481,30,30,4755894.59546496,1622.5771449818,9.40209632284444,9.40209632284444
7,2234.15661634135,2234.15661634135,67024.8,9.42404053944152,30,30,4833961.09501167,1609.10733822063,9.40209632284444,9.40209632284444
8,2234.15661634135,2234.15661634135,67024.8,9.7138421111001,30,30,5281618.23020447,1649.55650640094,9.40209632284444,9.40209632284444
9,2234.15661634135,2234.15661634135,67024.7,6.44628345593017,30,30,5562210.08209391,2235.33204888633,9.40209632284444,9.40209632284444
