"strata","dload.bi_kgd","dload.ub_kgd","tload_kglenS","degf","lenObs","lenStr","MSE_kglenS","Cl_kglenS","flowmu_m3s","flowav_m3s"
8,1334.2472928768,1334.2472928768,37358.9,4.77037157105804,28,28,795772.275964382,1065.28885088074,2.68470232380952,2.68470232380952
