"strata","dload.bi_kgd","dload.ub_kgd","tload_kglenS","degf","lenObs","lenStr","MSE_kglenS","Cl_kglenS","flowmu_m3s","flowav_m3s"
9,256.557207942991,256.807559392244,7961,3.63299889290673,30,31,11204.345213132,160.529104662504,1.0497007311828,1.07847425376344
