"strata","dload.bi_kgd","dload.ub_kgd","tload_kglenS","degf","lenObs","lenStr","MSE_kglenS","Cl_kglenS","flowmu_m3s","flowav_m3s"
7,1071.66874579541,1071.52215023491,33217.2,6.41723957460797,28,31,388336.515726581,592.572432628834,3.15214701075269,3.19507893333333
