"strata","dload.bi_kgd","dload.ub_kgd","tload_kglenS","degf","lenObs","lenStr","MSE_kglenS","Cl_kglenS","flowmu_m3s","flowav_m3s"
1,343.944475660008,344.85679004071,9656,19,20,28,582624.956815073,366.515175266531,0.934373758514499,1.06198382826667
2,330.518127524952,330.957150100826,9266.8,16.6793841341927,20,28,89302.8819490821,154.605009093355,0.934373758514499,0.982223830285714
3,338.899666130878,338.756347351232,9485.1,15.325530931734,20,28,74261.6990084237,148.097221160286,0.934373758514499,0.95537512152381
4,336.882988004865,336.835797203109,9431.4,3.23198322135075,20,28,72703.71230222,458.506255303617,0.934373758514498,0.957699795961905
5,336.882988004865,336.835797203109,9431.4,3.16388717980891,20,28,71930.3335696082,466.091623458958,0.934373758514498,0.957699795961905
6,337.958436570473,337.875972677539,9460.5,3.19718404659607,20,28,72534.6481123784,463.048724574509,0.934373758514499,0.958031507047619
