"strata","dload.bi_kgd","dload.ub_kgd","tload_kglenS","degf","lenObs","lenStr","MSE_kglenS","Cl_kglenS","flowmu_m3s","flowav_m3s"
6,3064.26507826315,3062.33057072995,85745.3,10.6624699056082,27,28,20198549.9387239,3041.0831300022,14.7756101651429,15.2374422843492
