"strata","dload.bi_kgd","dload.ub_kgd","tload_kglenS","degf","lenObs","lenStr","MSE_kglenS","Cl_kglenS","flowmu_m3s","flowav_m3s"
1,5891.87014992593,5891.87014992593,182648,30,31,31,205955932.484763,5351.06474666999,7.38243358439449,7.38243358439449
2,5891.87014992593,5891.87014992593,182648,28.1234701236098,31,31,81103293.5880906,3477.8847183437,7.38243358439449,7.38243358439449
3,5891.87014992593,5891.87014992593,182648,10.4810838908672,31,31,53980666.678649,5025.31142060486,7.38243358439449,7.38243358439449
4,5891.87014992593,5891.87014992593,182647.9,6.54059090340296,31,31,40592652.8090675,5975.76776782019,7.38243358439449,7.38243358439449
5,5891.87014992593,5891.87014992593,182648,5.83836838234,31,31,38418373.981433,6319.21870067368,7.38243358439449,7.38243358439449
6,5891.87014992593,5891.87014992593,182648,6.43267259063085,31,31,38095245.0429635,5858.92083520078,7.38243358439449,7.38243358439449
7,5891.87014992593,5891.87014992593,182648.1,6.43145568367874,31,31,38091641.3714675,5859.44574451766,7.3824335843945,7.3824335843945
8,5891.87014992593,5891.87014992593,182648,6.43140999830275,31,31,38091506.079845,5859.46545505333,7.3824335843945,7.3824335843945
9,5891.87014992593,5891.87014992593,182648,6.43135937795576,31,31,38091356.1734772,5859.4872950771,7.38243358439449,7.38243358439449
