"strata","dload.bi_kgd","dload.ub_kgd","tload_kglenS","degf","lenObs","lenStr","MSE_kglenS","Cl_kglenS","flowmu_m3s","flowav_m3s"
7,2319.72056981248,2319.72056981248,69591.7,7.07679393948289,30,30,3149825.5481689,1574.10076700201,3.73514323555556,3.73514323555556
