"strata","dload.bi_kgd","dload.ub_kgd","tload_kglenS","degf","lenObs","lenStr","MSE_kglenS","Cl_kglenS","flowmu_m3s","flowav_m3s"
7,26.8869940811644,26.8869940811644,833.5,17.3759411100634,31,31,126.910018171427,5.69249974792175,0.228458724473118,0.228458724473118
