"strata","dload.bi_kgd","dload.ub_kgd","tload_kglenS","degf","lenObs","lenStr","MSE_kglenS","Cl_kglenS","flowmu_m3s","flowav_m3s"
9,320.162310439716,320.162310439716,9925.1,4.96939026401227,31,31,38381.1329966674,226.330913395888,0.743290545328172,0.743290545328172
