"strata","dload.bi_kgd","dload.ub_kgd","tload_kglenS","degf","lenObs","lenStr","MSE_kglenS","Cl_kglenS","flowmu_m3s","flowav_m3s"
6,2981.91820306944,2981.91820306944,89457.5,6.80284325277634,30,30,1575407.61798653,1144.64396389724,5.29854522666667,5.29854522666667
