"strata","dload.bi_kgd","dload.ub_kgd","tload_kglenS","degf","lenObs","lenStr","MSE_kglenS","Cl_kglenS","flowmu_m3s","flowav_m3s"
9,105.398450920514,105.398450920514,3162.1,7.11193890857904,30,30,5393.30334528657,64.9099813834765,0.506672911420444,0.506672911420444
