"strata","dload.bi_kgd","dload.ub_kgd","tload_kglenS","degf","lenObs","lenStr","MSE_kglenS","Cl_kglenS","flowmu_m3s","flowav_m3s"
1,68.8395363036624,68.8392390500236,2134,29,30,31,433.73063394525,7.90957462752577,0.416074270967742,0.415785013333333
2,68.8779944097884,68.8779340820539,2135.2,25.6583225008016,30,31,231.993922219312,6.18485364841941,0.416074270967742,0.415215632516129
3,68.9064404183847,68.9063076577694,2136.1,24.9025480685113,30,31,185.27378314698,5.61876930351276,0.416074270967742,0.415832476660342
4,68.8482983101935,68.8482089062225,2134.3,15.6158863373368,30,31,91.4804099977233,5.14121950614105,0.416074270967742,0.416074270967742
5,68.8482983101935,68.8482089062225,2134.3,12.6881314022609,30,31,71.6722783095646,5.14743535406048,0.416074270967742,0.416074270967742
6,68.8640404999456,68.8640248401758,2134.8,10.8480333676038,30,31,65.2753723763138,5.40827889023126,0.416074270967742,0.415813286635945
7,68.8573743013161,68.8573743013161,2134.6,10.8840718319554,30,31,65.5993981476446,5.41048269121444,0.416074270967742,0.416074270967742
8,68.8573743013161,68.8573743013161,2134.6,11.1314865581914,30,31,67.5944867146546,5.41590020093073,0.416074270967742,0.416074270967742
9,68.8573743013161,68.8573743013161,2134.6,12.1127810942543,30,31,88.9486128570905,5.89819722258393,0.416074270967742,0.416074270967742
