"strata","dload.bi_kgd","dload.ub_kgd","tload_kglenS","degf","lenObs","lenStr","MSE_kglenS","Cl_kglenS","flowmu_m3s","flowav_m3s"
1,2438.84145009968,2438.84145009968,68287.6,27,28,28,110971135.545339,4159.72497483585,15.8568450350476,15.8568450350476
2,2438.84145009968,2438.84145009968,68287.6,25.2212103606573,28,28,23758522.5385746,1998.0372186258,15.8568450350476,15.8568450350476
3,2438.84145009968,2438.84145009968,68287.5,23.4860861653613,28,28,15263039.056588,1665.73796774864,15.8568450350476,15.8568450350476
4,2438.84145009968,2438.84145009968,68287.5,15.2353707306665,28,28,14931417.7071373,2107.24501012988,15.8568450350476,15.8568450350476
5,2438.84145009968,2438.84145009968,68287.5,5.93625347868272,28,28,14647398.9340762,3853.66431801307,15.8568450350476,15.8568450350476
6,2438.84145009968,2438.84145009968,68287.5,5.01617236000076,28,28,14315777.5846256,4338.42076660964,15.8568450350476,15.8568450350476
7,2438.84145009968,2438.84145009968,68287.5,4.99627551858638,28,28,14287300.1145194,4347.91165237961,15.8568450350476,15.8568450350476
8,2438.84145009968,2438.84145009968,68287.4,4.99623617840122,28,28,14287571.7760108,4347.98041252741,15.8568450350476,15.8568450350476
