"strata","dload.bi_kgd","dload.ub_kgd","tload_kglenS","degf","lenObs","lenStr","MSE_kglenS","Cl_kglenS","flowmu_m3s","flowav_m3s"
1,1073.22387281939,1073.22387281939,33269.9,30,31,31,2783892.9954639,622.12738965689,7.26803042855914,7.26803042855914
2,1073.22387281939,1073.22387281939,33270,28.3697839731814,31,31,1238000.10689978,427.655093110694,7.26803042855914,7.26803042855914
3,1073.22387281939,1073.22387281939,33269.9,21.7606555097954,31,31,866490.386836114,414.099868628798,7.26803042855914,7.26803042855914
4,1073.22387281939,1073.22387281939,33269.9,14.0570205642507,31,31,703883.4893405,479.758423275619,7.26803042855914,7.26803042855914
5,1073.22387281939,1073.22387281939,33269.9,11.9699739338589,31,31,661597.551924857,512.378744782752,7.26803042855914,7.26803042855914
6,1073.22387281939,1073.22387281939,33269.9,8.13280374293327,31,31,594373.165864598,621.636430629922,7.26803042855914,7.26803042855914
7,1073.22387281939,1073.22387281939,33269.9,7.11630023140888,31,31,586270.384896168,676.467501189126,7.26803042855914,7.26803042855914
8,1073.22387281939,1073.22387281939,33269.9,7.08738925535491,31,31,585092.388702435,677.714340766492,7.26803042855914,7.26803042855914
9,1073.22387281939,1073.22387281939,33270,7.6877514276001,31,31,607512.410104282,652.854925255731,7.26803042855914,7.26803042855914
