"strata","dload.bi_kgd","dload.ub_kgd","tload_kglenS","degf","lenObs","lenStr","MSE_kglenS","Cl_kglenS","flowmu_m3s","flowav_m3s"
8,915.021987601723,915.300395680554,28374.2,4.89112579457186,30,31,227373.593826935,557.970291408155,2.66962569393548,2.56012729255054
