"strata","dload.bi_kgd","dload.ub_kgd","tload_kglenS","degf","lenObs","lenStr","MSE_kglenS","Cl_kglenS","flowmu_m3s","flowav_m3s"
3,1295.22494298983,1295.22494298983,40152,23.0004260884721,31,31,22698585.0463943,2055.03688908244,1.60400970322581,1.60400970322581
