"strata","dload.bi_kgd","dload.ub_kgd","tload_kglenS","degf","lenObs","lenStr","MSE_kglenS","Cl_kglenS","flowmu_m3s","flowav_m3s"
4,559.204353559544,559.204353559544,17335.3,11.2465263743028,39,39,446698.163979148,437.476559294399,0.958418633806452,0.958418633806452
