"strata","dload.bi_kgd","dload.ub_kgd","tload_kglenS","degf","lenObs","lenStr","MSE_kglenS","Cl_kglenS","flowmu_m3s","flowav_m3s"
1,321.190437660666,321.385222482655,9962.9,29,30,31,2829452.2733318,638.843184496241,0.660496972043011,0.671894737777778
2,323.712063902338,323.995211835766,10043.9,10.2899681588118,30,31,602570.611393173,537.134286443041,0.660496972043011,0.681969853372434
3,321.044469608104,321.124445408396,9954.8,6.00180587234725,30,31,271694.204636932,520.578065015838,0.660496972043011,0.668337376344086
4,321.044469608104,321.124445408396,9954.8,5.93827182499239,30,31,270298.791654742,523.366149698776,0.660496972043011,0.668337376344086
5,321.044469608104,321.124445408396,9954.9,5.92779357801895,30,31,270092.065096742,523.855339175754,0.660496972043011,0.668337376344086
6,321.044469608104,321.124445408396,9954.9,5.92334414572947,30,31,269990.647021809,524.050437508698,0.660496972043011,0.668337376344086
7,321.044469608104,321.124445408396,9955,5.92387882062553,30,31,270002.838977809,524.026979791091,0.660496972043011,0.668337376344086
8,321.044469608104,321.124445408396,9954.9,5.92678861437293,30,31,270166.528569609,523.993809123984,0.660496972043011,0.668337376344086
9,320.657064256638,320.884239893195,9947.5,6.0781114990091,30,31,276399.959696748,520.177489618437,0.660496972043011,0.670316507526882
