"strata","dload.bi_kgd","dload.ub_kgd","tload_kglenS","degf","lenObs","lenStr","MSE_kglenS","Cl_kglenS","flowmu_m3s","flowav_m3s"
7,24.8211602614352,25.1295366723515,779,4.48171790115419,22,31,5325.41880175495,91.7833493663484,0.197492933505376,0.19530066511828
