"strata","dload.bi_kgd","dload.ub_kgd","tload_kglenS","degf","lenObs","lenStr","MSE_kglenS","Cl_kglenS","flowmu_m3s","flowav_m3s"
1,166.196569510218,166.365428284444,5157.3,18,19,31,950015.734553833,482.657527453816,0.647194165677419,0.788145965473684
2,159.585691146033,159.415015152344,4941.9,13.0980605794282,19,31,649129.69417414,480.573366570859,0.647194165677419,0.788290255469124
3,154.862304835869,153.893295767108,4770.7,14.8616968657207,19,31,106571.473211344,180.63981146581,0.647194165677419,0.741998029124424
4,154.012963213855,153.052950426157,4744.7,12.7946910739561,19,31,106035.155412707,196.991186834551,0.647194165677419,0.724034695053763
5,162.615994600665,162.620805534931,5041.3,10.9121761617581,19,31,119517.739308955,230.570762351274,0.647194165677419,0.623917451595699
6,164.466766086315,165.162518696939,5120.1,4.5907066093817,19,31,193428.523987238,542.126050434608,0.647194165677419,0.622788433376344
