"strata","dload.bi_kgd","dload.ub_kgd","tload_kglenS","degf","lenObs","lenStr","MSE_kglenS","Cl_kglenS","flowmu_m3s","flowav_m3s"
1,716.963818749477,716.963818749477,22225.9,30,31,31,4486553.89310388,789.786120432575,1.45361345416946,1.45361345416946
2,716.963818749477,716.963818749477,22225.9,26.4395428959677,31,31,1225370.56362435,442.159731717168,1.45361345416946,1.45361345416946
3,716.963818749477,716.963818749477,22225.8,12.6790311363209,31,31,628372.999083157,482.183547575045,1.45361345416946,1.45361345416946
4,716.963818749477,716.963818749477,22225.9,11.233427881634,31,31,603853.466299157,509.010614552856,1.45361345416946,1.45361345416946
5,716.963818749477,716.963818749477,22225.9,11.1936801658813,31,31,602783.869249579,509.67750071023,1.45361345416946,1.45361345416946
6,716.963818749477,716.963818749477,22225.9,11.1673331197356,31,31,602075.022263295,510.122310439371,1.45361345416946,1.45361345416946
7,716.963818749477,716.963818749477,22225.8,11.1629956844125,31,31,601958.060413861,510.195632886807,1.45361345416946,1.45361345416946
8,716.963818749477,716.963818749477,22225.8,4.1495086784636,31,31,651904.035204413,1085.01860009825,1.45361345416946,1.45361345416946
9,716.963818749477,716.963818749477,22225.8,4.53083121659243,31,31,711627.947146068,1051.31557560597,1.45361345416946,1.45361345416946
