"strata","dload.bi_kgd","dload.ub_kgd","tload_kglenS","degf","lenObs","lenStr","MSE_kglenS","Cl_kglenS","flowmu_m3s","flowav_m3s"
8,758.134334943333,758.834929622482,23523.9,3.02653359429432,27,31,8232457.8656761,5222.78010302583,2.01236840739785,2.01304461055197
