"strata","dload.bi_kgd","dload.ub_kgd","tload_kglenS","degf","lenObs","lenStr","MSE_kglenS","Cl_kglenS","flowmu_m3s","flowav_m3s"
5,461.951098873138,461.951098873138,14320.4,6.51037314948665,31,31,465085.9503338,641.777150125706,2.51222880116301,2.51222880116301
