"strata","dload.bi_kgd","dload.ub_kgd","tload_kglenS","degf","lenObs","lenStr","MSE_kglenS","Cl_kglenS","flowmu_m3s","flowav_m3s"
3,263.175949932853,263.103412646101,8156.3,19.6830353562502,27,31,109763.212687736,155.932847744961,0.334549290322581,0.242976412903226
