"strata","dload.bi_kgd","dload.ub_kgd","tload_kglenS","degf","lenObs","lenStr","MSE_kglenS","Cl_kglenS","flowmu_m3s","flowav_m3s"
8,1336.33575735577,1336.33575735577,41426.4,7.01205039239614,31,31,2392073.84242452,1380.62469653503,1.94769268395699,1.94769268395699
