"strata","dload.bi_kgd","dload.ub_kgd","tload_kglenS","degf","lenObs","lenStr","MSE_kglenS","Cl_kglenS","flowmu_m3s","flowav_m3s"
8,26.5326735260903,26.5326735260903,822.5,3.70911185674667,31,31,1087.16052791326,49.0405330634911,0.178578529032258,0.178578529032258
