"strata","dload.bi_kgd","dload.ub_kgd","tload_kglenS","degf","lenObs","lenStr","MSE_kglenS","Cl_kglenS","flowmu_m3s","flowav_m3s"
1,1332.54060891211,1332.54060891211,41308.8,30,31,31,5516720.51214547,875.777017238035,3.12831096375054,3.12831096375054
2,1332.54060891212,1332.54060891212,41308.8,20.3455709150671,31,31,2605004.85418265,745.595641763962,3.12831096375054,3.12831096375054
3,1332.54060891211,1332.54060891211,41308.7,8.5339658067011,31,31,1276310.25053424,882.17051289086,3.12831096375054,3.12831096375054
4,1332.54060891211,1332.54060891211,41308.7,6.83979637945286,31,31,1235648.50020504,1009.84267637744,3.12831096375054,3.12831096375054
5,1332.54060891211,1332.54060891211,41308.7,6.73577091710296,31,31,1226130.99350089,1016.95242921708,3.12831096375054,3.12831096375054
6,1332.54060891211,1332.54060891211,41308.7,4.07322469040804,31,31,1225614.66355178,1512.25223692296,3.12831096375054,3.12831096375054
7,1332.54060891211,1332.54060891211,41308.8,2.70747371053852,31,31,1232063.84769484,2284.195475152,3.12831096375054,3.12831096375054
8,1332.54060891211,1332.54060891211,41308.7,6.6506700321258,31,31,1269313.10285983,1044.1341545214,3.12831096375054,3.12831096375054
9,1332.54060891211,1332.54060891211,41308.7,6.64368732262343,31,31,1268645.87291984,1044.64420616563,3.12831096375054,3.12831096375054
