"strata","dload.bi_kgd","dload.ub_kgd","tload_kglenS","degf","lenObs","lenStr","MSE_kglenS","Cl_kglenS","flowmu_m3s","flowav_m3s"
7,33.371569037986,33.371569037986,1034.6,4.20433113858262,31,31,481.138730444964,29.1406097203213,0.197416175186065,0.197416175186065
