"strata","dload.bi_kgd","dload.ub_kgd","tload_kglenS","degf","lenObs","lenStr","MSE_kglenS","Cl_kglenS","flowmu_m3s","flowav_m3s"
1,1289.25932290334,1287.13449126477,39901.2,26,27,31,30221775.4566757,2216.13909012012,1.83006563195084,1.94791616790123
2,1251.42009433825,1257.76293451632,38990.7,24.4125337932529,27,31,8620425.60236694,1225.34409694564,1.83006563195084,1.90095550107527
3,1224.29952425224,1224.29176878152,37953.1,14.7798140913988,27,31,4290968.81005258,1149.95827284183,1.83006563195084,1.75422068530466
4,1224.29952425224,1224.29176878152,37953.1,8.87105696445641,27,31,3085581.15837568,1337.10858435952,1.83006563195084,1.75422068530466
5,1224.29952425224,1224.29176878152,37953,4.94453479405547,27,31,1570154.91596394,1453.47269975405,1.83006563195084,1.75422068530466
6,1224.29952425224,1224.29176878152,37953,3.70096153367794,27,31,1342576.96860083,1726.91064936271,1.83006563195084,1.75422068530466
7,1223.33329464226,1223.36888195029,37924.3,3.70466431431887,27,31,1343252.75149082,1725.73276529537,1.83006563195084,1.76234019784946
8,1225.29559457982,1225.34193565061,37985.5,3.71160472137674,27,31,1344533.77214942,1723.54256617679,1.83006563195084,1.76842983225806
