"strata","strata.n","dload.bi_kgd","dload.ub_kgd","tload_kglenS","degf","lenObs","lenStr","MSE_kglenS","Cl_kglenS","flowmu_m3s","flowav_m3s"
1,1,2669.71138730115,2672.82311763167,80184.7,11,12,30,13554495.3489413,2443.21928786839,6.96684500548571,14.6195312222222
2,1,402.441913326346,402.666347591905,8858.7,3,4,22,468.843861103985,875.260350558136,1.72481459535931,1.0937364
2,2,8275.7602296552,8275.7602296552,66206.1,7,8,8,145302.364430538,2725.45770666755,21.3824286333333,21.3824286333333
3,1,538.522936747363,549.827812824695,12646,4,5,23,1914.50323230684,1397.05975937174,1.99670345643064,2.4706408
3,2,11144.33715456,11144.33715456,33433,2,3,3,491624.239874869,6399.69381349598,26.1883205333333,26.1883205333333
3,3,7615.5299896128,7615.5299896128,30462.1,3,4,4,12036.570056964,806.328151793798,21.1290522666667,21.1290522666667
