"strata","dload.bi_kgd","dload.ub_kgd","tload_kglenS","degf","lenObs","lenStr","MSE_kglenS","Cl_kglenS","flowmu_m3s","flowav_m3s"
1,411.063569948889,411.133608798759,12334,28,29,30,838265.444638871,354.428019197103,0.692817706666667,0.709872882758621
2,411.740904291659,411.775128545983,12353.2,26.9993116600539,29,30,480352.345241802,273.681609005959,0.692817706666667,0.709571813333333
3,411.902489987438,412.042269354371,12361.2,25.8045111298724,29,30,285719.880949421,216.374595628206,0.692817706666667,0.705143843137255
4,410.476871759346,410.467024690827,12314,14.1237514143925,29,30,136348.868195584,210.56101744733,0.692817706666667,0.694658298666667
5,410.476871759346,410.467024690827,12314,8.87701811420636,29,30,94850.503065462,234.329497422425,0.692817706666667,0.694658298666667
6,410.134076712172,410.106956234995,12303.1,7.13041735150088,29,30,83729.6759981955,255.291472734905,0.692817706666667,0.694098704761905
7,411.038308488354,411.055006466986,12331.6,6.59224107995364,29,30,80458.8655499884,264.547319537455,0.692817706666667,0.69517744
8,410.515566081998,410.517076039657,12315.4,6.41929153567994,29,30,79384.7637952194,267.85846121767,0.692817706666667,0.692660391111111
9,410.515566081998,410.517076039657,12315.4,4.0505080544554,29,30,111184.763354211,457.745744659319,0.692817706666667,0.692660391111111
