"strata","dload.bi_kgd","dload.ub_kgd","tload_kglenS","degf","lenObs","lenStr","MSE_kglenS","Cl_kglenS","flowmu_m3s","flowav_m3s"
1,6691.71577491323,6691.71577491323,200751.5,29,30,30,397283459.920851,7569.95541708375,7.40761352693333,7.40761352693333
2,6691.71577491323,6691.71577491323,200751.5,25.7947657906772,30,30,223631172.975699,6054.69515767705,7.40761352693333,7.40761352693333
3,6691.71577491323,6691.71577491323,200751.5,6.99411426952723,30,30,120827562.685751,9829.98549995818,7.40761352693333,7.40761352693333
4,6691.71577491323,6691.71577491323,200751.5,3.97044671234656,30,30,87467771.3566182,13069.8139245525,7.40761352693333,7.40761352693333
5,6691.71577491323,6691.71577491323,200751.6,3.66296124825296,30,30,83990279.5338225,13791.5995664801,7.40761352693333,7.40761352693333
6,6691.71577491323,6691.71577491323,200751.6,3.63860442197593,30,30,83710218.7475387,13855.3582880498,7.40761352693333,7.40761352693333
7,6691.71577491323,6691.71577491323,200751.5,3.63208408869939,30,30,83635144.9080774,13872.6120155379,7.40761352693333,7.40761352693333
8,6691.71577491323,6691.71577491323,200751.5,3.62851801358369,30,30,83594063.1211517,13882.0815349622,7.40761352693333,7.40761352693333
9,6691.71577491323,6691.71577491323,200751.5,3.62558053593283,30,30,83560211.0193153,13889.899570159,7.40761352693333,7.40761352693333
