"strata","dload.bi_kgd","dload.ub_kgd","tload_kglenS","degf","lenObs","lenStr","MSE_kglenS","Cl_kglenS","flowmu_m3s","flowav_m3s"
7,43.5504363951484,43.5522121325419,1350.2,5.58841792742151,30,31,1154.66945700172,35.810030020277,0.110526864516129,0.110679105376344
