"strata","dload.bi_kgd","dload.ub_kgd","tload_kglenS","degf","lenObs","lenStr","MSE_kglenS","Cl_kglenS","flowmu_m3s","flowav_m3s"
1,35.7087992432026,35.7087992432026,1071.3,29,30,30,26472.0939058371,61.792707823517,0.3849385792,0.3849385792
2,35.7087992432026,35.7087992432026,1071.3,6.74743049635438,30,30,21216.1922378679,133.60766111896,0.3849385792,0.3849385792
3,35.7087992432026,35.7087992432026,1071.3,2.77879133480328,30,30,13343.9243188125,230.805822985189,0.3849385792,0.3849385792
4,35.7087992432026,35.7087992432026,1071.3,2.7795755811726,30,30,13349.7122707715,230.782667372415,0.3849385792,0.3849385792
5,35.7087992432026,35.7087992432026,1071.3,2.58989272643691,30,30,12988.9833391195,246.974538430597,0.3849385792,0.3849385792
6,35.7087992432026,35.7087992432026,1071.3,2.57940936625767,30,30,12962.6552520981,247.913026201509,0.3849385792,0.3849385792
7,35.7087992432026,35.7087992432026,1071.3,2.57646319416788,30,30,12955.2463962938,248.178756226308,0.3849385792,0.3849385792
8,35.7087992432026,35.7087992432026,1071.3,2.57126071044989,30,30,12942.1589941964,248.650200000671,0.3849385792,0.3849385792
9,35.7087992432026,35.7087992432026,1071.2,2.57139806170202,30,30,12942.5116607314,248.637784925814,0.3849385792,0.3849385792
