"strata","dload.bi_kgd","dload.ub_kgd","tload_kglenS","degf","lenObs","lenStr","MSE_kglenS","Cl_kglenS","flowmu_m3s","flowav_m3s"
6,4166.96486573568,4166.96486573568,125008.9,14.9749502914156,30,30,6379635.89127285,1391.40508520318,6.92031128888889,6.92031128888889
