"strata","dload.bi_kgd","dload.ub_kgd","tload_kglenS","degf","lenObs","lenStr","MSE_kglenS","Cl_kglenS","flowmu_m3s","flowav_m3s"
1,5279.31523829012,5279.31523829012,163658.8,30,31,31,151393870.866851,4587.8287584503,18.7334723003871,18.7334723003871
2,5279.31523829012,5279.31523829012,163658.7,6.44016328833176,31,31,100145513.58125,9491.44609967584,18.7334723003871,18.7334723003871
3,5279.31523829012,5279.31523829012,163658.7,6.21782029190022,31,31,98359161.1118561,9650.05368022847,18.7334723003871,18.7334723003871
4,5279.31523829012,5279.31523829012,163658.7,5.93124026950099,31,31,96657777.2718826,9905.70967206029,18.7334723003871,18.7334723003871
5,5279.31523829012,5279.31523829012,163658.7,5.90785728091785,31,31,96466915.5151614,9925.13964341665,18.7334723003871,18.7334723003871
6,5279.31523829012,5279.31523829012,163658.7,5.90524963414012,31,31,96445683.0408868,9927.32025686886,18.7334723003871,18.7334723003871
7,5279.31523829012,5279.31523829012,163658.7,5.9013761320258,31,31,96414041.6940729,9930.55833084255,18.7334723003871,18.7334723003871
8,5279.31523829012,5279.31523829012,163658.7,5.90136485659634,31,31,96413949.5974828,9930.56776427362,18.7334723003871,18.7334723003871
9,5279.31523829012,5279.31523829012,163658.8,5.90479703650523,31,31,96442230.3089706,9927.71093123225,18.7334723003871,18.7334723003871
