"strata","dload.bi_kgd","dload.ub_kgd","tload_kglenS","degf","lenObs","lenStr","MSE_kglenS","Cl_kglenS","flowmu_m3s","flowav_m3s"
5,2595.00921739908,2594.15562921704,77824.7,7.24340650988788,21,30,4936266.86658537,1938.82673347695,5.06283034031746,5.6672479415873
