"strata","dload.bi_kgd","dload.ub_kgd","tload_kglenS","degf","lenObs","lenStr","MSE_kglenS","Cl_kglenS","flowmu_m3s","flowav_m3s"
5,2650.59944710459,2650.59944710459,74216.8,11.2323554271698,28,28,33248051.5034613,3777.19870533957,5.76240137904762,5.76240137904762
