"strata","dload.bi_kgd","dload.ub_kgd","tload_kglenS","degf","lenObs","lenStr","MSE_kglenS","Cl_kglenS","flowmu_m3s","flowav_m3s"
8,776.966898387952,776.966898387952,24085.9,5.1667272879084,31,31,5355777.04577752,2591.98860485476,6.49531440439054,6.49531440439054
