"strata","dload.bi_kgd","dload.ub_kgd","tload_kglenS","degf","lenObs","lenStr","MSE_kglenS","Cl_kglenS","flowmu_m3s","flowav_m3s"
1,2538.17899412722,2538.17899412722,76145.4,29,30,30,48056515.6856844,2632.80818328883,2.29266662861511,2.29266662861511
2,2538.17899412722,2538.17899412722,76145.3,26.4901250834693,30,30,29390230.4632813,2163.1780624982,2.29266662861511,2.29266662861511
3,2538.17899412722,2538.17899412722,76145.3,8.28925826530481,30,30,24446869.1242804,3936.24459465078,2.29266662861511,2.29266662861511
4,2538.17899412722,2538.17899412722,76145.3,2.32790841987866,30,30,21674910.1587002,11506.7323113849,2.29266662861511,2.29266662861511
5,2538.17899412722,2538.17899412722,76145.3,2.09214668516556,30,30,20544243.1780061,12929.5725034133,2.29266662861511,2.29266662861511
6,2538.17899412722,2538.17899412722,76145.2,2.07982341562984,30,30,20483632.44836,13018.2184671434,2.29266662861511,2.29266662861511
7,2538.17899412722,2538.17899412722,76145.2,2.07799813009111,30,30,20474641.4853517,13031.4917879084,2.29266662861511,2.29266662861511
8,2538.17899412722,2538.17899412722,76145.1,2.0771504531973,30,30,20470464.8204743,13037.6687393655,2.29266662861511,2.29266662861511
9,2538.17899412722,2538.17899412722,76145.1,2.07710399875772,30,30,20470235.9127414,13038.007483896,2.29266662861511,2.29266662861511
