"strata","dload.bi_kgd","dload.ub_kgd","tload_kglenS","degf","lenObs","lenStr","MSE_kglenS","Cl_kglenS","flowmu_m3s","flowav_m3s"
1,2087.32771294307,2087.32771294307,64707.2,30,31,31,55746334.6484914,2783.94859313754,4.49280819036559,4.49280819036559
2,2087.32771294307,2087.32771294307,64707.1,22.8430716526994,31,31,30013119.9575066,2372.09487319495,4.49280819036559,4.49280819036559
3,2087.32771294307,2087.32771294307,64707.1,24.2785240180884,31,31,9162174.91786407,1267.10590383146,4.49280819036559,4.49280819036559
4,2087.32771294307,2087.32771294307,64707.1,15.7874385236216,31,31,6021419.81667933,1310.64637459853,4.49280819036559,4.49280819036559
5,2087.32771294307,2087.32771294307,64707.2,10.7626996349449,31,31,5137296.53524332,1524.7315197021,4.49280819036559,4.49280819036559
6,2087.32771294307,2087.32771294307,64707.3,10.2670570067123,31,31,5012254.61453075,1551.33924524723,4.49280819036559,4.49280819036559
7,2087.32771294307,2087.32771294307,64707.3,9.07187345730604,31,31,4915902.51128004,1663.22753614372,4.49280819036559,4.49280819036559
8,2087.32771294307,2087.32771294307,64707.2,11.3385618352041,31,31,6090398.13552601,1607.24167017085,4.49280819036559,4.49280819036559
9,2087.32771294307,2087.32771294307,64707.3,7.18766735841022,31,31,6186630.49178604,2182.23269577828,4.49280819036559,4.49280819036559
