"strata","dload.bi_kgd","dload.ub_kgd","tload_kglenS","degf","lenObs","lenStr","MSE_kglenS","Cl_kglenS","flowmu_m3s","flowav_m3s"
1,104.861489201215,104.861489201215,3145.8,29,30,30,49214.2659885867,84.253623096653,0.385903615744,0.385903615744
2,104.861489201215,104.861489201215,3145.9,16.6841376486772,30,30,8007.19151847758,46.2870428421476,0.385903615744,0.385903615744
3,104.861489201216,104.861489201216,3145.8,17.9027131872127,30,30,3219.39989200448,28.1842944923216,0.385903615744,0.385903615744
4,104.861489201215,104.861489201215,3145.8,9.3624396435163,30,30,1728.34818189436,30.5553322347391,0.385903615744,0.385903615744
5,104.861489201216,104.861489201216,3145.9,7.61300060945712,30,30,1538.80803425358,33.077309014348,0.385903615744,0.385903615744
6,104.861489201215,104.861489201215,3145.8,5.56254817232149,30,30,1284.56129060326,37.9047187705972,0.385903615744,0.385903615744
7,104.861489201215,104.861489201215,3145.8,4.70972448489469,30,30,1177.25547259265,41.4065235299147,0.385903615744,0.385903615744
8,104.861489201215,104.861489201215,3145.8,4.23431331643081,30,30,1114.15275121669,44.0709993316582,0.385903615744,0.385903615744
9,104.861489201215,104.861489201215,3145.9,4.33252869613882,30,30,1128.62531640361,43.4875164595393,0.385903615744,0.385903615744
