"strata","dload.bi_kgd","dload.ub_kgd","tload_kglenS","degf","lenObs","lenStr","MSE_kglenS","Cl_kglenS","flowmu_m3s","flowav_m3s"
7,839.998716847042,839.557779658316,24347.2,5.33556742056454,27,29,566960.042320417,822.342764405084,3.81013740527816,3.8539598014492
