"strata","dload.bi_kgd","dload.ub_kgd","tload_kglenS","degf","lenObs","lenStr","MSE_kglenS","Cl_kglenS","flowmu_m3s","flowav_m3s"
8,2174.53781749671,2174.4609814462,67408.4,4.94532397466687,30,31,6909314.16273699,3048.57803742445,3.27919200860215,3.15261460768049
