"strata","dload.bi_kgd","dload.ub_kgd","tload_kglenS","degf","lenObs","lenStr","MSE_kglenS","Cl_kglenS","flowmu_m3s","flowav_m3s"
8,1839.20001407232,1839.20001407232,55176,4.00993734173213,30,30,4600989.74197453,2971.12960675871,8.28061889777778,8.28061889777778
