"strata","dload.bi_kgd","dload.ub_kgd","tload_kglenS","degf","lenObs","lenStr","MSE_kglenS","Cl_kglenS","flowmu_m3s","flowav_m3s"
1,181.489043003458,181.489043003458,5626.2,30,31,31,614828.521651178,292.368147386256,0.668641858064516,0.668641858064516
2,181.489043003458,181.489043003458,5626.2,18.5684735708739,31,31,505139.469387329,345.760483883642,0.668641858064516,0.668641858064516
3,181.489043003458,181.489043003458,5626.2,14.5845865610685,31,31,208591.703724405,255.537740186528,0.668641858064516,0.668641858064516
4,181.489043003458,181.489043003458,5626.2,10.0597573439026,31,31,172122.071913998,291.217322886517,0.668641858064516,0.668641858064516
5,181.489043003458,181.489043003458,5626.2,7.66196053977287,31,31,147922.376540932,322.888104579957,0.668641858064516,0.668641858064516
6,181.489043003458,181.489043003458,5626.2,7.07781583699971,31,31,142035.786284498,334.2291027648,0.668641858064516,0.668641858064516
7,181.489043003458,181.489043003458,5626.2,7.07052258631258,31,31,141962.717939003,334.384448726681,0.668641858064516,0.668641858064516
8,181.489043003458,181.489043003458,5626.2,5.26546057884091,31,31,141024.200449581,414.388051894774,0.668641858064516,0.668641858064516
9,181.489043003458,181.489043003458,5626.3,5.28376825734268,31,31,141281.987315756,413.642091883196,0.668641858064516,0.668641858064516
