"strata","dload.bi_kgd","dload.ub_kgd","tload_kglenS","degf","lenObs","lenStr","MSE_kglenS","Cl_kglenS","flowmu_m3s","flowav_m3s"
7,1954.32128435759,1954.32128435759,60584,3.21256772580651,31,31,28998717.3753624,9213.33035866414,2.96909716765591,2.96909716765591
