"strata","dload.bi_kgd","dload.ub_kgd","tload_kglenS","degf","lenObs","lenStr","MSE_kglenS","Cl_kglenS","flowmu_m3s","flowav_m3s"
6,3196.39081008992,3196.39081008992,95891.7,5.04154940800627,30,30,47660897.4905178,7884.14971358714,4.62999344444444,4.62999344444444
