"strata","dload.bi_kgd","dload.ub_kgd","tload_kglenS","degf","lenObs","lenStr","MSE_kglenS","Cl_kglenS","flowmu_m3s","flowav_m3s"
4,988.103095661033,987.808566097503,30622.1,2.76079641785475,15,31,5007467.10199334,4503.94392036722,1.63732000344086,1.70747259182796
