"strata","dload.bi_kgd","dload.ub_kgd","tload_kglenS","degf","lenObs","lenStr","MSE_kglenS","Cl_kglenS","flowmu_m3s","flowav_m3s"
1,106.523709256064,106.523709256064,3195.7,29,30,30,340751.8866884,221.698224017804,0.602899281422222,0.602899281422222
2,106.523709256064,106.523709256064,3195.7,19.7467854176222,30,30,261490.295480899,240.238950046509,0.602899281422222,0.602899281422222
3,106.523709256064,106.523709256064,3195.6,9.69198878758101,30,30,125499.465073596,254.642448066531,0.602899281422222,0.602899281422222
4,106.523709256064,106.523709256064,3195.6,9.85439884210732,30,30,126627.967367137,253.08271827406,0.602899281422222,0.602899281422222
5,106.523709256064,106.523709256064,3195.6,9.86766120490265,30,30,127025.733274788,253.262604342956,0.602899281422222,0.602899281422222
6,119.258235440102,119.258235440102,3577.7,10.0764559180373,44,44,131075.653110935,253.865030324722,0.700151757866667,0.700151757866667
7,106.523709256064,106.523709256064,3195.7,9.48482381290433,30,30,135344.282922787,268.13561732178,0.602899281422222,0.602899281422222
8,106.523709256064,106.523709256064,3195.7,8.48593177571418,30,30,138155.961052612,291.328404259505,0.602899281422222,0.602899281422222
9,106.523709256064,106.523709256064,3195.7,6.53098189504317,30,30,145289.806162589,357.88782395607,0.602899281422222,0.602899281422222
