"strata","dload.bi_kgd","dload.ub_kgd","tload_kglenS","degf","lenObs","lenStr","MSE_kglenS","Cl_kglenS","flowmu_m3s","flowav_m3s"
6,83.7879788847709,83.7894591675189,2513.8,4.7065328556884,25,30,1584.73972383903,48.0678584030545,0.697183213333333,0.688475797333333
