"strata","dload.bi_kgd","dload.ub_kgd","tload_kglenS","degf","lenObs","lenStr","MSE_kglenS","Cl_kglenS","flowmu_m3s","flowav_m3s"
7,6244.85475153981,6244.899200203,181102.2,10.3152334256277,28,29,20674957.5797592,3141.44185850299,20.0423136965517,19.9875109241379
