"strata","dload.bi_kgd","dload.ub_kgd","tload_kglenS","degf","lenObs","lenStr","MSE_kglenS","Cl_kglenS","flowmu_m3s","flowav_m3s"
1,613.006251709936,613.006251709936,19003.2,30,31,31,1699343.05727911,486.064142154758,1.50444418064516,1.50444418064516
2,613.006251709936,613.006251709936,19003.2,20.0397312155144,31,31,352921.917531677,276.78647640581,1.50444418064516,1.50444418064516
3,613.006251709935,613.006251709935,19003.2,11.7846180014298,31,31,133823.783966834,232.653662712204,1.50444418064516,1.50444418064516
4,613.006251709936,613.006251709936,19003.1,9.95089557533603,31,31,83369.6503107625,204.082482904444,1.50444418064516,1.50444418064516
5,613.006251709936,613.006251709936,19003.2,7.34501138238008,31,31,70023.3234149607,228.700118839902,1.50444418064516,1.50444418064516
6,613.006251709936,613.006251709936,19003.2,6.15421863612116,31,31,63796.0889599756,247.626121603019,1.50444418064516,1.50444418064516
7,613.006251709936,613.006251709936,19003.1,4.98855004348559,31,31,57140.401550113,275.306077217993,1.50444418064516,1.50444418064516
8,613.006251709936,613.006251709936,19003.1,4.7959336318858,31,31,55992.7761887418,281.346973032416,1.50444418064516,1.50444418064516
9,613.006251709936,613.006251709936,19003.1,4.74525627494643,31,31,55694.8218819316,283.047004150383,1.50444418064516,1.50444418064516
