"strata","dload.bi_kgd","dload.ub_kgd","tload_kglenS","degf","lenObs","lenStr","MSE_kglenS","Cl_kglenS","flowmu_m3s","flowav_m3s"
9,39.2060823659025,39.2060823659025,1215.5,4.00858122736697,31,31,1899.1580252277,60.3820334141615,0.344058254451613,0.344058254451613
