"strata","dload.bi_kgd","dload.ub_kgd","tload_kglenS","degf","lenObs","lenStr","MSE_kglenS","Cl_kglenS","flowmu_m3s","flowav_m3s"
1,74.011335203109,74.011335203109,2294.4,30,31,31,2863.80550059812,19.9537631216066,0.266929685367742,0.266929685367742
2,74.011335203109,74.011335203109,2294.4,27.9940409366578,31,31,693.360845414912,10.1945322985902,0.266929685367742,0.266929685367742
3,74.011335203109,74.011335203109,2294.4,11.8118220559769,31,31,520.206303993336,14.4849570871605,0.266929685367742,0.266929685367742
4,74.011335203109,74.011335203109,2294.4,7.81924433092139,31,31,356.600024408489,15.6357447399496,0.266929685367742,0.266929685367742
5,74.011335203109,74.011335203109,2294.4,7.07754797887516,31,31,338.337343834486,16.3129253531408,0.266929685367742,0.266929685367742
6,74.011335203109,74.011335203109,2294.4,6.50885670941217,31,31,323.802158287819,16.9367625115386,0.266929685367742,0.266929685367742
7,74.011335203109,74.011335203109,2294.4,6.39262628958045,31,31,320.846517072998,17.0802946944477,0.266929685367742,0.266929685367742
8,74.011335203109,74.011335203109,2294.4,6.44909140452421,31,31,322.361871075611,17.0119249896687,0.266929685367742,0.266929685367742
9,74.011335203109,74.011335203109,2294.4,7.12609467010951,31,31,340.779368844968,16.2936063070501,0.266929685367742,0.266929685367742
