"strata","dload.bi_kgd","dload.ub_kgd","tload_kglenS","degf","lenObs","lenStr","MSE_kglenS","Cl_kglenS","flowmu_m3s","flowav_m3s"
1,2087.75193796053,2094.74656029297,62842.4,20,21,30,20039948.5720878,2088.04568953064,4.33138334951111,5.68029389587302
2,1977.30045049132,1978.37391630953,59351.2,15.1416592886067,21,30,12173483.2073623,1909.598185858,4.33138334951111,4.43553253991111
3,1977.30045049132,1978.37391630953,59351.3,9.69772589641478,21,30,8019534.66166342,2034.79138898084,4.33138334951111,4.43553253991111
4,1977.30045049132,1978.37391630953,59351.2,7.7057062249373,21,30,6537344.04374347,2138.20314366998,4.33138334951111,4.43553253991111
5,1977.30045049132,1978.37391630953,59351.2,4.44351752896613,21,30,5736848.60937629,3034.34537810173,4.33138334951111,4.43553253991111
6,1977.30045049132,1978.37391630953,59351.2,4.19560341315238,21,30,5643983.97601648,3161.86142835751,4.33138334951111,4.43553253991111
