"strata","dload.bi_kgd","dload.ub_kgd","tload_kglenS","degf","lenObs","lenStr","MSE_kglenS","Cl_kglenS","flowmu_m3s","flowav_m3s"
8,3353.12157118208,3353.12157118208,100593.7,7.62140034688502,30,30,30256119.7058866,4634.65030341534,2.51925130666667,2.51925130666667
