"strata","dload.bi_kgd","dload.ub_kgd","tload_kglenS","degf","lenObs","lenStr","MSE_kglenS","Cl_kglenS","flowmu_m3s","flowav_m3s"
1,38.859155828436,38.8565134384228,1165.7,27,28,30,5031.89795995672,28.0108001811867,0.158102133333333,0.151865695238095
2,38.2716485116075,38.2021427342311,1146.1,10.9843905162517,28,30,1027.89540622285,21.2950614298428,0.158102133333333,0.171841025185185
3,38.2716485116075,38.2021427342311,1146,6.94184388510543,28,30,834.38975043585,25.9685212708996,0.158102133333333,0.171841025185185
4,38.2716485116075,38.2021427342311,1146,4.91703859353002,28,30,696.158003506149,30.7426391677762,0.158102133333333,0.171841025185185
5,38.2716485116075,38.2021427342311,1146,4.61678500827899,28,30,674.125804894949,31.8539427100689,0.158102133333333,0.171841025185185
6,38.2716485116075,38.2021427342311,1146,4.48166035533154,28,30,664.087243622989,32.4118849997604,0.158102133333333,0.171841025185185
7,38.2716485116075,38.2021427342311,1146,4.43276145275041,28,30,660.489879330985,32.6252012033485,0.158102133333333,0.171841025185185
8,38.2716485116075,38.2021427342311,1146,4.43222322970121,28,30,660.450920220547,32.6275977660202,0.158102133333333,0.171841025185185
