"strata","dload.bi_kgd","dload.ub_kgd","tload_kglenS","degf","lenObs","lenStr","MSE_kglenS","Cl_kglenS","flowmu_m3s","flowav_m3s"
7,1199.1461410688,1199.1461410688,35974.5,2.99450905831769,30,30,5091406.27827407,4154.0122575722,1.30579776888889,1.30579776888889
