"strata","dload.bi_kgd","dload.ub_kgd","tload_kglenS","degf","lenObs","lenStr","MSE_kglenS","Cl_kglenS","flowmu_m3s","flowav_m3s"
8,5279.31523829012,5279.31523829012,163658.7,5.90136485659634,31,31,96413949.5974828,9930.56776427362,18.7334723003871,18.7334723003871
