"strata","dload.bi_kgd","dload.ub_kgd","tload_kglenS","degf","lenObs","lenStr","MSE_kglenS","Cl_kglenS","flowmu_m3s","flowav_m3s"
6,9111.74417628892,9111.74417628892,255128.9,8.34466653815086,28,28,27286666.4979718,4140.15941621995,15.4415892761905,15.4415892761905
