"strata","dload.bi_kgd","dload.ub_kgd","tload_kglenS","degf","lenObs","lenStr","MSE_kglenS","Cl_kglenS","flowmu_m3s","flowav_m3s"
7,4579.31456650318,4579.40658061145,137382.2,8.21065922571828,27,30,6907801.75619592,2105.74022860594,7.65299131901968,8.26984120906667
