"strata","dload.bi_kgd","dload.ub_kgd","tload_kglenS","degf","lenObs","lenStr","MSE_kglenS","Cl_kglenS","flowmu_m3s","flowav_m3s"
3,3728.30400886931,3728.30400886931,115577.4,6.84100148333051,31,31,19724049.8005537,4034.13203970349,9.18036593393548,9.18036593393548
