"strata","dload.bi_kgd","dload.ub_kgd","tload_kglenS","degf","lenObs","lenStr","MSE_kglenS","Cl_kglenS","flowmu_m3s","flowav_m3s"
8,1963.19573915121,1963.19573915121,60858.9,7.03722976229581,31,31,6690079.19975743,2303.09220136045,11.3962712369892,11.3962712369892
