"strata","dload.bi_kgd","dload.ub_kgd","tload_kglenS","degf","lenObs","lenStr","MSE_kglenS","Cl_kglenS","flowmu_m3s","flowav_m3s"
1,11.5059190824225,11.5033892446354,356.6,29,30,31,1367.30134749185,14.0434948849681,0.0575470451612903,0.0585213866666667
2,11.565645775468,11.5650573983134,358.5,25.2718056807422,30,31,216.236781078812,6.02115471956578,0.0575470451612903,0.0581824852734923
3,11.6234609519166,11.6225502448762,360.2,20.7332143374322,30,31,103.871571557695,4.65841442490637,0.0575470451612903,0.0578210787096774
4,11.6316897769478,11.6311174590873,360.5,20.8817876404618,30,31,44.2238771278279,3.02745010071184,0.0575470451612903,0.0577500329749104
5,11.6316897769478,11.6311174590873,360.6,15.771382375303,30,31,27.6154411938642,2.80846799150051,0.0575470451612903,0.0577500329749104
6,11.6634378091355,11.6634378091355,361.6,12.3203367414151,30,31,22.5713993453566,2.94060706428542,0.0575470451612903,0.0575470451612903
7,11.6634378091355,11.6634378091355,361.6,9.1944966975129,30,31,18.7078216423991,3.21641272378092,0.0575470451612903,0.0575470451612903
8,11.6634378091355,11.6634378091355,361.7,9.2475254583305,30,31,18.9373375366981,3.22403913922517,0.0575470451612903,0.0575470451612903
9,11.6634378091355,11.6634378091355,361.6,9.41766602459339,30,31,19.8644046426174,3.26332788104266,0.0575470451612903,0.0575470451612903
