"strata","dload.bi_kgd","dload.ub_kgd","tload_kglenS","degf","lenObs","lenStr","MSE_kglenS","Cl_kglenS","flowmu_m3s","flowav_m3s"
7,72.8764118808576,72.8764118808576,2186.3,13.6863145106425,30,30,4937.54933438547,40.8254763751092,0.819211316622222,0.819211316622222
