"strata","dload.bi_kgd","dload.ub_kgd","tload_kglenS","degf","lenObs","lenStr","MSE_kglenS","Cl_kglenS","flowmu_m3s","flowav_m3s"
5,4925.99725095639,4925.99725095639,152705.9,13.4693947691105,31,31,65400863.2299646,4743.61427457637,5.0717520172043,5.0717520172043
