"strata","dload.bi_kgd","dload.ub_kgd","tload_kglenS","degf","lenObs","lenStr","MSE_kglenS","Cl_kglenS","flowmu_m3s","flowav_m3s"
1,461.951098873138,461.951098873138,14320.5,30,31,31,1711089.96154104,487.741236003613,2.51222880116301,2.51222880116301
2,461.951098873138,461.951098873138,14320.5,19.8443012179705,31,31,669501.990259627,383.339187386409,2.51222880116301,2.51222880116301
3,461.951098873138,461.951098873138,14320.4,6.60818443304481,31,31,468566.909581171,637.309058268302,2.51222880116301,2.51222880116301
4,461.951098873138,461.951098873138,14320.4,6.56026459475974,31,31,466864.881612938,639.481438610775,2.51222880116301,2.51222880116301
5,461.951098873138,461.951098873138,14320.4,6.51037314948665,31,31,465085.9503338,641.777150125706,2.51222880116301,2.51222880116301
6,461.951098873138,461.951098873138,14320.4,6.39965072771313,31,31,469554.36869925,652.895761295012,2.51222880116301,2.51222880116301
7,461.951098873138,461.951098873138,14320.4,6.35125878871459,31,31,467775.437420112,655.257987733008,2.51222880116301,2.51222880116301
8,461.951098873138,461.951098873138,14320.3,6.38173077372238,31,31,468910.402084809,653.776040865105,2.51222880116301,2.51222880116301
9,461.951098873138,461.951098873138,14320.2,6.43875043512635,31,31,471163.36213787,651.13540051147,2.51222880116301,2.51222880116301
