"strata","dload.bi_kgd","dload.ub_kgd","tload_kglenS","degf","lenObs","lenStr","MSE_kglenS","Cl_kglenS","flowmu_m3s","flowav_m3s"
7,1789.74388324676,1789.31567083176,55468.8,7.51127971040253,29,31,614667.945330639,667.211124834714,1.74863908828852,1.74057062717884
