"strata","dload.bi_kgd","dload.ub_kgd","tload_kglenS","degf","lenObs","lenStr","MSE_kglenS","Cl_kglenS","flowmu_m3s","flowav_m3s"
4,63.33378529536,63.33378529536,1900,24.4743663453533,30,30,5174.72234373667,29.9799498895267,0.21662352,0.21662352
