"strata","dload.bi_kgd","dload.ub_kgd","tload_kglenS","degf","lenObs","lenStr","MSE_kglenS","Cl_kglenS","flowmu_m3s","flowav_m3s"
8,373.401659245601,373.401659245601,11575.4,5.93249553645002,31,31,101398.659849354,320.785531379723,1.10362444387097,1.10362444387097
