"strata","dload.bi_kgd","dload.ub_kgd","tload_kglenS","degf","lenObs","lenStr","MSE_kglenS","Cl_kglenS","flowmu_m3s","flowav_m3s"
1,75.3867881007484,75.3867881007484,2337,30,31,31,232136.168146844,179.648857020253,0.406283661247312,0.406283661247312
2,75.3867881007484,75.3867881007484,2337,19.6250224415004,31,31,14034.9759058755,55.852125640642,0.406283661247312,0.406283661247312
3,75.3867881007484,75.3867881007484,2336.9,13.0668001993624,31,31,11003.7094307589,62.6595336378773,0.406283661247312,0.406283661247312
4,75.3867881007484,75.3867881007484,2336.9,10.6284929220222,31,31,8541.59343069215,62.6622578316474,0.406283661247312,0.406283661247312
5,75.3867881007484,75.3867881007484,2337,7.24728298602883,31,31,6498.66187072109,70.3218352069576,0.406283661247312,0.406283661247312
6,75.3867881007484,75.3867881007484,2337,5.75621323341336,31,31,5683.76807803365,77.6859894977011,0.406283661247312,0.406283661247312
7,75.3867881007484,75.3867881007484,2337,5.52385343596001,31,31,5567.1076553607,79.3328571817218,0.406283661247312,0.406283661247312
8,75.3867881007484,75.3867881007484,2337,5.51233825046195,31,31,5561.29511945033,79.4185264013692,0.406283661247312,0.406283661247312
9,75.3867881007484,75.3867881007484,2337,5.51367908957201,31,31,5561.97285190325,79.4085357103013,0.406283661247312,0.406283661247312
