"strata","dload.bi_kgd","dload.ub_kgd","tload_kglenS","degf","lenObs","lenStr","MSE_kglenS","Cl_kglenS","flowmu_m3s","flowav_m3s"
1,1417.63804737817,1417.63804737817,43946.8,30,31,31,8868951.40664722,1110.42489669612,4.42701197419355,4.42701197419355
2,1417.63804737817,1417.63804737817,43946.8,3.53635661605493,31,31,4666849.34182985,3361.38617099185,4.42701197419355,4.42701197419355
3,1417.63804737817,1417.63804737817,43946.8,3.35728231524469,31,31,4546290.4757107,3490.08355782541,4.42701197419355,4.42701197419355
4,1417.63804737817,1417.63804737817,43946.7,3.20400486304318,31,31,4440660.36292343,3615.20319567998,4.42701197419355,4.42701197419355
5,1417.63804737817,1417.63804737817,43946.7,3.18302088851271,31,31,4426066.26218862,3633.58903256608,4.42701197419355,4.42701197419355
6,1417.63804737817,1417.63804737817,43946.8,3.17357984383537,31,31,4419506.83924759,3641.97483489399,4.42701197419355,4.42701197419355
7,1417.63804737817,1417.63804737817,43946.9,3.16836363309918,31,31,4416648.46780505,3646.95417375327,4.42701197419355,4.42701197419355
8,1417.63804737817,1417.63804737817,43946.8,3.16092402432648,31,31,4411101.53003542,3653.48670895559,4.42701197419355,4.42701197419355
9,1417.63804737817,1417.63804737817,43946.9,3.15778683484362,31,31,4408898.38814541,3656.31071310733,4.42701197419355,4.42701197419355
