"strata","dload.bi_kgd","dload.ub_kgd","tload_kglenS","degf","lenObs","lenStr","MSE_kglenS","Cl_kglenS","flowmu_m3s","flowav_m3s"
5,6005.84639234268,6009.92588312204,180297.8,3.19456078216194,20,30,13519476.4879586,6327.00540888207,10.88886015328,10.3959311872863
