"strata","dload.bi_kgd","dload.ub_kgd","tload_kglenS","degf","lenObs","lenStr","MSE_kglenS","Cl_kglenS","flowmu_m3s","flowav_m3s"
6,1273.51013603607,1273.51013603607,39478.7,6.11983136171608,31,31,919957.250010145,944.222843443667,2.75741066651183,2.75741066651183
