"strata","dload.bi_kgd","dload.ub_kgd","tload_kglenS","degf","lenObs","lenStr","MSE_kglenS","Cl_kglenS","flowmu_m3s","flowav_m3s"
1,5022.12569642967,5022.12569642967,155685.9,30,31,31,43274463.0927187,2452.8381760044,12.8100925231828,12.8100925231828
2,5022.12569642967,5022.12569642967,155685.9,23.2970539952005,31,31,17918785.1455973,1812.95103727843,12.8100925231828,12.8100925231828
3,5022.12569642967,5022.12569642967,155685.9,22.7937668700199,31,31,13766015.1140521,1608.42999320016,12.8100925231828,12.8100925231828
4,5022.12569642967,5022.12569642967,155685.9,17.1351396773606,31,31,10442502.5068541,1646.04656767938,12.8100925231828,12.8100925231828
5,5022.12569642967,5022.12569642967,155686,6.40560109897278,31,31,8700722.38633628,2808.57515634382,12.8100925231828,12.8100925231828
6,5022.12569642967,5022.12569642967,155685.9,6.54937693474756,31,31,8812976.22469661,2781.71144731452,12.8100925231828,12.8100925231828
7,5022.12569642967,5022.12569642967,155685.8,6.48391849246127,31,31,8825926.57243347,2803.96542606184,12.8100925231828,12.8100925231828
8,5022.12569642967,5022.12569642967,155685.8,7.38731882846707,31,31,9819799.85764815,2697.56684511404,12.8100925231828,12.8100925231828
9,5022.12569642967,5022.12569642967,155685.7,7.00081201903833,31,31,10297221.9154795,2867.72667338257,12.8100925231828,12.8100925231828
