"strata","dload.bi_kgd","dload.ub_kgd","tload_kglenS","degf","lenObs","lenStr","MSE_kglenS","Cl_kglenS","flowmu_m3s","flowav_m3s"
1,2562.21667052338,2562.21667052338,79428.7,30,31,31,10832772.4907448,1227.22124203611,6.49500462468817,6.49500462468817
2,2562.21667052338,2562.21667052338,79428.8,17.3392181030061,31,31,9441730.19505175,1554.56444467301,6.49500462468817,6.49500462468817
3,2562.21667052338,2562.21667052338,79428.7,27.4733913412698,31,31,5878074.66667618,948.315557077475,6.49500462468817,6.49500462468817
4,2562.21667052338,2562.21667052338,79428.8,13.8746121377586,31,31,2191408.33699149,853.107340466488,6.49500462468817,6.49500462468817
5,2562.21667052338,2562.21667052338,79428.8,12.3023209687258,31,31,2042891.70742693,885.455484126799,6.49500462468817,6.49500462468817
6,2562.21667052338,2562.21667052338,79428.7,8.58390500664474,31,31,1399331.48216493,920.150818535976,6.49500462468817,6.49500462468817
7,2562.21667052338,2562.21667052338,79428.6,7.13681943317703,31,31,1257669.54105655,988.79823313954,6.49500462468817,6.49500462468817
8,2562.21667052338,2562.21667052338,79428.6,6.67643470247457,31,31,1214746.88494717,1018.62638279813,6.49500462468817,6.49500462468817
9,2562.21667052338,2562.21667052338,79428.7,6.62046092424371,31,31,1209620.26944296,1022.61305766766,6.49500462468817,6.49500462468817
