"strata","dload.bi_kgd","dload.ub_kgd","tload_kglenS","degf","lenObs","lenStr","MSE_kglenS","Cl_kglenS","flowmu_m3s","flowav_m3s"
9,4012.00094608599,4012.00094608599,124371.9,2.32669240838697,31,31,12411807.2049646,8713.2976515015,7.92337556989247,7.92337556989247
