"strata","dload.bi_kgd","dload.ub_kgd","tload_kglenS","degf","lenObs","lenStr","MSE_kglenS","Cl_kglenS","flowmu_m3s","flowav_m3s"
8,866.962758048317,867.234384444705,26884.3,3.01867924727458,26,31,10593971.2238464,5941.04706996599,1.96105258064516,2.08341617204301
