"strata","dload.bi_kgd","dload.ub_kgd","tload_kglenS","degf","lenObs","lenStr","MSE_kglenS","Cl_kglenS","flowmu_m3s","flowav_m3s"
8,561.651462308066,561.651462308066,17411.2,2.24417134616723,31,31,547729.441879293,1918.6991068738,1.1217960651871,1.1217960651871
