"strata","dload.bi_kgd","dload.ub_kgd","tload_kglenS","degf","lenObs","lenStr","MSE_kglenS","Cl_kglenS","flowmu_m3s","flowav_m3s"
1,2567.46791792872,2580.43015189187,79993.3,20,21,31,116663942.066544,5038.02153622746,4.09471227094194,2.64286694864762
2,2816.33801201987,2825.65839556173,87595.4,6.81471269918474,21,31,9833707.19784858,2856.24591523002,4.09471227094194,3.14624868220903
3,1810.12037047884,1810.27651939721,56118.6,7.62690424280287,21,31,1502706.14919048,1032.36432966482,4.09471227094194,2.30600171816258
4,1816.9591202686,1818.41943313337,56371,5.69522201796462,21,31,1283641.0523303,1176.91249323141,4.09471227094194,2.41738032461936
5,1816.9591202686,1818.41943313337,56371,5.6501489741843,21,31,1278538.99478086,1181.67537378052,4.09471227094194,2.41738032461935
6,1816.20009360206,1818.78741071939,56382.5,5.79880722988872,21,31,1297916.96945856,1167.443245119,4.09471227094194,2.56778340929032
