"strata","dload.bi_kgd","dload.ub_kgd","tload_kglenS","degf","lenObs","lenStr","MSE_kglenS","Cl_kglenS","flowmu_m3s","flowav_m3s"
1,1775.60563833671,1775.60563833671,55043.8,30,31,31,5012549.51707408,834.799904533422,4.1020076986357,4.1020076986357
2,1775.6056383367,1775.6056383367,55043.8,14.063838389318,31,31,4266976.60697627,1180.8844178211,4.1020076986357,4.1020076986357
3,1775.6056383367,1775.6056383367,55043.8,13.6405579181141,31,31,4207821.69890205,1194.18461861691,4.1020076986357,4.1020076986357
4,1775.6056383367,1775.6056383367,55043.8,5.12586514321934,31,31,4114667.36784788,2286.20654641513,4.1020076986357,4.1020076986357
5,1775.60563833671,1775.60563833671,55043.8,5.07883563673851,31,31,4095655.42869427,2297.66408542254,4.1020076986357,4.1020076986357
6,1775.6056383367,1775.6056383367,55043.7,5.00817719374018,31,31,4066860.39184901,2315.3037531941,4.1020076986357,4.1020076986357
7,1775.6056383367,1775.6056383367,55043.6,5.00004431213075,31,31,4063555.94853942,2317.37582438113,4.1020076986357,4.1020076986357
8,1775.6056383367,1775.6056383367,55043.6,4.9972439215805,31,31,4062417.70419583,2318.09107546706,4.1020076986357,4.1020076986357
9,1775.6056383367,1775.6056383367,55043.6,4.99694035810474,31,31,4062294.30775422,2318.16866459835,4.1020076986357,4.1020076986357
