"strata","dload.bi_kgd","dload.ub_kgd","tload_kglenS","degf","lenObs","lenStr","MSE_kglenS","Cl_kglenS","flowmu_m3s","flowav_m3s"
1,1739.10412842364,1739.10412842364,53912.2,30,31,31,16504028.4892692,1514.77467298523,2.09407303225806,2.09407303225806
2,1739.10412842364,1739.10412842364,53912.2,9.95839770934002,31,31,11496580.9593386,2395.39893650862,2.09407303225806,2.09407303225806
3,1739.10412842364,1739.10412842364,53912.1,9.83305032627081,31,31,11425483.6961931,2407.33110822591,2.09407303225806,2.09407303225806
4,1739.10412842364,1739.10412842364,53912.1,9.2102927073797,31,31,11049882.6133614,2469.19514050435,2.09407303225806,2.09407303225806
5,1739.10412842364,1739.10412842364,53912.2,9.08885574205093,31,31,10976486.269629,2482.29278679138,2.09407303225806,2.09407303225806
6,1739.10412842364,1739.10412842364,53912.2,9.08123840285959,31,31,10971881.5514538,2483.1267214102,2.09407303225806,2.09407303225806
7,1739.10412842364,1739.10412842364,53912.2,9.07435941750195,31,31,10967722.4683895,2483.88102631315,2.09407303225806,2.09407303225806
8,1739.10412842364,1739.10412842364,53912.2,9.15518550568775,31,31,11017015.2072505,2475.14220444395,2.09407303225806,2.09407303225806
9,1739.10412842364,1739.10412842364,53912.2,6.19416840203999,31,31,17040377.2960592,4027.86780297848,2.09407303225806,2.09407303225806
