"strata","dload.bi_kgd","dload.ub_kgd","tload_kglenS","degf","lenObs","lenStr","MSE_kglenS","Cl_kglenS","flowmu_m3s","flowav_m3s"
1,80.5817235860612,80.5817235860612,2498,30,31,31,21256.8463073257,54.362881577364,0.803176801754839,0.803176801754839
2,80.5817235860612,80.5817235860612,2498,24.1994730187137,31,31,17374.6097826926,55.2781525574115,0.803176801754839,0.803176801754839
3,80.5817235860612,80.5817235860612,2498.1,21.9801324865087,31,31,16222.4661312325,56.3440703082176,0.803176801754839,0.803176801754839
4,80.5817235860612,80.5817235860612,2498.1,18.9416748377258,31,31,10190.3957066174,48.5569136335908,0.803176801754839,0.803176801754839
5,80.5817235860612,80.5817235860612,2498.2,16.4009998715708,31,31,9038.25205515727,49.6662395127712,0.803176801754839,0.803176801754839
6,80.5817235860612,80.5817235860612,2498.2,12.7204523992709,31,31,7575.51676873515,52.8389069226768,0.803176801754839,0.803176801754839
7,80.5817235860612,80.5817235860612,2498.2,11.5806690634324,31,31,7093.41875569537,54.1412057059123,0.803176801754839,0.803176801754839
8,80.5817235860612,80.5817235860612,2498.1,11.8036453862037,31,31,7212.13580457008,53.9567366860943,0.803176801754839,0.803176801754839
9,80.5817235860612,80.5817235860612,2498,10.975534813698,31,31,7598.58380727919,57.9280249099428,0.803176801754839,0.803176801754839
