"strata","dload.bi_kgd","dload.ub_kgd","tload_kglenS","degf","lenObs","lenStr","MSE_kglenS","Cl_kglenS","flowmu_m3s","flowav_m3s"
1,2151.5005006824,2128.24599277124,65975.6,21,22,31,125824343.557762,5090.44077873851,7.28720516490323,9.47688127767273
2,2130.96000062061,2105.59132762868,65273.4,18.5808132832473,22,31,69575292.944363,4056.32708734895,7.28720516490323,9.20948336861936
3,2224.56042658707,2219.78039378533,68813.2,5.00756213861919,22,31,17046073.1897903,4740.59878283095,7.28720516490323,7.38193454342194
4,2229.07573892681,2225.64837968048,68995.1,3.81467556537799,22,31,14835204.2905799,5581.80679624629,7.28720516490323,7.41494237657061
5,2231.77338765633,2228.19829120257,69074.2,3.77641068412615,22,31,14760531.0464715,5619.66837931357,7.28720516490323,7.42306541602867
6,2230.53402264267,2227.05969984522,69038.9,3.77534360830357,22,31,14758445.323844,5620.73808895013,7.28720516490323,7.41313462292416
7,2230.65251530109,2227.20420796399,69043.4,3.77581186924845,22,31,14759360.7111711,5620.2685963185,7.28720516490323,7.42237546045018
