"strata","dload.bi_kgd","dload.ub_kgd","tload_kglenS","degf","lenObs","lenStr","MSE_kglenS","Cl_kglenS","flowmu_m3s","flowav_m3s"
7,3075.4867526066,3075.4867526066,86113.6,3.26252171103348,28,28,1816796.61388607,2270.32715438914,9.50866648727619,9.50866648727619
