"strata","dload.bi_kgd","dload.ub_kgd","tload_kglenS","degf","lenObs","lenStr","MSE_kglenS","Cl_kglenS","flowmu_m3s","flowav_m3s"
1,776.966898387952,776.966898387952,24086,30,31,31,21536396.4569491,1730.37236870523,6.49531440439054,6.49531440439054
2,776.966898387952,776.966898387952,24086,6.08846325117657,31,31,7293091.60276574,2668.65609352366,6.49531440439054,6.49531440439054
3,776.966898387952,776.966898387952,24086,5.19812754643234,31,31,5371925.65717645,2583.52597519825,6.49531440439054,6.49531440439054
4,776.966898387952,776.966898387952,24086,5.1808989436812,31,31,5363026.27347807,2588.14452334334,6.49531440439054,6.49531440439054
5,776.966898387952,776.966898387952,24086,5.16877585346082,31,31,5356814.18121185,2591.42875488065,6.49531440439054,6.49531440439054
6,776.966898387952,776.966898387952,24085.9,5.16676047514581,31,31,5355794.23990364,2591.97962582417,6.49531440439054,6.49531440439054
7,776.966898387952,776.966898387952,24085.9,5.16679371852669,31,31,5355811.47653632,2591.97063499003,6.49531440439054,6.49531440439054
8,776.966898387952,776.966898387952,24085.9,5.1667272879084,31,31,5355777.04577752,2591.98860485476,6.49531440439054,6.49531440439054
9,776.966898387952,776.966898387952,24086,5.16965117893454,31,31,5357399.3028807,2591.22403404723,6.49531440439054,6.49531440439054
