"strata","dload.bi_kgd","dload.ub_kgd","tload_kglenS","degf","lenObs","lenStr","MSE_kglenS","Cl_kglenS","flowmu_m3s","flowav_m3s"
8,1734.26296659108,1734.26296659108,50293.6,6.17323629641811,29,29,3110446.20755809,1725.14668896349,6.85684642905379,6.85684642905379
