"strata","dload.bi_kgd","dload.ub_kgd","tload_kglenS","degf","lenObs","lenStr","MSE_kglenS","Cl_kglenS","flowmu_m3s","flowav_m3s"
1,3012.93796509069,3012.93796509069,90388.1,29,30,30,17566482.5620803,1591.78894417946,10.6797173025778,10.6797173025778
2,3012.93796509069,3012.93796509069,90388.2,27.9510035725475,30,30,15609266.5026222,1530.88696406884,10.6797173025778,10.6797173025778
3,3012.93796509069,3012.93796509069,90388.1,26.5255051710044,30,30,12162516.4888241,1390.54491061248,10.6797173025778,10.6797173025778
4,3012.93796509069,3012.93796509069,90388.2,14.1256515209728,30,30,8758530.81456535,1687.45885655925,10.6797173025778,10.6797173025778
5,3012.93796509069,3012.93796509069,90388.2,13.5289284326526,30,30,8601089.33732328,1715.73334009401,10.6797173025778,10.6797173025778
6,3012.93796509069,3012.93796509069,90388.2,11.6947610869389,30,30,8361513.66926631,1847.67422153502,10.6797173025778,10.6797173025778
7,3012.93796509069,3012.93796509069,90388.2,11.733145365409,30,30,8395692.20595958,1847.72612876725,10.6797173025778,10.6797173025778
8,3012.93796509069,3012.93796509069,90388.4,11.8942634420851,30,30,8595983.52559574,1854.07502102984,10.6797173025778,10.6797173025778
9,3012.93796509069,3012.93796509069,90388.3,6.5722840289889,30,30,9036961.10350561,2809.78160841535,10.6797173025778,10.6797173025778
