"strata","dload.bi_kgd","dload.ub_kgd","tload_kglenS","degf","lenObs","lenStr","MSE_kglenS","Cl_kglenS","flowmu_m3s","flowav_m3s"
1,550.098845735399,550.098845735399,17053.1,30,31,31,5322332.077746,860.209108477162,0.921698138322581,0.921698138322581
2,550.098845735399,550.098845735399,17053,13.3215399510091,31,31,489596.040953693,413.147492926945,0.921698138322581,0.921698138322581
3,550.098845735399,550.098845735399,17053,11.2477981955972,31,31,448656.573971731,438.403810090495,0.921698138322581,0.921698138322581
4,559.204353559544,559.204353559544,17335.3,11.2465263743028,39,39,446698.163979148,437.476559294399,0.958418633806452,0.958418633806452
5,550.098845735399,550.098845735399,17053.1,11.3897018467731,31,31,450181.367242162,435.757468481303,0.921698138322581,0.921698138322581
6,564.3570581074,564.3570581074,17495.1,11.4199066816701,47,47,450778.178415456,435.333965177154,1.00875859664516,1.00875859664516
7,569.686902325471,569.686902325471,17660.3,11.542507063537,41,41,453461.930018235,433.763380852777,0.98521911483871,0.98521911483871
8,550.098845735399,550.098845735399,17053.1,11.3356517681877,31,31,467316.97188643,445.279821011703,0.921698138322581,0.921698138322581
9,550.098845735399,550.098845735399,17053.1,6.51341595515786,31,31,517219.426953612,676.563977771474,0.921698138322581,0.921698138322581
