"strata","dload.bi_kgd","dload.ub_kgd","tload_kglenS","degf","lenObs","lenStr","MSE_kglenS","Cl_kglenS","flowmu_m3s","flowav_m3s"
6,97.7371721726734,97.7315762460979,2932,2.18679674593937,29,30,20238.4709955463,381.821151580503,0.524538609802667,0.510595637724444
