"strata","dload.bi_kgd","dload.ub_kgd","tload_kglenS","degf","lenObs","lenStr","MSE_kglenS","Cl_kglenS","flowmu_m3s","flowav_m3s"
1,3728.30400886931,3728.30400886931,115577.4,30,31,31,64495657.715742,2994.45844602627,9.18036593393548,9.18036593393548
2,3728.30400886931,3728.30400886931,115577.4,19.1285077664077,31,31,39607576.0353574,3010.40808109591,9.18036593393548,9.18036593393548
3,3728.30400886931,3728.30400886931,115577.4,6.84100148333051,31,31,19724049.8005537,4034.13203970349,9.18036593393548,9.18036593393548
4,3728.30400886931,3728.30400886931,115577.4,6.84584681313122,31,31,19731140.245349,4032.83478631938,9.18036593393548,9.18036593393548
5,3728.30400886931,3728.30400886931,115577.5,6.86317532450634,31,31,19757229.7410992,4028.2868811926,9.18036593393548,9.18036593393548
6,3728.30400886931,3728.30400886931,115577.4,7.52366270908824,31,31,21067919.0076078,3901.77729081163,9.18036593393548,9.18036593393548
7,3875.33922685742,3875.33922685742,120135.5,7.59025146507531,37,37,21673970.6784159,3933.6597129841,9.45671963303226,9.45671963303226
8,3728.30400886931,3728.30400886931,115577.5,7.40458450046216,31,31,22501335.0850341,4076.85391809421,9.18036593393548,9.18036593393548
9,3728.30400886931,3728.30400886931,115577.5,6.13138133800002,31,31,22928627.2721547,4707.35035534704,9.18036593393548,9.18036593393548
