"strata","dload.bi_kgd","dload.ub_kgd","tload_kglenS","degf","lenObs","lenStr","MSE_kglenS","Cl_kglenS","flowmu_m3s","flowav_m3s"
6,97.7127627637259,97.7544547541353,3030.3,6.84189270377252,26,31,7800.55718094344,80.2185511034469,0.51741589632,0.479283553896406
