"strata","dload.bi_kgd","dload.ub_kgd","tload_kglenS","degf","lenObs","lenStr","MSE_kglenS","Cl_kglenS","flowmu_m3s","flowav_m3s"
5,1042.45682589255,1047.31288375539,31419.4,3.46506681678673,19,30,3573665.39890645,2999.87006855509,1.85204457244444,1.666585264
