"strata","dload.bi_kgd","dload.ub_kgd","tload_kglenS","degf","lenObs","lenStr","MSE_kglenS","Cl_kglenS","flowmu_m3s","flowav_m3s"
1,4366.78678107766,4366.78678107766,135370.4,30,31,31,309907780.576188,6564.01088698493,10.024139587957,10.024139587957
2,4366.78678107766,4366.78678107766,135370.4,23.7946979749647,31,31,145314232.295897,5102.70733337897,10.024139587957,10.024139587957
3,4366.78678107766,4366.78678107766,135370.4,26.765198717209,31,31,78389040.9954534,3512.87120074122,10.024139587957,10.024139587957
4,4366.78678107766,4366.78678107766,135370.4,5.21133638283226,31,31,57353665.5812037,8424.83369894781,10.024139587957,10.024139587957
5,4366.78678107766,4366.78678107766,135370.4,4.88979553356145,31,31,55544694.3925175,8722.84003099134,10.024139587957,10.024139587957
6,4366.78678107766,4366.78678107766,135370.4,4.29879239495328,31,31,54594418.0967272,9629.00076060531,10.024139587957,10.024139587957
7,4366.78678107766,4366.78678107766,135370.4,4.29266154919033,31,31,54555466.1112354,9637.40531631681,10.024139587957,10.024139587957
8,4366.78678107766,4366.78678107766,135370.4,4.29223182119848,31,31,54552735.2574222,9637.99550439216,10.024139587957,10.024139587957
9,4366.78678107766,4366.78678107766,135370.3,4.29267421621347,31,31,54555546.8190395,9637.3879403373,10.024139587957,10.024139587957
