"strata","dload.bi_kgd","dload.ub_kgd","tload_kglenS","degf","lenObs","lenStr","MSE_kglenS","Cl_kglenS","flowmu_m3s","flowav_m3s"
4,12.3072412663742,12.3055875460238,381.5,13.6518426922598,24,31,41.5169033450739,3.74922130351392,0.0643978838709677,0.0616575483870968
