"strata","dload.bi_kgd","dload.ub_kgd","tload_kglenS","degf","lenObs","lenStr","MSE_kglenS","Cl_kglenS","flowmu_m3s","flowav_m3s"
1,3752.96648620968,3755.07113307997,112652.1,26,27,30,33742036.8561335,2341.65373090874,6.64106214523022,7.01452512798025
2,3762.66856105932,3764.64423285504,112939.3,18.2113277007578,27,30,17013892.1487968,2028.98979734074,6.64106214523022,7.27543710203259
3,3716.67426002277,3716.27254659848,111488.1,14.0342379502928,27,30,8323304.47606005,1651.34641999235,6.64106214523022,6.77435139939556
4,3716.67426002277,3716.27254659848,111488.1,12.0901321251358,27,30,7332465.90789744,1695.39329831571,6.64106214523022,6.77435139939556
5,3713.18788616661,3713.055968519,111391.7,12.0780287054175,27,30,5013698.65125798,1402.78115273235,6.64106214523022,6.78485655463822
6,3716.67426002277,3716.27254659848,111488.2,10.1372698231107,27,30,4485481.78465588,1479.41408138026,6.64106214523022,6.77435139939556
7,3709.47719850941,3709.13299454287,111274.1,8.73872725673846,27,30,4248384.39296605,1584.50441921799,6.64106214523022,6.74647256590222
8,3709.47719850941,3709.13299454287,111274.1,8.73052603011151,27,30,4246388.80239256,1585.1107019176,6.64106214523022,6.74647256590222
9,3711.97105116668,3712.99434907656,111389.9,3.11443133731747,27,30,8561840.72784011,5168.61198355193,6.64106214523022,6.59874759587556
