"strata","dload.bi_kgd","dload.ub_kgd","tload_kglenS","degf","lenObs","lenStr","MSE_kglenS","Cl_kglenS","flowmu_m3s","flowav_m3s"
5,2882.93639757448,2882.93639757448,86488.2,4.16216948199007,30,30,8518674.0872022,3911.75771079959,10.6661551285333,10.6661551285333
