"strata","dload.bi_kgd","dload.ub_kgd","tload_kglenS","degf","lenObs","lenStr","MSE_kglenS","Cl_kglenS","flowmu_m3s","flowav_m3s"
1,3673.27014543953,3673.27014543953,113871.4,30,31,31,37561392.1478593,2285.19830321561,6.77906673526021,6.77906673526021
2,3673.27014543953,3673.27014543953,113871.4,28.583536182724,31,31,34979016.9913885,2263.9291672255,6.77906673526021,6.77906673526021
3,3673.27014543953,3673.27014543953,113871.4,20.8487646026765,31,31,26675581.7136816,2353.37614972124,6.77906673526021,6.77906673526021
4,3673.27014543953,3673.27014543953,113871.4,20.7454979939376,31,31,26608955.4340085,2356.99792430837,6.77906673526021,6.77906673526021
5,3673.27014543953,3673.27014543953,113871.4,17.8578391980617,31,31,30709555.2592706,2756.64045298539,6.77906673526021,6.77906673526021
6,3820.64660385723,3820.64660385723,118440.1,19.8255749856739,35,35,31004782.0267465,2610.07597326989,7.08137689206021,7.08137689206021
7,3673.27014543953,3673.27014543953,113871.3,13.0472783551333,31,31,31472413.4717468,3354.07662137487,6.77906673526022,6.77906673526022
8,3673.27014543953,3673.27014543953,113871.2,6.57815850380527,31,31,31978421.8925836,5282.15718076451,6.77906673526021,6.77906673526021
9,3673.27014543953,3673.27014543953,113871.2,5.22291176357748,31,31,32647294.8984664,6345.22568411021,6.77906673526021,6.77906673526021
