"strata","dload.bi_kgd","dload.ub_kgd","tload_kglenS","degf","lenObs","lenStr","MSE_kglenS","Cl_kglenS","flowmu_m3s","flowav_m3s"
5,2599.83016731738,2598.27576913773,80546.7,11.2023912720334,23,31,3520230.59689454,1231.09301661388,6.90747230967742,9.15820118709677
