"strata","dload.bi_kgd","dload.ub_kgd","tload_kglenS","degf","lenObs","lenStr","MSE_kglenS","Cl_kglenS","flowmu_m3s","flowav_m3s"
3,3103.4981360724,3102.719159923,96184.3,23.9106443780954,30,31,30415214.0933901,2328.22013861827,12.3695698924731,11.614554513324
