"strata","dload.bi_kgd","dload.ub_kgd","tload_kglenS","degf","lenObs","lenStr","MSE_kglenS","Cl_kglenS","flowmu_m3s","flowav_m3s"
7,2305.61767293275,2305.61767293275,71474.2,10.4781110148245,31,31,8986276.03511114,2050.7427870437,2.43486419784946,2.43486419784946
