"strata","dload.bi_kgd","dload.ub_kgd","tload_kglenS","degf","lenObs","lenStr","MSE_kglenS","Cl_kglenS","flowmu_m3s","flowav_m3s"
1,5259.14187278636,5255.44764033142,162918.9,29,30,31,753369783.542309,10424.306643631,3.59218027844129,3.20200295726933
2,5004.25311694845,4993.25445826513,154790.9,9.90193001230639,30,31,24678862.1357138,3522.31540183452,3.59218027844129,3.43947751945634
3,5004.25311694845,4993.25445826513,154790.9,6.69793885718139,30,31,19925125.141752,4116.00446438611,3.59218027844129,3.43947751945634
4,5004.25311694845,4993.25445826513,154790.9,4.93325327834026,30,31,16996903.1363049,4790.92470356606,3.59218027844129,3.43947751945634
5,5004.25311694845,4993.25445826513,154791,4.63126893416062,30,31,16462289.3683075,4964.87310627489,3.59218027844129,3.43947751945634
6,5004.25311694845,4993.25445826513,154791,4.62133123618365,30,31,16444608.1146398,4971.06375314339,3.59218027844129,3.43947751945634
7,5004.25311694845,4993.25445826513,154791,4.35282146799729,30,31,16436227.4233101,5226.99874934346,3.59218027844129,3.43947751945634
8,5004.25311694845,4993.25445826513,154791,4.36408554186998,30,31,16457595.1166671,5218.85021207615,3.59218027844129,3.43947751945634
9,5004.25311694845,4993.25445826513,154791,4.39776844957858,30,31,16521982.3171221,5194.8748815592,3.59218027844129,3.43947751945634
