"strata","dload.bi_kgd","dload.ub_kgd","tload_kglenS","degf","lenObs","lenStr","MSE_kglenS","Cl_kglenS","flowmu_m3s","flowav_m3s"
7,23.093844176895,23.093844176895,692.9,11.4616835517734,30,30,492.569930234371,14.358094723992,0.175985136426667,0.175985136426667
