"strata","dload.bi_kgd","dload.ub_kgd","tload_kglenS","degf","lenObs","lenStr","MSE_kglenS","Cl_kglenS","flowmu_m3s","flowav_m3s"
1,200.772362079565,200.772362079565,6023.2,29,30,30,1862944.96736257,518.373858927374,0.557124135939556,0.557124135939556
2,200.772362079565,200.772362079565,6023.2,3.25319556842148,30,30,391139.313690966,1056.46728359899,0.557124135939556,0.557124135939556
3,200.772362079565,200.772362079565,6023.2,3.22488771860261,30,30,389518.135645201,1063.65301462914,0.557124135939556,0.557124135939556
4,200.772362079565,200.772362079565,6023.1,3.13570721913093,30,30,384052.579135172,1086.97450097926,0.557124135939556,0.557124135939556
5,200.772362079565,200.772362079565,6023.1,3.11685239516993,30,30,382895.633693044,1092.14395242637,0.557124135939556,0.557124135939556
6,200.772362079565,200.772362079565,6023.2,3.11197035121532,30,30,382595.594221761,1093.49617205991,0.557124135939556,0.557124135939556
7,200.772362079565,200.772362079565,6023.2,3.11185908986735,30,30,382588.755884152,1093.52705800253,0.557124135939556,0.557124135939556
8,200.772362079565,200.772362079565,6023.1,3.1120525237757,30,30,382600.65618612,1093.47337951192,0.557124135939556,0.557124135939556
9,200.772362079565,200.772362079565,6023.1,3.11239642364207,30,30,382621.820723779,1093.37798000842,0.557124135939556,0.557124135939556
