"strata","dload.bi_kgd","dload.ub_kgd","tload_kglenS","degf","lenObs","lenStr","MSE_kglenS","Cl_kglenS","flowmu_m3s","flowav_m3s"
4,61.6546286132789,61.6517540990891,1911.2,17.3692939711753,23,31,1351.14822947348,18.578130940679,0.484331460645161,0.47066784344086
