"strata","dload.bi_kgd","dload.ub_kgd","tload_kglenS","degf","lenObs","lenStr","MSE_kglenS","Cl_kglenS","flowmu_m3s","flowav_m3s"
1,6836.59415211214,6836.59415211214,211934.4,30,31,31,587602565.415756,9038.46944887893,5.41526494489462,5.41526494489462
2,6836.59415211214,6836.59415211214,211934.4,21.3333339888363,31,31,246893503.792443,7067.97735981118,5.41526494489462,5.41526494489462
3,6836.59415211214,6836.59415211214,211934.5,19.7450200504737,31,31,98311089.0164194,4658.42195129316,5.41526494489462,5.41526494489462
4,6836.59415211214,6836.59415211214,211934.5,10.0593421225748,31,31,63295422.0119856,5584.65628927277,5.41526494489462,5.41526494489462
5,6836.59415211214,6836.59415211214,211934.5,8.5008065159016,31,31,56649449.8285278,5892.3946857109,5.41526494489462,5.41526494489462
6,6836.59415211214,6836.59415211214,211934.4,5.38815280679874,31,31,42618916.1536584,7075.70040626991,5.41526494489462,5.41526494489462
7,6836.59415211214,6836.59415211214,211934.4,5.38798351859349,31,31,42618246.6256284,7075.81715374032,5.41526494489462,5.41526494489462
8,6836.59415211214,6836.59415211214,211934.4,5.38788188426424,31,31,42617844.6797483,7075.88724991781,5.41526494489462,5.41526494489462
9,6836.59415211214,6836.59415211214,211934.4,5.38793283474348,31,31,42618046.1892947,7075.8521102671,5.41526494489462,5.41526494489462
