"strata","dload.bi_kgd","dload.ub_kgd","tload_kglenS","degf","lenObs","lenStr","MSE_kglenS","Cl_kglenS","flowmu_m3s","flowav_m3s"
9,100.549452403446,100.549452403446,3016.5,8.36968774232392,30,30,2008.73948306663,35.4517821719792,0.356869079253333,0.356869079253333
