"strata","dload.bi_kgd","dload.ub_kgd","tload_kglenS","degf","lenObs","lenStr","MSE_kglenS","Cl_kglenS","flowmu_m3s","flowav_m3s"
9,2538.17899412722,2538.17899412722,76145.1,2.07710399875772,30,30,20470235.9127414,13038.007483896,2.29266662861511,2.29266662861511
