"strata","dload.bi_kgd","dload.ub_kgd","tload_kglenS","degf","lenObs","lenStr","MSE_kglenS","Cl_kglenS","flowmu_m3s","flowav_m3s"
6,101.628993065457,101.40497999216,3143.6,5.54920754837859,24,31,36885.6404871741,203.489797577169,0.57999200516129,0.567142115354839
