"strata","dload.bi_kgd","dload.ub_kgd","tload_kglenS","degf","lenObs","lenStr","MSE_kglenS","Cl_kglenS","flowmu_m3s","flowav_m3s"
1,2723.50985140335,2723.50985140335,84428.8,30,31,31,4747090.77719037,812.39421306224,5.5663064516129,5.5663064516129
2,2723.50985140335,2723.50985140335,84428.8,27.3084033027099,31,31,5168290.71493717,892.148932205167,5.5663064516129,5.5663064516129
3,2723.50985140336,2723.50985140336,84428.8,26.2466024424885,31,31,6157184.38222596,995.129681350424,5.5663064516129,5.5663064516129
4,2723.50985140335,2723.50985140335,84428.8,3.70997670483358,31,31,7365080.64386091,4035.54909126275,5.5663064516129,5.5663064516129
5,2723.50985140335,2723.50985140335,84428.9,3.63145609515979,31,31,7286433.4939446,4095.36172134618,5.5663064516129,5.5663064516129
6,2723.50985140335,2723.50985140335,84428.8,3.62714313592613,31,31,7282103.79570797,4098.74465566427,5.5663064516129,5.5663064516129
7,2723.50985140335,2723.50985140335,84428.8,3.63465021688347,31,31,7291042.39576076,4093.25695141985,5.5663064516129,5.5663064516129
8,2723.50985140335,2723.50985140335,84428.8,3.62878477562171,31,31,7285154.39368164,4097.85023573206,5.5663064516129,5.5663064516129
9,2723.50985140336,2723.50985140336,84428.9,3.61360145776294,31,31,7282699.97384541,4113.44601951978,5.5663064516129,5.5663064516129
