"strata","dload.bi_kgd","dload.ub_kgd","tload_kglenS","degf","lenObs","lenStr","MSE_kglenS","Cl_kglenS","flowmu_m3s","flowav_m3s"
1,156.131357072221,156.180266698085,4841.6,29,30,31,234159.265206835,183.780213965629,0.345738993548387,0.344521066666667
2,157.817462135804,157.883134375388,4894.3,19.0969624930478,30,31,80053.9639010299,135.467235846623,0.345738993548387,0.350351891612903
3,157.817462135804,157.883134375388,4894.3,11.1966377679452,30,31,61406.8758233203,162.649246311349,0.345738993548387,0.350351891612903
4,155.163116045331,155.178209758298,4810.5,6.00405944389365,30,31,43700.8401689136,208.722636760074,0.345738993548387,0.339162188387097
5,155.163116045331,155.178209758298,4810.5,5.87539996631707,30,31,43228.3422525219,210.969893677417,0.345738993548387,0.339162188387097
6,155.163116045331,155.178209758298,4810.5,5.85460767310873,30,31,43151.7254515814,211.343257034596,0.345738993548387,0.339162188387097
7,155.163116045331,155.178209758298,4810.4,5.85420505314273,30,31,43150.2415346376,211.35051660277,0.345738993548387,0.339162188387097
8,155.163116045331,155.178209758298,4810.5,5.85862248293577,30,31,43166.6348174141,211.271204977128,0.345738993548387,0.339162188387097
9,157.898840327535,158.085320365975,4900.5,4.71770703399969,30,31,56616.065701406,286.746463004338,0.345738993548387,0.348022606451613
