"strata","dload.bi_kgd","dload.ub_kgd","tload_kglenS","degf","lenObs","lenStr","MSE_kglenS","Cl_kglenS","flowmu_m3s","flowav_m3s"
1,3532.29274562725,3532.29274562725,109501.1,30,31,31,69251554.9309739,3102.90027146564,13.1185949247312,13.1185949247312
2,3532.29274562725,3532.29274562725,109501.1,27.1420736151352,31,31,43697521.2280113,2602.80729957219,13.1185949247312,13.1185949247312
3,3532.29274562725,3532.29274562725,109501.1,15.2373899146943,31,31,13808119.5090039,2026.27354196787,13.1185949247312,13.1185949247312
4,3532.29274562725,3532.29274562725,109501.1,13.3034596044495,31,31,10431081.2994503,1908.55284805781,13.1185949247312,13.1185949247312
5,3532.29274562725,3532.29274562725,109501,19.2104231193269,31,31,4921651.76805524,1058.61813006158,13.1185949247312,13.1185949247312
6,3532.29274562725,3532.29274562725,109501,14.1658633358212,31,31,3799123.66938069,1109.50039901209,13.1185949247312,13.1185949247312
7,3532.29274562725,3532.29274562725,109501,14.4859406548769,31,31,4045704.45181626,1129.90745898115,13.1185949247312,13.1185949247312
8,3532.29274562725,3532.29274562725,109501,11.4240140201474,31,31,3571022.41286398,1225.01393733086,13.1185949247312,13.1185949247312
9,3532.29274562725,3532.29274562725,109501.1,4.50373432570378,31,31,3684052.32565897,2404.12792085551,13.1185949247312,13.1185949247312
