"strata","dload.bi_kgd","dload.ub_kgd","tload_kglenS","degf","lenObs","lenStr","MSE_kglenS","Cl_kglenS","flowmu_m3s","flowav_m3s"
7,2438.84145009968,2438.84145009968,68287.5,4.99627551858638,28,28,14287300.1145194,4347.91165237961,15.8568450350476,15.8568450350476
