"strata","dload.bi_kgd","dload.ub_kgd","tload_kglenS","degf","lenObs","lenStr","MSE_kglenS","Cl_kglenS","flowmu_m3s","flowav_m3s"
1,12.1694478028092,12.1694359033527,377.3,29,30,31,281.715139965477,6.37453005749319,0.0790130064516129,0.07928704
2,12.1533559834276,12.1532861956912,376.8,23.5347892409359,30,31,246.976753238013,6.69292155943772,0.0790130064516129,0.0792413677419355
3,12.1915270772793,12.1916487703539,378,9.50239790048981,30,31,151.894693114505,8.97198261490261,0.0790130064516129,0.0791271870967742
4,12.1690250081917,12.168838555981,377.3,8.26912453871696,30,31,140.914287353669,9.46570303275979,0.0790130064516129,0.0788607655913978
5,12.1690250081917,12.168838555981,377.3,7.46337670185895,30,31,133.458484234266,9.8747670640074,0.0790130064516129,0.0788607655913978
6,12.1690250081917,12.168838555981,377.3,5.09966453913816,30,31,126.520385363255,12.7289602263936,0.0790130064516129,0.0788607655913978
7,12.1548378999152,12.1536635181147,376.8,5.0618631599713,30,31,126.067859224965,12.7815614038326,0.0790130064516129,0.0788607655913978
8,12.1548378999152,12.1536635181147,376.8,4.96151334349613,30,31,124.797034164937,12.9223211185914,0.0790130064516129,0.0788607655913978
9,12.1548378999152,12.1536635181147,376.7,3.86000141814135,30,31,132.17687859649,16.4820504293894,0.0790130064516129,0.0788607655913978
