"strata","dload.bi_kgd","dload.ub_kgd","tload_kglenS","degf","lenObs","lenStr","MSE_kglenS","Cl_kglenS","flowmu_m3s","flowav_m3s"
6,1339.64825400366,1339.64825400366,40189.5,5.82437994925272,30,30,1584792.93930411,1285.76670152311,6.19469014257778,6.19469014257778
