"strata","dload.bi_kgd","dload.ub_kgd","tload_kglenS","degf","lenObs","lenStr","MSE_kglenS","Cl_kglenS","flowmu_m3s","flowav_m3s"
1,3248.2226731122,3246.66568812011,100646.6,28,29,31,69689221.0490157,3231.6183892181,9.05340412049204,9.2961044356708
2,3269.2536003805,3268.89806050027,101335.8,26.6096789372696,29,31,17118522.9165797,1646.84597072135,9.05340412049204,9.28014461615593
3,3269.2536003805,3268.89806050027,101335.8,20.1290785830982,29,31,14280089.9620683,1756.2313122055,9.05340412049204,9.28014461615593
4,3318.77922749341,3324.55230420802,103061.1,15.7327432002259,29,31,10689870.7656728,1749.84832900721,9.05340412049204,9.16959020405677
5,3318.77922749341,3324.55230420802,103061.1,9.66012371089266,29,31,7851437.8111614,2018.36940344738,9.05340412049204,9.16959020405677
6,3318.77922749341,3324.55230420802,103061.1,8.69671036326501,29,31,7412119.25335622,2099.56840164263,9.05340412049204,9.16959020405677
7,3318.77922749341,3324.55230420802,103061,7.54082419291829,29,31,6800355.00572085,2213.289659154,9.05340412049204,9.16959020405677
8,3318.77922749341,3324.55230420802,103061,7.56802326198494,29,31,6814096.68067393,2210.06117068143,9.05340412049204,9.16959020405677
9,3318.77922749341,3324.55230420802,103061.1,9.24391922187027,29,31,8573537.07972346,2169.8544986367,9.05340412049204,9.16959020405677
