"strata","dload.bi_kgd","dload.ub_kgd","tload_kglenS","degf","lenObs","lenStr","MSE_kglenS","Cl_kglenS","flowmu_m3s","flowav_m3s"
1,4059.1715146246,4059.27752951818,125837.6,23,24,31,53356910.1458958,3150.79417032527,3.89896455053763,4.18852666666667
2,4079.1992239475,4080.88384939225,126507.4,20.5306150324256,24,31,16053601.4405035,1841.50505669805,3.89896455053763,4.37817791384267
3,4044.96731796352,4042.28881415508,125310.9,15.3971226494698,24,31,3547341.82598954,1020.77994520535,3.89896455053763,4.33493514049076
4,4040.90238854997,4039.25653066873,125216.9,16.7605324489441,24,31,3815799.93753604,1007.78127798473,3.89896455053763,4.32456547457245
5,4044.13370908032,4041.81597934272,125296.2,14.0808334790739,24,31,4016778.82128485,1144.91972965534,3.89896455053763,4.38533223268817
6,4044.98680683305,4043.88004479054,125360.2,11.9574434947034,24,31,4405825.21058551,1323.07920118275,3.89896455053763,4.43900855397849
7,4047.57193056519,4047.26685898003,125465.2,7.56182267345567,24,31,4835269.01477237,1862.74961018859,3.89896455053763,4.59571007139785
