"strata","dload.bi_kgd","dload.ub_kgd","tload_kglenS","degf","lenObs","lenStr","MSE_kglenS","Cl_kglenS","flowmu_m3s","flowav_m3s"
7,1800.71845091598,1801.47880912647,55845.9,2.16492395585872,26,31,26149749.3564899,13913.3798211431,3.78855734733763,3.83530290346667
