"strata","dload.bi_kgd","dload.ub_kgd","tload_kglenS","degf","lenObs","lenStr","MSE_kglenS","Cl_kglenS","flowmu_m3s","flowav_m3s"
7,8778.09530168682,8777.01011164785,272087.3,3.23339879140436,24,31,16235509.6735359,6848.68202022076,14.7048700901505,14.7421569216344
