"strata","dload.bi_kgd","dload.ub_kgd","tload_kglenS","degf","lenObs","lenStr","MSE_kglenS","Cl_kglenS","flowmu_m3s","flowav_m3s"
5,1613.20299884048,1616.02808483533,46864.8,5.54008656859579,17,29,2470135.17311483,1667.32999313216,5.72586071076782,5.7805980616092
