"strata","dload.bi_kgd","dload.ub_kgd","tload_kglenS","degf","lenObs","lenStr","MSE_kglenS","Cl_kglenS","flowmu_m3s","flowav_m3s"
1,2305.61767293275,2305.61767293275,71474.1,30,31,31,130280666.06609,4255.9159050639,2.43486419784946,2.43486419784946
2,2305.61767293275,2305.61767293275,71474.1,13.0170594575281,31,31,91763853.8720486,5735.2108880655,2.43486419784946,2.43486419784946
3,2305.61767293275,2305.61767293275,71474.1,25.5851106733755,31,31,17037815.6222422,1678.72628081997,2.43486419784946,2.43486419784946
4,2305.61767293275,2305.61767293275,71474.1,12.4906437807382,31,31,11466689.8114101,2078.53773129994,2.43486419784946,2.43486419784946
5,2305.61767293275,2305.61767293275,71474.1,10.4784278759736,31,31,8986407.62300999,2050.7188123853,2.43486419784946,2.43486419784946
6,2305.61767293275,2305.61767293275,71474.1,10.47897197139,31,31,8986645.25079202,2050.67897983144,2.43486419784946,2.43486419784946
7,2305.61767293275,2305.61767293275,71474.2,10.4781110148245,31,31,8986276.03511114,2050.7427870437,2.43486419784946,2.43486419784946
8,2305.61767293275,2305.61767293275,71474.1,10.4783876649492,31,31,8986394.75731916,2050.7222921813,2.43486419784946,2.43486419784946
9,2305.61767293275,2305.61767293275,71474.1,10.4812725263481,31,31,8987636.66856272,2050.50908676635,2.43486419784946,2.43486419784946
