"strata","dload.bi_kgd","dload.ub_kgd","tload_kglenS","degf","lenObs","lenStr","MSE_kglenS","Cl_kglenS","flowmu_m3s","flowav_m3s"
6,1332.54060891211,1332.54060891211,41308.7,4.07322469040804,31,31,1225614.66355178,1512.25223692296,3.12831096375054,3.12831096375054
