"strata","dload.bi_kgd","dload.ub_kgd","tload_kglenS","degf","lenObs","lenStr","MSE_kglenS","Cl_kglenS","flowmu_m3s","flowav_m3s"
1,5639.52305368064,5639.52305368064,169185.7,29,30,30,278391531.541048,6336.81589468935,10.4473260444444,10.4473260444444
2,5639.52305368064,5639.52305368064,169185.7,27.9940334753014,30,30,53707583.5716616,2837.30170575016,10.4473260444444,10.4473260444444
3,5639.52305368064,5639.52305368064,169185.7,7.12569008970145,30,30,40049957.1820868,5585.97291334448,10.4473260444444,10.4473260444444
4,5639.52305368064,5639.52305368064,169185.7,4.13970755836713,30,30,29160545.7074698,7271.84171950584,10.4473260444444,10.4473260444444
5,5639.52305368064,5639.52305368064,169185.7,3.8518215426624,30,30,28122198.9055168,7617.26325174165,10.4473260444444,10.4473260444444
6,5639.52305368064,5639.52305368064,169185.7,3.82981181924355,30,30,28041669.1168603,7646.32240901983,10.4473260444444,10.4473260444444
7,5639.52305368064,5639.52305368064,169185.7,3.82237394900202,30,30,28014416.3485629,7656.23667405544,10.4473260444444,10.4473260444444
8,5639.52305368064,5639.52305368064,169185.7,3.81838001725512,30,30,27999783.9290995,7661.5815354304,10.4473260444444,10.4473260444444
9,5639.52305368064,5639.52305368064,169185.7,3.81766785267718,30,30,27997172.9468825,7662.53587814018,10.4473260444444,10.4473260444444
