"strata","dload.bi_kgd","dload.ub_kgd","tload_kglenS","degf","lenObs","lenStr","MSE_kglenS","Cl_kglenS","flowmu_m3s","flowav_m3s"
1,10.0306269310787,10.0306269310787,300.9,29,30,30,192.295174324923,5.26656286251351,0.0381516965866667,0.0381516965866667
2,10.0306269310787,10.0306269310787,300.9,19.7839777165684,30,30,128.181238198575,5.31332295757813,0.0381516965866667,0.0381516965866667
3,10.0306269310787,10.0306269310787,300.9,24.2345728680685,30,30,34.6509290181017,2.46663962228678,0.0381516965866667,0.0381516965866667
4,10.0306269310787,10.0306269310787,300.8,13.6379818216447,30,30,16.8313210004937,2.38864076074258,0.0381516965866667,0.0381516965866667
5,10.0306269310787,10.0306269310787,300.9,10.4564603754226,30,30,14.2525358691448,2.58602249275345,0.0381516965866667,0.0381516965866667
6,10.0306269310787,10.0306269310787,300.9,9.31904832139678,30,30,13.3955600809267,2.69808473067364,0.0381516965866667,0.0381516965866667
7,10.0306269310787,10.0306269310787,300.9,8.2393429597716,30,30,12.5507876420112,2.83176749613606,0.0381516965866667,0.0381516965866667
8,10.0306269310787,10.0306269310787,300.9,7.92262864080042,30,30,12.4850059509967,2.89973651687,0.0381516965866667,0.0381516965866667
9,10.0306269310787,10.0306269310787,300.9,8.6260416247017,30,30,13.5893060984406,2.85820322049401,0.0381516965866667,0.0381516965866667
