"strata","dload.bi_kgd","dload.ub_kgd","tload_kglenS","degf","lenObs","lenStr","MSE_kglenS","Cl_kglenS","flowmu_m3s","flowav_m3s"
1,23.1652971952128,23.1652971952128,695,29,30,30,58817.9707583917,92.1081581689898,0.192267925688889,0.192267925688889
2,23.1652971952128,23.1652971952128,694.9,26.0007209510379,30,30,59046.2301853856,97.9549770865948,0.192267925688889,0.192267925688889
3,23.1652971952128,23.1652971952128,694.9,23.0028825803464,30,30,59318.5086948141,105.048434482673,0.192267925688889,0.192267925688889
4,23.1652971952128,23.1652971952128,694.9,20.0029019023566,30,30,59765.349301651,114.019959755503,0.192267925688889,0.192267925688889
5,23.1652971952128,23.1652971952128,694.9,17.0035401489414,30,30,60547.6421161423,125.897338408933,0.192267925688889,0.192267925688889
6,26.1647938787328,26.1647938787328,785,14.0025094788981,38,38,61568.7023463469,142.217770472216,0.222724217244444,0.222724217244444
7,23.1652971952128,23.1652971952128,695,10.0070612452554,30,30,64298.1549281697,178.585704270173,0.192267925688889,0.192267925688889
8,23.1652971952128,23.1652971952128,694.9,8.01777526177782,30,30,65002.5912495412,207.553905411281,0.192267925688889,0.192267925688889
9,23.1652971952128,23.1652971952128,694.9,5.0112323261357,30,30,65763.6028385385,294.278978845181,0.192267925688889,0.192267925688889
