"strata","dload.bi_kgd","dload.ub_kgd","tload_kglenS","degf","lenObs","lenStr","MSE_kglenS","Cl_kglenS","flowmu_m3s","flowav_m3s"
1,2019.06583376921,2019.11639635998,62592.6,24,25,31,30645888.9157027,2332.2163682108,4.7490805587957,5.13178192810667
2,2033.62943610477,2036.24950752319,63123.7,20.0574235228376,25,31,18143743.9459929,1983.59439865318,4.7490805587957,5.10110579494931
3,2085.4556194274,2083.8828996976,64600.4,11.2172466679235,25,31,5592985.1832207,1550.49583388829,4.7490805587957,5.71531371595699
4,2085.4556194274,2083.8828996976,64600.4,6.77656787731243,25,31,4143519.38099446,1861.45207115805,4.7490805587957,5.71531371595699
5,1989.31609232963,1989.99297389944,61689.8,5.20816362566085,25,31,3780651.46340543,2164.0737368016,4.7490805587957,4.69993720911828
6,1989.31609232963,1989.99297389944,61689.7,4.78362218353401,25,31,3615813.80682727,2265.64020301484,4.7490805587957,4.69993720911828
7,1989.31609232963,1989.99297389944,61689.7,4.75262101930166,25,31,3604070.65275667,2274.02659286859,4.7490805587957,4.69993720911828
