"strata","dload.bi_kgd","dload.ub_kgd","tload_kglenS","degf","lenObs","lenStr","MSE_kglenS","Cl_kglenS","flowmu_m3s","flowav_m3s"
1,3070.24017029264,3069.65563891571,85950.4,26,27,28,57047306.5800676,3044.77075296316,14.7756101651429,15.0631794423704
2,3064.98898023992,3064.4267459892,85804,21.6511477228279,27,28,35120647.3883735,2643.80151785031,14.7756101651429,15.1132660933333
3,3069.58005518845,3068.72567890984,85924.4,20.3567437472884,27,28,31942119.0885655,2610.0374188389,14.7756101651429,15.2061544677143
4,3064.26507826315,3062.33057072995,85745.3,16.7597529953373,27,28,28141732.637173,2736.91030544544,14.7756101651429,15.2374422843492
5,3069.58005518845,3068.72567890984,85924.4,14.0028841564011,27,28,23998936.3901165,2807.77926719223,14.7756101651429,15.2061544677143
6,3064.26507826315,3062.33057072995,85745.3,10.6624699056082,27,28,20198549.9387239,3041.0831300022,14.7756101651429,15.2374422843492
7,3064.26507826315,3062.33057072995,85745.2,11.0326187824641,27,28,21759032.345764,3089.87536231646,14.7756101651429,15.2374422843492
8,3080.38674320347,3074.98299947436,86099.5,8.75843635140627,27,28,23735741.8216021,3739.72616942858,14.7756101651429,14.9686110689524
