"strata","dload.bi_kgd","dload.ub_kgd","tload_kglenS","degf","lenObs","lenStr","MSE_kglenS","Cl_kglenS","flowmu_m3s","flowav_m3s"
1,1314.0614476441,1314.0614476441,40735.9,30,31,31,12764686.3266789,1332.16532854771,1.51563373163011,1.51563373163011
2,1314.0614476441,1314.0614476441,40735.9,20.7030943151175,31,31,7175870.19893566,1225.4109092839,1.51563373163011,1.51563373163011
3,1314.0614476441,1314.0614476441,40735.9,13.6267487987454,31,31,2449097.09217458,911.608193495279,1.51563373163011,1.51563373163011
4,1314.0614476441,1314.0614476441,40735.9,12.6332673462137,31,31,2383926.95191292,941.238417942007,1.51563373163011,1.51563373163011
5,1314.0614476441,1314.0614476441,40735.9,11.2412369868211,31,31,2345202.08353884,1002.6845511874,1.51563373163011,1.51563373163011
6,1314.0614476441,1314.0614476441,40736,11.240252598994,31,31,2345099.3926297,1002.71696405688,1.51563373163011,1.51563373163011
7,1314.0614476441,1314.0614476441,40735.9,11.2402081512601,31,31,2345094.7559496,1002.71842774128,1.51563373163011,1.51563373163011
8,1314.0614476441,1314.0614476441,40735.9,10.1514615429303,31,31,2471502.29220119,1097.18754130221,1.51563373163011,1.51563373163011
9,1314.0614476441,1314.0614476441,40735.9,7.86664558590131,31,31,2800748.72156768,1380.01969036573,1.51563373163011,1.51563373163011
