"strata","dload.bi_kgd","dload.ub_kgd","tload_kglenS","degf","lenObs","lenStr","MSE_kglenS","Cl_kglenS","flowmu_m3s","flowav_m3s"
4,2412.0764684103,2414.78757801815,72443.7,12.7468493848865,24,30,3233909.09122744,1090.35482203447,7.61957893333333,5.76860410666667
