"strata","dload.bi_kgd","dload.ub_kgd","tload_kglenS","degf","lenObs","lenStr","MSE_kglenS","Cl_kglenS","flowmu_m3s","flowav_m3s"
1,26.9841481289804,26.9841481289804,836.5,30,31,31,4790.54040949933,25.8074626062941,0.179928418291613,0.179928418291613
2,26.9841481289804,26.9841481289804,836.6,14.9748489470067,31,31,4244.76058267875,35.8908683457399,0.179928418291613,0.179928418291613
3,26.9841481289804,26.9841481289804,836.5,3.98799130818768,31,31,3322.28813560453,80.231806161164,0.179928418291613,0.179928418291613
4,26.9841481289804,26.9841481289804,836.5,3.57629096696425,31,31,3142.59995435126,86.2953086113927,0.179928418291613,0.179928418291613
5,26.9841481289804,26.9841481289804,836.5,3.56339172262074,31,31,3136.94939257818,86.5154665553738,0.179928418291613,0.179928418291613
6,26.9841481289804,26.9841481289804,836.5,3.52683566936748,31,31,3121.79067345136,87.1631246263822,0.179928418291613,0.179928418291613
7,26.9841481289804,26.9841481289804,836.5,3.50702000100627,31,31,3113.0507029888,87.514455944627,0.179928418291613,0.179928418291613
8,26.9841481289804,26.9841481289804,836.5,3.50702000100627,31,31,3113.0507029888,87.514455944627,0.179928418291613,0.179928418291613
9,26.9841481289804,26.9841481289804,836.5,3.50125352974132,31,31,3112.99091956306,87.652677892287,0.179928418291613,0.179928418291613
