"strata","dload.bi_kgd","dload.ub_kgd","tload_kglenS","degf","lenObs","lenStr","MSE_kglenS","Cl_kglenS","flowmu_m3s","flowav_m3s"
1,1656.61499572029,1656.30776333803,51345.5,18,19,31,3085259.7533121,869.800296887516,3.93404710835515,3.2299642373614
2,1730.50355948177,1730.78370871976,53654.3,4.0156167993884,19,31,2189838.01971152,2047.16645478686,3.93404710835515,4.11026633902796
3,1730.50355948177,1730.78370871976,53654.3,3.75478788389641,19,31,2118709.20355926,2140.43499831941,3.93404710835515,4.11026633902796
4,1730.50355948177,1730.78370871976,53654.3,3.42425866241169,19,31,2022308.86007127,2282.89222785623,3.93404710835515,4.11026633902796
5,1730.50355948177,1730.78370871976,53654.2,3.3796322867053,19,31,2009057.98970584,2304.91582535586,3.93404710835515,4.11026633902796
