"strata","dload.bi_kgd","dload.ub_kgd","tload_kglenS","degf","lenObs","lenStr","MSE_kglenS","Cl_kglenS","flowmu_m3s","flowav_m3s"
5,4995.88884372411,4995.88884372411,139884.9,3.09419591972273,28,28,80206601.406896,15927.3758035915,12.7722252190476,12.7722252190476
