"strata","dload.bi_kgd","dload.ub_kgd","tload_kglenS","degf","lenObs","lenStr","MSE_kglenS","Cl_kglenS","flowmu_m3s","flowav_m3s"
1,1128.83524491847,1128.83524491847,34993.9,30,31,31,17533332.5383174,1561.29614595476,3.37061416756989,3.37061416756989
2,1128.83524491847,1128.83524491847,34993.8,25.2893076743797,31,31,1637639.76440802,523.791912691607,3.37061416756989,3.37061416756989
3,1128.83524491847,1128.83524491847,34993.8,13.5004344551539,31,31,1141484.53432006,625.82822723764,3.37061416756989,3.37061416756989
4,1128.83524491847,1128.83524491847,34993.8,10.9382351468192,31,31,1022120.18371402,673.276959076088,3.37061416756989,3.37061416756989
5,1128.83524491847,1128.83524491847,34993.9,6.34517136672953,31,31,836955.998436792,877.097104509509,3.37061416756989,3.37061416756989
6,1128.83524491847,1128.83524491847,34993.9,4.70712231198879,31,31,717591.647830748,1022.75050738892,3.37061416756989,3.37061416756989
7,1128.83524491847,1128.83524491847,34993.9,4.63268217646514,31,31,711886.314616642,1032.1870668581,3.37061416756989,3.37061416756989
8,1128.83524491847,1128.83524491847,34993.9,4.6305183944643,31,31,711719.986054771,1032.46664083214,3.37061416756989,3.37061416756989
9,1128.83524491847,1128.83524491847,34993.9,4.63045590976601,31,31,711715.18399984,1032.47471986072,3.37061416756989,3.37061416756989
