"strata","dload.bi_kgd","dload.ub_kgd","tload_kglenS","degf","lenObs","lenStr","MSE_kglenS","Cl_kglenS","flowmu_m3s","flowav_m3s"
1,72.8764118808576,72.8764118808576,2186.3,29,30,30,29162.0908683957,64.8563358500052,0.819211316622222,0.819211316622222
2,72.8764118808576,72.8764118808576,2186.3,26.8708263903099,30,30,18614.8229118241,54.0167095214257,0.819211316622222,0.819211316622222
3,72.8764118808576,72.8764118808576,2186.2,25.1819413207227,30,30,9302.58613912372,39.5701862012088,0.819211316622222,0.819211316622222
4,72.8764118808576,72.8764118808576,2186.3,21.1849327646216,30,30,6420.65075345216,36.1849428222852,0.819211316622222,0.819211316622222
5,72.8764118808576,72.8764118808576,2186.3,16.1265985912453,30,30,5385.92608657123,38.7166932027929,0.819211316622222,0.819211316622222
6,72.8764118808576,72.8764118808576,2186.3,14.4500776616297,30,30,5036.0426269208,39.9232818123078,0.819211316622222,0.819211316622222
7,72.8764118808576,72.8764118808576,2186.3,13.6863145106425,30,30,4937.54933438547,40.8254763751092,0.819211316622222,0.819211316622222
8,72.8764118808576,72.8764118808576,2186.3,13.8076526540564,30,30,4971.08713437082,40.7490759144577,0.819211316622222,0.819211316622222
9,72.8764118808576,72.8764118808576,2186.2,13.9700922603889,30,30,5504.63794629541,42.5829830665486,0.819211316622222,0.819211316622222
