"strata","dload.bi_kgd","dload.ub_kgd","tload_kglenS","degf","lenObs","lenStr","MSE_kglenS","Cl_kglenS","flowmu_m3s","flowav_m3s"
1,914.771740005388,914.824596697187,28359.6,29,30,31,344851.013327035,223.027713895067,2.66962569393548,2.35502645191111
2,917.133560616883,917.124880556811,28430.9,20.4962748882123,30,31,292052.034453425,248.614058428353,2.66962569393548,2.38248217760573
3,915.021987601723,915.300395680554,28374.3,7.24611516177719,30,31,262954.968130616,447.370707854687,2.66962569393548,2.56012729255054
4,915.021987601723,915.300395680554,28374.3,5.94373005702875,30,31,237371.344125959,490.117687032826,2.66962569393548,2.56012729255054
5,915.021987601723,915.300395680554,28374.3,5.74315209051616,30,31,233618.313078791,498.91050988552,2.66962569393548,2.56012729255054
6,915.021987601723,915.300395680554,28374.2,5.00893937711796,30,31,230108.322368422,550.670263103131,2.66962569393548,2.56012729255054
7,915.021987601723,915.300395680554,28374.3,4.89888563204352,30,31,227554.003007646,557.476619888221,2.66962569393548,2.56012729255054
8,915.021987601723,915.300395680554,28374.2,4.89112579457186,30,31,227373.593826935,557.970291408155,2.66962569393548,2.56012729255054
9,915.021987601723,915.300395680554,28374.2,4.89135023812053,30,31,227378.834995808,557.956013972031,2.66962569393548,2.56012729255054
