"strata","dload.bi_kgd","dload.ub_kgd","tload_kglenS","degf","lenObs","lenStr","MSE_kglenS","Cl_kglenS","flowmu_m3s","flowav_m3s"
1,22.700531898581,22.700531898581,681,29,30,30,3281.69410855337,21.7566551559649,0.226280303914667,0.226280303914667
2,22.700531898581,22.700531898581,681.1,19.8911940767995,30,30,2789.49456047213,24.7110582121831,0.226280303914667,0.226280303914667
3,22.700531898581,22.700531898581,681,14.1728755053948,30,30,1374.20635265196,21.0952344976983,0.226280303914667,0.226280303914667
4,22.700531898581,22.700531898581,681.1,5.52546123204564,30,30,1181.61517035795,36.5409101067356,0.226280303914667,0.226280303914667
5,22.700531898581,22.700531898581,681.1,5.47045125591384,30,30,1175.70716286235,36.730853062544,0.226280303914667,0.226280303914667
6,22.700531898581,22.700531898581,681.1,5.47136265154698,30,30,1175.80554809188,36.7276770189183,0.226280303914667,0.226280303914667
7,22.700531898581,22.700531898581,681.1,5.4749372498362,30,30,1176.19256527278,36.7152501125672,0.226280303914667,0.226280303914667
8,22.700531898581,22.700531898581,680.9,7.78759031361288,30,30,1187.69939584329,28.6139244072582,0.226280303914667,0.226280303914667
9,22.700531898581,22.700531898581,681,5.79361198289308,30,30,1286.45498280919,36.77921982465,0.226280303914667,0.226280303914667
