"strata","dload.bi_kgd","dload.ub_kgd","tload_kglenS","degf","lenObs","lenStr","MSE_kglenS","Cl_kglenS","flowmu_m3s","flowav_m3s"
1,121.429712419584,121.429712419584,3642.9,29,30,30,1114025.71555297,400.858122000989,0.541889162666667,0.541889162666667
2,121.429712419584,121.429712419584,3642.9,24.6174730128368,30,30,54967.7237481424,97.396729132697,0.541889162666667,0.541889162666667
3,121.429712419584,121.429712419584,3642.9,8.24442701040941,30,30,27334.5406122002,132.098825855991,0.541889162666667,0.541889162666667
4,121.429712419584,121.429712419584,3642.9,8.12718777525809,30,30,27138.5470515869,132.892793523868,0.541889162666667,0.541889162666667
5,121.429712419584,121.429712419584,3642.9,8.0554431768156,30,30,27018.2709099234,133.390248302749,0.541889162666667,0.541889162666667
6,121.429712419584,121.429712419584,3642.9,8.03314621990354,30,30,26980.7730348438,133.546529967067,0.541889162666667,0.541889162666667
7,121.429712419584,121.429712419584,3642.8,8.03311476005709,30,30,26980.7214905009,133.546754514916,0.541889162666667,0.541889162666667
8,121.429712419584,121.429712419584,3642.9,8.03335837297289,30,30,26981.1307883704,133.545040892756,0.541889162666667,0.541889162666667
9,121.429712419584,121.429712419584,3642.9,2.82303795472481,30,30,49946.986593166,438.723550275342,0.541889162666667,0.541889162666667
