"strata","dload.bi_kgd","dload.ub_kgd","tload_kglenS","degf","lenObs","lenStr","MSE_kglenS","Cl_kglenS","flowmu_m3s","flowav_m3s"
9,1184.06603577564,1184.06603577564,35522,2.63399322822538,30,30,1401051.45914981,2514.59573053604,1.83571852140444,1.83571852140444
