"strata","dload.bi_kgd","dload.ub_kgd","tload_kglenS","degf","lenObs","lenStr","MSE_kglenS","Cl_kglenS","flowmu_m3s","flowav_m3s"
8,3709.47719850941,3709.13299454287,111274.1,8.73052603011151,27,30,4246388.80239256,1585.1107019176,6.64106214523022,6.74647256590222
