"strata","dload.bi_kgd","dload.ub_kgd","tload_kglenS","degf","lenObs","lenStr","MSE_kglenS","Cl_kglenS","flowmu_m3s","flowav_m3s"
7,200.772362079565,200.772362079565,6023.2,3.11185908986735,30,30,382588.755884152,1093.52705800253,0.557124135939556,0.557124135939556
