"strata","dload.bi_kgd","dload.ub_kgd","tload_kglenS","degf","lenObs","lenStr","MSE_kglenS","Cl_kglenS","flowmu_m3s","flowav_m3s"
1,198.039917167963,198.039917167963,5941.2,29,30,30,784140.23119797,336.310129079109,0.974444187269333,0.974444187269333
2,198.039917167963,198.039917167963,5941.2,11.6486228660577,30,30,471192.375784746,439.680018081422,0.974444187269333,0.974444187269333
3,198.039917167963,198.039917167963,5941.2,16.1935047041515,30,30,226587.687447863,250.520108542613,0.974444187269333,0.974444187269333
4,198.039917167963,198.039917167963,5941.1,4.20320318814503,30,30,106612.383202398,433.879172425434,0.974444187269333,0.974444187269333
5,198.039917167963,198.039917167963,5941.2,4.09603904469311,30,30,105238.918517147,440.950917531114,0.974444187269333,0.974444187269333
6,198.039917167963,198.039917167963,5941.2,4.04132390366773,30,30,104532.476474441,444.737335919866,0.974444187269333,0.974444187269333
7,198.039917167963,198.039917167963,5941.3,4.01639088640477,30,30,104208.995897622,446.503697094874,0.974444187269333,0.974444187269333
8,198.039917167963,198.039917167963,5941.3,4.01232549746495,30,30,104156.178731826,446.794245647371,0.974444187269333,0.974444187269333
9,198.039917167963,198.039917167963,5941.3,4.10668539367212,30,30,105389.283472182,440.256205262835,0.974444187269333,0.974444187269333
