"strata","dload.bi_kgd","dload.ub_kgd","tload_kglenS","degf","lenObs","lenStr","MSE_kglenS","Cl_kglenS","flowmu_m3s","flowav_m3s"
8,4058.23003849394,4058.23003849394,125805.1,2.04046226946155,31,31,29365396.3161822,16016.3360061867,8.60168472258064,8.60168472258064
