"strata","dload.bi_kgd","dload.ub_kgd","tload_kglenS","degf","lenObs","lenStr","MSE_kglenS","Cl_kglenS","flowmu_m3s","flowav_m3s"
1,9169.78862312624,9169.78862312624,284263.4,30,31,31,422049306.593377,7660.1036879824,15.982254639828,15.982254639828
2,9169.78862312624,9169.78862312624,284263.5,20.3806369874069,31,31,358951106.332523,8743.71035269114,15.982254639828,15.982254639828
3,9169.78862312624,9169.78862312624,284263.5,17.5278912837769,31,31,141539922.703897,5981.68811556945,15.982254639828,15.982254639828
4,9169.78862312624,9169.78862312624,284263.5,17.74137191986,31,31,81320026.781737,4502.65948386845,15.982254639828,15.982254639828
5,9169.78862312624,9169.78862312624,284263.5,8.91789676874172,31,31,43437356.1407681,4999.57484648333,15.982254639828,15.982254639828
6,9169.78862312624,9169.78862312624,284263.6,7.64929591134401,31,31,40116850.3828766,5323.40135827461,15.982254639828,15.982254639828
7,9169.78862312624,9169.78862312624,284263.6,7.27134520138641,31,31,39082486.0683578,5440.88630487985,15.982254639828,15.982254639828
8,9169.78862312624,9169.78862312624,284263.6,7.04067982594735,31,31,38440746.489896,5518.76996629725,15.982254639828,15.982254639828
9,9169.78862312624,9169.78862312624,284263.6,7.02702526330473,31,31,38403418.6020865,5523.60776861792,15.982254639828,15.982254639828
