"strata","dload.bi_kgd","dload.ub_kgd","tload_kglenS","degf","lenObs","lenStr","MSE_kglenS","Cl_kglenS","flowmu_m3s","flowav_m3s"
7,3703.85974687891,3703.85974687891,114819.7,5.84970977948913,31,31,29793925.9143937,5556.81119634655,15.7053894114409,15.7053894114409
