"strata","dload.bi_kgd","dload.ub_kgd","tload_kglenS","degf","lenObs","lenStr","MSE_kglenS","Cl_kglenS","flowmu_m3s","flowav_m3s"
1,4161.2424540455,4156.17277554394,124685.2,27,28,30,148800675.122353,4816.83814520885,15.3447228970667,13.2713155611429
2,4276.26527213458,4274.95035888194,128248.5,5.26317266451114,28,30,54932743.5402708,8181.32806001272,15.3447228970667,12.9144699084231
3,4391.19674064581,4390.71935446698,131721.6,2.6606436091607,28,30,38434899.1108054,13017.0799225587,15.3447228970667,12.7704316797754
4,4348.7638849113,4348.28953351824,130448.7,2.45080958051107,28,30,36876515.1952966,14067.2585565286,15.3447228970667,12.8137594472889
5,4348.7638849113,4348.28953351824,130448.7,2.44574438708089,28,30,36838497.2508736,14095.9808337478,15.3447228970667,12.8137594472889
6,4352.78010484648,4351.80539848919,130554.2,2.51769376894894,28,30,37386517.4153197,13705.9387892544,15.3447228970667,12.8456756272
7,4348.77256412763,4347.61366529044,130428.3,2.53502946544714,28,30,37524838.8695404,13618.1250229381,15.3447228970667,12.9421997326222
8,4347.83304534033,4345.70801488779,130371.3,2.63199082481106,28,30,38284097.8632582,13156.3806814073,15.3447228970667,13.0904224490667
9,4344.72334610216,4341.88172393645,130256.5,2.81779028312138,28,30,39786199.317254,12407.9853670173,15.3447228970667,13.2243609130667
