"strata","dload.bi_kgd","dload.ub_kgd","tload_kglenS","degf","lenObs","lenStr","MSE_kglenS","Cl_kglenS","flowmu_m3s","flowav_m3s"
4,2863.23906023447,2863.23906023447,85897.2,13.5521511954346,30,30,3920408.90303733,1157.16124615235,8.82425268995556,8.82425268995556
