"strata","dload.bi_kgd","dload.ub_kgd","tload_kglenS","degf","lenObs","lenStr","MSE_kglenS","Cl_kglenS","flowmu_m3s","flowav_m3s"
1,4995.88884372411,4995.88884372411,139884.9,27,28,28,127697483.35664,4462.21787704394,12.7722252190476,12.7722252190476
2,4995.88884372411,4995.88884372411,139884.9,3.20721514964066,28,28,81660188.0590404,15487.1138138756,12.7722252190476,12.7722252190476
3,4995.88884372411,4995.88884372411,139884.9,3.09436215348937,28,28,80208755.9144881,15926.6965396519,12.7722252190476,12.7722252190476
4,4995.88884372411,4995.88884372411,139884.9,3.09426397583609,28,28,80207483.4692254,15927.0977011206,12.7722252190476,12.7722252190476
5,4995.88884372411,4995.88884372411,139884.9,3.09419591972273,28,28,80206601.406896,15927.3758035915,12.7722252190476,12.7722252190476
6,4995.88884372411,4995.88884372411,139884.9,3.09420579053446,28,28,80206729.3458909,15927.3354672552,12.7722252190476,12.7722252190476
7,4995.88884372411,4995.88884372411,139884.9,3.09422781545626,28,28,80207014.8086397,15927.2454643846,12.7722252190476,12.7722252190476
8,4995.88884372411,4995.88884372411,139884.9,3.09599686429522,28,28,80231843.9953227,15920.2108843635,12.7722252190476,12.7722252190476
