"strata","dload.bi_kgd","dload.ub_kgd","tload_kglenS","degf","lenObs","lenStr","MSE_kglenS","Cl_kglenS","flowmu_m3s","flowav_m3s"
1,3416.43613591051,3416.43613591051,105909.5,30,31,31,23215509.3258661,1796.56179889073,7.49711821226667,7.49711821226667
2,3416.43613591051,3416.43613591051,105909.5,27.2911190627393,31,31,10664595.4269373,1281.99486510042,7.49711821226667,7.49711821226667
3,3416.43613591051,3416.43613591051,105909.6,10.0791772885507,31,31,10058269.2784343,2223.45885550096,7.49711821226667,7.49711821226667
4,3416.43613591051,3416.43613591051,105909.5,11.9642771835094,31,31,10011225.1579896,1993.71989441737,7.49711821226667,7.49711821226667
5,3416.43613591051,3416.43613591051,105909.5,11.4439536203697,31,31,9984462.58556939,2046.16121861635,7.49711821226667,7.49711821226667
6,3416.43613591051,3416.43613591051,105909.5,11.449033162372,31,31,9986812.12555785,2045.84191243451,7.49711821226667,7.49711821226667
7,3416.43613591051,3416.43613591051,105909.5,11.438815481866,31,31,9982553.40069802,2046.53242449539,7.49711821226667,7.49711821226667
8,3416.43613591051,3416.43613591051,105909.5,10.3020673951022,31,31,9997843.779844,2186.30082555676,7.49711821226667,7.49711821226667
9,3416.43613591051,3416.43613591051,105909.6,8.42868427998652,31,31,10233012.0637531,2518.54773910134,7.49711821226667,7.49711821226667
