"strata","dload.bi_kgd","dload.ub_kgd","tload_kglenS","degf","lenObs","lenStr","MSE_kglenS","Cl_kglenS","flowmu_m3s","flowav_m3s"
8,10.21525161984,10.21525161984,306.5,7.58606149918419,30,30,16.8334198133898,3.46799092279293,0.06229696,0.06229696
