"strata","dload.bi_kgd","dload.ub_kgd","tload_kglenS","degf","lenObs","lenStr","MSE_kglenS","Cl_kglenS","flowmu_m3s","flowav_m3s"
1,3109.0534264233,3109.0534264233,96380.7,30,31,31,36790127.9754158,2261.61513612173,6.16612721985376,6.16612721985376
2,3109.0534264233,3109.0534264233,96380.6,4.05219493149526,31,31,24055551.2479299,6730.52149310731,6.16612721985376,6.16612721985376
3,3109.0534264233,3109.0534264233,96380.6,3.62226524194891,31,31,22722914.6357514,7249.48414033001,6.16612721985376,6.16612721985376
4,3109.0534264233,3109.0534264233,96380.6,3.06479110171598,31,31,20888444.242402,8209.84325183443,6.16612721985376,6.16612721985376
5,3109.0534264233,3109.0534264233,96380.7,3.05315616023012,31,31,20848748.2643403,8234.91911147383,6.16612721985376,6.16612721985376
6,3109.0534264233,3109.0534264233,96380.7,3.05286017901171,31,31,20847737.6443627,8235.56039447051,6.16612721985376,6.16612721985376
7,3109.0534264233,3109.0534264233,96380.7,3.05286973436655,31,31,20847770.2816642,8235.53969089144,6.16612721985376,6.16612721985376
8,3109.0534264233,3109.0534264233,96380.7,3.05283781943997,31,31,20847661.3152145,8235.60885000425,6.16612721985376,6.16612721985376
9,3109.0534264233,3109.0534264233,96380.7,3.05336070013011,31,31,20849447.1648333,8234.47615097255,6.16612721985376,6.16612721985376
