"strata","dload.bi_kgd","dload.ub_kgd","tload_kglenS","degf","lenObs","lenStr","MSE_kglenS","Cl_kglenS","flowmu_m3s","flowav_m3s"
1,1080.04838117999,1080.04838117999,33481.5,30,31,31,5991143.85549007,912.65770923993,3.1442243963871,3.1442243963871
2,1080.04838117999,1080.04838117999,33481.5,8.94038927148789,31,31,2975372.46317939,1306.3417658078,3.1442243963871,3.1442243963871
3,1080.04838117999,1080.04838117999,33481.6,5.41533675105644,31,31,2290138.63495364,1633.82968471033,3.1442243963871,3.1442243963871
4,1080.04838117999,1080.04838117999,33481.6,5.40969124435918,31,31,2288944.10796674,1634.72218989018,3.1442243963871,3.1442243963871
5,1080.04838117999,1080.04838117999,33481.6,5.4012306595426,31,31,2287154.48906639,1636.06409188679,3.1442243963871,3.1442243963871
6,1080.04838117999,1080.04838117999,33481.7,5.38334378872992,31,31,2283359.52777926,1638.91350489914,3.1442243963871,3.1442243963871
7,1080.04838117999,1080.04838117999,33481.7,5.38067540432811,31,31,2282793.4864863,1639.34055463326,3.1442243963871,3.1442243963871
8,1080.04838117999,1080.04838117999,33481.6,5.38026484262995,31,31,2282706.38670855,1639.40630320239,3.1442243963871,3.1442243963871
9,1080.04838117999,1080.04838117999,33481.6,5.38022907079759,31,31,2282698.80598505,1639.41203531886,3.1442243963871,3.1442243963871
