"strata","dload.bi_kgd","dload.ub_kgd","tload_kglenS","degf","lenObs","lenStr","MSE_kglenS","Cl_kglenS","flowmu_m3s","flowav_m3s"
8,119.499777006039,119.499777006039,3704.6,11.5773686412238,31,31,17872.8402109697,85.9553831748454,0.795839096774194,0.795839096774194
