"strata","dload.bi_kgd","dload.ub_kgd","tload_kglenS","degf","lenObs","lenStr","MSE_kglenS","Cl_kglenS","flowmu_m3s","flowav_m3s"
7,159.370703611897,159.372627976031,4940.6,12.0632585396571,30,31,5912.32768756553,48.2074690276475,0.860964691956989,0.871393408368664
