"strata","dload.bi_kgd","dload.ub_kgd","tload_kglenS","degf","lenObs","lenStr","MSE_kglenS","Cl_kglenS","flowmu_m3s","flowav_m3s"
1,2440.07257578736,2441.62739545113,73248.8,23,24,30,6522388.90629116,1101.61043868324,7.61957893333333,6.38838806666667
2,2350.44134619914,2352.52478922874,70575.7,19.249403176009,24,30,4783456.02065588,1042.45131279967,7.61957893333333,5.76817148888889
3,2412.0764684103,2414.78757801815,72443.7,12.8092025322487,24,30,3241841.11094051,1088.4805993398,7.61957893333333,5.76860410666667
4,2412.0764684103,2414.78757801815,72443.7,12.7468493848865,24,30,3233909.09122744,1090.35482203447,7.61957893333333,5.76860410666667
5,2412.0764684103,2414.78757801815,72443.7,11.6708455290706,24,30,3935129.91892765,1269.13708399938,7.61957893333333,5.76860410666667
6,2412.0764684103,2414.78757801815,72443.7,4.17698391934846,24,30,4177555.99925669,2730.84642988029,7.61957893333333,5.76860410666667
7,2412.0764684103,2414.78757801815,72443.7,4.32323561117097,24,30,4383244.38020625,2715.11203348314,7.61957893333333,5.76860410666667
