"strata","dload.bi_kgd","dload.ub_kgd","tload_kglenS","degf","lenObs","lenStr","MSE_kglenS","Cl_kglenS","flowmu_m3s","flowav_m3s"
7,1574.42114122626,1566.68858580275,47000.7,2.14933744150469,28,30,16412739.5213475,11132.1964335762,3.08086626684445,4.05312359484444
