"strata","dload.bi_kgd","dload.ub_kgd","tload_kglenS","degf","lenObs","lenStr","MSE_kglenS","Cl_kglenS","flowmu_m3s","flowav_m3s"
1,386.3882930751,386.327468982,11976.2,29,30,31,155038.935542188,149.542097727164,2.32842186426839,2.38621416641067
2,386.714642825853,386.728027065874,11988.6,27.9967801529469,30,31,74077.8085850986,105.367954985496,2.32842186426839,2.34349370942968
3,386.887344679706,386.884617539243,11993.5,25.6777549911288,30,31,63258.1510665461,102.086603982355,2.32842186426839,2.34746368263067
4,386.887344679705,386.884617539243,11993.4,14.542969329058,30,31,53169.4519862804,129.23189733905,2.32842186426839,2.34746368263067
5,385.923711187473,385.821144676527,11960.5,12.9631248609358,30,31,50231.2304714923,134.51958588268,2.32842186426839,2.34547284061247
6,385.923711187473,385.821144676527,11960.5,12.3795229140428,30,31,49034.4536482311,136.660827331625,2.32842186426839,2.34547284061247
7,387.070354438679,387.073118742073,11999.3,10.5702429907975,30,31,47974.9338147097,149.018602190595,2.32842186426839,2.32385463846194
8,387.19533033387,387.231002660096,12004.2,6.47588061886094,30,31,49136.5684108246,209.403364963371,2.32842186426839,2.33344581265548
9,386.908872712986,386.882594908448,11993.3,7.56322114992537,30,31,54340.6140908936,197.447379567693,2.32842186426839,2.32781290082753
