"strata","dload.bi_kgd","dload.ub_kgd","tload_kglenS","degf","lenObs","lenStr","MSE_kglenS","Cl_kglenS","flowmu_m3s","flowav_m3s"
5,1816.9591202686,1818.41943313337,56371,5.6501489741843,21,31,1278538.99478086,1181.67537378052,4.09471227094194,2.41738032461935
