"strata","dload.bi_kgd","dload.ub_kgd","tload_kglenS","degf","lenObs","lenStr","MSE_kglenS","Cl_kglenS","flowmu_m3s","flowav_m3s"
8,17.8007047893736,17.8007047893736,551.8,12.0649709793402,31,31,127.663071399585,7.08320981785461,0.256272969380872,0.256272969380872
