"strata","dload.bi_kgd","dload.ub_kgd","tload_kglenS","degf","lenObs","lenStr","MSE_kglenS","Cl_kglenS","flowmu_m3s","flowav_m3s"
1,4925.99725095639,4925.99725095639,152705.9,30,31,31,88392258.9124663,3505.58231367954,5.0717520172043,5.0717520172043
2,4925.99725095639,4925.99725095639,152706,26.5449834667296,31,31,80091340.6474177,3566.9045967965,5.0717520172043,5.0717520172043
3,4925.99725095639,4925.99725095639,152705.9,17.9024408141152,31,31,73367205.5791962,4254.75418878462,5.0717520172043,5.0717520172043
4,4925.99725095639,4925.99725095639,152705.9,13.7311618569281,31,31,66042298.2226503,4712.37546725113,5.0717520172043,5.0717520172043
5,4925.99725095639,4925.99725095639,152705.9,13.4693947691105,31,31,65400863.2299646,4743.61427457637,5.0717520172043,5.0717520172043
6,4925.99725095639,4925.99725095639,152705.9,13.5435074947119,31,31,65588932.469555,4734.8797678033,5.0717520172043,5.0717520172043
7,4925.99725095639,4925.99725095639,152705.9,8.17993905739326,31,31,66341482.9724578,6542.09983128945,5.0717520172043,5.0717520172043
8,4925.99725095639,4925.99725095639,152705.9,9.48075073675386,31,31,66507124.1593233,5945.50468799183,5.0717520172043,5.0717520172043
9,4925.99725095639,4925.99725095639,152705.9,5.48329654181539,31,31,67957780.4980731,8814.88898608436,5.0717520172043,5.0717520172043
