"strata","dload.bi_kgd","dload.ub_kgd","tload_kglenS","degf","lenObs","lenStr","MSE_kglenS","Cl_kglenS","flowmu_m3s","flowav_m3s"
1,3041.69166381744,3045.10260275502,91353.1,24,25,30,16113928.9790908,1691.15514079846,6.18611959111111,5.85006210133333
2,3095.26232734139,3094.91337680016,92847.4,16.5521998665509,25,30,11304226.5414864,1747.16081660769,6.18611959111111,7.52393107555555
3,2904.21992081995,2905.46370777501,87163.8,12.0365640559746,25,30,6101843.69329549,1550.78966413864,6.18611959111111,5.65488674215385
4,2904.21992081995,2905.46370777501,87163.9,9.71784643052466,25,30,5163194.10919173,1630.52842168446,6.18611959111111,5.65488674215385
5,2941.53108828647,2942.33547271785,88270,7.97557830539281,25,30,4616845.25767666,1755.42861028356,6.18611959111111,5.676668896
6,2941.53108828647,2942.33547271785,88270,7.58522802073159,25,30,4519432.62943161,1797.07588290228,6.18611959111111,5.676668896
7,2941.53108828647,2942.33547271785,88270,7.55084114211562,25,30,4509143.17159291,1800.62788782732,6.18611959111111,5.676668896
