"strata","dload.bi_kgd","dload.ub_kgd","tload_kglenS","degf","lenObs","lenStr","MSE_kglenS","Cl_kglenS","flowmu_m3s","flowav_m3s"
7,4294.03481127298,4294.03481127298,133115.2,11.9325214803668,31,31,8692758.85311976,1860.82308330424,17.058278881428,17.058278881428
