"strata","dload.bi_kgd","dload.ub_kgd","tload_kglenS","degf","lenObs","lenStr","MSE_kglenS","Cl_kglenS","flowmu_m3s","flowav_m3s"
6,10.14884655767,10.14884655767,314.6,8.60091584498826,30,31,36.8302092364412,4.71446968792956,0.0506962064516129,0.0502394838709677
