"strata","dload.bi_kgd","dload.ub_kgd","tload_kglenS","degf","lenObs","lenStr","MSE_kglenS","Cl_kglenS","flowmu_m3s","flowav_m3s"
8,1420.186062464,1420.186062464,42605.5,2.03547769756877,30,30,13905210.6062862,11060.0769463655,1.03891192888889,1.03891192888889
