"strata","dload.bi_kgd","dload.ub_kgd","tload_kglenS","degf","lenObs","lenStr","MSE_kglenS","Cl_kglenS","flowmu_m3s","flowav_m3s"
9,901.6160866432,901.6160866432,27048.4,5.30526084500753,30,30,1545649.63730332,1363.82952446744,5.35722392888889,5.35722392888889
