"strata","dload.bi_kgd","dload.ub_kgd","tload_kglenS","degf","lenObs","lenStr","MSE_kglenS","Cl_kglenS","flowmu_m3s","flowav_m3s"
1,533.189262123026,533.721456817682,16545.4,28,29,31,1572638.50336048,485.458062072727,1.5728030672172,1.65426387571494
2,529.495736105972,529.491406608083,16414.2,8.54503219058837,29,31,506140.753443863,555.057093132753,1.5728030672172,1.58592068780043
3,529.31373564162,529.295288396708,16408.1,8.50753131752911,29,31,505035.425022437,556.067354731963,1.5728030672172,1.58133784208172
4,530.292226312344,530.298030033547,16439.3,8.38801902567048,29,31,501469.520954912,559.327923706318,1.5728030672172,1.57285376342366
5,530.930969300837,530.927134024932,16458.8,8.34394747486359,29,31,500139.482024126,560.547365915393,1.5728030672172,1.57309080244301
6,530.930969300837,530.927134024932,16458.8,8.3103149485882,29,31,499128.335017,561.489566599036,1.5728030672172,1.57309080244301
7,531.355635429086,531.400571470529,16473.5,8.33565913730095,29,31,499894.570053179,560.781191797744,1.5728030672172,1.57146943728172
8,531.355635429086,531.40057147053,16473.5,6.27808310711066,29,31,543447.08670908,712.259050054462,1.5728030672172,1.57146943728172
9,531.355635429086,531.40057147053,16473.5,2.52143960166966,29,31,651469.806296219,1806.00230750804,1.5728030672172,1.57146943728172
