"strata","dload.bi_kgd","dload.ub_kgd","tload_kglenS","degf","lenObs","lenStr","MSE_kglenS","Cl_kglenS","flowmu_m3s","flowav_m3s"
1,2338.79623216975,2336.09442591436,72418.9,28,29,31,32189839.5539525,2196.3253370466,6.27074666052227,6.62767723218391
2,2347.81033695243,2347.69329342376,72778.5,13.4139160177554,29,31,13887784.6924233,2191.32147840247,6.27074666052227,6.34739340903226
3,2347.81033695243,2347.69329342376,72778.5,4.37937318787977,29,31,4133520.57502546,2607.68520703393,6.27074666052227,6.34739340903226
4,2348.48007292929,2348.53033414971,72804.5,5.84456338301541,29,31,3121299.67384241,1799.76637969713,6.27074666052227,6.31110387229115
5,2346.196587385,2346.27800975262,72734.7,5.72450375922798,29,31,3088855.54336234,1818.59235096969,6.27074666052227,6.2922126218126
6,2346.196587385,2346.27800975262,72734.7,5.65260644320411,29,31,3074471.05295237,1831.82027865351,6.27074666052227,6.2922126218126
7,2346.196587385,2346.27800975262,72734.7,5.56162055009289,29,31,3060289.99242311,1850.34436901383,6.27074666052227,6.2922126218126
8,2344.55325417639,2344.57366684831,72681.9,5.53329779477753,29,31,3052468.42138647,1855.21788053878,6.27074666052227,6.27376972903226
9,2344.55325417639,2344.57366684831,72681.8,5.54921429649101,29,31,3056961.63622382,1852.50148644948,6.27074666052227,6.27376972903226
