"strata","dload.bi_kgd","dload.ub_kgd","tload_kglenS","degf","lenObs","lenStr","MSE_kglenS","Cl_kglenS","flowmu_m3s","flowav_m3s"
7,5346.07261195776,5346.07261195776,160382.1,5.51553856982798,30,30,7304033.87161535,2876.87984507963,7.46729747555556,7.46729747555556
