"strata","dload.bi_kgd","dload.ub_kgd","tload_kglenS","degf","lenObs","lenStr","MSE_kglenS","Cl_kglenS","flowmu_m3s","flowav_m3s"
8,3215.88506958187,3215.88506958187,99692.6,2.27056285716763,31,31,47921066.7113626,17672.4957586068,12.395128088086,12.395128088086
