"strata","dload.bi_kgd","dload.ub_kgd","tload_kglenS","degf","lenObs","lenStr","MSE_kglenS","Cl_kglenS","flowmu_m3s","flowav_m3s"
8,764.284799659325,764.284799659325,23692.7,4.36223967176913,31,31,29033.8265997383,219.280894448212,2.1994940428043,2.1994940428043
