"strata","dload.bi_kgd","dload.ub_kgd","tload_kglenS","degf","lenObs","lenStr","MSE_kglenS","Cl_kglenS","flowmu_m3s","flowav_m3s"
1,760.250489354314,760.029028512483,23560.9,29,30,31,2586374.45173396,610.785587124619,2.08033667437075,2.05152211272889
2,763.470251386282,763.481337784221,23667.9,27.9103197366564,30,31,605005.060165294,301.63119224015,2.08033667437075,2.03586619277486
3,757.334465441326,757.308709934285,23476.6,15.4635912998442,30,31,163987.428131085,218.923520281739,2.08033667437075,2.02271667538925
4,761.209686263921,761.218737438769,23597.8,12.4307733706225,30,31,145403.625473956,234.742622489862,2.08033667437075,2.02114874676989
5,761.209686263921,761.218737438769,23597.8,12.4963612614434,30,31,145799.070619954,234.312678344385,2.08033667437075,2.02114874676989
6,761.209686263921,761.218737438769,23597.8,12.7250225736733,30,31,147336.295978665,232.974468914469,2.08033667437075,2.02114874676989
7,761.209686263921,761.218737438769,23597.7,11.0044948830033,30,31,152278.731345506,258.898801840214,2.08033667437075,2.02114874676989
8,761.209686263921,761.218737438769,23597.7,7.83615844551048,30,31,156997.771245484,327.595545739246,2.08033667437075,2.02114874676989
9,761.017026445774,761.038200885441,23592.1,8.334965905746,30,31,162483.868653816,319.730021251965,2.08033667437075,2.02151945326452
