"strata","dload.bi_kgd","dload.ub_kgd","tload_kglenS","degf","lenObs","lenStr","MSE_kglenS","Cl_kglenS","flowmu_m3s","flowav_m3s"
1,1535.54522704678,1538.60995500686,46158.3,27,28,30,49335375.4569308,2773.56802201028,3.08086626684444,2.88647469352381
2,1574.42114122626,1566.68858580275,47000.7,3.48505921615811,28,30,20977065.1883512,7227.61388132552,3.08086626684444,4.05312359484444
3,1574.42114122626,1566.68858580275,47000.7,2.14938521548159,28,30,16412921.9167287,11131.9188937278,3.08086626684445,4.05312359484444
4,1574.42114122626,1566.68858580275,47000.7,2.14934743251773,28,30,16412777.6679277,11132.1383904724,3.08086626684445,4.05312359484444
5,1574.42114122626,1566.68858580275,47000.6,2.14934461066908,28,30,16412766.8938669,11132.1547840049,3.08086626684445,4.05312359484444
6,1574.42114122626,1566.68858580275,47000.7,2.14933945672325,28,30,16412747.2156382,11132.1847260322,3.08086626684445,4.05312359484444
7,1574.42114122626,1566.68858580275,47000.7,2.14933744150469,28,30,16412739.5213475,11132.1964335762,3.08086626684445,4.05312359484444
8,1574.42114122626,1566.68858580275,47000.7,2.14933876271862,28,30,16412744.5658668,11132.1887578943,3.08086626684445,4.05312359484444
9,1574.42114122626,1566.68858580275,47000.7,2.14937012041154,28,30,16412864.2974197,11132.0065894267,3.08086626684445,4.05312359484444
