"strata","dload.bi_kgd","dload.ub_kgd","tload_kglenS","degf","lenObs","lenStr","MSE_kglenS","Cl_kglenS","flowmu_m3s","flowav_m3s"
4,1867.57633708205,1867.57633708205,57894.9,19.5863467888664,31,31,2602416.81379264,761.389267171313,5.82793236989247,5.82793236989247
