"strata","dload.bi_kgd","dload.ub_kgd","tload_kglenS","degf","lenObs","lenStr","MSE_kglenS","Cl_kglenS","flowmu_m3s","flowav_m3s"
7,1053.2713347295,1053.2713347295,32651.5,12.8955703022259,31,31,71046.9263842875,160.48626574762,2.3027952516129,2.3027952516129
