"strata","dload.bi_kgd","dload.ub_kgd","tload_kglenS","degf","lenObs","lenStr","MSE_kglenS","Cl_kglenS","flowmu_m3s","flowav_m3s"
1,2511.55384070028,2511.55384070028,77858.2,30,31,31,32967373.2858257,2140.8942985394,3.78668691612903,3.78668691612903
2,2511.55384070028,2511.55384070028,77858.1,28.8255700059503,31,31,6428361.38084339,966.089660984697,3.78668691612903,3.78668691612903
3,2511.55384070028,2511.55384070028,77858.2,16.8781694455509,31,31,3532806.01481839,965.785267348766,3.78668691612903,3.78668691612903
4,2511.55384070028,2511.55384070028,77858.2,14.4488250703662,31,31,1393880.52936068,664.227036667324,3.78668691612903,3.78668691612903
5,2511.55384070028,2511.55384070028,77858.2,11.4155210101879,31,31,1187584.92035088,706.767210586821,3.78668691612903,3.78668691612903
6,2511.55384070028,2511.55384070028,77858.2,7.24917014634025,31,31,1117773.59929494,922.09695750612,3.78668691612903,3.78668691612903
7,2511.55384070028,2511.55384070028,77858.2,6.51963597908684,31,31,1057916.989067,966.938193675325,3.78668691612903,3.78668691612903
8,2511.55384070028,2511.55384070028,77858.2,6.5280823674653,31,31,1058638.82528365,966.366910274964,3.78668691612903,3.78668691612903
9,2511.55384070028,2511.55384070028,77858.2,6.58969390725124,31,31,1065492.51234508,962.968331185484,3.78668691612903,3.78668691612903
