"strata","dload.bi_kgd","dload.ub_kgd","tload_kglenS","degf","lenObs","lenStr","MSE_kglenS","Cl_kglenS","flowmu_m3s","flowav_m3s"
1,3307.79505761333,3307.53529098096,102533.6,23,24,31,32241110.7130014,2449.23070131601,4.8499316032,4.86619488533333
2,3275.95892687023,3273.07937772762,101465.5,18.6418094888207,24,31,21129976.5207977,2231.23240877854,4.8499316032,4.96490463517268
3,3325.08693510821,3324.2091511903,103050.6,17.8491104516838,24,31,3215376.51077279,892.238167108336,4.8499316032,4.8556646309598
4,3332.69191296003,3330.98690316412,103260.7,16.1272013060792,24,31,3188549.7970618,942.009409706695,4.8499316032,4.97884748898064
5,3380.11563021096,3378.21844441638,104724.8,15.8037777422294,28,35,3162419.6158015,949.257827185758,4.93588222565161,5.11199136987097
6,3326.18650017073,3325.43806380379,103088.6,8.71521870897175,24,31,3318863.69735376,1402.96168726829,4.8499316032,5.57474531473548
7,3288.16861522487,3288.67286180583,101948.8,7.12961775121386,24,31,3512812.67164202,1653.70529736593,4.8499316032,4.98413131251613
