"strata","dload.bi_kgd","dload.ub_kgd","tload_kglenS","degf","lenObs","lenStr","MSE_kglenS","Cl_kglenS","flowmu_m3s","flowav_m3s"
1,311.055557201899,312.101599526755,9675.1,24,25,31,8569623.07828692,1233.28539313528,0.669098580645161,0.61730624
2,420.721390144279,427.077210773163,13239.4,5.46494025512532,25,31,6195328.91476764,2668.39950634072,0.669098580645161,0.649916232258064
3,420.721390144279,427.077210773163,13239.5,5.17172352812555,25,31,6027084.7025828,2747.54159848742,0.669098580645161,0.649916232258064
4,420.721390144279,427.077210773163,13239.5,5.16549885878182,25,31,6023455.61577942,2749.32579480213,0.669098580645161,0.649916232258064
5,420.721390144279,427.077210773163,13239.6,5.16444972645452,25,31,6022843.85511376,2749.62699878304,0.669098580645161,0.649916232258064
6,420.721390144279,427.077210773163,13239.6,5.16457436594004,25,31,6022916.77037594,2749.59126129928,0.669098580645161,0.649916232258064
7,420.721390144279,427.077210773163,13239.5,5.16514395949714,25,31,6023249.00496139,2749.42774566549,0.669098580645161,0.649916232258064
8,424.674105759368,441.530292381103,13687.5,3.62268886711889,25,31,13752929.1641245,5639.29282178616,0.669098580645161,0.635529470967742
