"strata","dload.bi_kgd","dload.ub_kgd","tload_kglenS","degf","lenObs","lenStr","MSE_kglenS","Cl_kglenS","flowmu_m3s","flowav_m3s"
7,348.777052466678,348.777052466678,10812.1,12.4670310449474,31,31,38510.0756771509,120.593609334681,1.31503584578065,1.31503584578065
