"strata","dload.bi_kgd","dload.ub_kgd","tload_kglenS","degf","lenObs","lenStr","MSE_kglenS","Cl_kglenS","flowmu_m3s","flowav_m3s"
8,496.501004038087,496.501004038087,14895,3.93468384438002,30,30,374952.324532462,862.722010920878,1.47151929080373,1.47151929080373
