"strata","dload.bi_kgd","dload.ub_kgd","tload_kglenS","degf","lenObs","lenStr","MSE_kglenS","Cl_kglenS","flowmu_m3s","flowav_m3s"
1,23.093844176895,23.093844176895,692.8,29,30,30,961.122032835004,11.7742254167604,0.175985136426667,0.175985136426667
2,23.093844176895,23.093844176895,692.9,25.3230491259488,30,30,789.917289377425,11.4953418792251,0.175985136426667,0.175985136426667
3,23.093844176895,23.093844176895,692.9,21.158841428987,30,30,704.800391797072,11.9969637983825,0.175985136426667,0.175985136426667
4,23.093844176895,23.093844176895,692.9,13.5539681632653,30,30,538.634578499232,13.562524742879,0.175985136426667,0.175985136426667
5,23.093844176895,23.093844176895,692.9,11.6205621904481,30,30,495.987476914904,14.286203984491,0.175985136426667,0.175985136426667
6,23.093844176895,23.093844176895,692.9,11.4804032199873,30,30,492.970368814577,14.3494855517453,0.175985136426667,0.175985136426667
7,23.093844176895,23.093844176895,692.9,11.4616835517734,30,30,492.569930234371,14.358094723992,0.175985136426667,0.175985136426667
8,23.093844176895,23.093844176895,692.9,9.16274296962345,30,30,500.993932305562,16.6821364841276,0.175985136426667,0.175985136426667
9,23.093844176895,23.093844176895,692.9,7.20104135996243,30,30,566.455417975522,20.8542498604716,0.175985136426667,0.175985136426667
