"strata","dload.bi_kgd","dload.ub_kgd","tload_kglenS","degf","lenObs","lenStr","MSE_kglenS","Cl_kglenS","flowmu_m3s","flowav_m3s"
9,723.870557483768,723.870557483768,22440,6.41921974814989,31,31,417229.013900644,614.083683903774,1.12186289892473,1.12186289892473
