"strata","dload.bi_kgd","dload.ub_kgd","tload_kglenS","degf","lenObs","lenStr","MSE_kglenS","Cl_kglenS","flowmu_m3s","flowav_m3s"
1,676.04036130771,676.219751651381,20962.8,28,29,31,222075.421762771,182.426326745006,1.52101240122151,1.56082803738851
2,675.878205733872,675.86922425098,20952,7.9514041573952,29,31,241236.043622907,402.088321723384,1.52101240122151,1.50634407959467
3,673.732688126847,673.73337231289,20885.8,4.74087694021776,29,31,182187.929783548,512.31839001559,1.52101240122151,1.50848247095627
4,674.467951029124,674.473593054744,20908.7,4.25926818212955,29,31,172292.97290483,545.259365828123,1.52101240122151,1.50765551890237
5,675.558166342822,675.572622456996,20942.7,3.74283331031951,29,31,161167.873480148,592.092923899709,1.52101240122151,1.51377540356989
6,673.232411710858,673.220720939883,20869.9,3.47699798702457,29,31,155267.167073889,623.213220140934,1.52101240122151,1.50983971091183
7,674.418337695565,674.4201322049,20907,3.33795914711452,29,31,152093.57436639,642.022493159131,1.52101240122151,1.51705779263656
8,674.418337695565,674.4201322049,20907,3.28176285734219,29,31,150802.359179119,650.232259804683,1.52101240122151,1.51705779263656
9,672.520636160952,672.530867059305,20848.5,3.69880960986132,29,31,160834.400413732,598.033834856567,1.52101240122151,1.51494590742366
