"strata","dload.bi_kgd","dload.ub_kgd","tload_kglenS","degf","lenObs","lenStr","MSE_kglenS","Cl_kglenS","flowmu_m3s","flowav_m3s"
7,4784.45504577859,4784.45504577859,143533.6,4.79844829429566,30,30,34057191.1576492,6935.77299688646,6.32069958794667,6.32069958794667
