"strata","dload.bi_kgd","dload.ub_kgd","tload_kglenS","degf","lenObs","lenStr","MSE_kglenS","Cl_kglenS","flowmu_m3s","flowav_m3s"
1,3453.07327709669,3426.71525419813,106228.2,19,20,31,151476758.08182,5909.76783479489,16.8764332635355,21.01564513448
2,3385.63188526155,3362.62076315719,104241.2,6.2407648157199,20,31,82723063.0815851,8826.01484219421,16.8764332635355,28.5757433590386
3,3375.98962005449,3353.54113966743,103959.8,5.19583768127841,20,31,78803393.5973966,9898.53525770236,16.8764332635355,29.7990797244481
4,3376.32247529484,3354.30627212106,103983.6,5.19595613301098,20,31,78804518.1258111,9898.42822609167,16.8764332635355,29.70140303
5,3375.5925520749,3353.66613177554,103963.8,5.19539274467137,20,31,78800246.0324041,9899.00496440549,16.8764332635355,29.6781982116645
6,3554.09396589221,3480.11590484546,107883.7,2.11707498630226,20,31,88129611.8369047,26340.1461351661,16.8764332635355,25.9764434266323
