"strata","dload.bi_kgd","dload.ub_kgd","tload_kglenS","degf","lenObs","lenStr","MSE_kglenS","Cl_kglenS","flowmu_m3s","flowav_m3s"
9,138.67947220032,138.67947220032,4160.3,3.09319903699411,30,30,309544.234599444,989.79812978391,0.65624184,0.65624184
