"strata","dload.bi_kgd","dload.ub_kgd","tload_kglenS","degf","lenObs","lenStr","MSE_kglenS","Cl_kglenS","flowmu_m3s","flowav_m3s"
5,554.2932047616,554.2932047616,16628.8,17.8367814691127,30,30,63147.5087474856,125.087739567599,1.64567802666667,1.64567802666667
