"strata","dload.bi_kgd","dload.ub_kgd","tload_kglenS","degf","lenObs","lenStr","MSE_kglenS","Cl_kglenS","flowmu_m3s","flowav_m3s"
1,2495.10727204412,2495.10727204412,77348.3,30,31,31,37120854.8943586,2271.7578505546,6.75639761445161,6.75639761445161
2,2495.10727204412,2495.10727204412,77348.4,27.5773711641324,31,31,24436382.8697141,1929.5598400595,6.75639761445161,6.75639761445161
3,2495.10727204412,2495.10727204412,77348.4,16.1993323929069,31,31,16032796.8244749,2106.87327513246,6.75639761445161,6.75639761445161
4,2495.10727204412,2495.10727204412,77348.4,4.68655418593132,31,31,11535935.6941001,4115.52303991036,6.75639761445161,6.75639761445161
5,2495.10727204412,2495.10727204412,77348.4,4.60090273601811,31,31,11429436.8108841,4159.58431691385,6.75639761445161,6.75639761445161
6,2495.10727204412,2495.10727204412,77348.4,4.57203097181227,31,31,11393281.1082638,4174.85311577766,6.75639761445161,6.75639761445161
7,2495.10727204412,2495.10727204412,77348.3,4.59023427690541,31,31,11418079.1004013,4165.56370963537,6.75639761445161,6.75639761445161
8,2495.10727204412,2495.10727204412,77348.3,4.79618931940988,31,31,11692356.6738397,4065.44768375315,6.75639761445161,6.75639761445161
9,2495.10727204412,2495.10727204412,77348.3,5.1165378629344,31,31,12134240.7858958,3931.70649964462,6.75639761445161,6.75639761445161
