"strata","dload.bi_kgd","dload.ub_kgd","tload_kglenS","degf","lenObs","lenStr","MSE_kglenS","Cl_kglenS","flowmu_m3s","flowav_m3s"
1,2911.44657429616,2911.44657429616,81520.5,27,28,28,11322781.4858829,1328.72824104625,7.80147864022857,7.80147864022857
2,2911.44657429616,2911.44657429616,81520.5,20.3923418798697,28,28,9530941.20816309,1424.31375870362,7.80147864022857,7.80147864022857
3,2911.44657429616,2911.44657429616,81520.5,22.4578135292032,28,28,4204435.01948201,896.270743776832,7.80147864022857,7.80147864022857
4,2911.44657429616,2911.44657429616,81520.6,12.8191424326698,28,28,2348184.39732619,925.950358646426,7.80147864022857,7.80147864022857
5,2911.44657429616,2911.44657429616,81520.6,8.34379689223901,28,28,1943296.07538401,1104.94701408201,7.80147864022857,7.80147864022857
6,2911.44657429616,2911.44657429616,81520.5,5.02306258396526,28,28,1745113.40693072,1513.07163807149,7.80147864022857,7.80147864022857
7,2911.44657429616,2911.44657429616,81520.4,4.81297583273028,28,28,1707832.20420474,1549.32494161653,7.80147864022857,7.80147864022857
8,2911.44657429616,2911.44657429616,81520.4,4.81398644230881,28,28,1708042.10268322,1549.15510506219,7.80147864022857,7.80147864022857
