"strata","dload.bi_kgd","dload.ub_kgd","tload_kglenS","degf","lenObs","lenStr","MSE_kglenS","Cl_kglenS","flowmu_m3s","flowav_m3s"
1,143.008374944379,142.944082933672,4431.3,23,24,31,33023.8269270974,78.3859808413669,0.538514013243871,0.484350840906667
2,136.766676046933,136.770929493767,4239.9,20.0642348191917,24,31,4337.15327875055,30.662577100701,0.538514013243871,0.526606890188387
3,136.766676046933,136.770929493767,4239.9,13.6488865972907,24,31,3179.19979516122,32.8128235666774,0.538514013243871,0.526606890188387
4,137.16424157015,137.160939761316,4252,12.548963514472,24,31,2722.58071865943,31.9376906120847,0.538514013243871,0.531166717089032
5,136.299715129785,136.291584436508,4225.1,10.2555737024494,24,31,2115.7382160942,31.8954116533407,0.538514013243871,0.533075817476129
6,136.299715129785,136.291584436508,4225,8.49025304868621,24,31,1919.74595243042,34.3299643487287,0.538514013243871,0.533075817476129
7,136.299715129785,136.291584436508,4225,7.98402280363595,24,31,1858.35258341439,35.1936695271726,0.538514013243871,0.533075817476129
