"strata","dload.bi_kgd","dload.ub_kgd","tload_kglenS","degf","lenObs","lenStr","MSE_kglenS","Cl_kglenS","flowmu_m3s","flowav_m3s"
1,52.3320214543107,52.3320214543107,1570,29,30,30,2721.44791611157,19.8126739719343,0.300856314710507,0.300856314710507
2,52.3320214543107,52.3320214543107,1570,27.6936420566571,30,30,2674.60764659976,20.1406172893199,0.300856314710507,0.300856314710507
3,52.3320214543107,52.3320214543107,1570,24.1350186559608,30,30,2017.8002369781,18.8657927794377,0.300856314710507,0.300856314710507
4,52.3320214543107,52.3320214543107,1570,17.0797973060818,30,30,1731.94330198364,21.2380888488014,0.300856314710507,0.300856314710507
5,52.3320214543107,52.3320214543107,1569.9,16.8181824399136,30,30,1459.64738577071,19.6714657849244,0.300856314710507,0.300856314710507
6,52.3320214543107,52.3320214543107,1569.9,13.9011058568113,30,30,1287.58226816108,20.6555547395576,0.300856314710507,0.300856314710507
7,52.3320214543107,52.3320214543107,1570,10.1414618669865,30,30,1246.20653853186,24.6528121392979,0.300856314710507,0.300856314710507
8,52.3320214543107,52.3320214543107,1570,6.90331099631037,30,30,1155.14041766828,30.6750441123613,0.300856314710507,0.300856314710507
9,52.3320214543107,52.3320214543107,1570,8.3304219241122,30,30,1942.88145541673,34.975120891814,0.300856314710507,0.300856314710507
