"strata","dload.bi_kgd","dload.ub_kgd","tload_kglenS","degf","lenObs","lenStr","MSE_kglenS","Cl_kglenS","flowmu_m3s","flowav_m3s"
1,0.531322698028711,0.531522009101405,16.5,28,29,31,0.070604395457635,0.102861566751238,0.00147293032258065,0.00153789517241379
2,0.529071633786426,0.529071633786426,16.4,24.0000000000073,29,31,0.00103389907900032,0.0135463346965633,0.00147293032258065,0.00146151225806452
3,0.529071633786426,0.529071633786426,16.3,14.9784365155723,29,31,-2.63983852401693e-13,NA,0.00147293032258065,0.00146151225806452
4,0.530809636760361,0.530809636760361,16.4,15.0251294617005,29,31,-2.64395364463549e-13,NA,0.00147293032258065,0.00145466141935484
5,0.530809636760361,0.530809636760361,16.4,7.01174429380119,29,31,-2.64395364463549e-13,NA,0.00147293032258065,0.00145466141935484
6,1.52600390160062,1.52600390160062,47.2,16.1970524849427,35,37,-5.8140364122746e-13,NA,0.00421326580645161,0.00419499690322581
7,1.52426589862668,1.52426589862668,47.1,5.15016785641826,33,35,-3.22297802131459e-13,NA,0.00421326580645161,0.00420184774193548
8,0.530809636760361,0.530809636760361,16.4,4.00110919339543,29,31,-1.52185131058592e-13,NA,0.00147293032258064,0.00145770623655914
9,0.530809636760361,0.530809636760361,16.4,1.99909691898385,29,31,9.39072200885032e-14,9.32946808548078e-07,0.00147293032258065,0.00145770623655914
