"strata","dload.bi_kgd","dload.ub_kgd","tload_kglenS","degf","lenObs","lenStr","MSE_kglenS","Cl_kglenS","flowmu_m3s","flowav_m3s"
1,204.319079794944,204.319079794944,6129.6,29,30,30,17651.3149357078,50.4581834485801,0.473645674666667,0.473645674666667
2,204.319079794944,204.319079794944,6129.6,22.8207672743793,30,30,17340.4683008304,57.0482965760064,0.473645674666667,0.473645674666667
3,204.319079794944,204.319079794944,6129.5,22.0018440163285,30,30,16137.5662324263,56.1654883693404,0.473645674666667,0.473645674666667
4,204.319079794944,204.319079794944,6129.5,13.6014507786374,30,30,15992.5322566344,73.7471731204903,0.473645674666667,0.473645674666667
5,204.319079794944,204.319079794944,6129.5,12.9497784508244,30,30,15566.4670333861,74.9312480623782,0.473645674666667,0.473645674666667
6,204.319079794944,204.319079794944,6129.5,5.31014180702882,30,30,15153.0630330594,134.940781044,0.473645674666667,0.473645674666667
7,204.319079794944,204.319079794944,6129.5,5.09513698410669,30,30,14827.6987619523,137.897312854187,0.473645674666667,0.473645674666667
8,204.319079794944,204.319079794944,6129.5,5.05510554932755,30,30,14775.5002078852,138.520801731464,0.473645674666667,0.473645674666667
9,204.319079794944,204.319079794944,6129.6,3.24282777724317,30,30,16059.0248674967,214.759333201862,0.473645674666667,0.473645674666667
