"strata","dload.bi_kgd","dload.ub_kgd","tload_kglenS","degf","lenObs","lenStr","MSE_kglenS","Cl_kglenS","flowmu_m3s","flowav_m3s"
1,1730.24707584099,1734.53265884871,50301.4,2,3,29,203796.851896859,1373.47270454211,6.36826140122167,4.572596864
