"strata","dload.bi_kgd","dload.ub_kgd","tload_kglenS","degf","lenObs","lenStr","MSE_kglenS","Cl_kglenS","flowmu_m3s","flowav_m3s"
1,160.090814272319,160.018675381384,4800.6,3,4,30,27725.0387018128,305.940194234822,0.443714142857143,0.35183624
