"strata","dload.bi_kgd","dload.ub_kgd","tload_kglenS","degf","lenObs","lenStr","MSE_kglenS","Cl_kglenS","flowmu_m3s","flowav_m3s"
1,812.155346256573,813.044568587767,25204.4,2,3,31,18915988.6280579,13232.3146556789,1.82360192,1.74809045333333
