"strata","dload.bi_kgd","dload.ub_kgd","tload_kglenS","degf","lenObs","lenStr","MSE_kglenS","Cl_kglenS","flowmu_m3s","flowav_m3s"
9,875.752509067033,875.752509067033,27148.3,4.92960964162319,31,31,1239748.9428452,1294.67238427702,4.64815704774194,4.64815704774194
