"strata","dload.bi_kgd","dload.ub_kgd","tload_kglenS","degf","lenObs","lenStr","MSE_kglenS","Cl_kglenS","flowmu_m3s","flowav_m3s"
7,701.399976108447,701.399976108447,21042.1,3.91154844865834,30,30,296978.484104399,771.898939215843,2.69708081066667,2.69708081066667
