"strata","dload.bi_kgd","dload.ub_kgd","tload_kglenS","degf","lenObs","lenStr","MSE_kglenS","Cl_kglenS","flowmu_m3s","flowav_m3s"
1,495.366058840043,495.756057327434,14872.7,2,3,30,1475276.62099522,3695.37084006766,1.66243213333333,2.00388554666667
