"strata","dload.bi_kgd","dload.ub_kgd","tload_kglenS","degf","lenObs","lenStr","MSE_kglenS","Cl_kglenS","flowmu_m3s","flowav_m3s"
1,569.44542067423,569.44542067423,17652.8,30,31,31,275199.011953415,195.603439848965,1.68256598709677,1.68256598709677
2,569.44542067423,569.44542067423,17652.8,28.6189448098126,31,31,116707.739100258,130.682170471585,1.68256598709677,1.68256598709677
3,569.44542067423,569.44542067423,17652.8,26.0655311651175,31,31,104623.879321349,130.212501828447,1.68256598709677,1.68256598709677
4,569.44542067423,569.44542067423,17652.8,23.145767353486,31,31,97082.8855531336,133.928449689813,1.68256598709677,1.68256598709677
5,569.44542067423,569.44542067423,17652.8,22.933730096484,31,31,95693.8363126527,133.648071261637,1.68256598709677,1.68256598709677
6,569.44542067423,569.44542067423,17652.8,18.7646483658225,31,31,94103.7892879406,148.346180582925,1.68256598709677,1.68256598709677
7,569.44542067423,569.44542067423,17652.8,16.0595849600569,31,31,95661.027669045,163.563306784324,1.68256598709677,1.68256598709677
8,569.44542067423,569.44542067423,17652.8,7.98605705567724,31,31,96215.5293538941,253.191114999325,1.68256598709677,1.68256598709677
9,569.44542067423,569.44542067423,17652.8,7.60447600855174,31,31,97772.7677349986,263.863821110365,1.68256598709677,1.68256598709677
