"strata","dload.bi_kgd","dload.ub_kgd","tload_kglenS","degf","lenObs","lenStr","MSE_kglenS","Cl_kglenS","flowmu_m3s","flowav_m3s"
1,419.43401493094,419.397230173634,13001.3,20,21,31,195435.239983088,206.202123934019,2.8200744388455,1.91488988952381
2,418.716983103355,418.754705337361,12981.4,6.0029953871984,21,31,192652.159244787,438.297236467228,2.8200744388455,3.0425161924424
3,418.716983103355,418.754705337361,12981.4,6.00265435971187,21,31,192646.686566364,438.309493818395,2.8200744388455,3.0425161924424
4,418.716983103355,418.754705337361,12981.5,6.00227884416711,21,31,192640.660838336,438.32299308125,2.8200744388455,3.0425161924424
5,418.716983103355,418.754705337361,12981.4,6.00262204569412,21,31,192646.170308476,438.310657968358,2.8200744388455,3.0425161924424
6,412.920715163201,412.984372712933,12802.4,4.00732290660489,21,31,241027.103219733,680.427629128359,2.8200744388455,3.03729650580645
