"strata","dload.bi_kgd","dload.ub_kgd","tload_kglenS","degf","lenObs","lenStr","MSE_kglenS","Cl_kglenS","flowmu_m3s","flowav_m3s"
1,1417.50492195533,1410.94499319814,43739.3,2,3,31,1617556.22486784,3869.465600078,5.35995396999078,5.66345438933333
