"strata","dload.bi_kgd","dload.ub_kgd","tload_kglenS","degf","lenObs","lenStr","MSE_kglenS","Cl_kglenS","flowmu_m3s","flowav_m3s"
1,435.448887304758,436.323753706816,13526,3,4,31,655525.474390656,1487.63108378231,1.60854430599078,1.50362208
