"strata","dload.bi_kgd","dload.ub_kgd","tload_kglenS","degf","lenObs","lenStr","MSE_kglenS","Cl_kglenS","flowmu_m3s","flowav_m3s"
1,203.038361067345,202.500707710917,6277.5,2,3,31,130383.466386829,1098.58220244521,0.63719194116129,0.701312746666667
