"strata","dload.bi_kgd","dload.ub_kgd","tload_kglenS","degf","lenObs","lenStr","MSE_kglenS","Cl_kglenS","flowmu_m3s","flowav_m3s"
6,62.8798448640644,62.8798448640644,1949.1,13.4466734562506,31,31,692.211785941178,15.4481159918379,0.122630012903226,0.122630012903226
