"strata","dload.bi_kgd","dload.ub_kgd","tload_kglenS","degf","lenObs","lenStr","MSE_kglenS","Cl_kglenS","flowmu_m3s","flowav_m3s"
1,84.3811999388197,84.3060358656095,2613.5,2,3,31,47324.9444624022,661.860333685156,0.241033384552995,0.238427456
