"strata","dload.bi_kgd","dload.ub_kgd","tload_kglenS","degf","lenObs","lenStr","MSE_kglenS","Cl_kglenS","flowmu_m3s","flowav_m3s"
1,58.6508115185067,58.5299728254866,1814.4,3,4,31,27473.1179398064,304.547075077309,0.181736439447005,0.17556416
