"strata","dload.bi_kgd","dload.ub_kgd","tload_kglenS","degf","lenObs","lenStr","MSE_kglenS","Cl_kglenS","flowmu_m3s","flowav_m3s"
6,1671.6944649727,1671.72760509457,51823.5,4.429357504353,28,31,805873.32836158,1140.34537884764,9.09106296774194,8.42770995716129
