"strata","dload.bi_kgd","dload.ub_kgd","tload_kglenS","degf","lenObs","lenStr","MSE_kglenS","Cl_kglenS","flowmu_m3s","flowav_m3s"
6,62.0371887393431,62.0353788897491,1861,2.79602606927936,29,30,1302.17039109989,71.6023276563164,0.105668858666667,0.104748562666667
