"strata","dload.bi_kgd","dload.ub_kgd","tload_kglenS","degf","lenObs","lenStr","MSE_kglenS","Cl_kglenS","flowmu_m3s","flowav_m3s"
1,497.162239425024,497.162239425024,14914.9,29,30,30,97233.650326342,118.427176373451,1.49732945777778,1.49732945777778
2,497.162239425024,497.162239425024,14914.8,16.0134088255337,30,30,82685.841001804,152.321281312774,1.49732945777778,1.49732945777778
3,497.162239425024,497.162239425024,14914.9,19.6464489951123,30,30,75592.6866820911,129.540578699113,1.49732945777778,1.49732945777778
4,497.162239425024,497.162239425024,14914.8,13.0547787174105,30,30,73806.3754146076,162.369643555973,1.49732945777778,1.49732945777778
5,497.162239425024,497.162239425024,14914.8,12.9291346805253,30,30,73445.0255597752,162.916984134185,1.49732945777778,1.49732945777778
6,497.162239425024,497.162239425024,14914.9,12.9104404429465,30,30,73409.5314155447,163.019630632633,1.49732945777778,1.49732945777778
7,497.162239425024,497.162239425024,14915,9.69880441882963,30,30,76027.9725487438,198.107578551252,1.49732945777778,1.49732945777778
8,497.162239425024,497.162239425024,14915,7.59894274660762,30,30,79809.8011885938,238.514826396985,1.49732945777778,1.49732945777778
9,497.162239425024,497.162239425024,14914.9,8.26844052024778,30,30,83740.064585271,230.762902982205,1.49732945777778,1.49732945777778
