"strata","dload.bi_kgd","dload.ub_kgd","tload_kglenS","degf","lenObs","lenStr","MSE_kglenS","Cl_kglenS","flowmu_m3s","flowav_m3s"
7,1.13907073143859,1.13907073143859,34.2,2.13081435776688,30,30,0.601792981130192,2.15719149352364,0.0037378176,0.0037378176
