"strata","dload.bi_kgd","dload.ub_kgd","tload_kglenS","degf","lenObs","lenStr","MSE_kglenS","Cl_kglenS","flowmu_m3s","flowav_m3s"
6,1196.00158308224,1196.00158308224,35880,7.89677351868915,30,30,153830.270084713,322.585747674486,5.01317480888889,5.01317480888889
