"strata","dload.bi_kgd","dload.ub_kgd","tload_kglenS","degf","lenObs","lenStr","MSE_kglenS","Cl_kglenS","flowmu_m3s","flowav_m3s"
1,1099.79372056686,1101.56685004582,34148.6,3,4,31,2976360.29777791,3169.88282609292,3.63666007299539,2.1910124
