"strata","dload.bi_kgd","dload.ub_kgd","tload_kglenS","degf","lenObs","lenStr","MSE_kglenS","Cl_kglenS","flowmu_m3s","flowav_m3s"
4,156.834566030655,156.834566030655,4862,14.8355303694271,31,31,70835.4491174053,147.424058048418,1.13084510967742,1.13084510967742
