"strata","dload.bi_kgd","dload.ub_kgd","tload_kglenS","degf","lenObs","lenStr","MSE_kglenS","Cl_kglenS","flowmu_m3s","flowav_m3s"
1,152.960389479475,152.960389479475,4588.8,29,30,30,32168.1476588327,68.1170931259752,0.487804074666667,0.487804074666667
2,152.960389479475,152.960389479475,4588.8,11.9645783092886,30,30,22896.167357014,95.3444113864091,0.487804074666667,0.487804074666667
3,152.960389479475,152.960389479475,4588.8,10.0251626319682,30,30,20746.5343948808,101.326159708393,0.487804074666667,0.487804074666667
4,152.960389479475,152.960389479475,4588.8,3.35839835802968,30,30,19642.6241432677,229.331664914901,0.487804074666667,0.487804074666667
5,152.960389479475,152.960389479475,4588.7,3.01803252863603,30,30,18591.5825083785,248.937622963962,0.487804074666667,0.487804074666667
6,152.960389479475,152.960389479475,4588.7,2.9827736725389,30,30,18494.3756208859,251.414791354357,0.487804074666667,0.487804074666667
7,152.960389479475,152.960389479475,4588.7,2.97794092889466,30,30,18485.8628573738,251.793613341977,0.487804074666667,0.487804074666667
8,152.960389479475,152.960389479475,4588.7,2.97738265235564,30,30,18485.1627175205,251.83941606008,0.487804074666667,0.487804074666667
9,152.960389479475,152.960389479475,4588.7,2.98608348230319,30,30,18516.3305864721,251.265774804456,0.487804074666667,0.487804074666667
