"strata","dload.bi_kgd","dload.ub_kgd","tload_kglenS","degf","lenObs","lenStr","MSE_kglenS","Cl_kglenS","flowmu_m3s","flowav_m3s"
1,2031.53124221663,2138.40193678555,66290.5,2,3,31,3039681842.26155,167739.506917523,0.552255895299539,0.54651424
