"strata","dload.bi_kgd","dload.ub_kgd","tload_kglenS","degf","lenObs","lenStr","MSE_kglenS","Cl_kglenS","flowmu_m3s","flowav_m3s"
6,73.3338514841143,73.3338514841143,2053.4,15.1504319607111,28,28,153.356295324571,6.77544637471686,0.367309348571429,0.367309348571429
