"strata","dload.bi_kgd","dload.ub_kgd","tload_kglenS","degf","lenObs","lenStr","MSE_kglenS","Cl_kglenS","flowmu_m3s","flowav_m3s"
1,0.484022913386399,0.478538941397313,14.4,17,18,30,49.8671656478794,3.6134943181137,0.731191938526316,0.114368408888889
