"strata","strata.n","dload.bi_kgd","dload.ub_kgd","tload_kglenS","degf","lenObs","lenStr","MSE_kglenS","Cl_kglenS","flowmu_m3s","flowav_m3s"
1,1,0.487538566606452,0.487538566606452,15.1,30,31,31,15.9110354218415,1.48731265798946,1.58528407741935,1.58528407741935
2,1,0.282435094588235,0.282435094588235,4.8,16,17,17,0.0236586419516655,1.38579916844651,2.06129647058824,2.06129647058824
2,2,0.736592782628571,0.736592782628571,10.3,13,14,14,0.0221854772966974,1.2494492351151,1.00726902857143,1.00726902857143
3,1,0.71072902656,0.71072902656,3.6,4,5,5,0.181252443804873,2.95509219790567,2.63629408,2.63629408
3,2,0,NA,NA,9,10,10,NA,NA,1.90288896,1.90288896
3,3,0.722503152,0.722503152,11.6,15,16,16,0.0212588593759812,1.28386508842646,1.0583404,1.0583404
