"strata","dload.bi_kgd","dload.ub_kgd","tload_kglenS","degf","lenObs","lenStr","MSE_kglenS","Cl_kglenS","flowmu_m3s","flowav_m3s"
1,1.0007661341729,1.0007661341729,31,30,31,31,129.41291396147,4.24171867140478,0.35870991483871,0.35870991483871
2,1.0007661341729,1.0007661341729,31,6.64857212378969,31,31,53.4110522202138,6.77462820214591,0.35870991483871,0.35870991483871
3,1.0007661341729,1.0007661341729,31,5.99948733142013,31,31,51.5940685836859,7.17579690300871,0.35870991483871,0.35870991483871
4,1.0007661341729,1.0007661341729,31.1,4.93844315023314,31,31,48.5169623711625,8.0874839917319,0.35870991483871,0.35870991483871
5,1.0007661341729,1.0007661341729,31.1,4.87902862287366,31,31,48.2236422867928,8.14219352287923,0.35870991483871,0.35870991483871
6,1.0007661341729,1.0007661341729,31.1,4.49171106032465,31,31,48.0016435634822,8.69760961481279,0.35870991483871,0.35870991483871
7,1.0007661341729,1.0007661341729,31.1,4.48563724560059,31,31,47.9691711948567,8.70458546950045,0.35870991483871,0.35870991483871
8,1.0007661341729,1.0007661341729,31.1,4.48981596776219,31,31,47.9916272723977,8.69979407760739,0.35870991483871,0.35870991483871
9,1.0007661341729,1.0007661341729,31.1,4.48988060610638,31,31,47.9920058680408,8.69972288102018,0.35870991483871,0.35870991483871
