"strata","dload.bi_kgd","dload.ub_kgd","tload_kglenS","degf","lenObs","lenStr","MSE_kglenS","Cl_kglenS","flowmu_m3s","flowav_m3s"
7,1.0007661341729,1.0007661341729,31.1,4.48563724560059,31,31,47.9691711948567,8.70458546950045,0.35870991483871,0.35870991483871
