"strata","strata.n","dload.bi_kgd","dload.ub_kgd","tload_kglenS","degf","lenObs","lenStr","MSE_kglenS","Cl_kglenS","flowmu_m3s","flowav_m3s"
1,1,21.5061500587886,21.5061500587886,602.2,27,28,28,5093.66427365739,28.1821914658486,0.367309348571429,0.367309348571429
2,1,33.5860750944,33.5860750944,403,11,12,12,25.1814566026248,39.9615607503785,0.47819996,0.47819996
2,2,12.44620628208,12.44620628208,199.1,15,16,16,0.0708918308325124,2.34448525710789,0.28414139,0.28414139
3,1,24.846080616,24.846080616,198.8,7,8,8,0.0624257785419525,1.78642624327005,0.40404534,0.40404534
3,2,62.020588032,62.020588032,186.1,2,3,3,168.5000713804,118.479331954491,0.7220784,0.7220784
3,3,12.7848113307106,12.7848113307106,217.3,16,17,17,0.0992298296316675,2.83809228680552,0.28741552,0.28741552
