"strata","dload.bi_kgd","dload.ub_kgd","tload_kglenS","degf","lenObs","lenStr","MSE_kglenS","Cl_kglenS","flowmu_m3s","flowav_m3s"
1,10.9531467912812,11.0167039455755,308.5,3,4,28,2094.81765674735,84.0956575022597,0.308387288816327,0.308228368
