"strata","strata.n","dload.bi_kgd","dload.ub_kgd","tload_kglenS","degf","lenObs","lenStr","MSE_kglenS","Cl_kglenS","flowmu_m3s","flowav_m3s"
1,1,446.314853560832,446.314853560832,13389.4,29,30,30,439064.409610061,251.655946441068,2.69708081066667,2.69708081066667
2,1,503.593825049155,503.593825049155,11582.7,22,23,23,576.337372823572,244.138942222478,2.82088678492754,2.82088678492754
2,2,258.112518670629,258.112518670629,1806.8,6,7,7,144.26107355733,83.9876286023748,2.29028975238095,2.29028975238095
3,1,462.90601101312,462.90601101312,1388.7,2,3,3,218.818113650254,135.015673472842,3.16109877333333,3.16109877333333
3,2,524.316050683958,524.316050683958,9962,18,19,19,524.358345569524,215.447459729523,2.82621535438596,2.82621535438596
3,3,254.8403263488,254.8403263488,2038.7,7,8,8,135.000604903565,83.0751173860125,2.21637953333333,2.21637953333333
