"strata","dload.bi_kgd","dload.ub_kgd","tload_kglenS","degf","lenObs","lenStr","MSE_kglenS","Cl_kglenS","flowmu_m3s","flowav_m3s"
7,155.042539071077,155.141111237594,4499.2,2.10196060238809,28,29,71721.2983327349,758.95675631385,1.05924360827586,1.03722485517241
