"strata","strata.n","dload.bi_kgd","dload.ub_kgd","tload_kglenS","degf","lenObs","lenStr","MSE_kglenS","Cl_kglenS","flowmu_m3s","flowav_m3s"
1,1,392.876242270142,392.876242270142,12179.2,30,31,31,1591517.63099185,470.390757464555,4.88114646021505,4.88114646021505
2,1,362.1999622656,362.1999622656,8692.8,23,24,24,655.040499690746,264.953716116924,5.66178684444444,5.66178684444444
2,2,498.052059428571,498.052059428571,3486.4,6,7,7,823.82162799997,200.70460351217,2.20466514285714,2.20466514285714
3,1,362.108581773785,362.108581773785,4707.4,12,13,13,712.21287549131,218.211464238298,6.25910190769231,6.25910190769231
3,2,362.307957392291,362.307957392291,3985.4,10,11,11,1165.89981974716,264.646134059778,4.95586904242424,4.95586904242424
3,3,498.052059428571,498.052059428571,3486.4,6,7,7,823.82162799997,200.70460351217,2.20466514285714,2.20466514285714
