"strata","strata.n","dload.bi_kgd","dload.ub_kgd","tload_kglenS","degf","lenObs","lenStr","MSE_kglenS","Cl_kglenS","flowmu_m3s","flowav_m3s"
1,1,0.275606281728,0.275606281728,8.3,29,30,30,21.1061730903079,1.7448087368301,0.473645674666667,0.473645674666667
2,1,0,NA,NA,3,4,4,NA,NA,0.7149992,0.7149992
2,2,0.318007248147692,0.318007248147692,8.3,25,26,26,0.029976784705341,1.85423935315099,0.436514363076923,0.436514363076923
3,1,0,NA,NA,3,4,4,NA,NA,0.7149992,0.7149992
3,2,1.7207553024,1.7207553024,5.2,2,3,3,1.82790109484703,12.3401062385382,0.6512864,0.6512864
3,3,0.135040110636522,0.135040110636522,3.1,22,23,23,0.00193891780156514,0.447794099160285,0.408500619130435,0.408500619130435
