"strata","dload.bi_kgd","dload.ub_kgd","tload_kglenS","degf","lenObs","lenStr","MSE_kglenS","Cl_kglenS","flowmu_m3s","flowav_m3s"
1,0.0374285981729032,0.0374285981729032,1.2,30,31,31,0.193424353066494,0.163986701087515,0.161131726451613,0.161131726451613
2,0.0374285981729032,0.0374285981729032,1.2,26,31,31,0.184378671860213,0.173098126804215,0.161131726451613,0.161131726451613
3,0.0374285981729032,0.0374285981729032,1.1,6.56170316807741,31,31,0.162480095522795,0.377193334119003,0.161131726451613,0.161131726451613
4,0.0374285981729032,0.0374285981729032,1.1,5.86945551555484,31,31,0.155613633638264,0.400579858542756,0.161131726451613,0.161131726451613
5,0.0374285981729032,0.0374285981729032,1.2,4.88256973328205,31,31,0.139646904154481,0.437897004883748,0.161131726451613,0.161131726451613
6,0.0374285981729032,0.0374285981729032,1.2,4.86498670438284,31,31,0.139631264382997,0.439154139011788,0.161131726451613,0.161131726451613
7,0.0374285981729032,0.0374285981729032,1.2,4.86924062463338,31,31,0.139577527867165,0.438758648631566,0.161131726451613,0.161131726451613
8,0.0374285981729032,0.0374285981729032,1.2,4.86498670438284,31,31,0.139631264382997,0.439154139011788,0.161131726451613,0.161131726451613
9,0.0374285981729032,0.0374285981729032,1.2,4.76513064866337,31,31,0.139886384585294,0.447045191814837,0.161131726451613,0.161131726451613
