"strata","dload.bi_kgd","dload.ub_kgd","tload_kglenS","degf","lenObs","lenStr","MSE_kglenS","Cl_kglenS","flowmu_m3s","flowav_m3s"
1,1.1462662800696,1.07863692705981,33.4,2,3,31,764.048557936484,84.0972467330455,0.63719194116129,0.701312746666667
