"strata","strata.n","dload.bi_kgd","dload.ub_kgd","tload_kglenS","degf","lenObs","lenStr","MSE_kglenS","Cl_kglenS","flowmu_m3s","flowav_m3s"
1,1,539.176931089177,539.176931089177,16714.5,30,31,31,1312047.96381689,427.098364708346,3.73567100387097,3.73567100387097
2,1,2305.7060871168,2305.7060871168,6917.1,2,3,3,31291.2253819262,1614.55869390002,13.1814704,13.1814704
2,2,349.905950086217,349.905950086217,9797.4,27,28,28,154.301570810844,137.34182297373,2.72362106857143,2.72362106857143
3,1,2305.7060871168,2305.7060871168,6917.1,2,3,3,31291.2253819262,1614.55869390002,13.1814704,13.1814704
3,2,1563.0982336512,1563.0982336512,4689.3,2,3,3,1300.39228299427,329.139302106242,13.0446058666667,13.0446058666667
3,3,204.322876058419,204.322876058419,5108.1,24,25,25,67.1109291570707,86.281832845354,1.4851028928,1.4851028928
