"strata","dload.bi_kgd","dload.ub_kgd","tload_kglenS","degf","lenObs","lenStr","MSE_kglenS","Cl_kglenS","flowmu_m3s","flowav_m3s"
7,1375.9374196447,1375.9374196447,42654,7.82067721427796,31,31,2379396.50436305,1277.04821513708,6.84837240774194,6.84837240774194
