"strata","strata.n","dload.bi_kgd","dload.ub_kgd","tload_kglenS","degf","lenObs","lenStr","MSE_kglenS","Cl_kglenS","flowmu_m3s","flowav_m3s"
1,1,1.06485052366452,1.06485052366452,33,30,31,31,88.0827110796126,3.49943869246365,1.08928335483871,1.08928335483871
2,1,2.4368871744,2.4368871744,29.2,11,12,12,0.458212579779795,5.39058032597495,1.59871933333333,1.59871933333333
2,2,0.198301060042105,0.198301060042105,3.8,18,19,19,0.00454448052666875,0.634263046115425,0.767534315789474,0.767534315789474
3,1,2.079585792,2.079585792,10.4,4,5,5,0.337365866041958,4.03162072992579,1.73865152,1.73865152
3,2,3.9083980032,3.9083980032,11.7,2,3,3,3.45970493069401,16.9770443199534,1.52438773333333,1.52438773333333
3,3,0.473358402782609,0.473358402782609,10.9,22,23,23,0.0420970855707032,2.08653023574524,0.891363617391304,0.891363617391304
