"strata","dload.bi_kgd","dload.ub_kgd","tload_kglenS","degf","lenObs","lenStr","MSE_kglenS","Cl_kglenS","flowmu_m3s","flowav_m3s"
6,0.043752854016,0.043752854016,1.3,10.401543266757,30,30,0.144182865782332,0.260965091744657,0.144462874666667,0.144462874666667
