"strata","dload.bi_kgd","dload.ub_kgd","tload_kglenS","degf","lenObs","lenStr","MSE_kglenS","Cl_kglenS","flowmu_m3s","flowav_m3s"
1,80.0724938586499,81.6495119203658,2531.1,2,3,31,33142.5592409298,553.878258538306,3.66915914691244,5.06965109333333
