"strata","dload.bi_kgd","dload.ub_kgd","tload_kglenS","degf","lenObs","lenStr","MSE_kglenS","Cl_kglenS","flowmu_m3s","flowav_m3s"
1,915.92624537811,915.944589470169,27478.3,28,29,30,20324450.1128583,1745.20588123617,17.0718054311111,16.8424746114943
2,910.208528430066,910.206019188735,27306.2,10.1614909521632,29,30,18644101.9545259,3011.6154951384,17.0718054311111,16.7425785827556
3,901.252432286645,901.088118103837,27032.6,7.08193122876524,29,30,15079929.9775927,3442.45521875895,17.0718054311111,17.2683037968254
