"strata","dload.bi_kgd","dload.ub_kgd","tload_kglenS","degf","lenObs","lenStr","MSE_kglenS","Cl_kglenS","flowmu_m3s","flowav_m3s"
1,247.344691995298,267.048279300247,8278.5,4,5,31,18129912.5641345,5910.94543520336,6.0389838744086,5.740381696
