"strata","dload.bi_kgd","dload.ub_kgd","tload_kglenS","degf","lenObs","lenStr","MSE_kglenS","Cl_kglenS","flowmu_m3s","flowav_m3s"
3,392.876242270142,392.876242270142,12179.2,26.2567715561154,31,31,301805.113919436,220.272192879701,4.88114646021505,4.88114646021505
