"strata","dload.bi_kgd","dload.ub_kgd","tload_kglenS","degf","lenObs","lenStr","MSE_kglenS","Cl_kglenS","flowmu_m3s","flowav_m3s"
3,1.89358291717264,1.89202895345244,58.6,11.177618270533,20,31,48.1294281859582,4.55833785580762,0.359418452031386,0.0476970615053763
