"strata","dload.bi_kgd","dload.ub_kgd","tload_kglenS","degf","lenObs","lenStr","MSE_kglenS","Cl_kglenS","flowmu_m3s","flowav_m3s"
5,0.3883932288,0.3883932288,11.7,11.0128504668094,30,30,22.988879734676,3.17954021929822,0.0561144586666667,0.0561144586666667
