"strata","dload.bi_kgd","dload.ub_kgd","tload_kglenS","degf","lenObs","lenStr","MSE_kglenS","Cl_kglenS","flowmu_m3s","flowav_m3s"
1,10.7081502826529,10.7081502826529,332,30,31,31,896.402562760309,11.1636084962386,0.140031143225806,0.140031143225806
2,10.7081502826529,10.7081502826529,331.9,4.95104253439111,31,31,802.075912073404,32.8158584940337,0.140031143225806,0.140031143225806
3,10.7081502826529,10.7081502826529,332,2.71145514020739,31,31,605.981577145612,50.5726669526567,0.140031143225806,0.140031143225806
