"strata","dload.bi_kgd","dload.ub_kgd","tload_kglenS","degf","lenObs","lenStr","MSE_kglenS","Cl_kglenS","flowmu_m3s","flowav_m3s"
1,0.487538566606452,0.487538566606452,15.1,30,31,31,15.9110354218415,1.48731265798946,1.58528407741935,1.58528407741935
2,0.487538566606452,0.487538566606452,15.1,28.5902895373313,31,31,11.185701074184,1.28007323445975,1.58528407741935,1.58528407741935
3,0.487538566606452,0.487538566606452,15.2,13.9949098088052,31,31,9.97357909537301,1.81067035427359,1.58528407741935,1.58528407741935
