"strata","strata.n","dload.bi_kgd","dload.ub_kgd","tload_kglenS","degf","lenObs","lenStr","MSE_kglenS","Cl_kglenS","flowmu_m3s","flowav_m3s"
1,1,4.46413364924607,4.44968109241573,133.5,2,3,30,444.941851376031,64.1760416088688,0.311382320152381,0.318092053333333
