"strata","dload.bi_kgd","dload.ub_kgd","tload_kglenS","degf","lenObs","lenStr","MSE_kglenS","Cl_kglenS","flowmu_m3s","flowav_m3s"
1,0.505157827633548,0.505157827633548,15.7,30,31,31,41.3586418586052,2.39792826705954,0.535659466666667,0.535659466666667
2,0.505157827633548,0.505157827633548,15.7,15.2918139689225,31,31,37.2666790853759,3.32188493503019,0.535659466666667,0.535659466666667
3,0.505157827633548,0.505157827633548,15.7,12.6023511118656,31,31,31.909484780607,3.44871146261445,0.535659466666667,0.535659466666667
