"strata","dload.bi_kgd","dload.ub_kgd","tload_kglenS","degf","lenObs","lenStr","MSE_kglenS","Cl_kglenS","flowmu_m3s","flowav_m3s"
1,23890.2972385925,23890.2972385925,716708.9,29,30,30,8229449023.0089,34453.112257131,5.08760410184889,5.08760410184889
2,23890.2972385925,23890.2972385925,716708.9,9.03928643464446,30,30,778060125.156584,20973.6795548098,5.08760410184889,5.08760410184889
3,23890.2972385925,23890.2972385925,716708.9,9.94667034145109,30,30,450790068.365293,15010.884215945,5.08760410184889,5.08760410184889
4,23890.2972385925,23890.2972385925,716708.9,8.32277411838016,30,30,415827669.785677,16190.4369888778,5.08760410184889,5.08760410184889
5,23890.2972385925,23890.2972385925,716708.9,5.27363522862722,30,30,318638095.991736,19673.5192398173,5.08760410184889,5.08760410184889
6,23890.2972385925,23890.2972385925,716709,4.84473656192302,30,30,305076266.686588,20596.8141652536,5.08760410184889,5.08760410184889
7,23890.2972385925,23890.2972385925,716708.9,4.71104233107661,30,30,300800772.32453,20925.3566591994,5.08760410184889,5.08760410184889
8,23890.2972385925,23890.2972385925,716709,4.62151162177099,30,30,297902090.23592,21157.3009147981,5.08760410184889,5.08760410184889
9,23890.2972385925,23890.2972385925,716709,4.82742954938361,30,30,304772460.876316,20646.5435530033,5.08760410184889,5.08760410184889
