"strata","dload.bi_kgd","dload.ub_kgd","tload_kglenS","degf","lenObs","lenStr","MSE_kglenS","Cl_kglenS","flowmu_m3s","flowav_m3s"
1,17625.322547192,17347.7288607258,503084.1,16,17,29,6519503836.81919,42792.1139915153,5.72586071076782,6.5586683673098
2,16514.7318061035,16296.8715465452,472609.3,8.20643901391182,17,29,2122468004.50385,36923.6671667862,5.72586071076782,8.47840306629885
3,18223.5343680611,18054.5657274372,523582.5,6.00251027108713,17,29,1468880598.98134,38273.7566602033,5.72586071076782,6.01347230019678
4,18223.5343680611,18054.5657274372,523582.5,5.15713087688045,17,29,1357799488.1242,41331.1156104707,5.72586071076782,6.01347230019678
5,17693.2154536388,17283.706688933,501227.5,3.25124972141902,17,29,2907115842.43102,91134.766465111,5.72586071076782,5.7805980616092
