"strata","dload.bi_kgd","dload.ub_kgd","tload_kglenS","degf","lenObs","lenStr","MSE_kglenS","Cl_kglenS","flowmu_m3s","flowav_m3s"
1,1965.83367699405,1965.83367699405,58975,29,30,30,1484099.5296922,462.673465479692,0.3352992288,0.3352992288
2,1965.83367699405,1965.83367699405,58975.1,25.0184225899162,30,30,482251.84691328,285.930641419345,0.3352992288,0.3352992288
3,1965.83367699405,1965.83367699405,58975,22.2083242642258,30,30,414440.516351399,283.151740995864,0.3352992288,0.3352992288
4,1965.83367699405,1965.83367699405,58975.1,10.953235105872,30,30,262738.271809228,341.062407891372,0.3352992288,0.3352992288
5,1965.83367699405,1965.83367699405,58975,5.42496010241847,30,30,172571.013848063,447.881996272325,0.3352992288,0.3352992288
6,1965.83367699405,1965.83367699405,58974.9,3.14619364635419,30,30,127368.065630401,623.814695395308,0.3352992288,0.3352992288
7,1965.83367699405,1965.83367699405,58975,3.00809986522561,30,30,124527.007758582,646.525140316205,0.3352992288,0.3352992288
8,1965.83367699405,1965.83367699405,58975,2.57638266668473,30,30,114990.785941276,739.416968806729,0.3352992288,0.3352992288
9,1965.83367699405,1965.83367699405,58974.9,2.6566312891991,30,30,116819.487336948,718.900950768843,0.3352992288,0.3352992288
