"strata","dload.bi_kgd","dload.ub_kgd","tload_kglenS","degf","lenObs","lenStr","MSE_kglenS","Cl_kglenS","flowmu_m3s","flowav_m3s"
1,39145.0368037046,39145.0368037046,1213496.1,30,31,31,20686777711.657,53628.9725583308,12.4535846201462,12.4535846201462
2,39145.0368037046,39145.0368037046,1213496.1,22.1984579493643,31,31,14150502832.8415,52333.7243462888,12.4535846201462,12.4535846201462
3,39145.0368037046,39145.0368037046,1213496.2,20.1969578049478,31,31,11551327789.1274,49854.944621237,12.4535846201462,12.4535846201462
4,39145.0368037046,39145.0368037046,1213496.2,14.7322244428085,31,31,4675773763.93352,38032.566442984,12.4535846201462,12.4535846201462
5,39145.0368037046,39145.0368037046,1213496.2,11.1081342697882,31,31,3925202821.34212,41324.9224820988,12.4535846201462,12.4535846201462
6,39145.0368037046,39145.0368037046,1213496.2,8.22771930797069,31,31,3196551496.5673,45234.8144516372,12.4535846201462,12.4535846201462
7,39145.0368037046,39145.0368037046,1213496.2,7.22489962016996,31,31,3059815069.94062,48357.0364650222,12.4535846201462,12.4535846201462
8,39145.0368037046,39145.0368037046,1213496.2,7.5054710535593,31,31,3047396583.08089,47004.3800870482,12.4535846201462,12.4535846201462
9,39145.0368037046,39145.0368037046,1213496.2,7.48485813701267,31,31,3043257452.6785,47061.3381430023,12.4535846201462,12.4535846201462
