"strata","dload.bi_kgd","dload.ub_kgd","tload_kglenS","degf","lenObs","lenStr","MSE_kglenS","Cl_kglenS","flowmu_m3s","flowav_m3s"
8,2688.003954816,2688.003954816,80640.1,6.0700622793329,30,30,998420.33852538,989.611088593625,0.463470504533333,0.463470504533333
