"strata","dload.bi_kgd","dload.ub_kgd","tload_kglenS","degf","lenObs","lenStr","MSE_kglenS","Cl_kglenS","flowmu_m3s","flowav_m3s"
7,2807.95100638362,2807.95100638362,84238.6,3.81666232764737,30,30,23932162.8196614,7086.16743149006,0.888636244444444,0.888636244444444
