"strata","dload.bi_kgd","dload.ub_kgd","tload_kglenS","degf","lenObs","lenStr","MSE_kglenS","Cl_kglenS","flowmu_m3s","flowav_m3s"
1,10274.3409078569,10274.3409078569,318504.6,30,31,31,3679584457.77109,22617.9083885501,6.14946360515441,6.14946360515441
2,10274.3409078569,10274.3409078569,318504.6,11.0333378017733,31,31,1674636425.11272,27105.9008844097,6.14946360515441,6.14946360515441
3,10274.3409078569,10274.3409078569,318504.6,5.39136428995366,31,31,604332979.068713,26632.1250076638,6.14946360515441,6.14946360515441
4,10274.3409078569,10274.3409078569,318504.6,6.25965068200446,31,31,373472875.114188,18712.0537654562,6.14946360515441,6.14946360515441
5,10274.3409078569,10274.3409078569,318504.6,4.80759199402463,31,31,325457826.543515,21407.3770669217,6.14946360515441,6.14946360515441
6,10274.3409078569,10274.3409078569,318504.6,4.38450062055781,31,31,310903736.10339,22593.0441854575,6.14946360515441,6.14946360515441
7,10274.3409078569,10274.3409078569,318504.6,4.38450381502467,31,31,310903849.408758,22593.0342701529,6.14946360515441,6.14946360515441
8,10274.3409078569,10274.3409078569,318504.6,4.38459210146224,31,31,310906979.82185,22592.7602072846,6.14946360515441,6.14946360515441
9,10274.3409078569,10274.3409078569,318504.6,4.38871254102682,31,31,311054161.474304,22580.0240590105,6.14946360515441,6.14946360515441
