"strata","dload.bi_kgd","dload.ub_kgd","tload_kglenS","degf","lenObs","lenStr","MSE_kglenS","Cl_kglenS","flowmu_m3s","flowav_m3s"
1,2755.06927577184,2755.05910224166,82651.8,28,29,30,20461371.4356404,1751.07454676295,0.524538609802667,0.516635719657931
2,2763.32463994394,2763.64694658534,82909.4,26.9942695038991,29,30,9762809.30413267,1233.94957304837,0.524538609802667,0.513736631569778
3,2768.42872196584,2768.69406298349,83060.8,18.0653313763843,29,30,8007648.19762164,1398.38545406258,0.524538609802667,0.518568904594405
4,2745.98022298702,2745.59883567389,82367.9,20.5247033364426,29,30,6651335.78700216,1185.52700221381,0.524538609802667,0.515462771259259
5,2746.9945957625,2746.61015102345,82398.3,11.4153114192995,29,30,2968680.02799732,1117.45661813641,0.524538609802667,0.514448466479746
6,2746.9945957625,2746.61015102345,82398.4,8.27319217095076,29,30,2177680.23053964,1176.33176538652,0.524538609802667,0.514448466479746
7,2744.94365147774,2744.45350707189,82333.7,7.7142030587589,29,30,2100147.47677454,1211.00797387797,0.524538609802667,0.519360096344889
8,2744.94365147774,2744.45350707189,82333.7,7.62802299640585,29,30,2088304.14660866,1216.88427489063,0.524538609802667,0.519360096344889
9,2744.65705249574,2743.94154329251,82318.4,9.44424822693144,29,30,3074668.72566741,1281.54231381228,0.524538609802667,0.522516213458963
