"strata","dload.bi_kgd","dload.ub_kgd","tload_kglenS","degf","lenObs","lenStr","MSE_kglenS","Cl_kglenS","flowmu_m3s","flowav_m3s"
1,8786.86239718119,8761.11037492639,262833.3,25,26,30,1022578387.7881,13171.8939812234,2.54565121662222,2.80620486348718
2,9071.07754563506,9067.83849904179,272035.2,16.7306618990025,26,30,691403173.620552,13579.5846273728,2.54565121662222,2.52810109324444
3,9146.59800540718,9149.08593627978,274472.5,15.1612932088537,26,30,666903724.078425,14123.3023216625,2.54565121662222,2.50506110645079
4,9027.32669970635,9022.26308113016,270667.9,4.52780868402345,26,30,406626971.273884,25144.7773340174,2.54565121662222,2.53946777139556
5,9146.59800540718,9149.08593627978,274472.5,3.98280339088794,26,30,380886546.77584,27197.7119154211,2.54565121662222,2.50506110645079
6,9146.59800540718,9149.08593627978,274472.5,2.78257181832942,26,30,353739805.212904,37521.7921519112,2.54565121662222,2.50506110645079
7,9111.77791286899,9111.72398834674,273351.7,2.76829333260983,26,30,352830150.721628,37691.0354725276,2.54565121662222,2.47828240311111
8,9111.77791286899,9111.72398834674,273351.8,2.7557587515389,26,30,352029789.358663,37841.6404193941,2.54565121662222,2.47828240311111
