"strata","dload.bi_kgd","dload.ub_kgd","tload_kglenS","degf","lenObs","lenStr","MSE_kglenS","Cl_kglenS","flowmu_m3s","flowav_m3s"
1,36612.111066616,36612.111066616,1134975.4,30,31,31,14750562648.7911,45285.3101011943,12.8100925231828,12.8100925231828
2,36612.111066616,36612.111066616,1134975.5,23.0254043557271,31,31,10640669132.798,44467.5230313269,12.8100925231828,12.8100925231828
3,36612.111066616,36612.111066616,1134975.4,24.2042563283089,31,31,6178205579.29719,32959.4342145489,12.8100925231828,12.8100925231828
4,36612.111066616,36612.111066616,1134975.5,18.7069006086797,31,31,4454959073.68119,32333.7386204167,12.8100925231828,12.8100925231828
5,36612.111066616,36612.111066616,1134975.5,18.66184598083,31,31,2664477923.0484,25040.0906026141,12.8100925231828,12.8100925231828
6,36612.111066616,36612.111066616,1134975.5,19.2683774742438,31,31,2220745181.85077,22448.729455129,12.8100925231828,12.8100925231828
7,36612.111066616,36612.111066616,1134975.5,13.6394651838348,31,31,2019215968.33782,26161.0365849495,12.8100925231828,12.8100925231828
8,36612.111066616,36612.111066616,1134975.4,13.7826688522228,31,31,1973637609.44848,25703.6040549468,12.8100925231828,12.8100925231828
9,36612.111066616,36612.111066616,1134975.4,11.4047934036972,31,31,2955947240.99791,35281.2859654918,12.8100925231828,12.8100925231828
