"strata","dload.bi_kgd","dload.ub_kgd","tload_kglenS","degf","lenObs","lenStr","MSE_kglenS","Cl_kglenS","flowmu_m3s","flowav_m3s"
4,6437.49456451172,6436.88429816821,193106.5,15.8285267131429,29,30,18446712.9162303,2290.54181614285,0.781639988583111,0.765359244423111
