"strata","dload.bi_kgd","dload.ub_kgd","tload_kglenS","degf","lenObs","lenStr","MSE_kglenS","Cl_kglenS","flowmu_m3s","flowav_m3s"
7,7844.42524505667,7844.71996451777,243186.2,2.72873877881793,29,31,128916040.85227,23157.3975596037,1.5728030672172,1.57452034412043
