"strata","dload.bi_kgd","dload.ub_kgd","tload_kglenS","degf","lenObs","lenStr","MSE_kglenS","Cl_kglenS","flowmu_m3s","flowav_m3s"
1,37704.6621827323,37704.6621827323,1168844.5,30,31,31,36431254163.3042,71168.8771552312,18.7334723003871,18.7334723003871
2,37704.6621827323,37704.6621827323,1168844.5,18.0202341119048,31,31,13572272447.9382,57652.8862403303,18.7334723003871,18.7334723003871
3,37704.6621827323,37704.6621827323,1168844.5,8.67123430455528,31,31,8127780078.92076,69660.0860113695,18.7334723003871,18.7334723003871
4,37704.6621827323,37704.6621827323,1168844.5,7.25192906314945,31,31,6926453768.925,72567.1944399532,18.7334723003871,18.7334723003871
5,37704.6621827323,37704.6621827323,1168844.6,5.95796704218641,31,31,6261574457.71276,79461.0312328812,18.7334723003871,18.7334723003871
6,37704.6621827323,37704.6621827323,1168844.5,5.45641407578983,31,31,5965658360.65199,82903.0577377261,18.7334723003871,18.7334723003871
7,37704.6621827323,37704.6621827323,1168844.5,5.34602463245089,31,31,5904633754.44263,83793.7310541477,18.7334723003871,18.7334723003871
8,37704.6621827323,37704.6621827323,1168844.5,5.3449870822198,31,31,5904060868.85522,83802.3158163281,18.7334723003871,18.7334723003871
9,37704.6621827323,37704.6621827323,1168844.5,5.34509741723882,31,31,5904121812.54061,83801.4028634829,18.7334723003871,18.7334723003871
