"strata","dload.bi_kgd","dload.ub_kgd","tload_kglenS","degf","lenObs","lenStr","MSE_kglenS","Cl_kglenS","flowmu_m3s","flowav_m3s"
1,1945.89407292226,1945.89407292226,60322.7,30,31,31,223897836.032972,5579.27799000706,0.784870142795699,0.784870142795699
2,1945.89407292226,1945.89407292226,60322.7,18.3695225765869,31,31,82163693.3229233,4436.85423251498,0.784870142795699,0.784870142795699
3,1945.89407292226,1945.89407292226,60322.8,9.210533090995,31,31,40708682.1110273,4739.2841892986,0.784870142795699,0.784870142795699
4,1945.89407292226,1945.89407292226,60322.8,7.01400684772452,31,31,35604076.3337945,5325.4108857238,0.784870142795699,0.784870142795699
5,1945.89407292226,1945.89407292226,60322.7,7.00914314638833,31,31,35591726.4428573,5327.08184671994,0.784870142795699,0.784870142795699
6,1945.89407292226,1945.89407292226,60322.7,7.31484893235014,31,31,36447667.266015,5232.59473993413,0.784870142795699,0.784870142795699
7,1945.89407292226,1945.89407292226,60322.6,7.24861521701214,31,31,36453843.6648682,5266.16456951339,0.784870142795699,0.784870142795699
8,1945.89407292226,1945.89407292226,60322.7,7.25148340039186,31,31,36461074.6384234,5265.23956461709,0.784870142795699,0.784870142795699
9,1945.89407292226,1945.89407292226,60322.7,6.6757911790215,31,31,38498887.1582321,5734.9020563507,0.784870142795699,0.784870142795699
