"strata","dload.bi_kgd","dload.ub_kgd","tload_kglenS","degf","lenObs","lenStr","MSE_kglenS","Cl_kglenS","flowmu_m3s","flowav_m3s"
7,28469.7560413782,28469.7560413782,854092.6,5.95017204710324,30,30,526187581.530373,23057.1739103982,6.32069958794667,6.32069958794667
