"strata","dload.bi_kgd","dload.ub_kgd","tload_kglenS","degf","lenObs","lenStr","MSE_kglenS","Cl_kglenS","flowmu_m3s","flowav_m3s"
7,12247.1646911391,12246.4059262928,367392.2,2.58478104868194,27,30,1331658385.43493,79264.213751624,4.13368701685181,3.873786095392
