"strata","dload.bi_kgd","dload.ub_kgd","tload_kglenS","degf","lenObs","lenStr","MSE_kglenS","Cl_kglenS","flowmu_m3s","flowav_m3s"
6,2020.63806653408,2020.72186774292,60621.8,3.90420180272104,23,30,286718.01787772,759.7401104069,0.286670158897778,0.295954142701511
