"strata","dload.bi_kgd","dload.ub_kgd","tload_kglenS","degf","lenObs","lenStr","MSE_kglenS","Cl_kglenS","flowmu_m3s","flowav_m3s"
1,774.916530274992,774.515307152329,24010,20,21,31,221463.485278016,219.504163006152,0.124555098580645,0.096843456
2,782.371728702844,782.006941944801,24242.2,17.1586955353904,21,31,231186.544371122,244.72467324681,0.124555098580645,0.092707579297491
3,836.359648586027,834.905867043262,25882.1,5.91051093460914,21,31,316299.953067488,568.134745830214,0.124555098580645,0.0855404855741936
4,836.359648586027,834.905867043261,25882.1,5.38029234600027,21,31,301434.443238044,595.739352779367,0.124555098580645,0.0855404855741936
5,836.359648586027,834.905867043262,25882.1,5.39313595572699,21,31,301803.862656964,595.003471265954,0.124555098580645,0.0855404855741936
6,837.148596715324,835.800187485233,25909.8,5.56447515126297,21,31,306826.508882031,585.662265200943,0.124555098580645,0.0856826785376344
7,851.602529038822,845.661337938115,26215.5,2.07126862107437,21,31,1329980.67755272,3336.56365393909,0.124555098580645,0.0856826785376344
