"strata","dload.bi_kgd","dload.ub_kgd","tload_kglenS","degf","lenObs","lenStr","MSE_kglenS","Cl_kglenS","flowmu_m3s","flowav_m3s"
1,2145.28549745367,2145.28549745367,66503.9,30,31,31,30341602.0687188,2053.86695212867,0.503796977032258,0.503796977032258
2,2145.28549745367,2145.28549745367,66503.8,3.01358734703929,31,31,10978704.3217196,6058.8149307268,0.503796977032258,0.503796977032258
3,2145.28549745367,2145.28549745367,66503.8,3.00556145870409,31,31,10964072.4730198,6071.97146413605,0.503796977032258,0.503796977032258
4,2145.28549745367,2145.28549745367,66503.9,3.00295559592645,31,31,10959318.0702387,6076.26370320439,0.503796977032258,0.503796977032258
5,2145.28549745367,2145.28549745367,66503.9,3.00199307099794,31,31,10957561.4838227,6077.85168484557,0.503796977032258,0.503796977032258
6,2145.28549745367,2145.28549745367,66504,3.00147308509768,31,31,10956612.411945,6078.71013611155,0.503796977032258,0.503796977032258
7,2145.28549745367,2145.28549745367,66504,3.00105075419655,31,31,10955841.5253019,6079.40766502055,0.503796977032258,0.503796977032258
8,2145.28549745367,2145.28549745367,66504,3.00106082645127,31,31,10955859.9204329,6079.39102905504,0.503796977032258,0.503796977032258
9,2145.28549745367,2145.28549745367,66504,3.00103245320403,31,31,10955808.1295108,6079.43790015593,0.503796977032258,0.503796977032258
