"strata","dload.bi_kgd","dload.ub_kgd","tload_kglenS","degf","lenObs","lenStr","MSE_kglenS","Cl_kglenS","flowmu_m3s","flowav_m3s"
8,8862.96014857912,8862.76298462478,274745.9,4.47037400229921,30,31,308293563.291461,22130.8394872463,2.15818318090323,2.15841839303226
