"strata","dload.bi_kgd","dload.ub_kgd","tload_kglenS","degf","lenObs","lenStr","MSE_kglenS","Cl_kglenS","flowmu_m3s","flowav_m3s"
8,16375.5153479999,16375.5153479999,507641,7.21389992869755,31,31,202131736.17975,12441.9847491288,3.11822926950538,3.11822926950538
