"strata","dload.bi_kgd","dload.ub_kgd","tload_kglenS","degf","lenObs","lenStr","MSE_kglenS","Cl_kglenS","flowmu_m3s","flowav_m3s"
7,3447.38527901134,3447.38527901134,106868.9,7.34141542271213,31,31,41906120.0924227,5596.68551869987,1.41084041015054,1.41084041015054
