"strata","dload.bi_kgd","dload.ub_kgd","tload_kglenS","degf","lenObs","lenStr","MSE_kglenS","Cl_kglenS","flowmu_m3s","flowav_m3s"
1,7286.92748853554,7286.92748853554,225894.8,30,31,31,1662858618.26457,15204.8001290511,1.93482452524731,1.93482452524731
2,7286.92748853554,7286.92748853554,225894.7,4.01512862229102,31,31,284745290.952997,23346.5418749688,1.93482452524731,1.93482452524731
3,7286.92748853554,7286.92748853554,225894.7,3.31249175525745,31,31,258723462.210134,26682.5467897833,1.93482452524731,1.93482452524731
4,7286.92748853554,7286.92748853554,225894.7,3.29784563933702,31,31,258150668.868158,26771.3980136799,1.93482452524731,1.93482452524731
5,7286.92748853554,7286.92748853554,225894.7,3.29452404879328,31,31,258020610.170303,26791.6922541222,1.93482452524731,1.93482452524731
6,7286.92748853554,7286.92748853554,225894.6,3.29318832565365,31,31,257968296.53766,26799.8685285116,1.93482452524731,1.93482452524731
7,7286.92748853554,7286.92748853554,225894.7,3.29320777892826,31,31,257969059.46363,26799.749438657,1.93482452524731,1.93482452524731
8,7286.92748853554,7286.92748853554,225894.7,3.29328962491876,31,31,257972265.170346,26799.2481956815,1.93482452524731,1.93482452524731
9,7286.92748853554,7286.92748853554,225894.7,3.2933778945743,31,31,257975725.378763,26798.7078020691,1.93482452524731,1.93482452524731
