"strata","dload.bi_kgd","dload.ub_kgd","tload_kglenS","degf","lenObs","lenStr","MSE_kglenS","Cl_kglenS","flowmu_m3s","flowav_m3s"
1,1164.31942074741,1164.31942074741,34929.6,29,30,30,1351376.49388389,441.500560978636,0.226280303914667,0.226280303914667
2,1164.31942074741,1164.31942074741,34929.6,14.3168496418504,30,30,756367.76752827,491.955660117211,0.226280303914667,0.226280303914667
3,1164.31942074741,1164.31942074741,34929.6,10.0292671462941,30,30,610194.302122323,549.376358094072,0.226280303914667,0.226280303914667
4,1164.31942074741,1164.31942074741,34929.6,8.62165289559828,30,30,567328.957224802,584.194939709256,0.226280303914667,0.226280303914667
5,1164.31942074741,1164.31942074741,34929.6,8.19644431946144,30,30,552561.438685611,596.250466914714,0.226280303914667,0.226280303914667
6,1164.31942074741,1164.31942074741,34929.6,7.95355730369979,30,30,544253.058652269,603.839336333787,0.226280303914667,0.226280303914667
7,1164.31942074741,1164.31942074741,34929.7,7.94157547753212,30,30,543842.564491304,604.226478423309,0.226280303914667,0.226280303914667
8,1164.31942074741,1164.31942074741,34929.5,8.11302968757447,30,30,554437.062849537,601.37099347892,0.226280303914667,0.226280303914667
9,1164.31942074741,1164.31942074741,34929.5,4.65170631893708,30,30,593460.797755055,939.23419803492,0.226280303914667,0.226280303914667
