"strata","dload.bi_kgd","dload.ub_kgd","tload_kglenS","degf","lenObs","lenStr","MSE_kglenS","Cl_kglenS","flowmu_m3s","flowav_m3s"
8,7274.56004071014,7274.56004071014,218236.9,2.98558547884783,30,30,10595024.2665782,6011.51999508676,1.543690352,1.543690352
