"strata","dload.bi_kgd","dload.ub_kgd","tload_kglenS","degf","lenObs","lenStr","MSE_kglenS","Cl_kglenS","flowmu_m3s","flowav_m3s"
1,5537.68628633925,5537.68628633925,166130.6,29,30,30,65084949.221695,3063.96192889331,0.738134497546667,0.738134497546667
2,5537.68628633925,5537.68628633925,166130.6,24.474263132124,30,30,43349519.4233828,2743.97740472702,0.738134497546667,0.738134497546667
3,5537.68628633925,5537.68628633925,166130.6,20.5922709139687,30,30,22815938.6219577,2191.66223810155,0.738134497546667,0.738134497546667
4,5537.68628633925,5537.68628633925,166130.6,18.1822950699496,30,30,10020808.5755859,1558.56514339737,0.738134497546667,0.738134497546667
5,5537.68628633925,5537.68628633925,166130.5,12.9848989074165,30,30,7606708.43109708,1653.70603378944,0.738134497546667,0.738134497546667
6,5537.68628633925,5537.68628633925,166130.4,13.0362637795277,30,30,7623392.79407941,1651.59155595393,0.738134497546667,0.738134497546667
7,5537.68628633925,5537.68628633925,166130.5,6.04893464689724,30,30,7104034.56884824,2646.55151432147,0.738134497546667,0.738134497546667
8,5537.68628633925,5537.68628633925,166130.4,6.07597202463757,30,30,7120718.93183057,2640.93341061087,0.738134497546667,0.738134497546667
9,5537.68628633925,5537.68628633925,166130.4,6.93347134867434,30,30,7820910.32165769,2516.2906193897,0.738134497546667,0.738134497546667
