"strata","dload.bi_kgd","dload.ub_kgd","tload_kglenS","degf","lenObs","lenStr","MSE_kglenS","Cl_kglenS","flowmu_m3s","flowav_m3s"
7,3637.02816847053,3637.02816847053,109110.9,5.86630732070267,30,30,2201384.54621033,1507.25842491709,0.678148031111111,0.678148031111111
