"strata","dload.bi_kgd","dload.ub_kgd","tload_kglenS","degf","lenObs","lenStr","MSE_kglenS","Cl_kglenS","flowmu_m3s","flowav_m3s"
4,22503.0040172158,22271.7005842722,690422.7,5.78534713043929,13,31,2429886748.72922,50601.680315777,8.55624082580645,8.02437215655914
