"strata","dload.bi_kgd","dload.ub_kgd","tload_kglenS","degf","lenObs","lenStr","MSE_kglenS","Cl_kglenS","flowmu_m3s","flowav_m3s"
9,21676.7160596977,21676.8726788407,671983,3.6369277490772,29,31,899629583.73128,45441.1452790567,7.38390795034839,7.38030349574194
