"strata","strata.n","dload.bi_kgd","dload.ub_kgd","tload_kglenS","degf","lenObs","lenStr","MSE_kglenS","Cl_kglenS","flowmu_m3s","flowav_m3s"
1,1,23338.5215334804,22643.3659769243,701944.3,2,3,31,7703848322.61568,267039.286673869,8.49792177215401,13.7537843911111
