"strata","dload.bi_kgd","dload.ub_kgd","tload_kglenS","degf","lenObs","lenStr","MSE_kglenS","Cl_kglenS","flowmu_m3s","flowav_m3s"
8,21273.8632424247,21273.8632424247,616942.1,9.8553276917872,29,29,250652763.307456,11259.2072938484,4.73576184588506,4.73576184588506
