"strata","dload.bi_kgd","dload.ub_kgd","tload_kglenS","degf","lenObs","lenStr","MSE_kglenS","Cl_kglenS","flowmu_m3s","flowav_m3s"
7,2924.52120267569,2924.52120267569,90660.2,3.86977173298137,31,31,28597863.0189081,7648.9108004638,0.803176801754839,0.803176801754839
