"strata","dload.bi_kgd","dload.ub_kgd","tload_kglenS","degf","lenObs","lenStr","MSE_kglenS","Cl_kglenS","flowmu_m3s","flowav_m3s"
6,37446.858193021,37445.6369963761,1085923.5,4.20498246623005,21,29,1509434691.3086,51607.4079211687,7.95453347832644,7.37292430775172
