"strata","dload.bi_kgd","dload.ub_kgd","tload_kglenS","degf","lenObs","lenStr","MSE_kglenS","Cl_kglenS","flowmu_m3s","flowav_m3s"
1,1131.61379248031,1131.61379248031,33948.4,29,30,30,372037.559208281,231.652223309042,0.217262386750877,0.217262386750877
2,1131.61379248031,1131.61379248031,33948.4,22.8562506433501,30,30,213257.973312958,199.889472321402,0.217262386750877,0.217262386750877
3,1131.61379248031,1131.61379248031,33948.3,19.6181372050244,30,30,145037.736007931,179.581064960655,0.217262386750877,0.217262386750877
4,1131.61379248031,1131.61379248031,33948.4,13.3027622396241,30,30,130282.875019802,213.302935406393,0.217262386750877,0.217262386750877
5,1131.61379248031,1131.61379248031,33948.3,7.97154950240518,30,30,112095.066117716,273.622507863605,0.217262386750877,0.217262386750877
6,1131.61379248031,1131.61379248031,33948.3,6.53951426324722,30,30,100855.75511898,297.900862154228,0.217262386750877,0.217262386750877
7,1131.61379248031,1131.61379248031,33948.3,6.17349247670935,30,30,97876.9472146038,306.014251292066,0.217262386750877,0.217262386750877
8,1131.61379248031,1131.61379248031,33948.3,6.26198941930201,30,30,98659.4017254815,304.048333725564,0.217262386750877,0.217262386750877
9,1131.61379248031,1131.61379248031,33948.3,6.13264939396671,30,30,100993.943875332,312.369796059364,0.217262386750877,0.217262386750877
