"strata","dload.bi_kgd","dload.ub_kgd","tload_kglenS","degf","lenObs","lenStr","MSE_kglenS","Cl_kglenS","flowmu_m3s","flowav_m3s"
5,3401.99045203622,3401.99045203622,102059.7,7.12550209883821,30,30,4096582.6507763,1786.55611894715,0.514137125511111,0.514137125511111
