"strata","dload.bi_kgd","dload.ub_kgd","tload_kglenS","degf","lenObs","lenStr","MSE_kglenS","Cl_kglenS","flowmu_m3s","flowav_m3s"
8,16904.2431822195,16904.2431822195,507127.2,3.75329428767829,30,30,551977295.497205,34561.0618956183,3.5525832528,3.5525832528
