"strata","dload.bi_kgd","dload.ub_kgd","tload_kglenS","degf","lenObs","lenStr","MSE_kglenS","Cl_kglenS","flowmu_m3s","flowav_m3s"
1,2328.66996513556,2314.84403447095,71760.2,18,19,31,30496928.7890942,2734.64992019617,0.647194165677419,0.788145965473684
2,2418.65935982182,2414.05261450794,74835.7,14.1102840352464,19,31,14052112.6265969,2138.79267816175,0.647194165677419,0.683269540516129
3,2450.17705476089,2447.56663460186,75874.6,8.46767847825869,19,31,7520797.54633557,2152.53403390408,0.647194165677419,0.640808042193548
4,2412.75830230043,2409.17451232154,74684.4,6.14480084707307,19,31,6031878.34800129,2410.54322119131,0.647194165677419,0.640399047122581
5,2417.56974486326,2415.73545543579,74887.8,4.63477899879474,19,31,5121522.80155231,2767.51262491471,0.647194165677419,0.643174398004301
6,2412.26447962769,2409.96730385067,74709.1,4.33192517558152,19,31,6902246.23730073,3401.23645518275,0.647194165677419,0.656745757247312
