"strata","dload.bi_kgd","dload.ub_kgd","tload_kglenS","degf","lenObs","lenStr","MSE_kglenS","Cl_kglenS","flowmu_m3s","flowav_m3s"
1,19970.6627126289,19970.6627126289,619090.5,30,31,31,8532579273.18221,34442.3851348063,8.73623519483871,8.73623519483871
2,19970.6627126289,19970.6627126289,619090.5,24.3423344593191,31,31,6086667625.6467,32611.7367567032,8.73623519483871,8.73623519483871
3,19970.6627126289,19970.6627126289,619090.6,20.3336602885371,31,31,3850093556.92652,28673.3151924964,8.73623519483871,8.73623519483871
4,19970.6627126289,19970.6627126289,619090.5,14.1532280443843,31,31,2911109532.68537,30728.7368351613,8.73623519483871,8.73623519483871
5,19970.6627126289,19970.6627126289,619090.5,9.01782130773696,31,31,1236162554.26062,26477.6196092913,8.73623519483871,8.73623519483871
6,19970.6627126289,19970.6627126289,619090.5,7.9131341926634,31,31,1154118150.77428,27902.3893445405,8.73623519483871,8.73623519483871
7,19970.6627126289,19970.6627126289,619090.5,7.02658498157227,31,31,1085334375.26243,29365.5923658357,8.73623519483871,8.73623519483871
8,19970.6627126289,19970.6627126289,619090.4,6.96398985400577,31,31,1080632573.27828,29486.7916296932,8.73623519483871,8.73623519483871
9,19970.6627126289,19970.6627126289,619090.5,7.0190660867922,31,31,1085332159.04713,29387.6402265346,8.73623519483871,8.73623519483871
