"strata","dload.bi_kgd","dload.ub_kgd","tload_kglenS","degf","lenObs","lenStr","MSE_kglenS","Cl_kglenS","flowmu_m3s","flowav_m3s"
1,3229.91864143992,3229.91864143992,100127.5,30,31,31,2834396678.93971,19851.0447330813,0.90556678811871,0.90556678811871
2,3229.91864143992,3229.91864143992,100127.5,4.6315680471414,31,31,27886769.675956,6461.58211878567,0.90556678811871,0.90556678811871
3,3229.91864143992,3229.91864143992,100127.5,3.65273896425622,31,31,24694962.371,7498.0076102016,0.90556678811871,0.90556678811871
4,3229.91864143992,3229.91864143992,100127.5,3.36886608828001,31,31,23705998.2928819,7942.481906016,0.90556678811871,0.90556678811871
5,3229.91864143992,3229.91864143992,100127.5,3.22436217819936,31,31,23190975.3310953,8208.57107210517,0.90556678811871,0.90556678811871
6,3229.91864143992,3229.91864143992,100127.5,3.22111953381899,31,31,23179309.3645984,8214.9040396869,0.90556678811871,0.90556678811871
7,3229.91864143992,3229.91864143992,100127.5,3.22120900548798,31,31,23179631.3202252,8214.72907293345,0.90556678811871,0.90556678811871
8,3229.91864143992,3229.91864143992,100127.5,3.22141660458762,31,31,23180379.2053749,8214.32330575759,0.90556678811871,0.90556678811871
9,3229.91864143992,3229.91864143992,100127.4,3.24620362460856,31,31,23270639.844612,8166.56206801498,0.90556678811871,0.90556678811871
