"strata","dload.bi_kgd","dload.ub_kgd","tload_kglenS","degf","lenObs","lenStr","MSE_kglenS","Cl_kglenS","flowmu_m3s","flowav_m3s"
4,37798.38639306,37442.9664256977,1160731.9,5.67844087810902,19,31,11563756269.111,111954.987622392,16.8764332635355,29.6879888431336
