"strata","dload.bi_kgd","dload.ub_kgd","tload_kglenS","degf","lenObs","lenStr","MSE_kglenS","Cl_kglenS","flowmu_m3s","flowav_m3s"
9,16658.3508057313,16658.3508057313,516409,3.90561212877472,31,31,2748005594.27059,74353.9797909336,7.38302556232258,7.38302556232258
