"strata","dload.bi_kgd","dload.ub_kgd","tload_kglenS","degf","lenObs","lenStr","MSE_kglenS","Cl_kglenS","flowmu_m3s","flowav_m3s"
1,9147.4034760737,9147.4034760737,283569.5,30,31,31,2601844174.31091,19019.2634512273,3.37061416756989,3.37061416756989
2,9147.4034760737,9147.4034760737,283569.5,20.1772833819839,31,31,1532558576.38287,18169.3473120173,3.37061416756989,3.37061416756989
3,9147.4034760737,9147.4034760737,283569.5,4.6065372023656,31,31,446129215.743012,25961.2447091923,3.37061416756989,3.37061416756989
4,9147.4034760737,9147.4034760737,283569.5,2.86752100077412,31,31,345243881.927592,35850.3723622978,3.37061416756989,3.37061416756989
5,9147.4034760737,9147.4034760737,283569.5,2.68521640172213,31,31,334501460.691033,37995.6509117953,3.37061416756989,3.37061416756989
6,9147.4034760737,9147.4034760737,283569.5,2.63204522596662,31,31,331168493.13216,38693.7866220723,3.37061416756989,3.37061416756989
7,9147.4034760737,9147.4034760737,283569.5,2.60606560930439,31,31,329526198.0769,39049.6870382513,3.37061416756989,3.37061416756989
8,9147.4034760737,9147.4034760737,283569.5,2.59224029628451,31,31,328649948.055996,39243.3335910754,3.37061416756989,3.37061416756989
9,9147.4034760737,9147.4034760737,283569.5,2.59154259555148,31,31,328605714.599319,39253.1878445109,3.37061416756989,3.37061416756989
