"strata","dload.bi_kgd","dload.ub_kgd","tload_kglenS","degf","lenObs","lenStr","MSE_kglenS","Cl_kglenS","flowmu_m3s","flowav_m3s"
1,15350.8028136854,15350.8028136854,475874.9,30,31,31,538191621.361329,8650.10778320152,2.23589924746667,2.23589924746667
2,15350.8028136854,15350.8028136854,475874.9,18.0562698978375,31,31,272733465.700134,8163.34462163612,2.23589924746667,2.23589924746667
3,15350.8028136854,15350.8028136854,475874.9,21.6930832291375,31,31,102300975.310779,4507.31384680458,2.23589924746667,2.23589924746667
4,15350.8028136854,15350.8028136854,475874.9,8.1972697871506,31,31,67830475.0932745,6605.74189563643,2.23589924746667,2.23589924746667
5,15350.8028136854,15350.8028136854,475874.8,10.7430738766518,31,31,53894350.3541839,4944.16742905038,2.23589924746667,2.23589924746667
6,15350.8028136854,15350.8028136854,475874.8,10.6862714054542,31,31,53751126.8799012,4953.99618624766,2.23589924746667,2.23589924746667
7,15350.8028136854,15350.8028136854,475874.8,7.17232773227512,31,31,42931102.0094422,5757.13744306887,2.23589924746667,2.23589924746667
8,15350.8028136854,15350.8028136854,475874.8,7.14280913815331,31,31,42842676.6701744,5767.77540577434,2.23589924746667,2.23589924746667
9,15350.8028136854,15350.8028136854,475874.8,7.14930508625329,31,31,42862291.4315485,5765.43643241276,2.23589924746667,2.23589924746667
