"strata","dload.bi_kgd","dload.ub_kgd","tload_kglenS","degf","lenObs","lenStr","MSE_kglenS","Cl_kglenS","flowmu_m3s","flowav_m3s"
1,754.028699804593,753.531018523651,23359.5,21,22,31,3045930.83597396,792.014388445194,0.197492933505376,0.18290936630303
2,701.963893656695,701.825939754632,21756.6,19.8299811187353,22,31,682963.598499908,387.331740780721,0.197492933505376,0.216767587929825
3,688.047198212693,686.859684460051,21292.6,11.1784052257796,22,31,264764.361822615,338.074154869001,0.197492933505376,0.218246026967742
4,764.630440003977,763.719229449041,23675.2,8.80614206842829,22,31,129204.612869911,274.933859616506,0.197492933505376,0.17173779138283
5,762.36608213228,761.341384457398,23601.6,5.85186838678618,22,31,98006.2591826167,318.616719731345,0.197492933505376,0.16916424421915
6,763.010866874982,762.015977151838,23622.5,5.90538449761326,22,31,98921.7978885799,317.928329310568,0.197492933505376,0.171665779039427
7,763.010866874982,762.015977151838,23622.5,6.31637607566232,22,31,113634.929802027,324.257296216971,0.197492933505376,0.171665779039427
