"strata","dload.bi_kgd","dload.ub_kgd","tload_kglenS","degf","lenObs","lenStr","MSE_kglenS","Cl_kglenS","flowmu_m3s","flowav_m3s"
1,40277.4862428422,40277.4862428422,1208324.6,29,30,30,11965433000.9382,41543.9023892273,16.5252318831467,16.5252318831467
2,40277.4862428422,40277.4862428422,1208324.6,27.9640638897143,30,30,13537622024.3702,45072.5858674761,16.5252318831467,16.5252318831467
3,40277.4862428422,40277.4862428422,1208324.6,9.2364472208664,30,30,6633480492.51746,60387.7571451061,16.5252318831467,16.5252318831467
4,40277.4862428422,40277.4862428422,1208324.5,7.95096872181091,30,30,5705550357.62515,61839.3894167801,16.5252318831467,16.5252318831467
5,40277.4862428422,40277.4862428422,1208324.5,7.87199655262311,30,30,5677075265.0524,62102.703761773,16.5252318831467,16.5252318831467
6,40277.4862428422,40277.4862428422,1208324.5,7.87268769284067,30,30,5677325322.57001,62100.3788814998,16.5252318831467,16.5252318831467
7,40277.4862428422,40277.4862428422,1208324.6,7.87823683970846,30,30,5679334275.88725,62081.7354984751,16.5252318831467,16.5252318831467
8,40277.4862428422,40277.4862428422,1208324.6,7.78157166367382,30,30,5978501350.63841,64231.5638432001,16.5252318831467,16.5252318831467
9,40277.4862428422,40277.4862428422,1208324.5,6.96439562878489,30,30,6959478310.94867,74827.1189921189,16.5252318831467,16.5252318831467
