"strata","dload.bi_kgd","dload.ub_kgd","tload_kglenS","degf","lenObs","lenStr","MSE_kglenS","Cl_kglenS","flowmu_m3s","flowav_m3s"
1,21662.4513955016,21622.3206092658,648669.6,28,29,30,19241675232.4508,53698.0735944717,5.88362474584889,6.00894766613333
2,21865.890420262,21861.0028017447,655830.1,11.0101807035024,29,30,7701309107.99786,58204.04609753,5.88362474584889,5.87582014634272
3,21865.890420262,21861.0028017447,655830.1,5.0353101681368,29,30,1721176082.88919,47425.9008395167,5.88362474584889,5.87582014634272
4,21898.564736983,21896.2065809343,656886.3,6.33569642842319,29,30,679628419.224853,25020.9697296052,5.88362474584889,5.86672453930039
5,21948.3230616027,21947.792047005,658433.8,4.53116352763037,29,30,570230911.02563,29758.1045899709,5.88362474584889,5.8555700560381
6,21948.3230616027,21947.792047005,658433.7,4.22891232571018,29,30,550378780.75503,31009.3413495773,5.88362474584889,5.8555700560381
7,21937.2912853501,21936.8117348145,658104.3,4.19584565062911,29,30,548235859.510318,31161.029966763,5.88362474584889,5.86177188471111
8,21897.4666989951,21896.393860335,656891.7,4.06086742206421,29,30,539252804.700178,31806.2976191442,5.88362474584889,5.87176934070519
9,21897.4666989951,21896.393860335,656891.7,3.98839071244184,29,30,534385977.653463,32174.8466927768,5.88362474584889,5.87176934070519
