"strata","dload.bi_kgd","dload.ub_kgd","tload_kglenS","degf","lenObs","lenStr","MSE_kglenS","Cl_kglenS","flowmu_m3s","flowav_m3s"
7,13059.9547076181,13059.9547076181,404858.6,4.61140073602965,31,31,527707941.611358,28210.5025185215,2.96909716765591,2.96909716765591
