"strata","dload.bi_kgd","dload.ub_kgd","tload_kglenS","degf","lenObs","lenStr","MSE_kglenS","Cl_kglenS","flowmu_m3s","flowav_m3s"
1,8664.9525797888,8664.9525797888,259948.6,29,30,30,6454394896.98172,30512.0119712935,2.03317770311111,2.03317770311111
2,8664.9525797888,8664.9525797888,259948.6,3.21847020481569,30,30,1090428081.5437,56391.5751866922,2.03317770311111,2.03317770311111
3,8664.9525797888,8664.9525797888,259948.6,3.07815289020443,30,30,1066327723.54687,58390.9139851537,2.03317770311111,2.03317770311111
4,8664.9525797888,8664.9525797888,259948.6,3.01391772732058,30,30,1055126800.92028,59390.0770032916,2.03317770311111,2.03317770311111
5,8664.9525797888,8664.9525797888,259948.6,3.010356774139,30,30,1054503153.82088,59447.168959956,2.03317770311111,2.03317770311111
6,8664.9525797888,8664.9525797888,259948.6,3.00846089468036,30,30,1054171012.58951,59477.6407514045,2.03317770311111,2.03317770311111
7,8664.9525797888,8664.9525797888,259948.5,3.00829581279884,30,30,1054142114.34926,59480.2972832062,2.03317770311111,2.03317770311111
8,8664.9525797888,8664.9525797888,259948.5,3.00856766923659,30,30,1054189760.35592,59475.924327023,2.03317770311111,2.03317770311111
9,8664.9525797888,8664.9525797888,259948.6,3.01013609492835,30,30,1054464916.24526,59450.7249821396,2.03317770311111,2.03317770311111
