"strata","dload.bi_kgd","dload.ub_kgd","tload_kglenS","degf","lenObs","lenStr","MSE_kglenS","Cl_kglenS","flowmu_m3s","flowav_m3s"
1,29443.1361726336,29443.1361726336,912737.2,30,31,31,10610802208.012,38408.4837016335,15.982254639828,15.982254639828
2,29443.1361726336,29443.1361726336,912737.2,26.9575642206258,31,31,7754126854.77754,34801.6312596491,15.982254639828,15.982254639828
3,29443.1361726336,29443.1361726336,912737.2,26.0887808275744,31,31,6245490231.34219,31798.6110809762,15.982254639828,15.982254639828
4,29443.1361726336,29443.1361726336,912737.3,19.5105139632508,31,31,4098730148.94672,30282.7975900572,15.982254639828,15.982254639828
5,29443.1361726336,29443.1361726336,912737.4,18.2766524333011,31,31,3952982973.10274,30864.0627620773,15.982254639828,15.982254639828
6,29443.1361726336,29443.1361726336,912737.3,18.8866621103285,31,31,3151859367.0673,27049.3264281222,15.982254639828,15.982254639828
7,29443.1361726336,29443.1361726336,912737.4,17.3812076191663,31,31,3006112191.22333,27700.1461599909,15.982254639828,15.982254639828
8,29443.1361726336,29443.1361726336,912737.3,14.9098704943181,31,31,2804749145.29351,29249.1897497264,15.982254639828,15.982254639828
9,29443.1361726336,29443.1361726336,912737.4,13.0109095755216,31,31,2521605794.49008,30072.9214107488,15.982254639828,15.982254639828
