"strata","dload.bi_kgd","dload.ub_kgd","tload_kglenS","degf","lenObs","lenStr","MSE_kglenS","Cl_kglenS","flowmu_m3s","flowav_m3s"
1,19032.6636174317,19032.6636174317,590012.6,30,31,31,5202380354.68833,26893.9196672769,5.52175773109677,5.52175773109677
2,19032.6636174317,19032.6636174317,590012.5,17.2010517288982,31,31,3252106235.64582,28984.3003359405,5.52175773109677,5.52175773109677
3,19032.6636174317,19032.6636174317,590012.6,17.0602700759774,31,31,667389063.707907,13192.4126014919,5.52175773109677,5.52175773109677
4,19032.6636174317,19032.6636174317,590012.7,9.21819497130912,31,31,398001270.233096,14810.7578333895,5.52175773109677,5.52175773109677
5,19032.6636174317,19032.6636174317,590012.6,14.1905602809751,31,31,258913778.20347,9149.87311057496,5.52175773109677,5.52175773109677
6,19032.6636174317,19032.6636174317,590012.6,11.2543553378207,31,31,202955345.640406,9320.9648753503,5.52175773109677,5.52175773109677
7,19032.6636174317,19032.6636174317,590012.6,11.1450841591992,31,31,201959960.533487,9354.46075992016,5.52175773109677,5.52175773109677
8,19032.6636174317,19032.6636174317,590012.6,11.3522603395118,31,31,204361871.918673,9303.2406052919,5.52175773109677,5.52175773109677
9,19032.6636174317,19032.6636174317,590012.6,10.3181378919226,31,31,267006694.286853,11287.3149489931,5.52175773109677,5.52175773109677
