"strata","dload.bi_kgd","dload.ub_kgd","tload_kglenS","degf","lenObs","lenStr","MSE_kglenS","Cl_kglenS","flowmu_m3s","flowav_m3s"
8,24168.7831556142,24168.7831556142,725063.3,8.35505828068499,30,30,446030206.612821,16724.9209475986,6.19469014257778,6.19469014257778
