"strata","dload.bi_kgd","dload.ub_kgd","tload_kglenS","degf","lenObs","lenStr","MSE_kglenS","Cl_kglenS","flowmu_m3s","flowav_m3s"
1,28049.2458615973,28049.2458615973,869526.6,30,31,31,15972381426.041,47123.5379625673,11.3962712369892,11.3962712369892
2,28049.2458615973,28049.2458615973,869526.6,23.2720553031995,31,31,8712259319.86673,39999.6133698666,11.3962712369892,11.3962712369892
3,28049.2458615973,28049.2458615973,869526.6,17.4366495126733,31,31,6970662703.86944,42103.8910531093,11.3962712369892,11.3962712369892
4,28049.2458615973,28049.2458615973,869526.5,13.6805405480664,31,31,6096773925.25534,45376.9012094337,11.3962712369892,11.3962712369892
5,28049.2458615973,28049.2458615973,869526.5,10.4903126997167,31,31,5312147014.90962,49824.0033837295,11.3962712369892,11.3962712369892
6,28049.2458615973,28049.2458615973,869526.5,9.44198146905175,31,31,4854134462.57757,50928.0293381299,11.3962712369892,11.3962712369892
7,28049.2458615973,28049.2458615973,869526.5,9.1534512899425,31,31,4778662575.85254,51555.4765958819,11.3962712369892,11.3962712369892
8,28049.2458615973,28049.2458615973,869526.5,9.13306551484218,31,31,4773331458.12038,51601.412321404,11.3962712369892,11.3962712369892
9,28049.2458615973,28049.2458615973,869526.5,9.13499497061607,31,31,4773836265.80933,51597.0565289491,11.3962712369892,11.3962712369892
