"strata","dload.bi_kgd","dload.ub_kgd","tload_kglenS","degf","lenObs","lenStr","MSE_kglenS","Cl_kglenS","flowmu_m3s","flowav_m3s"
7,1164.31942074741,1164.31942074741,34929.7,7.94157547753212,30,30,543842.564491304,604.226478423309,0.226280303914667,0.226280303914667
