"strata","dload.bi_kgd","dload.ub_kgd","tload_kglenS","degf","lenObs","lenStr","MSE_kglenS","Cl_kglenS","flowmu_m3s","flowav_m3s"
1,26192.6088729745,26180.9548932957,811609.6,29,30,31,6957169496.90969,31678.1179552954,8.75321309556989,8.81892441208889
2,26410.23070831,26400.8883001496,818427.5,27.8942779768843,30,31,3328320538.77359,22379.2461503789,8.75321309556989,8.70678770858906
3,26350.0108720277,26340.2676276078,816548.3,19.0935394536298,30,31,2613250045.00884,24478.0884393729,8.75321309556989,8.79583422930876
4,26275.930494084,26264.0113231546,814184.3,16.6228397427357,30,31,1784231214.94727,21896.1945888856,8.75321309556989,8.79730232548974
5,26149.3068989729,26129.4784823419,810013.9,15.5541855944727,30,31,1664061990.17921,21978.1054936161,8.75321309556989,8.87705545318996
6,26545.5767345977,26541.8289386857,822796.6,9.32984390598738,30,31,1377941867.29841,27344.2184869659,8.75321309556989,8.63624187544086
7,26545.5767345977,26541.8289386857,822796.6,9.31202587980296,30,31,1376622623.91981,27364.9281014903,8.75321309556989,8.63624187544086
8,26149.9695929251,26132.7379654616,810114.8,9.31498363728407,30,31,1378702998.35872,27379.9735703472,8.75321309556989,8.89605257519713
9,26149.9695929251,26132.7379654616,810114.8,7.03382622720462,30,31,1789299424.98604,37677.7185398675,8.75321309556989,8.89605257519713
