"strata","dload.bi_kgd","dload.ub_kgd","tload_kglenS","degf","lenObs","lenStr","MSE_kglenS","Cl_kglenS","flowmu_m3s","flowav_m3s"
6,7286.92748853554,7286.92748853554,225894.6,3.29318832565365,31,31,257968296.53766,26799.8685285116,1.93482452524731,1.93482452524731
