"strata","dload.bi_kgd","dload.ub_kgd","tload_kglenS","degf","lenObs","lenStr","MSE_kglenS","Cl_kglenS","flowmu_m3s","flowav_m3s"
1,9147.02136369383,9147.02136369383,283557.7,30,31,31,3103855844.36891,20773.2201705662,9.84177787354839,9.84177787354839
2,9147.02136369383,9147.02136369383,283557.6,20.9332987372481,31,31,2510247205.84693,22777.5169548303,9.84177787354839,9.84177787354839
3,9147.02136369383,9147.02136369383,283557.6,17.6752917982991,31,31,1626408618.7761,20179.6526046562,9.84177787354839,9.84177787354839
4,9147.02136369383,9147.02136369383,283557.6,10.5886647740459,31,31,873923408.897271,20090.7223686826,9.84177787354839,9.84177787354839
5,9147.02136369383,9147.02136369383,283557.5,7.95657538636895,31,31,720289100.102172,21961.5574555205,9.84177787354839,9.84177787354839
6,9147.02136369383,9147.02136369383,283557.6,5.89569998187469,31,31,613095437.44895,25059.931191487,9.84177787354839,9.84177787354839
7,9147.02136369383,9147.02136369383,283557.7,5.44719489926736,31,31,588771816.005762,26078.4241818122,9.84177787354839,9.84177787354839
8,9147.02136369383,9147.02136369383,283557.6,5.25550233397618,31,31,578236969.680623,26574.0125579493,9.84177787354839,9.84177787354839
9,9147.02136369383,9147.02136369383,283557.6,5.22237861906465,31,31,576362670.394992,26662.8286035805,9.84177787354839,9.84177787354839
