"strata","dload.bi_kgd","dload.ub_kgd","tload_kglenS","degf","lenObs","lenStr","MSE_kglenS","Cl_kglenS","flowmu_m3s","flowav_m3s"
1,10954.0293579181,10954.0293579181,339574.9,30,31,31,2008023374.19413,16708.4989119342,4.49280819036559,4.49280819036559
2,10954.0293579181,10954.0293579181,339574.9,16.0077541484097,31,31,983929878.082817,16619.4342139188,4.49280819036559,4.49280819036559
3,10954.0293579181,10954.0293579181,339574.9,15.5364864916449,31,31,683119917.447023,14091.027310038,4.49280819036559,4.49280819036559
4,10954.0293579181,10954.0293579181,339574.9,11.2223711108636,31,31,322359534.31157,11767.8241752822,4.49280819036559,4.49280819036559
5,10954.0293579181,10954.0293579181,339574.8,9.47825045712239,31,31,276493106.634204,12124.6873045666,4.49280819036559,4.49280819036559
6,10954.0293579181,10954.0293579181,339574.9,7.73317485870933,31,31,247457122.498447,13123.3725974872,4.49280819036559,4.49280819036559
7,10954.0293579181,10954.0293579181,339574.9,7.00042005272941,31,31,234627366.273984,13689.3913573129,4.49280819036559,4.49280819036559
8,10954.0293579181,10954.0293579181,339574.9,6.5881453533749,31,31,227645033.06576,14077.9401838386,4.49280819036559,4.49280819036559
9,10954.0293579181,10954.0293579181,339574.9,6.51705080412142,31,31,226413816.999973,14149.7385093619,4.49280819036559,4.49280819036559
