"strata","dload.bi_kgd","dload.ub_kgd","tload_kglenS","degf","lenObs","lenStr","MSE_kglenS","Cl_kglenS","flowmu_m3s","flowav_m3s"
1,17107.4728045,16984.8134035982,526529.2,15,16,31,3903727305.99002,34385.0106715823,5.16075637382488,7.17246846
2,15740.0927031879,15432.328103242,478402.1,8.10701631353387,16,31,3531047540.52886,48015.8180325482,5.16075637382488,7.44399954924731
3,15740.0927031879,15432.328103242,478402.2,4.83238368735466,16,31,2544687609.82105,59609.3429715217,5.16075637382488,7.44399954924731
4,15740.0927031879,15432.328103242,478402.2,3.56651424166696,16,31,2137841815.23496,71361.5908580094,5.16075637382488,7.44399954924731
5,15740.0927031879,15432.328103242,478402.1,3.49193712194882,16,31,2119947145.67668,72519.8176762496,5.16075637382488,7.44399954924731
