"strata","dload.bi_kgd","dload.ub_kgd","tload_kglenS","degf","lenObs","lenStr","MSE_kglenS","Cl_kglenS","flowmu_m3s","flowav_m3s"
7,24205.4456464534,24205.4456464534,750368.8,4.22163610780187,31,31,1640434826.32593,53615.5669404118,9.75996805025376,9.75996805025376
