"strata","dload.bi_kgd","dload.ub_kgd","tload_kglenS","degf","lenObs","lenStr","MSE_kglenS","Cl_kglenS","flowmu_m3s","flowav_m3s"
1,8814.05437693192,8805.76146925737,272978.6,29,30,31,1386442543.05356,14141.4524523792,2.15818318090323,2.215506432
2,8833.31928557918,8831.91795117094,273789.4,6.2796246496842,30,31,366941677.800328,18504.6144485831,2.15818318090323,2.17943046342194
3,8859.66594712932,8859.69635617466,274650.5,5.61384922089793,30,31,346444632.330846,19547.3818739789,2.15818318090323,2.15701984324424
4,8835.02500939792,8832.75460293623,273815.3,5.22195504931257,30,31,333575508.587836,20285.3753918313,2.15818318090323,2.16898314752688
5,8859.66594712932,8859.69635617466,274650.4,4.66298273763576,30,31,314907611.426111,21592.3167106125,2.15818318090323,2.15701984324424
6,8859.66594712932,8859.69635617466,274650.5,4.54752661429683,30,31,310953464.210206,21908.6606092921,2.15818318090323,2.15701984324424
7,8859.66594712932,8859.69635617466,274650.7,4.47166287053105,30,31,308337942.626322,22127.0469479639,2.15818318090323,2.15701984324424
8,8862.96014857912,8862.76298462478,274745.9,4.47037400229921,30,31,308293563.291461,22130.8394872463,2.15818318090323,2.15841839303226
9,8866.28317867772,8866.22250129297,274852.9,4.56470687973328,30,31,311570729.898481,21861.3370785594,2.15818318090323,2.15760923286021
