"strata","dload.bi_kgd","dload.ub_kgd","tload_kglenS","degf","lenObs","lenStr","MSE_kglenS","Cl_kglenS","flowmu_m3s","flowav_m3s"
1,34998.5325449996,34998.5325449996,1084954.5,30,31,31,10279888444.5132,37804.8268847121,9.04450832165161,9.04450832165161
2,34998.5325449996,34998.5325449996,1084954.5,25.4578973001287,31,31,2137641778.16357,18855.1592553945,9.04450832165161,9.04450832165161
3,34998.5325449996,34998.5325449996,1084954.5,22.2238436023167,31,31,1375999587.13847,16309.0319644843,9.04450832165161,9.04450832165161
4,34998.5325449996,34998.5325449996,1084954.5,21.8169044403247,31,31,879886305.521417,13176.8090587319,9.04450832165161,9.04450832165161
5,34998.5325449996,34998.5325449996,1084954.5,19.4068301356184,31,31,661520941.37369,12202.6147741927,9.04450832165161,9.04450832165161
6,34998.5325449996,34998.5325449996,1084954.6,17.2922162112291,31,31,655614148.466984,12974.3192211474,9.04450832165161,9.04450832165161
7,34998.5325449996,34998.5325449996,1084954.5,16.2683277289083,31,31,633211738.681155,13208.0178582835,9.04450832165161,9.04450832165161
8,34998.5325449996,34998.5325449996,1084954.4,14.9531544427056,31,31,663131521.007758,14197.9943315267,9.04450832165161,9.04450832165161
9,34998.5325449996,34998.5325449996,1084954.4,11.6713983170327,31,31,723774756.224826,17211.4744267755,9.04450832165161,9.04450832165161
