"strata","dload.bi_kgd","dload.ub_kgd","tload_kglenS","degf","lenObs","lenStr","MSE_kglenS","Cl_kglenS","flowmu_m3s","flowav_m3s"
1,24688.1907013197,24688.1907013197,740645.7,29,30,30,13231684996.2639,43686.8424220414,11.9023490231556,11.9023490231556
2,24688.1907013197,24688.1907013197,740645.7,15.2731062106203,30,30,6474269824.82831,43815.8093527738,11.9023490231556,11.9023490231556
3,24688.1907013196,24688.1907013196,740645.6,12.9484579519066,30,30,4467907861.46211,40146.4092411124,11.9023490231556,11.9023490231556
4,24688.1907013197,24688.1907013197,740645.7,9.16415422237583,30,30,3291193271.42108,42753.2067729843,11.9023490231556,11.9023490231556
5,24688.1907013197,24688.1907013197,740645.6,6.90511778262572,30,30,2506269435.36868,45175.3422574982,11.9023490231556,11.9023490231556
6,24688.1907013197,24688.1907013197,740645.6,6.88413957533815,30,30,2502483274.98755,45238.3200838614,11.9023490231556,11.9023490231556
7,24688.1907013197,24688.1907013197,740645.7,6.79853068825494,30,30,2487212697.80952,45501.5124981794,11.9023490231556,11.9023490231556
8,24688.1907013197,24688.1907013197,740645.7,6.78097343519063,30,30,2483995343.06869,45555.630492725,11.9023490231556,11.9023490231556
9,24688.1907013197,24688.1907013197,740645.6,7.96304654668157,30,30,2965145095.61724,44534.2706765969,11.9023490231556,11.9023490231556
