"strata","dload.bi_kgd","dload.ub_kgd","tload_kglenS","degf","lenObs","lenStr","MSE_kglenS","Cl_kglenS","flowmu_m3s","flowav_m3s"
1,5642.07295651124,5642.07295651124,169262.2,29,30,30,3461053362.3814,22343.2953897742,1.06890945682133,1.06890945682133
2,5642.07295651124,5642.07295651124,169262.2,3.02519504012523,30,30,556494996.178931,42960.6829432838,1.06890945682133,1.06890945682133
3,5642.07295651124,5642.07295651124,169262.2,3.014551116849,30,30,555514775.93037,43083.6433585375,1.06890945682133,1.06890945682133
4,5642.07295651124,5642.07295651124,169262.2,3.01012781073475,30,30,555107159.193112,43135.096389139,1.06890945682133,1.06890945682133
5,5642.07295651124,5642.07295651124,169262.2,3.00825532908163,30,30,554934461.698205,43156.9369399537,1.06890945682133,1.06890945682133
6,5642.07295651124,5642.07295651124,169262.2,3.00689639015578,30,30,554809097.53726,43172.8106561859,1.06890945682133,1.06890945682133
7,5642.07295651124,5642.07295651124,169262.1,3.00694738756358,30,30,554813802.900369,43172.2146180737,1.06890945682133,1.06890945682133
8,5642.07295651124,5642.07295651124,169262.1,3.00708938080238,30,30,554826907.043324,43170.5553200692,1.06890945682133,1.06890945682133
9,5642.07295651124,5642.07295651124,169262.2,3.00912211449439,30,30,555014501.149855,43146.8257254124,1.06890945682133,1.06890945682133
