"strata","dload.bi_kgd","dload.ub_kgd","tload_kglenS","degf","lenObs","lenStr","MSE_kglenS","Cl_kglenS","flowmu_m3s","flowav_m3s"
1,3637.02816847053,3637.02816847053,109110.8,29,30,30,39260234.2646719,2379.68527265023,0.678148031111111,0.678148031111111
2,3637.02816847053,3637.02816847053,109110.9,19.265606828363,30,30,13369657.0143485,1741.95898848584,0.678148031111111,0.678148031111111
3,3637.02816847053,3637.02816847053,109110.9,18.4796356263394,30,30,5930647.34568164,1187.97409185072,0.678148031111111,0.678148031111111
4,3637.02816847053,3637.02816847053,109110.9,6.03372776993816,30,30,2232710.04934861,1486.460740206,0.678148031111111,0.678148031111111
5,3637.02816847053,3637.02816847053,109110.9,5.9461516318212,30,30,2216357.33784265,1497.18105592884,0.678148031111111,0.678148031111111
6,3637.02816847053,3637.02816847053,109110.9,5.8716968182376,30,30,2202395.81982145,1506.5683440142,0.678148031111111,0.678148031111111
7,3637.02816847053,3637.02816847053,109110.9,5.86630732070267,30,30,2201384.54621033,1507.25842491709,0.678148031111111,0.678148031111111
8,3637.02816847053,3637.02816847053,109110.9,5.94838520373925,30,30,2230395.8800505,1501.49506525208,0.678148031111111,0.678148031111111
9,3637.02816847053,3637.02816847053,109110.9,6.31351288643908,30,30,2322253.22848414,1466.3310821338,0.678148031111111,0.678148031111111
