"strata","dload.bi_kgd","dload.ub_kgd","tload_kglenS","degf","lenObs","lenStr","MSE_kglenS","Cl_kglenS","flowmu_m3s","flowav_m3s"
1,28228.1167661568,28228.1167661568,875071.6,30,31,31,53742358878.4533,86439.3346146076,12.395128088086,12.395128088086
2,28228.1167661568,28228.1167661568,875071.6,13.0494659805942,31,31,26240322496.6461,96838.6579229607,12.395128088086,12.395128088086
3,28228.1167661568,28228.1167661568,875071.6,6.03576373068213,31,31,12849454334.7933,112738.197064602,12.395128088086,12.395128088086
4,28228.1167661568,28228.1167661568,875071.6,2.77605269459488,31,31,9905584345.31007,199079.503178993,12.395128088086,12.395128088086
5,28228.1167661568,28228.1167661568,875071.7,2.3950595085543,31,31,9172644766.50508,228310.796593774,12.395128088086,12.395128088086
6,28228.1167661568,28228.1167661568,875071.7,2.33542855935684,31,31,9057107136.74576,234245.001980053,12.395128088086,12.395128088086
7,28228.1167661568,28228.1167661568,875071.8,2.28429429230711,31,31,8957075030.69198,239713.654893493,12.395128088086,12.395128088086
8,28228.1167661568,28228.1167661568,875071.7,2.28408723276244,31,31,8956669707.65506,239736.586158971,12.395128088086,12.395128088086
9,28228.1167661568,28228.1167661568,875071.8,2.28411467273449,31,31,8956723509.87216,239733.54805679,12.395128088086,12.395128088086
