"strata","dload.bi_kgd","dload.ub_kgd","tload_kglenS","degf","lenObs","lenStr","MSE_kglenS","Cl_kglenS","flowmu_m3s","flowav_m3s"
1,1511.09206090138,1511.09206090138,45332.8,29,30,30,19295014.6362906,1668.26729418384,0.3849385792,0.3849385792
2,1511.09206090138,1511.09206090138,45332.8,9.82225175646576,30,30,3959172.49585499,1418.09487226271,0.3849385792,0.3849385792
3,1511.09206090138,1511.09206090138,45332.8,8.94059153791828,30,30,3790350.46846347,1474.41386083281,0.3849385792,0.3849385792
4,1511.09206090138,1511.09206090138,45332.8,8.88184787346283,30,30,3777853.41364559,1478.34236799002,0.3849385792,0.3849385792
5,1511.09206090138,1511.09206090138,45332.7,7.6484873105939,30,30,3769683.48298618,1631.96035827369,0.3849385792,0.3849385792
6,1511.09206090138,1511.09206090138,45332.8,7.62779383241515,30,30,3764572.50539055,1633.87624151104,0.3849385792,0.3849385792
7,1511.09206090138,1511.09206090138,45332.8,7.62727346852317,30,30,3764444.07996307,1633.92458750192,0.3849385792,0.3849385792
8,1511.09206090138,1511.09206090138,45332.9,7.64103182165152,30,30,3767856.4852833,1632.65241772909,0.3849385792,0.3849385792
9,1511.09206090138,1511.09206090138,45332.8,3.32588656166573,30,30,3971226.09522309,3292.48044334646,0.3849385792,0.3849385792
