"strata","dload.bi_kgd","dload.ub_kgd","tload_kglenS","degf","lenObs","lenStr","MSE_kglenS","Cl_kglenS","flowmu_m3s","flowav_m3s"
7,13481.1193092251,13481.1193092251,417914.7,5.33250571261317,31,31,602084010.242053,26810.1505675218,10.024139587957,10.024139587957
