"strata","dload.bi_kgd","dload.ub_kgd","tload_kglenS","degf","lenObs","lenStr","MSE_kglenS","Cl_kglenS","flowmu_m3s","flowav_m3s"
1,6620.83045487767,6613.98914779128,205033.7,29,30,31,1450452826.79281,14464.2155078138,3.62388967466667,3.73847517902222
2,6627.45390914723,6620.59168100039,205238.4,11.2183926251159,30,31,1136477211.56889,22100.4773917143,3.62388967466667,3.64122518917849
3,6639.0246891972,6639.00571008076,205809.2,9.04899230052672,30,31,1017230460.25666,23964.8124484382,3.62388967466667,3.62279031654902
4,6638.89448304721,6638.87991614397,205805.3,4.60776783545364,30,31,1004139892.63517,38939.985356021,3.62388967466667,3.6227411375665
5,6639.0246891972,6639.00571008076,205809.1,4.09565074533276,30,31,902389635.918865,40835.2735878069,3.62388967466667,3.62279031654902
6,6636.42173661871,6636.40084909063,205728.4,4.09511186353493,30,31,902330267.610275,40838.6755737108,3.62388967466667,3.62400781357419
7,6635.52383055511,6635.49762745448,205700.3,4.09500705022674,30,31,902318719.970386,40839.337389446,3.62388967466667,3.6241941563871
8,6635.52383055511,6635.49762745448,205700.4,4.09500499866996,30,31,902318493.944049,40839.3503439055,3.62388967466667,3.6241941563871
9,6635.52383055511,6635.49762745448,205700.4,4.09500802044044,30,31,902318826.863033,40839.3312631101,3.62388967466667,3.6241941563871
