"strata","dload.bi_kgd","dload.ub_kgd","tload_kglenS","degf","lenObs","lenStr","MSE_kglenS","Cl_kglenS","flowmu_m3s","flowav_m3s"
1,24109.5744904605,24095.3169360143,722859.5,28,29,30,6744721849.93078,31792.1052679527,11.2265886488889,11.5260767816092
2,24095.0246087186,24067.9166882517,722037.5,21.7445208163706,29,30,6234695908.02162,35140.7335441441,11.2265886488889,11.5689720747712
3,24161.4489134257,24132.5981566155,723978,23.1776966467684,29,30,4123146051.93475,27579.3249763741,11.2265886488889,11.3867415028571
4,24373.4025586934,24364.9684214476,730949.1,15.755748710762,29,30,2327329833.66339,25797.2480496972,11.2265886488889,11.21062112
5,24306.0624521829,24288.5606833057,728656.9,13.9893533762347,29,30,2183527241.38161,26797.581565799,11.2265886488889,11.2736522192593
6,24373.4025586934,24364.9684214476,730949,11.1043310813717,29,30,2025530651.26324,29692.2233936011,11.2265886488889,11.21062112
7,24306.0624521829,24288.5606833057,728656.8,9.66102803013851,29,30,1881728058.98146,31244.8492688079,11.2265886488889,11.2736522192593
8,24306.0624521829,24288.5606833057,728656.7,9.66007760529874,29,30,1881635513.2697,31246.0508686778,11.2265886488889,11.2736522192593
9,24306.0624521829,24288.5606833057,728656.7,9.22906718879217,29,30,2145573332.20925,34361.7166978661,11.2265886488889,11.2736522192593
