"strata","dload.bi_kgd","dload.ub_kgd","tload_kglenS","degf","lenObs","lenStr","MSE_kglenS","Cl_kglenS","flowmu_m3s","flowav_m3s"
8,22138.7703675253,22138.7703675253,664163,9.66116115586452,30,30,1076980661.14005,23637.4226611469,10.2976163813689,10.2976163813689
