"strata","dload.bi_kgd","dload.ub_kgd","tload_kglenS","degf","lenObs","lenStr","MSE_kglenS","Cl_kglenS","flowmu_m3s","flowav_m3s"
8,14523.13878992,14523.13878992,435694.1,4.54346842896949,30,30,566917857.646068,29604.1685648264,7.40761352693333,7.40761352693333
