"strata","dload.bi_kgd","dload.ub_kgd","tload_kglenS","degf","lenObs","lenStr","MSE_kglenS","Cl_kglenS","flowmu_m3s","flowav_m3s"
8,11952.7094480356,11765.716830517,364737.3,2.00742758476434,29,31,1962404894.7841,134051.499346279,1.95645353158793,1.64524211033692
