"strata","dload.bi_kgd","dload.ub_kgd","tload_kglenS","degf","lenObs","lenStr","MSE_kglenS","Cl_kglenS","flowmu_m3s","flowav_m3s"
7,25277.7169063475,25278.4714964732,783632.5,6.27377299941111,25,31,366151976.196537,18497.2755981516,4.7490805587957,4.69993720911828
