"strata","dload.bi_kgd","dload.ub_kgd","tload_kglenS","degf","lenObs","lenStr","MSE_kglenS","Cl_kglenS","flowmu_m3s","flowav_m3s"
5,1945.89407292226,1945.89407292226,60322.7,7.00914314638833,31,31,35591726.4428573,5327.08184671994,0.784870142795699,0.784870142795699
