"strata","dload.bi_kgd","dload.ub_kgd","tload_kglenS","degf","lenObs","lenStr","MSE_kglenS","Cl_kglenS","flowmu_m3s","flowav_m3s"
7,21178.4797838507,21173.4777656106,656377.9,4.82249069091283,30,31,2218553786.85835,55751.4670328922,11.5759087099478,11.5524810164301
