"strata","dload.bi_kgd","dload.ub_kgd","tload_kglenS","degf","lenObs","lenStr","MSE_kglenS","Cl_kglenS","flowmu_m3s","flowav_m3s"
9,20537.5056410786,20537.5056410786,636662.6,6.37427763483108,31,31,3088835921.97312,53106.7591575872,7.96491905582796,7.96491905582796
