"strata","dload.bi_kgd","dload.ub_kgd","tload_kglenS","degf","lenObs","lenStr","MSE_kglenS","Cl_kglenS","flowmu_m3s","flowav_m3s"
5,2417.56974486326,2415.73545543579,74887.8,4.63477899879474,19,31,5121522.80155231,2767.51262491471,0.647194165677419,0.643174398004301
