"strata","dload.bi_kgd","dload.ub_kgd","tload_kglenS","degf","lenObs","lenStr","MSE_kglenS","Cl_kglenS","flowmu_m3s","flowav_m3s"
7,4001.16115692657,4001.16115692657,120034.8,8.17293727277736,30,30,6727578.05526936,2084.50556517324,0.705097570154667,0.705097570154667
