"strata","dload.bi_kgd","dload.ub_kgd","tload_kglenS","degf","lenObs","lenStr","MSE_kglenS","Cl_kglenS","flowmu_m3s","flowav_m3s"
8,28049.2458615973,28049.2458615973,869526.5,9.13306551484218,31,31,4773331458.12038,51601.412321404,11.3962712369892,11.3962712369892
