"strata","dload.bi_kgd","dload.ub_kgd","tload_kglenS","degf","lenObs","lenStr","MSE_kglenS","Cl_kglenS","flowmu_m3s","flowav_m3s"
6,1667.0097295436,1667.0097295436,51677.5,2.05566820081782,31,31,1489945.81365487,3569.63153265269,0.344058254451613,0.344058254451613
