"strata","dload.bi_kgd","dload.ub_kgd","tload_kglenS","degf","lenObs","lenStr","MSE_kglenS","Cl_kglenS","flowmu_m3s","flowav_m3s"
1,21684.6907452076,21684.6907452076,650540.7,29,30,30,11033558035.7471,39893.3834479293,6.48233062382222,6.48233062382222
2,21684.6907452076,21684.6907452076,650540.7,14.1219344481701,30,30,5005629047.44763,40347.3171936984,6.48233062382222,6.48233062382222
3,21684.6907452076,21684.6907452076,650540.7,15.7327287312223,30,30,2063127761.48173,24309.5810295158,6.48233062382222,6.48233062382222
4,21684.6907452076,21684.6907452076,650540.6,9.08221198362529,30,30,1644447137.32571,30397.5080828225,6.48233062382222,6.48233062382222
5,21684.6907452076,21684.6907452076,650540.6,6.51553498585068,30,30,1337614502.62493,34398.1584191834,6.48233062382222,6.48233062382222
6,21684.6907452076,21684.6907452076,650540.7,8.1586385177205,30,30,1253379306.78576,28485.5439040675,6.48233062382222,6.48233062382222
7,21684.6907452076,21684.6907452076,650540.8,7.79645096231261,30,30,1225324259.75712,29041.1744490368,6.48233062382222,6.48233062382222
8,21684.6907452076,21684.6907452076,650540.8,7.63779971906406,30,30,1212263122.91383,29293.4538882298,6.48233062382222,6.48233062382222
9,21684.6907452076,21684.6907452076,650540.8,8.11297998845202,30,30,1286839302.55037,28972.1212274361,6.48233062382222,6.48233062382222
