"strata","dload.bi_kgd","dload.ub_kgd","tload_kglenS","degf","lenObs","lenStr","MSE_kglenS","Cl_kglenS","flowmu_m3s","flowav_m3s"
1,18456.913663657,18456.913663657,553707.4,29,30,30,6968553569.94139,31704.0249427008,4.85494682311111,4.85494682311111
2,18456.913663657,18456.913663657,553707.4,18.0848930355543,30,30,4100707210.61022,31625.3425852511,4.85494682311111,4.85494682311111
3,18456.913663657,18456.913663657,553707.4,6.43839257486303,30,30,1162042918.26751,32338.0697995686,4.85494682311111,4.85494682311111
4,18456.913663657,18456.913663657,553707.4,4.81661773600656,30,30,996402597.42286,37399.8367158538,4.85494682311111,4.85494682311111
5,18456.913663657,18456.913663657,553707.4,5.9402537629422,30,30,846653407.365042,29283.8649047219,4.85494682311111,4.85494682311111
6,18456.913663657,18456.913663657,553707.4,5.72828750393212,30,30,830983990.932269,29813.7037398204,4.85494682311111,4.85494682311111
7,18456.913663657,18456.913663657,553707.4,5.66009040126925,30,30,826001707.162437,29995.1847711973,4.85494682311111,4.85494682311111
8,18456.913663657,18456.913663657,553707.4,5.64803845085828,30,30,825126362.130871,30027.8867924041,4.85494682311111,4.85494682311111
9,18456.913663657,18456.913663657,553707.4,5.69416529128512,30,30,828510309.805486,29904.2143770223,4.85494682311111,4.85494682311111
