"strata","dload.bi_kgd","dload.ub_kgd","tload_kglenS","degf","lenObs","lenStr","MSE_kglenS","Cl_kglenS","flowmu_m3s","flowav_m3s"
7,15473.6408327272,15466.7931705286,448537,10.5293598811115,27,29,256929453.320902,10931.9277521295,3.81013740527816,3.85836233151816
