"strata","dload.bi_kgd","dload.ub_kgd","tload_kglenS","degf","lenObs","lenStr","MSE_kglenS","Cl_kglenS","flowmu_m3s","flowav_m3s"
1,20164.1123143035,20040.5969204256,601217.9,27,28,30,37530348342.5649,76498.1443354431,5.68939651102222,4.79401822752381
2,18122.6559307371,17931.8721224095,537956.2,6.23083871063019,28,30,3432621767.0475,56920.6930068974,5.68939651102222,6.3151348648
3,18122.6559307371,17931.8721224095,537956.2,3.95832767361056,28,30,2710540998.17941,72956.9337779453,5.68939651102222,6.3151348648
4,18122.6559307371,17931.8721224095,537956.1,2.33265377225308,28,30,2046469022.76464,111516.800417727,5.68939651102222,6.3151348648
5,18122.6559307371,17931.8721224095,537956.2,2.2511938283131,28,30,2010343484.47201,115761.772856655,5.68939651102222,6.3151348648
6,18122.6559307371,17931.8721224095,537956.1,2.24462234031283,28,30,2007406387.7535,116125.066360529,5.68939651102222,6.3151348648
7,18122.6559307371,17931.8721224095,537956.1,2.24341460584997,28,30,2006866209.77087,116192.192705523,5.68939651102222,6.3151348648
8,18122.6559307371,17931.8721224095,537956.1,2.24406915674142,28,30,2007263032.6384,116158.809304832,5.68939651102222,6.3151348648
