"strata","dload.bi_kgd","dload.ub_kgd","tload_kglenS","degf","lenObs","lenStr","MSE_kglenS","Cl_kglenS","flowmu_m3s","flowav_m3s"
8,7152.50530343895,7152.50530343895,221727.6,6.32921076783901,31,31,319255590.02041,17161.7382979939,3.1442243963871,3.1442243963871
