"strata","dload.bi_kgd","dload.ub_kgd","tload_kglenS","degf","lenObs","lenStr","MSE_kglenS","Cl_kglenS","flowmu_m3s","flowav_m3s"
1,19705.950965709,19687.6997499884,551255.6,25,26,28,8275795564.3833,37471.8209782938,3.31452324099048,3.24632054266667
2,20336.6842103969,20324.2045493633,569077.7,21.1299083090349,26,28,4907718496.04967,31681.895875194,3.31452324099048,3.1812244687609
3,20827.7857499703,20811.5266490553,582722.8,15.0415490532412,26,28,1019001210.73348,17539.2754972964,3.31452324099048,3.19158439044935
4,20789.9856448991,20777.7074434748,581775.8,12.024930366746,26,28,818306111.620996,17969.5285973539,3.31452324099048,3.25075077651221
5,20789.9856448991,20777.7074434748,581775.8,8.24179379598748,26,28,648823872.718884,20356.3162193872,3.31452324099048,3.25075077651221
6,20858.2454583886,20843.4770031033,583617.3,6.71478476302615,26,28,528806714.142343,21166.3506097605,3.31452324099048,3.26590113230159
7,20819.7072707869,20810.7450871205,582700.8,6.29006939664092,26,28,511576731.93311,21822.7913244649,3.31452324099048,3.30571073258095
8,21162.4996793674,21167.6786608634,592695,6.61282470941093,26,28,512812307.085133,21072.936472082,3.31452324099048,3.21332894238095
