"strata","dload.bi_kgd","dload.ub_kgd","tload_kglenS","degf","lenObs","lenStr","MSE_kglenS","Cl_kglenS","flowmu_m3s","flowav_m3s"
1,6537.83339691201,6453.76923909281,200066.8,14,15,31,490341159.270052,12693.1456168735,1.63732000344086,2.79178477511111
2,7019.34800042462,6999.68432685603,216990.3,7.29636727039891,15,31,164022171.541398,11119.7472740193,1.63732000344086,1.89235389247312
3,7256.08350813806,7253.54679377768,224860,4.28655709418634,15,31,121571198.259828,14404.1977519609,1.63732000344086,1.74004343643625
4,7269.42619417429,7268.40761109944,225320.7,4.17164996177482,15,31,119910811.009659,14647.0601851942,1.63732000344086,1.66947327311828
