"strata","dload.bi_kgd","dload.ub_kgd","tload_kglenS","degf","lenObs","lenStr","MSE_kglenS","Cl_kglenS","flowmu_m3s","flowav_m3s"
1,319.234859222618,319.234419401546,9896.3,26,27,31,15273.5632284059,49.8204000531501,0.0637967151621505,0.0633189517669136
2,319.674003794404,319.660684631749,9909.4,21.7886781081108,27,31,11017.8104342003,46.6614954788759,0.0637967151621505,0.0636673063712115
3,318.617731192328,318.568485569526,9875.6,22.8894170108645,27,31,7364.52677300531,37.1158819901192,0.0637967151621505,0.0634047728585958
4,317.732877014752,317.672400227647,9847.8,17.2960397406013,27,31,5346.40323493887,37.0455532864653,0.0637967151621505,0.0635678895372043
5,317.732877014752,317.672400227647,9847.9,12.2761383823337,27,31,4058.78699251608,39.5188973090956,0.0637967151621505,0.0635678895372043
6,317.732877014752,317.672400227647,9847.9,10.2563549285813,27,31,3518.44332828029,41.1293291008371,0.0637967151621505,0.0635678895372043
7,317.692513574581,317.618517919419,9846.2,10.0718647953681,27,31,3485.9508826887,41.4121776319638,0.0637967151621505,0.0652324073703226
8,317.692513574581,317.618517919419,9846.3,10.3504487759104,27,31,3708.22908175852,41.9813544259478,0.0637967151621505,0.0652324073703226
