"strata","dload.bi_kgd","dload.ub_kgd","tload_kglenS","degf","lenObs","lenStr","MSE_kglenS","Cl_kglenS","flowmu_m3s","flowav_m3s"
1,9741.01589126524,9741.01589126524,301971.5,30,31,31,131524013.788694,4276.17607948239,1.33947370090323,1.33947370090323
2,9741.01589126524,9741.01589126524,301971.5,9.46143078643068,31,31,92739325.6657323,7030.02916153686,1.33947370090323,1.33947370090323
3,9741.01589126524,9741.01589126524,301971.5,8.50973292993721,31,31,41581971.0717013,5044.80731235283,1.33947370090323,1.33947370090323
4,9741.01589126524,9741.01589126524,301971.5,5.08267922434761,31,31,31541783.7954631,6372.4544578452,1.33947370090323,1.33947370090323
5,9741.01589126524,9741.01589126524,301971.4,4.81083369198029,31,31,30701610.7016298,6571.40223718479,1.33947370090323,1.33947370090323
6,9741.01589126524,9741.01589126524,301971.5,4.70215054442985,31,31,30351075.9971813,6657.26830661321,1.33947370090323,1.33947370090323
7,9741.01589126524,9741.01589126524,301971.5,4.68796729967101,31,31,30305226.3403549,6668.82566967757,1.33947370090323,1.33947370090323
8,9741.01589126524,9741.01589126524,301971.4,4.68128109933412,31,31,30283543.1747343,6674.2964548284,1.33947370090323,1.33947370090323
9,9741.01589126524,9741.01589126524,301971.4,4.68990925482825,31,31,30311646.6487045,6667.25382302127,1.33947370090323,1.33947370090323
