"strata","dload.bi_kgd","dload.ub_kgd","tload_kglenS","degf","lenObs","lenStr","MSE_kglenS","Cl_kglenS","flowmu_m3s","flowav_m3s"
1,19574.7859696163,19574.7859696163,606818.4,30,31,31,12661440699.4366,41956.052041647,8.89328838864516,8.89328838864516
2,19574.7859696163,19574.7859696163,606818.4,15.8961314637388,31,31,7595601917.36967,46364.173385935,8.89328838864516,8.89328838864516
3,19574.7859696163,19574.7859696163,606818.4,10.0889882128818,31,31,2191026319.44784,32796.1796048028,8.89328838864516,8.89328838864516
4,19574.7859696163,19574.7859696163,606818.4,5.99050816059127,31,31,1585883876.15209,39828.0470353907,8.89328838864516,8.89328838864516
5,19574.7859696163,19574.7859696163,606818.4,4.98657007325713,31,31,1443523974.63575,43771.7962861148,8.89328838864516,8.89328838864516
6,19574.7859696163,19574.7859696163,606818.4,4.36903477581533,31,31,1348648386.54837,47197.6663598905,8.89328838864516,8.89328838864516
7,19574.7859696163,19574.7859696163,606818.4,4.36778911276395,31,31,1348456099.40806,47205.7962592625,8.89328838864516,8.89328838864516
8,19574.7859696163,19574.7859696163,606818.4,4.36780683368798,31,31,1348458839.83393,47205.6806477701,8.89328838864516,8.89328838864516
9,19574.7859696163,19574.7859696163,606818.4,4.4020445866515,31,31,1353833521.42497,46985.8921247812,8.89328838864516,8.89328838864516
