"strata","dload.bi_kgd","dload.ub_kgd","tload_kglenS","degf","lenObs","lenStr","MSE_kglenS","Cl_kglenS","flowmu_m3s","flowav_m3s"
8,22836.8484275829,22669.3752945705,702750.5,4.4672600522146,30,31,5979682620.16691,97523.720031755,12.3695698924731,12.0807182336918
