"strata","dload.bi_kgd","dload.ub_kgd","tload_kglenS","degf","lenObs","lenStr","MSE_kglenS","Cl_kglenS","flowmu_m3s","flowav_m3s"
4,6449.48848904744,6449.4151634729,193482.5,3.12725339443289,29,30,207478128.047396,25335.2050828171,1.52062421037156,1.52776527078089
