"strata","dload.bi_kgd","dload.ub_kgd","tload_kglenS","degf","lenObs","lenStr","MSE_kglenS","Cl_kglenS","flowmu_m3s","flowav_m3s"
9,10954.0293579181,10954.0293579181,339574.9,6.51705080412142,31,31,226413816.999973,14149.7385093619,4.49280819036559,4.49280819036559
