"strata","dload.bi_kgd","dload.ub_kgd","tload_kglenS","degf","lenObs","lenStr","MSE_kglenS","Cl_kglenS","flowmu_m3s","flowav_m3s"
1,531.727048205151,531.715370915295,16483.2,27,28,31,44799.5928457442,83.5788971370991,0.125123718193548,0.124725390857143
2,535.143004619992,535.131406263641,16589,25.4380380534641,28,31,18595.4455663574,55.635547052657,0.125123718193548,0.124005163073314
3,531.087970094582,531.076467553866,16463.4,22.0547149272999,28,31,10097.3879987143,44.3683731895961,0.125123718193548,0.125006797212903
4,533.37868812288,533.385301408146,16535,19.8822528389832,28,31,7495.08765542843,40.5160563828943,0.125123718193548,0.125123718193548
5,531.299408872086,531.291236176138,16470.1,17.2079002416994,28,31,6911.71765253317,42.2448733264113,0.125123718193548,0.125475394580645
6,531.299408872086,531.291236176138,16470.1,15.5805895899578,28,31,6268.27820027309,42.6137426779726,0.125123718193548,0.125475394580645
7,531.299408872086,531.291236176138,16470,15.3314902820727,28,31,6366.91251271223,43.3540946264747,0.125123718193548,0.125475394580645
8,531.299408872086,531.291236176138,16470,12.5681614310402,28,31,7031.40567084251,51.2781311527557,0.125123718193548,0.125475394580645
9,531.21439467478,531.195974214306,16466.9,11.2748255156106,28,31,9758.68979716521,64.5606614778549,0.125123718193548,0.125315541677419
