"strata","dload.bi_kgd","dload.ub_kgd","tload_kglenS","degf","lenObs","lenStr","MSE_kglenS","Cl_kglenS","flowmu_m3s","flowav_m3s"
1,28282.2250299646,28232.9801578016,875222.4,28,29,31,15814908097.0291,48682.2454759342,9.00231263587097,9.04151192754023
2,28095.0173704946,28043.6371356103,869352.7,20.0398712061385,29,31,9663585426.21983,45800.7917844972,9.00231263587097,9.20043729645059
3,29037.5560452326,29000.5004268153,899015.5,16.4626172258248,29,31,4425786295.36577,34679.3824316767,9.00231263587097,8.768381287447
4,28995.9806895287,28957.54428259,897683.9,9.14590309516278,29,31,3056974898.53917,41257.2536090352,9.00231263587097,8.84871769469821
5,28995.9806895287,28957.54428259,897683.8,16.6222016213721,29,31,2135429310.54217,23954.9524999444,9.00231263587097,8.84871769469821
6,28995.9806895287,28957.54428259,897683.8,8.20390480932378,29,31,1639384443.70635,32457.4510968883,9.00231263587097,8.84871769469821
7,29012.9441463091,28976.915589672,898284.4,7.78626886113986,29,31,1594947337.20289,33162.5111820653,9.00231263587097,8.83622800676702
8,28964.5203343693,28925.8034583575,896699.8,7.29405715549504,29,31,1541810166.22583,34100.0049075986,9.00231263587097,8.85275375214337
9,28964.5203343693,28925.8034583575,896699.8,7.30386523147142,29,31,1542864129.82892,34079.8969057758,9.00231263587097,8.85275375214337
