"strata","dload.bi_kgd","dload.ub_kgd","tload_kglenS","degf","lenObs","lenStr","MSE_kglenS","Cl_kglenS","flowmu_m3s","flowav_m3s"
6,2905.24676545609,2809.57236592657,84287,2.00374819378892,23,30,151352267.908735,37327.6730134468,1.88254176604444,1.98326567241481
