"strata","dload.bi_kgd","dload.ub_kgd","tload_kglenS","degf","lenObs","lenStr","MSE_kglenS","Cl_kglenS","flowmu_m3s","flowav_m3s"
8,23890.2972385925,23890.2972385925,716709,4.62151162177099,30,30,297902090.23592,21157.3009147981,5.08760410184889,5.08760410184889
