"strata","dload.bi_kgd","dload.ub_kgd","tload_kglenS","degf","lenObs","lenStr","MSE_kglenS","Cl_kglenS","flowmu_m3s","flowav_m3s"
1,2688.003954816,2688.003954816,80640.1,29,30,30,4345692.399043,791.721740486905,0.463470504533333,0.463470504533333
2,2688.003954816,2688.003954816,80640.1,24.1909720119851,30,30,2442382.97457594,655.521852293815,0.463470504533333,0.463470504533333
3,2688.003954816,2688.003954816,80640.1,17.0665418520065,30,30,1719069.71383072,669.405847374599,0.463470504533333,0.463470504533333
4,2688.003954816,2688.003954816,80640.1,12.9685287859835,30,30,1238408.37740469,667.761841697355,0.463470504533333,0.463470504533333
5,2688.003954816,2688.003954816,80640.1,8.20766827821923,30,30,1174158.80871463,868.368672209172,0.463470504533333,0.463470504533333
6,2688.003954816,2688.003954816,80640.1,6.31967950629855,30,30,1019503.33700613,970.873835369867,0.463470504533333,0.463470504533333
7,2688.003954816,2688.003954816,80640.1,6.07746201471445,30,30,998991.985628071,989.003560717347,0.463470504533333,0.463470504533333
8,2688.003954816,2688.003954816,80640.1,6.0700622793329,30,30,998420.33852538,989.611088593625,0.463470504533333,0.463470504533333
9,2688.003954816,2688.003954816,80640.1,6.28426862968482,30,30,1035256.90964506,982.361417437125,0.463470504533333,0.463470504533333
