"strata","dload.bi_kgd","dload.ub_kgd","tload_kglenS","degf","lenObs","lenStr","MSE_kglenS","Cl_kglenS","flowmu_m3s","flowav_m3s"
1,606.891830235597,607.222018101169,18216.7,23,24,30,476824.205965186,297.854279535096,0.116100814981333,0.0934181260866667
2,636.030739257132,636.150335938895,19084.5,3.96568877088742,24,30,98114.4899393575,438.20742412641,0.116100814981333,0.116200490117333
3,636.030739257132,636.150335938895,19084.5,3.68204851889392,24,30,94508.8790040923,460.381975023197,0.116100814981333,0.116200490117333
4,636.030739257132,636.150335938895,19084.5,3.12110158812342,24,30,86886.9202895092,519.520267063537,0.116100814981333,0.116200490117333
5,636.030739257132,636.150335938895,19084.5,3.09931308720441,24,30,86583.3966825754,522.405521442183,0.116100814981333,0.116200490117333
6,636.030739257132,636.150335938895,19084.5,3.09801806191928,24,30,86565.3035059798,522.578652813352,0.116100814981333,0.116200490117333
7,636.030739257132,636.150335938895,19084.5,3.10708294092911,24,30,86692.8224639174,521.373661710254,0.116100814981333,0.116200490117333
