"strata","dload.bi_kgd","dload.ub_kgd","tload_kglenS","degf","lenObs","lenStr","MSE_kglenS","Cl_kglenS","flowmu_m3s","flowav_m3s"
1,20536.4207239229,20517.8012746972,636051.8,28,29,31,4579309270.47206,26196.1370157627,8.44499842924731,8.04218276229885
2,20321.4166462308,20296.9150667076,629204.4,17.8262583951433,29,31,3461072109.1906,29294.6733750815,8.44499842924731,8.27622242054396
3,20800.0848343278,20741.9511132382,643000.5,16.1391253512994,29,31,3312269067.26627,30348.3505793591,8.44499842924731,8.07684196903226
4,20800.0848343278,20741.9511132382,643000.4,12.8083330480121,29,31,2933037154.46273,32741.7130568643,8.44499842924731,8.07684196903226
5,20800.0848343278,20741.9511132382,643000.5,10.4042097214243,29,31,2535170752.64684,34598.6454478942,8.44499842924731,8.07684196903226
6,20511.6543879976,20436.5280108777,633532.4,5.90754580325031,29,31,2177835135.32129,47160.3512173326,8.44499842924731,8.35197926365591
7,20511.6543879976,20436.5280108777,633532.4,5.41634688793539,29,31,2083159306.8857,49269.0834991237,8.44499842924731,8.35197926365591
8,20511.6543879976,20436.5280108777,633532.4,5.16012147639755,29,31,2032089415.23734,50539.6085743493,8.44499842924731,8.35197926365591
9,20511.6543879976,20436.5280108777,633532.4,5.14246967019926,29,31,2028605482.94195,50633.1924498776,8.44499842924731,8.35197926365591
