"strata","dload.bi_kgd","dload.ub_kgd","tload_kglenS","degf","lenObs","lenStr","MSE_kglenS","Cl_kglenS","flowmu_m3s","flowav_m3s"
7,20932.4837842406,20932.4837842406,648907,6.84768147073464,31,31,796994225.652281,25625.9243536111,5.41526494489462,5.41526494489462
