"strata","dload.bi_kgd","dload.ub_kgd","tload_kglenS","degf","lenObs","lenStr","MSE_kglenS","Cl_kglenS","flowmu_m3s","flowav_m3s"
5,9406.83163837425,9391.83903091394,291147,2.95771070339592,24,31,100892474.560025,18738.3958636697,2.1142708271828,2.4642970755957
