"strata","dload.bi_kgd","dload.ub_kgd","tload_kglenS","degf","lenObs","lenStr","MSE_kglenS","Cl_kglenS","flowmu_m3s","flowav_m3s"
6,5305.93906173734,5290.80063479908,164014.7,4.55939047382131,29,31,90415945.4663032,11788.1037737559,1.26792733221677,1.36959263686194
