"strata","dload.bi_kgd","dload.ub_kgd","tload_kglenS","degf","lenObs","lenStr","MSE_kglenS","Cl_kglenS","flowmu_m3s","flowav_m3s"
8,1713.95004591923,1713.95004591923,51418.5,7.27873741694882,30,30,1924740.60587327,1206.58641425564,0.3826166016,0.3826166016
