"strata","dload.bi_kgd","dload.ub_kgd","tload_kglenS","degf","lenObs","lenStr","MSE_kglenS","Cl_kglenS","flowmu_m3s","flowav_m3s"
8,19254.607237755,19213.8123339753,576414.3,5.29718557445021,29,30,842623458.741991,31881.4218372172,4.95168534963556,4.77389491233185
