"strata","dload.bi_kgd","dload.ub_kgd","tload_kglenS","degf","lenObs","lenStr","MSE_kglenS","Cl_kglenS","flowmu_m3s","flowav_m3s"
7,16317.5045156462,16316.9385674633,489508.2,5.33113622468505,29,30,717714142.369251,29277.4542002389,3.54015123370667,3.54511579800889
