"strata","dload.bi_kgd","dload.ub_kgd","tload_kglenS","degf","lenObs","lenStr","MSE_kglenS","Cl_kglenS","flowmu_m3s","flowav_m3s"
8,17493.6577162865,17493.6577162865,524809.8,7.65281273656354,30,30,335052479.993205,15379.6286762071,5.38974734684444,5.38974734684444
