"strata","dload.bi_kgd","dload.ub_kgd","tload_kglenS","degf","lenObs","lenStr","MSE_kglenS","Cl_kglenS","flowmu_m3s","flowav_m3s"
1,15289.8320893919,15289.8320893919,473984.8,30,31,31,1399078761.86935,13946.785925247,2.75741066651183,2.75741066651183
2,15289.8320893919,15289.8320893919,473984.8,17.4658920720621,31,31,894775625.985431,15070.3901073412,2.75741066651183,2.75741066651183
3,15289.8320893919,15289.8320893919,473984.8,16.2457163988678,31,31,845151599.009905,15271.4671670033,2.75741066651183,2.75741066651183
4,15289.8320893919,15289.8320893919,473984.8,8.23185069291701,31,31,651192010.559547,20409.8931646995,2.75741066651183,2.75741066651183
5,15289.8320893919,15289.8320893919,473984.8,5.92179099050828,31,31,620611354.102382,25130.0621455867,2.75741066651183,2.75741066651183
6,15289.8320893919,15289.8320893919,473984.7,5.4414697334406,31,31,594429062.512094,26224.6878391332,2.75741066651183,2.75741066651183
7,15289.8320893919,15289.8320893919,473984.7,5.11741420491812,31,31,576055169.907129,27086.1871659514,2.75741066651183,2.75741066651183
8,15289.8320893919,15289.8320893919,473984.7,5.09250495530766,31,31,574653026.943705,27158.1379385444,2.75741066651183,2.75741066651183
9,15289.8320893919,15289.8320893919,473984.7,5.10629021352513,31,31,575485812.941136,27119.5528144885,2.75741066651183,2.75741066651183
