"strata","dload.bi_kgd","dload.ub_kgd","tload_kglenS","degf","lenObs","lenStr","MSE_kglenS","Cl_kglenS","flowmu_m3s","flowav_m3s"
5,40277.4862428422,40277.4862428422,1208324.5,7.87199655262311,30,30,5677075265.0524,62102.703761773,16.5252318831467,16.5252318831467
