"strata","dload.bi_kgd","dload.ub_kgd","tload_kglenS","degf","lenObs","lenStr","MSE_kglenS","Cl_kglenS","flowmu_m3s","flowav_m3s"
1,25997.5777064847,25997.5777064847,805924.9,30,31,31,15343780301.6651,46186.9451490784,9.18036593393548,9.18036593393548
2,25997.5777064847,25997.5777064847,805924.9,21.0200729902664,31,31,9280626949.07858,43694.7235585307,9.18036593393548,9.18036593393548
3,25997.5777064847,25997.5777064847,805924.8,18.7302856173258,31,31,5618917747.96042,36287.0625385505,9.18036593393548,9.18036593393548
4,25997.5777064847,25997.5777064847,805924.9,10.4472316003639,31,31,3779216620.36676,42133.5792730011,9.18036593393548,9.18036593393548
5,25997.5777064847,25997.5777064847,805924.9,10.6003659506463,31,31,2740595040.86928,35553.3457756691,9.18036593393548,9.18036593393548
6,25997.5777064847,25997.5777064847,805925,7.35753962465864,31,31,2087239804.5125,39438.4000572325,9.18036593393548,9.18036593393548
7,25997.5777064847,25997.5777064847,805925,7.13869035835896,31,31,2055668047.94602,39968.8285013629,9.18036593393548,9.18036593393548
8,25997.5777064847,25997.5777064847,805924.9,7.12830838953291,31,31,2054171190.35518,39994.9038179821,9.18036593393548,9.18036593393548
9,25997.5777064847,25997.5777064847,805925,7.12146322619473,31,31,2053185407.10092,40012.1537246915,9.18036593393548,9.18036593393548
