"strata","dload.bi_kgd","dload.ub_kgd","tload_kglenS","degf","lenObs","lenStr","MSE_kglenS","Cl_kglenS","flowmu_m3s","flowav_m3s"
6,10106.5292888934,10106.5292888934,303195.8,3.87491939936714,30,30,137425133.084174,16747.1241724134,2.28066653511111,2.28066653511111
