"strata","dload.bi_kgd","dload.ub_kgd","tload_kglenS","degf","lenObs","lenStr","MSE_kglenS","Cl_kglenS","flowmu_m3s","flowav_m3s"
8,6942.71198194176,6942.71198194176,215224,2.06982594440188,31,31,160558472.302812,36696.2514786356,1.66362417926882,1.66362417926882
