"strata","dload.bi_kgd","dload.ub_kgd","tload_kglenS","degf","lenObs","lenStr","MSE_kglenS","Cl_kglenS","flowmu_m3s","flowav_m3s"
8,36959.5780561638,36959.5780561638,1108787.4,6.88744112840116,30,30,3347980434.87052,52307.6486031193,11.0622253564444,11.0622253564444
