"strata","dload.bi_kgd","dload.ub_kgd","tload_kglenS","degf","lenObs","lenStr","MSE_kglenS","Cl_kglenS","flowmu_m3s","flowav_m3s"
1,13905.1858009854,13895.9431518129,416878.3,28,29,30,1827647386.55852,16549.4463958555,3.23231395217778,2.77063451236782
2,13680.453681433,13660.5580017125,409816.8,7.20418421789841,29,30,871807298.288226,25863.6625327647,3.23231395217778,2.96136091513333
3,13680.453681433,13660.5580017125,409816.8,7.09999941680356,29,30,865457684.051777,26032.5808113947,3.23231395217778,2.96136091513333
4,13680.453681433,13660.5580017125,409816.8,7.07413281213659,29,30,863881397.95779,26075.3843316743,3.23231395217778,2.96136091513333
5,13680.453681433,13660.5580017125,409816.7,7.0715793770843,29,30,863734992.948082,26079.7675836275,3.23231395217778,2.96136091513333
6,13680.453681433,13660.5580017125,409816.7,7.07153100189665,29,30,863732038.771871,26079.8479337455,3.23231395217778,2.96136091513333
7,13680.453681433,13660.5580017125,409816.7,7.07153939560258,29,30,863732552.194352,26079.8340045124,3.23231395217778,2.96136091513333
8,13680.453681433,13660.5580017125,409816.8,7.25888679436998,29,30,875496307.78903,25782.3653364985,3.23231395217778,2.96136091513333
9,13923.9129825148,13856.7540099119,415702.7,4.18459193891301,29,30,1839501848.44587,57213.1533896543,3.23231395217778,2.92835858929778
