"strata","dload.bi_kgd","dload.ub_kgd","tload_kglenS","degf","lenObs","lenStr","MSE_kglenS","Cl_kglenS","flowmu_m3s","flowav_m3s"
7,19736.1722590019,19735.9119777052,592077.4,3.15180172104983,27,30,1997379765.17791,77975.3882860866,5.17989641882667,5.15928849006933
