"strata","dload.bi_kgd","dload.ub_kgd","tload_kglenS","degf","lenObs","lenStr","MSE_kglenS","Cl_kglenS","flowmu_m3s","flowav_m3s"
1,16658.3508057313,16658.3508057313,516408.9,30,31,31,11116638000.0928,39313.3257180305,7.38302556232258,7.38302556232258
2,16658.3508057313,16658.3508057313,516408.9,4.17486636933357,31,31,2982654139.09721,73001.2132669059,7.38302556232258,7.38302556232258
3,16658.3508057313,16658.3508057313,516408.8,4.00128655041767,31,31,2781496008.86384,73193.6517242137,7.38302556232258,7.38302556232258
4,16658.3508057313,16658.3508057313,516408.9,3.91611686733904,31,31,2751699281.42875,74223.1881968579,7.38302556232258,7.38302556232258
5,16658.3508057313,16658.3508057313,516408.8,3.90885005168676,31,31,2749144542.0187,74313.5732297557,7.38302556232258,7.38302556232258
6,16658.3508057313,16658.3508057313,516408.9,3.90761516204752,31,31,2748710218.94681,74328.9740141122,7.38302556232258,7.38302556232258
7,16658.3508057313,16658.3508057313,516408.9,3.90598135977777,31,31,2748135490.49811,74349.3679264419,7.38302556232258,7.38302556232258
8,16658.3508057313,16658.3508057313,516409,3.90574157100439,31,31,2748051132.73693,74352.3628742658,7.38302556232258,7.38302556232258
9,16658.3508057313,16658.3508057313,516409,3.90561212877472,31,31,2748005594.27059,74353.9797909336,7.38302556232258,7.38302556232258
