"strata","dload.bi_kgd","dload.ub_kgd","tload_kglenS","degf","lenObs","lenStr","MSE_kglenS","Cl_kglenS","flowmu_m3s","flowav_m3s"
7,9429.92968131891,9429.92968131891,282898,4.7048354568269,30,30,162090872.865431,15377.4417528954,2.27418828053333,2.27418828053333
