"strata","dload.bi_kgd","dload.ub_kgd","tload_kglenS","degf","lenObs","lenStr","MSE_kglenS","Cl_kglenS","flowmu_m3s","flowav_m3s"
8,5753.90111494861,5753.90111494861,172617,3.55496506159758,30,30,3524249.96032466,2906.40549722725,0.819211316622222,0.819211316622222
