"strata","dload.bi_kgd","dload.ub_kgd","tload_kglenS","degf","lenObs","lenStr","MSE_kglenS","Cl_kglenS","flowmu_m3s","flowav_m3s"
7,19092.1309217675,18887.4839548581,585511.9,2.23147563138349,30,31,3738761752.37174,159719.031713043,3.59218027844129,3.43947751945634
