"strata","dload.bi_kgd","dload.ub_kgd","tload_kglenS","degf","lenObs","lenStr","MSE_kglenS","Cl_kglenS","flowmu_m3s","flowav_m3s"
1,25074.6893364853,25074.6893364853,702091.3,27,28,28,13985613941.4113,46698.2246980157,15.8568450350476,15.8568450350476
2,25074.6893364853,25074.6893364853,702091.3,24.1670646977381,28,28,10167057387.8696,42317.0304914939,15.8568450350476,15.8568450350476
3,25074.6893364853,25074.6893364853,702091.2,21.0205542539438,28,28,6192606437.61757,35692.0507364716,15.8568450350476,15.8568450350476
4,25074.6893364853,25074.6893364853,702091.3,23.0898302045931,28,28,4104790501.0693,27575.9358707502,15.8568450350476,15.8568450350476
5,25074.6893364853,25074.6893364853,702091.4,12.6782958251907,28,28,3208604911.03757,34456.9614308022,15.8568450350476,15.8568450350476
6,25074.6893364853,25074.6893364853,702091.4,12.0523156921579,28,28,3124752432.89679,35065.7751117798,15.8568450350476,15.8568450350476
7,25074.6893364853,25074.6893364853,702091.4,11.9660397999151,28,28,3115431438.67598,35167.4209895473,15.8568450350476,15.8568450350476
8,25074.6893364853,25074.6893364853,702091.3,10.5410270543684,28,28,3564400026.70142,40689.3739159476,15.8568450350476,15.8568450350476
