"strata","dload.bi_kgd","dload.ub_kgd","tload_kglenS","degf","lenObs","lenStr","MSE_kglenS","Cl_kglenS","flowmu_m3s","flowav_m3s"
9,542.508312594637,542.508312594637,16275.3,3.79003103124735,30,30,204575.954492984,659.393428315949,0.116122791964444,0.116122791964444
