"strata","dload.bi_kgd","dload.ub_kgd","tload_kglenS","degf","lenObs","lenStr","MSE_kglenS","Cl_kglenS","flowmu_m3s","flowav_m3s"
1,31120.927598024,31008.8123676967,961273.2,24,25,31,11170142975.3569,44525.8371458024,8.93418485092473,7.69877347178667
2,28903.3675740714,28805.4718324856,892969.6,12.0071222339276,25,31,2534269552.96285,31651.7910805765,8.93418485092473,8.66959009747018
3,28903.3675740714,28805.4718324856,892969.7,10.5634999348568,25,31,2369275862.02325,33129.5105132158,8.93418485092473,8.66959009747019
4,28903.3675740714,28805.4718324856,892969.6,10.3405948049745,25,31,2343507804.791,33393.9045272423,8.93418485092473,8.66959009747019
5,28903.3675740714,28805.4718324856,892969.6,10.469326288828,25,31,2359159208.54557,33245.2022967734,8.93418485092473,8.66959009747019
6,35185.3854610366,35097.7661075412,1088030.8,3.76753832643568,25,31,2817275821.86936,77806.9423025817,8.93418485092473,6.8695133347957
7,35185.3854610366,35097.7661075412,1088030.8,3.85153045947244,25,31,2853503884.47149,76735.0064380557,8.93418485092473,6.8695133347957
