"strata","dload.bi_kgd","dload.ub_kgd","tload_kglenS","degf","lenObs","lenStr","MSE_kglenS","Cl_kglenS","flowmu_m3s","flowav_m3s"
1,327.728048695666,327.791958178449,10161.6,27,28,31,37296.8838579384,76.2598377103282,0.054409338196129,0.0581604317428571
2,327.410380012376,327.415530156666,10149.8,4.74608155499779,28,31,9127.42414627939,114.567997150362,0.054409338196129,0.0571073272757677
3,327.194538605152,327.189179683955,10142.8,4.1804554300051,28,31,7832.20115291324,118.15791124527,0.054409338196129,0.0562084008926316
4,327.115907400112,327.107502000673,10140.3,2.79938359590968,28,31,6932.4806977119,164.988829043583,0.054409338196129,0.0560583436370968
5,327.165172454447,327.167448032569,10142.1,2.7270423469939,28,31,6852.68387887547,168.956251296982,0.054409338196129,0.0554880976087345
6,327.19497657724,327.193002265141,10142.9,2.69251033328392,28,31,6809.01098579205,170.891646730203,0.054409338196129,0.0556669679717849
7,327.162850007963,327.159098057604,10141.8,2.67782175273654,28,31,6791.897074369,171.75592906414,0.054409338196129,0.0554927374417204
8,327.183846395518,327.176262065094,10142.4,2.68846755896159,28,31,6805.45304903143,171.142617783758,0.054409338196129,0.0551765483991398
9,327.181616477567,327.204323077329,10143.2,3.66623938363837,28,31,8250.94405452554,136.579944165341,0.054409338196129,0.0548579387268817
