"strata","dload.bi_kgd","dload.ub_kgd","tload_kglenS","degf","lenObs","lenStr","MSE_kglenS","Cl_kglenS","flowmu_m3s","flowav_m3s"
6,19579.8868309632,19580.8738822565,587426.1,3.11480236116198,21,30,501118390.086481,39537.2772156981,4.33138334951111,4.31793994871111
