"strata","dload.bi_kgd","dload.ub_kgd","tload_kglenS","degf","lenObs","lenStr","MSE_kglenS","Cl_kglenS","flowmu_m3s","flowav_m3s"
7,9602.52246208512,9602.52246208512,288075.7,9.07489032906408,30,30,146871393.358269,9089.17844001634,2.22865801244444,2.22865801244444
