"strata","dload.bi_kgd","dload.ub_kgd","tload_kglenS","degf","lenObs","lenStr","MSE_kglenS","Cl_kglenS","flowmu_m3s","flowav_m3s"
8,13892.9708593301,13892.9708593301,416789.2,3.99327921894058,30,30,411509690.416409,28203.4739075517,2.35809929665778,2.35809929665778
