"strata","dload.bi_kgd","dload.ub_kgd","tload_kglenS","degf","lenObs","lenStr","MSE_kglenS","Cl_kglenS","flowmu_m3s","flowav_m3s"
1,27059.4311318073,27059.4311318073,838842.4,30,31,31,16053408320.282,47242.914140817,9.98788266589247,9.98788266589247
2,27059.4311318073,27059.4311318073,838842.4,20.0168970976991,31,31,9551971838.44605,45564.9954016495,9.98788266589247,9.98788266589247
3,27059.4311318073,27059.4311318073,838842.3,14.5987252322375,31,31,5653692086.23158,42045.9769769555,9.98788266589247,9.98788266589247
4,27059.4311318073,27059.4311318073,838842.4,13.3169975269694,31,31,5227149203.58964,42697.9813068297,9.98788266589247,9.98788266589247
5,27059.4311318073,27059.4311318073,838842.4,10.787176244323,31,31,2219567764.08001,31647.8237814058,9.98788266589247,9.98788266589247
6,27059.4311318073,27059.4311318073,838842.4,10.7826062829808,31,31,2219097549.28318,31652.8488222609,9.98788266589247,9.98788266589247
7,27059.4311318073,27059.4311318073,838842.4,10.7704305222086,31,31,2217842955.37319,31666.2458047208,9.98788266589247,9.98788266589247
8,27059.4311318073,27059.4311318073,838842.4,10.6692885623071,31,31,2314854498.36238,32542.8945522067,9.98788266589247,9.98788266589247
9,27059.4311318073,27059.4311318073,838842.4,7.69510850099185,31,31,2735381252.99366,43778.8875662996,9.98788266589247,9.98788266589247
