"strata","dload.bi_kgd","dload.ub_kgd","tload_kglenS","degf","lenObs","lenStr","MSE_kglenS","Cl_kglenS","flowmu_m3s","flowav_m3s"
1,901.607090304496,901.607090304496,27949.8,30,31,31,323079.376698985,211.93743355322,0.19451510227957,0.19451510227957
2,901.607090304496,901.607090304496,27949.8,16.7651384272687,31,31,264733.636148369,265.405034207395,0.19451510227957,0.19451510227957
3,901.607090304496,901.607090304496,27949.8,12.7370641138895,31,31,201056.483481178,271.997176339418,0.19451510227957,0.19451510227957
4,901.607090304496,901.607090304496,27949.8,11.4422661138522,31,31,191409.110791921,283.333750118905,0.19451510227957,0.19451510227957
5,901.607090304496,901.607090304496,27949.9,6.32954205076844,31,31,183885.377746911,411.859488097869,0.19451510227957,0.19451510227957
6,901.607090304496,901.607090304496,27949.9,6.30638233778329,31,31,183604.681375164,412.645097564481,0.19451510227957,0.19451510227957
7,901.607090304496,901.607090304496,27949.9,6.34072051554055,31,31,186107.739642113,413.809243252267,0.19451510227957,0.19451510227957
8,901.607090304496,901.607090304496,27950,6.39651366328853,31,31,187095.250757956,412.274668318388,0.19451510227957,0.19451510227957
9,901.607090304496,901.607090304496,27950,6.23735285654032,31,31,188550.737801878,421.540419619118,0.19451510227957,0.19451510227957
