"strata","dload.bi_kgd","dload.ub_kgd","tload_kglenS","degf","lenObs","lenStr","MSE_kglenS","Cl_kglenS","flowmu_m3s","flowav_m3s"
5,28277.2169863661,28251.9003989097,875809,8.31850240957469,25,31,794473803.290035,22386.7099406254,3.94858319618065,3.99676204926165
