"strata","dload.bi_kgd","dload.ub_kgd","tload_kglenS","degf","lenObs","lenStr","MSE_kglenS","Cl_kglenS","flowmu_m3s","flowav_m3s"
8,24688.1907013197,24688.1907013197,740645.7,6.78097343519063,30,30,2483995343.06869,45555.630492725,11.9023490231556,11.9023490231556
