"strata","dload.bi_kgd","dload.ub_kgd","tload_kglenS","degf","lenObs","lenStr","MSE_kglenS","Cl_kglenS","flowmu_m3s","flowav_m3s"
1,5730.90007518688,5730.90007518688,177657.9,30,31,31,996734415.85952,11771.7974224885,1.32340464765935,1.32340464765935
2,5730.90007518688,5730.90007518688,177657.9,5.86586335951291,31,31,380099272.690387,19806.7353137581,1.32340464765936,1.32340464765936
3,5730.90007518688,5730.90007518688,177657.9,2.85378145547561,31,31,171896802.984769,25430.8915660056,1.32340464765935,1.32340464765935
4,5730.90007518688,5730.90007518688,177657.9,2.57451252094333,31,31,163232790.501396,27882.7987407859,1.32340464765935,1.32340464765935
5,5730.90007518688,5730.90007518688,177658,2.5670432392311,31,31,162995936.720503,27959.0642064641,1.32340464765935,1.32340464765935
6,5730.90007518688,5730.90007518688,177658,2.56327328736361,31,31,162876571.740163,27997.8286726542,1.32340464765935,1.32340464765935
7,5730.90007518688,5730.90007518688,177658,2.5625609777696,31,31,162853945.997269,28005.1661521844,1.32340464765935,1.32340464765935
8,5730.90007518688,5730.90007518688,177657.9,2.5627680211372,31,31,162860527.196543,28003.0331713992,1.32340464765935,1.32340464765935
9,5730.90007518688,5730.90007518688,177657.9,2.5631264926947,31,31,162871936.320774,27999.3426462436,1.32340464765935,1.32340464765935
