"strata","dload.bi_kgd","dload.ub_kgd","tload_kglenS","degf","lenObs","lenStr","MSE_kglenS","Cl_kglenS","flowmu_m3s","flowav_m3s"
7,1131.61379248031,1131.61379248031,33948.3,6.17349247670935,30,30,97876.9472146038,306.014251292066,0.217262386750877,0.217262386750877
