"strata","dload.bi_kgd","dload.ub_kgd","tload_kglenS","degf","lenObs","lenStr","MSE_kglenS","Cl_kglenS","flowmu_m3s","flowav_m3s"
1,1.72667175714288,1.72667175714288,51.8,29,30,30,9.094151808475,1.14531297114212,0.226280303914667,0.226280303914667
2,1.72667175714288,1.72667175714288,51.8,20.1673183389616,30,30,4.53378016827507,0.988511927456256,0.226280303914667,0.226280303914667
3,1.72667175714288,1.72667175714288,51.7,17.7625140213951,30,30,3.9867825679801,0.996289103583289,0.226280303914667,0.226280303914667
4,1.72667175714288,1.72667175714288,51.8,17.102465572365,30,30,3.90980754848321,1.00831134370648,0.226280303914667,0.226280303914667
5,1.72667175714288,1.72667175714288,51.8,17.0021476824493,30,30,3.89825133303194,1.01023716532204,0.226280303914667,0.226280303914667
6,1.72667175714288,1.72667175714288,51.9,12.6329967370731,30,30,3.92816098172038,1.20824063900929,0.226280303914667,0.226280303914667
7,1.72667175714288,1.72667175714288,51.8,10.39191963291,30,30,3.9483732809981,1.36643156722511,0.226280303914667,0.226280303914667
8,1.72667175714288,1.72667175714288,51.8,2.76946359468065,30,30,4.20585029815548,4.11315690979017,0.226280303914667,0.226280303914667
9,1.72667175714288,1.72667175714288,51.8,2.7852072754807,30,30,4.23085384026541,4.09915256295249,0.226280303914667,0.226280303914667
