"strata","dload.bi_kgd","dload.ub_kgd","tload_kglenS","degf","lenObs","lenStr","MSE_kglenS","Cl_kglenS","flowmu_m3s","flowav_m3s"
5,197.276470191392,197.315182275194,6116.8,4.6878573339084,24,31,62591.179726423,303.078808964457,8.21387459149935,8.42272403549626
