"strata","dload.bi_kgd","dload.ub_kgd","tload_kglenS","degf","lenObs","lenStr","MSE_kglenS","Cl_kglenS","flowmu_m3s","flowav_m3s"
7,96.8656340841208,96.8656340841208,2809.1,5.30517062356248,29,29,63099.9735638995,275.565542455682,4.73576184588506,4.73576184588506
