"strata","dload.bi_kgd","dload.ub_kgd","tload_kglenS","degf","lenObs","lenStr","MSE_kglenS","Cl_kglenS","flowmu_m3s","flowav_m3s"
9,3.21728311333171,3.21728311333171,96.5,3.00646511645753,30,30,104.653594972412,18.7534813440269,0.192267925688889,0.192267925688889
