"strata","dload.bi_kgd","dload.ub_kgd","tload_kglenS","degf","lenObs","lenStr","MSE_kglenS","Cl_kglenS","flowmu_m3s","flowav_m3s"
1,1.34635845922751,1.34632967819621,41.7,27,28,31,1.8837633375319,0.54196691177513,0.125123718193548,0.124725390857143
2,1.33254423177421,1.3325100099752,41.3,14.2844504262983,28,31,0.536398866110648,0.41484471439846,0.125123718193548,0.124845117419355
3,1.33254423177421,1.3325100099752,41.3,8.56422279742891,28,31,0.413652892550607,0.50104379762945,0.125123718193548,0.124845117419355
4,1.32866740914393,1.32864943400052,41.2,6.26031390819109,28,31,0.347949015686581,0.571105193494013,0.125123718193548,0.125910194477419
5,1.32866740914393,1.32864943400052,41.2,6.01511573732067,28,31,0.340880815731643,0.582147608510796,0.125123718193548,0.125910194477419
6,1.32777041684696,1.327756532427,41.2,5.95774984091671,28,31,0.339241393624646,0.584895968268529,0.125123718193548,0.125411453419355
7,1.32777041684696,1.327756532427,41.2,5.98744811620808,28,31,0.340329387147073,0.583670711664316,0.125123718193548,0.125411453419355
8,1.32777041684696,1.327756532427,41.2,5.01937843571536,28,31,0.392239051225512,0.717757534606979,0.125123718193548,0.125411453419355
9,1.33120562252983,1.3312268386025,41.3,5.23040902122889,28,31,0.555393269420863,0.826674576068669,0.125123718193548,0.125315541677419
