"strata","dload.bi_kgd","dload.ub_kgd","tload_kglenS","degf","lenObs","lenStr","MSE_kglenS","Cl_kglenS","flowmu_m3s","flowav_m3s"
1,13.9226293754113,13.9379953589307,432.1,29,30,31,16637.3148223006,48.9874346195384,0.660496972043011,0.671894737777778
2,14.0452380749132,14.0892805210966,436.8,10.0451781500612,30,31,9147.75795685689,67.1979568840295,0.660496972043011,0.681969853372434
3,13.913018209007,13.9143745048756,431.3,2.04315630023409,30,31,3481.63373978794,174.066783806547,0.660496972043011,0.672244891756272
4,13.913018209007,13.9143745048756,431.3,2.02863116710438,30,31,3469.23134906032,175.545939946649,0.660496972043011,0.672244891756272
5,13.9026639126654,13.9033292544003,431,2.01846371760456,30,31,3460.52115609871,176.601804593655,0.660496972043011,0.668337376344086
6,13.9026639126654,13.9033292544003,431,2.01801898980051,30,31,3460.13973489336,176.648383576582,0.660496972043011,0.668337376344086
7,13.9026639126654,13.9033292544003,431,2.01757476095789,30,31,3459.75885608678,176.694947498558,0.660496972043011,0.668337376344086
8,13.9026639126654,13.9033292544003,431,2.01764826884678,30,31,3459.82192258818,176.687241114212,0.660496972043011,0.668337376344086
9,13.8996385571697,13.9020687096727,431,2.01861794573885,30,31,3460.6538886708,176.585671079031,0.660496972043011,0.670316507526882
