"strata","dload.bi_kgd","dload.ub_kgd","tload_kglenS","degf","lenObs","lenStr","MSE_kglenS","Cl_kglenS","flowmu_m3s","flowav_m3s"
1,827.069335192383,840.688532159216,23539.3,21,22,28,70542288.1162193,3811.5166727198,14.7188231824762,11.7014713958788
2,715.202579072234,722.932618295387,20242.1,8.54129040254759,22,28,3897172.15686639,1540.64524682529,14.7188231824762,11.9296662868371
3,730.342790955501,739.363654219913,20702.2,3.8958720881576,22,28,2983899.84609652,2455.67497712052,14.7188231824762,17.651050296127
4,730.342790955501,739.363654219913,20702.2,3.88964583722308,22,28,2981514.28387999,2458.26000903242,14.7188231824762,17.651050296127
5,730.342790955501,739.363654219913,20702.2,3.88964321499568,22,28,2981513.27887714,2458.26109988865,14.7188231824762,17.651050296127
6,730.342790955501,739.363654219913,20702.2,3.88964297611637,22,28,2981513.18732351,2458.26119926341,14.7188231824762,17.651050296127
7,730.342790955501,739.363654219913,20702.3,3.88964299689473,22,28,2981513.19528709,2458.26119061953,14.7188231824762,17.651050296127
