"strata","dload.bi_kgd","dload.ub_kgd","tload_kglenS","degf","lenObs","lenStr","MSE_kglenS","Cl_kglenS","flowmu_m3s","flowav_m3s"
5,116.283842861495,116.954999215255,3625.5,2.97701819871461,24,31,28472.1427241922,312.592888197592,4.87549467052043,4.63764013493763
