"strata","dload.bi_kgd","dload.ub_kgd","tload_kglenS","degf","lenObs","lenStr","MSE_kglenS","Cl_kglenS","flowmu_m3s","flowav_m3s"
1,112.574790082458,112.686198680635,3380.6,28,29,30,799394.64845447,346.112977881338,2.36102866961778,2.41801288801839
2,113.285754213758,113.766506241579,3413,12.9083758288834,29,30,405178.667771185,383.026487462461,2.36102866961778,2.44232864080889
3,113.663526201232,113.555004536937,3406.7,5.16549213339509,29,30,293807.938416798,607.205307045315,2.36102866961778,2.56751813128296
4,113.663526201232,113.555004536937,3406.7,3.77944807467454,29,30,254906.009555769,737.950740083741,2.36102866961778,2.56751813128296
5,113.663526201232,113.555004536937,3406.7,3.71253468436296,29,30,254402.447279563,749.540893820101,2.36102866961778,2.56751813128296
6,113.663526201232,113.555004536937,3406.7,3.71134450520921,29,30,254361.663447049,749.70495791383,2.36102866961778,2.56751813128296
7,113.663526201232,113.555004536937,3406.7,3.71130611161224,29,30,254360.347709227,749.710252572562,2.36102866961778,2.56751813128296
8,113.663526201232,113.555004536937,3406.7,3.71118000574014,29,30,254356.026192367,749.727644333665,2.36102866961778,2.56751813128296
9,113.854954621366,115.307401706086,3459.2,4.84111067692557,29,30,559665.061812187,882.722366014337,2.36102866961778,2.44176458588444
