"strata","dload.bi_kgd","dload.ub_kgd","tload_kglenS","degf","lenObs","lenStr","MSE_kglenS","Cl_kglenS","flowmu_m3s","flowav_m3s"
1,0.833628469248,0.833628469248,25,29,30,30,10.1348653386046,1.20907174120162,0.13592064,0.13592064
2,0.833628469248,0.833628469248,25,15.026041754526,30,30,5.37499703372659,1.27460707161614,0.13592064,0.13592064
3,0.833628469248,0.833628469248,25.1,7.69468146690719,30,30,3.57438830021885,1.58260702444948,0.13592064,0.13592064
4,0.833628469248,0.833628469248,25.1,7.32144162052459,30,30,3.535935652248,1.62878370635591,0.13592064,0.13592064
5,0.833628469248,0.833628469248,25.1,6.42772532623346,30,30,3.26494996119072,1.71617785379952,0.13592064,0.13592064
6,0.833628469248,0.833628469248,25.1,6.11512820068914,30,30,3.21185150818169,1.76528355338775,0.13592064,0.13592064
7,0.833628469248,0.833628469248,25.1,6.11353509840817,30,30,3.21215211055244,1.76570524143466,0.13592064,0.13592064
8,0.833628469248,0.833628469248,25.1,5.91732679218646,30,30,3.16068379356068,1.79439746138548,0.13592064,0.13592064
9,0.833628469248,0.833628469248,25.1,5.93143930428995,30,30,3.1645290083747,1.79230066671745,0.13592064,0.13592064
