"strata","dload.bi_kgd","dload.ub_kgd","tload_kglenS","degf","lenObs","lenStr","MSE_kglenS","Cl_kglenS","flowmu_m3s","flowav_m3s"
8,86.2151207140352,86.2151207140352,2586.4,3.51238646384027,30,30,80968.5431150257,445.661138315923,2.22865801244444,2.22865801244444
