"strata","dload.bi_kgd","dload.ub_kgd","tload_kglenS","degf","lenObs","lenStr","MSE_kglenS","Cl_kglenS","flowmu_m3s","flowav_m3s"
8,1.71118928344775,1.71118928344775,52.9,7.88438092311682,31,31,0.453132707456266,0.554240958012502,0.256272969380872,0.256272969380872
