"strata","dload.bi_kgd","dload.ub_kgd","tload_kglenS","degf","lenObs","lenStr","MSE_kglenS","Cl_kglenS","flowmu_m3s","flowav_m3s"
7,75.7011934903851,75.7011934903851,2346.7,8.61268024713787,31,31,28354.9757283812,130.693334753714,4.46136162276129,4.46136162276129
