"strata","dload.bi_kgd","dload.ub_kgd","tload_kglenS","degf","lenObs","lenStr","MSE_kglenS","Cl_kglenS","flowmu_m3s","flowav_m3s"
7,643.394325024236,644.098513069337,19966.9,4.68366306342492,25,31,1814373.64432595,1632.98858944295,11.3226932292473,11.3721562847312
