"strata","dload.bi_kgd","dload.ub_kgd","tload_kglenS","degf","lenObs","lenStr","MSE_kglenS","Cl_kglenS","flowmu_m3s","flowav_m3s"
8,67.115500165056,67.115500165056,2013.4,3.00025813360308,30,30,101971.521447452,586.678381797588,1.32420368888889,1.32420368888889
