"strata","dload.bi_kgd","dload.ub_kgd","tload_kglenS","degf","lenObs","lenStr","MSE_kglenS","Cl_kglenS","flowmu_m3s","flowav_m3s"
8,237.319951702191,237.319951702191,7357,5.71050395613756,31,31,150800.03650483,402.570339418835,9.70409032612473,9.70409032612473
