"strata","dload.bi_kgd","dload.ub_kgd","tload_kglenS","degf","lenObs","lenStr","MSE_kglenS","Cl_kglenS","flowmu_m3s","flowav_m3s"
1,161.844737058138,161.844737058138,4693.5,28,29,29,271934.020941658,201.868723996057,6.11603529412414,6.11603529412414
2,161.844737058138,161.844737058138,4693.5,20.6850731257951,29,29,236716.522597212,222.674881060856,6.11603529412414,6.11603529412414
3,161.844737058138,161.844737058138,4693.5,9.88209685996926,29,29,181828.554256309,302.727274244524,6.11603529412414,6.11603529412414
4,161.844737058138,161.844737058138,4693.5,5.53798808421874,29,29,113584.844263439,357.641146051792,6.11603529412414,6.11603529412414
5,161.844737058138,161.844737058138,4693.5,4.45471691316307,29,29,101966.06972861,403.674237181273,6.11603529412414,6.11603529412414
6,161.844737058138,161.844737058138,4693.5,4.28976387186385,29,29,100042.942091654,412.940001138137,6.11603529412414,6.11603529412414
7,161.844737058138,161.844737058138,4693.5,4.15647930408899,29,29,98462.0173543942,421.056830614481,6.11603529412414,6.11603529412414
8,161.844737058138,161.844737058138,4693.5,4.06096827183468,29,29,97320.111143631,427.276140827195,6.11603529412414,6.11603529412414
9,161.844737058138,161.844737058138,4693.5,4.0607111618454,29,29,97317.0417242409,427.293402157143,6.11603529412414,6.11603529412414
