"strata","dload.bi_kgd","dload.ub_kgd","tload_kglenS","degf","lenObs","lenStr","MSE_kglenS","Cl_kglenS","flowmu_m3s","flowav_m3s"
2,233.990002441587,234.012029267547,7020.4,7.13723346596183,12,30,236222.841938413,428.516711301486,6.96684500548571,6.50405432888889
