"strata","dload.bi_kgd","dload.ub_kgd","tload_kglenS","degf","lenObs","lenStr","MSE_kglenS","Cl_kglenS","flowmu_m3s","flowav_m3s"
8,30.2566250572672,30.2566250572672,907.8,3.64515130368293,30,30,6534.94680868439,122.211857632752,0.974444187269333,0.974444187269333
