"strata","dload.bi_kgd","dload.ub_kgd","tload_kglenS","degf","lenObs","lenStr","MSE_kglenS","Cl_kglenS","flowmu_m3s","flowav_m3s"
3,424.686029247661,436.805928240108,12230.6,2.41771214656349,14,28,1922698.58575902,3266.75532402708,15.2199074992381,10.0426934398571
