"strata","strata.n","dload.bi_kgd","dload.ub_kgd","tload_kglenS","degf","lenObs","lenStr","MSE_kglenS","Cl_kglenS","flowmu_m3s","flowav_m3s"
1,1,311.259463199894,325.285685591092,10083.9,8,9,31,4626066.50627216,1753.56159068261,11.8860733642028,7.30433429155556
2,1,567.62613802705,585.857408713503,9373.7,2,3,16,4751.53339846672,3355.50718606148,17.7478830771429,15.4732434133333
2,2,69.0711011105836,68.7115863906583,1030.7,5,6,15,173.316709036897,227.016753292923,5.63347633706667,3.21987973066667
