"strata","dload.bi_kgd","dload.ub_kgd","tload_kglenS","degf","lenObs","lenStr","MSE_kglenS","Cl_kglenS","flowmu_m3s","flowav_m3s"
1,21.7265276251444,21.8230766637077,676.5,21,22,31,5813.32778844952,34.6007456887431,0.603007778408602,0.727591595151515
2,21.5058986487809,21.6636007413206,671.5,19.1727347261911,22,31,2368.31464624952,23.2480823202014,0.603007778408602,0.724818136930062
3,21.654281513041,21.7866873427265,675.3,14.8197910332897,22,31,1604.70895691575,22.2030341006218,0.603007778408602,0.790319181495818
4,21.7345185721439,21.8470625121607,677.3,7.03774586361157,22,31,898.841693560884,26.6940800309971,0.603007778408602,0.845575098371736
5,20.6979859490293,20.6976117975639,641.6,2.43197620371037,22,31,445.98452223978,49.390300136997,0.603007778408602,0.610812659842294
6,20.703190406982,20.7178706102528,642.1,3.06664794365071,22,31,505.824989951437,40.3743627551373,0.603007778408602,0.609214130810036
7,21.5982575196027,21.7162996243498,673.1,3.34261039507973,22,31,1056.47716454484,53.4347709546259,0.603007778408602,0.937883879111111
