"strata","dload.bi_kgd","dload.ub_kgd","tload_kglenS","degf","lenObs","lenStr","MSE_kglenS","Cl_kglenS","flowmu_m3s","flowav_m3s"
1,18.7371487430586,18.7371487430586,580.9,30,31,31,5050.71497709713,26.4989998864728,1.03317270219355,1.03317270219355
2,18.7371487430586,18.7371487430586,580.8,20.6873642981619,31,31,3382.83266521849,26.6176784271087,1.03317270219355,1.03317270219355
3,18.7371487430586,18.7371487430586,580.8,13.1357892482283,31,31,2967.47604011746,32.4367420583608,1.03317270219355,1.03317270219355
4,18.7371487430586,18.7371487430586,580.9,5.12205888901801,31,31,1389.73222949344,42.0406286415411,1.03317270219355,1.03317270219355
5,18.7371487430586,18.7371487430586,580.9,5.06926606185685,31,31,1382.5415071909,42.2781057434923,1.03317270219355,1.03317270219355
6,18.7371487430586,18.7371487430586,581,5.06212259326956,31,31,1381.56655863004,42.3106699535283,1.03317270219355,1.03317270219355
7,18.7371487430586,18.7371487430586,581,5.06154245400605,31,31,1381.48738651307,42.3133195568088,1.03317270219355,1.03317270219355
8,18.7371487430586,18.7371487430586,580.9,5.06811765446821,31,31,1382.4014223083,42.2835880246853,1.03317270219355,1.03317270219355
9,18.7371487430586,18.7371487430586,581,5.2403161003469,31,31,1925.85628046979,48.6072791713669,1.03317270219355,1.03317270219355
