"strata","dload.bi_kgd","dload.ub_kgd","tload_kglenS","degf","lenObs","lenStr","MSE_kglenS","Cl_kglenS","flowmu_m3s","flowav_m3s"
9,62.7765584248115,62.7765584248115,1883.3,5.84278668034467,30,30,22800.3762022887,153.857418795891,2.28066653511111,2.28066653511111
