"strata","dload.bi_kgd","dload.ub_kgd","tload_kglenS","degf","lenObs","lenStr","MSE_kglenS","Cl_kglenS","flowmu_m3s","flowav_m3s"
1,387.056499107361,387.056499107361,11998.8,30,31,31,843644.413544021,342.478072285536,11.3962712369892,11.3962712369892
2,387.056499107361,387.056499107361,11998.8,19.8988653300419,31,31,605121.585213431,363.877651105279,11.3962712369892,11.3962712369892
3,387.056499107361,387.056499107361,11998.7,15.7820793999323,31,31,536719.917668044,391.377464774422,11.3962712369892,11.3962712369892
4,387.056499107361,387.056499107361,11998.7,13.7836126453362,31,31,503219.281316492,410.413130206669,11.3962712369892,11.3962712369892
5,387.056499107361,387.056499107361,11998.6,10.441913528601,31,31,435699.328966724,452.543193073918,11.3962712369892,11.3962712369892
6,387.056499107361,387.056499107361,11998.6,10.2668336966039,31,31,432011.755866579,455.453418576923,11.3962712369892,11.3962712369892
7,387.056499107361,387.056499107361,11998.6,10.2677945759716,31,31,432031.995441659,455.437164178604,11.3962712369892,11.3962712369892
8,387.056499107361,387.056499107361,11998.6,10.2662370242558,31,31,431999.227179991,455.463534347491,11.3962712369892,11.3962712369892
9,387.056499107361,387.056499107361,11998.6,8.44456857103656,31,31,479163.175264071,544.311222886253,11.3962712369892,11.3962712369892
