"strata","dload.bi_kgd","dload.ub_kgd","tload_kglenS","degf","lenObs","lenStr","MSE_kglenS","Cl_kglenS","flowmu_m3s","flowav_m3s"
8,1017.80707790885,1017.80707790885,30534.2,2.3931625833227,30,30,8454651.23692097,6938.40303071486,15.7300138631111,15.7300138631111
