"strata","dload.bi_kgd","dload.ub_kgd","tload_kglenS","degf","lenObs","lenStr","MSE_kglenS","Cl_kglenS","flowmu_m3s","flowav_m3s"
1,10.9178056775845,10.9178056775845,338.5,30,31,31,740.659997700984,10.1475803200517,1.50444418064516,1.50444418064516
2,10.9178056775845,10.9178056775845,338.5,9.39074343768371,31,31,395.679940345204,14.5914029454771,1.50444418064516,1.50444418064516
3,10.9178056775845,10.9178056775845,338.4,4.92419935825693,31,31,276.778988205099,19.36172362029,1.50444418064516,1.50444418064516
4,10.9178056775845,10.9178056775845,338.4,4.49679519155098,31,31,264.215990417234,20.3862676581724,1.50444418064516,1.50444418064516
5,10.9178056775845,10.9178056775845,338.4,4.21854247853954,31,31,255.855383612422,21.1877795486874,1.50444418064516,1.50444418064516
6,10.9178056775845,10.9178056775845,338.3,4.16798756417887,31,31,254.315324919177,21.3472152057864,1.50444418064516,1.50444418064516
7,10.9178056775845,10.9178056775845,338.3,4.14505888532485,31,31,253.611914585742,21.420960707537,1.50444418064516,1.50444418064516
8,10.9178056775845,10.9178056775845,338.4,4.01353432743645,31,31,253.374600853273,22.0307757028617,1.50444418064516,1.50444418064516
9,10.9178056775845,10.9178056775845,338.4,4.01068446011512,31,31,253.284595094283,22.040837395994,1.50444418064516,1.50444418064516
