"strata","dload.bi_kgd","dload.ub_kgd","tload_kglenS","degf","lenObs","lenStr","MSE_kglenS","Cl_kglenS","flowmu_m3s","flowav_m3s"
7,127.26515785989,127.681192005476,3958.2,4.64419422712554,24,31,135171.042767666,448.849930399246,4.8499316032,4.39689203344516
