"strata","dload.bi_kgd","dload.ub_kgd","tload_kglenS","degf","lenObs","lenStr","MSE_kglenS","Cl_kglenS","flowmu_m3s","flowav_m3s"
8,176.118149795239,176.118404441075,5459.7,5.15724111046916,29,31,62648.7170901221,280.74243758823,6.27074666052227,6.29668197849462
