"strata","dload.bi_kgd","dload.ub_kgd","tload_kglenS","degf","lenObs","lenStr","MSE_kglenS","Cl_kglenS","flowmu_m3s","flowav_m3s"
1,43.0942947597798,43.0942947597798,1335.9,30,31,31,11719.6122635552,40.3654384873368,1.41084041015054,1.41084041015054
2,43.0942947597798,43.0942947597798,1335.9,15.0017477370043,31,31,8656.70271682976,51.2007087273804,1.41084041015054,1.41084041015054
3,43.0942947597798,43.0942947597798,1335.9,11.1018433218923,31,31,6243.03157566263,52.1352524053687,1.41084041015054,1.41084041015054
4,43.0942947597798,43.0942947597798,1335.9,18.2658571038752,31,31,4726.27570188185,33.759542227873,1.41084041015054,1.41084041015054
5,43.0942947597798,43.0942947597798,1335.9,5.54410755794109,31,31,2409.6956425242,52.0476226004906,1.41084041015054,1.41084041015054
6,43.0942947597798,43.0942947597798,1335.9,4.88271717374803,31,31,2256.47848461721,55.6623197131787,1.41084041015054,1.41084041015054
7,43.0942947597798,43.0942947597798,1335.9,4.81336777197702,31,31,2240.12936302482,56.1083691577043,1.41084041015054,1.41084041015054
8,43.0942947597798,43.0942947597798,1335.9,4.70500210969974,31,31,2214.68632798762,56.839238801518,1.41084041015054,1.41084041015054
9,43.0942947597798,43.0942947597798,1336,4.76182318394791,31,31,2230.43622506834,56.4814082257547,1.41084041015054,1.41084041015054
