"strata","dload.bi_kgd","dload.ub_kgd","tload_kglenS","degf","lenObs","lenStr","MSE_kglenS","Cl_kglenS","flowmu_m3s","flowav_m3s"
9,419.997342626358,419.997342626358,12600,3.62227797374576,30,30,306449.746586388,841.885975421812,9.40209632284444,9.40209632284444
