"strata","dload.bi_kgd","dload.ub_kgd","tload_kglenS","degf","lenObs","lenStr","MSE_kglenS","Cl_kglenS","flowmu_m3s","flowav_m3s"
1,1.387192043802,1.39295134775995,41.8,23,24,30,88.1279636730723,4.04931502431272,0.116100814981333,0.0934181260866667
2,1.39534849446579,1.40180861510897,42,20.0018471300173,24,30,89.1363690082441,4.40348519446135,0.116100814981333,0.095258989456
3,1.40223780427976,1.40954496446741,42.3,17.0022029401336,24,30,89.580836754604,4.84278476751686,0.116100814981333,0.0979327403697778
4,1.3954309644398,1.40485925961106,42.1,14.1357132943537,24,30,94.5913800296105,5.54319300229333,0.116100814981333,0.1010454709024
5,1.35862120508034,1.37156918690495,41.1,12.1752427567855,24,30,109.979692029037,6.53799417240354,0.116100814981333,0.101798211677333
6,1.4166797201284,1.44182834950904,43.4,7.09147182343145,24,30,137.552618920106,10.3870894181635,0.116100814981333,0.103348662665333
7,1.44773619856036,1.47962811699297,44.4,5.41878494562144,24,30,155.221712206086,13.4443040159196,0.116100814981333,0.108471891504
