"strata","dload.bi_kgd","dload.ub_kgd","tload_kglenS","degf","lenObs","lenStr","MSE_kglenS","Cl_kglenS","flowmu_m3s","flowav_m3s"
1,5.03215542295271,5.03215542295271,156,30,31,31,519.248442059061,8.496511584232,0.267274663156989,0.267274663156989
2,5.03215542295271,5.03215542295271,156,16.5437621142616,31,31,243.800547121258,8.11629598664,0.267274663156989,0.267274663156989
3,5.03215542295271,5.03215542295271,156,4.32053008930015,31,31,38.3180233462363,8.03202244770195,0.267274663156989,0.267274663156989
4,5.03215542295271,5.03215542295271,156,2.58405696266096,31,31,29.2888857291713,11.7591624606573,0.267274663156989,0.267274663156989
5,5.03215542295271,5.03215542295271,156,2.51762656309452,31,31,28.9082672969026,12.0524774618499,0.267274663156989,0.267274663156989
6,5.03215542295271,5.03215542295271,156,2.47209231242383,31,31,28.6450494722286,12.2670529810394,0.267274663156989,0.267274663156989
7,5.03215542295271,5.03215542295271,156,2.47686656810597,31,31,28.6735102176852,12.244170411357,0.267274663156989,0.267274663156989
8,5.03215542295271,5.03215542295271,156,2.46944250531079,31,31,28.6308323168268,12.2801506107491,0.267274663156989,0.267274663156989
9,5.03215542295271,5.03215542295271,156,2.46336143743069,31,31,28.6000590380528,12.3107712198686,0.267274663156989,0.267274663156989
