"strata","dload.bi_kgd","dload.ub_kgd","tload_kglenS","degf","lenObs","lenStr","MSE_kglenS","Cl_kglenS","flowmu_m3s","flowav_m3s"
8,236.439303670752,236.439303670752,6620.2,3.55097312279777,28,28,324868.100765206,883.371319032767,6.89388542186667,6.89388542186667
