"strata","dload.bi_kgd","dload.ub_kgd","tload_kglenS","degf","lenObs","lenStr","MSE_kglenS","Cl_kglenS","flowmu_m3s","flowav_m3s"
8,22.7551756255821,22.7553321724487,705.4,4.71067419602505,30,31,3709.6470203116,73.4898944808178,1.07484765898618,1.02275083662058
