"strata","dload.bi_kgd","dload.ub_kgd","tload_kglenS","degf","lenObs","lenStr","MSE_kglenS","Cl_kglenS","flowmu_m3s","flowav_m3s"
1,138.642527126945,139.873395033709,4336.1,24,25,31,1383519.54344208,495.536189206659,4.7490805587957,5.13178192810667
2,128.209525636699,128.244073965102,3975.6,6.39186680876911,25,31,223786.039936728,451.128856897726,4.7490805587957,4.83855107006225
3,126.684331021466,126.766403317277,3929.8,6.56370260875717,25,31,76743.0686599863,259.172223034404,4.7490805587957,4.84039391032511
4,124.86037564536,124.872772924171,3871,5.89005650981978,25,31,72607.3846592694,272.908558078302,4.7490805587957,4.77856656860215
5,124.86037564536,124.872772924171,3871,5.5887331747786,25,31,70708.4142433041,280.215845672372,4.7490805587957,4.77856656860215
6,124.86037564536,124.872772924171,3871,5.57208038160912,25,31,70602.8829977011,280.645744073887,4.7490805587957,4.77856656860215
7,124.647364732153,124.647430800576,3864.1,5.69300019615,25,31,71380.2186534007,277.61295015653,4.7490805587957,4.73770816653763
