"strata","dload.bi_kgd","dload.ub_kgd","tload_kglenS","degf","lenObs","lenStr","MSE_kglenS","Cl_kglenS","flowmu_m3s","flowav_m3s"
9,50.2620625638233,50.2620625638233,1558.1,6.72736687523866,31,31,3783.76696314815,56.5432111729359,4.13972129169892,4.13972129169892
