"strata","dload.bi_kgd","dload.ub_kgd","tload_kglenS","degf","lenObs","lenStr","MSE_kglenS","Cl_kglenS","flowmu_m3s","flowav_m3s"
1,116.830184758081,116.830184758081,3621.7,30,31,31,765119.862568026,326.150306510867,3.12831096375054,3.12831096375054
2,116.830184758081,116.830184758081,3621.7,15.0484922892414,31,31,382792.06624541,339.850685749703,3.12831096375054,3.12831096375054
3,116.830184758081,116.830184758081,3621.7,8.23563690617555,31,31,41638.9185007696,163.155763459454,3.12831096375054,3.12831096375054
4,116.830184758081,116.830184758081,3621.7,5.04888059260328,31,31,35035.3052069313,213.512542492294,3.12831096375054,3.12831096375054
5,116.830184758081,116.830184758081,3621.7,4.93910179153123,31,31,34652.2152864134,216.115291232263,3.12831096375054,3.12831096375054
6,116.830184758081,116.830184758081,3621.7,4.9376109149645,31,31,34646.9846933141,216.151522446125,3.12831096375054,3.12831096375054
7,116.830184758081,116.830184758081,3621.7,4.93698078447113,31,31,34644.7737621022,216.166843309954,3.12831096375054,3.12831096375054
8,116.830184758081,116.830184758081,3621.7,4.93686635612154,31,31,34644.3722608874,216.169625984764,3.12831096375054,3.12831096375054
9,116.830184758081,116.830184758081,3621.7,4.93684285909637,31,31,34644.2898154405,216.170197405835,3.12831096375054,3.12831096375054
