"strata","dload.bi_kgd","dload.ub_kgd","tload_kglenS","degf","lenObs","lenStr","MSE_kglenS","Cl_kglenS","flowmu_m3s","flowav_m3s"
1,33.9971629132759,34.3160712674636,960.8,16,17,28,26748.6956166953,86.6777787919824,2.22843102857143,3.00824357647059
2,32.3463492758387,32.5623792980786,911.7,10.585454623502,17,28,16007.4531576062,86.0008187799618,2.22843102857143,2.78128283809524
3,32.3463492758387,32.5623792980786,911.7,7.05457245150088,17,28,8762.13148162399,83.2053049680566,2.22843102857143,2.78128283809524
4,29.1283059435055,29.1366167531328,815.8,4.4317242593427,17,28,6563.53544659254,102.866792616801,2.22843102857143,2.07117165714286
5,29.1283059435055,29.1366167531328,815.8,3.52383231605008,17,28,5792.57876363294,118.829033888959,2.22843102857143,2.07117165714286
