"strata","dload.bi_kgd","dload.ub_kgd","tload_kglenS","degf","lenObs","lenStr","MSE_kglenS","Cl_kglenS","flowmu_m3s","flowav_m3s"
1,189.282689497602,189.282689497602,5678.5,29,30,30,1712534.38897894,497.007257037252,6.45560234910756,6.45560234910756
2,189.282689497602,189.282689497602,5678.5,5.35087375969284,30,30,680444.551795603,898.887308793661,6.45560234910756,6.45560234910756
3,189.282689497602,189.282689497602,5678.5,3.30640368300988,30,30,296755.418909009,905.330630826366,6.45560234910756,6.45560234910756
4,189.282689497602,189.282689497602,5678.5,2.94062041918173,30,30,279806.91011642,992.992096224917,6.45560234910756,6.45560234910756
5,189.282689497602,189.282689497602,5678.4,2.92714147993197,30,30,279164.762361921,996.795017405513,6.45560234910756,6.45560234910756
6,189.282689497602,189.282689497602,5678.4,2.92537035451136,30,30,279080.268428073,997.298263514397,6.45560234910756,6.45560234910756
7,189.282689497602,189.282689497602,5678.4,2.92532362678606,30,30,279078.039499589,997.311553074721,6.45560234910756,6.45560234910756
8,189.282689497602,189.282689497602,5678.4,2.92528722071949,30,30,279076.302907847,997.321907518191,6.45560234910756,6.45560234910756
9,189.282689497602,189.282689497602,5678.4,2.92530368438214,30,30,279077.08826469,997.317225007802,6.45560234910756,6.45560234910756
