"strata","dload.bi_kgd","dload.ub_kgd","tload_kglenS","degf","lenObs","lenStr","MSE_kglenS","Cl_kglenS","flowmu_m3s","flowav_m3s"
1,1.02726850070722,1.02729770497746,31.8,29,30,31,17.1280697893298,1.57180002533077,0.266929685367742,0.269007523434667
2,1.04116706001179,1.04176104870807,32.3,13.7878026529377,30,31,16.4644213533659,2.34713059641188,0.266929685367742,0.268125985347834
3,1.02869269183488,1.02918958312305,32,9.36641841407831,30,31,15.565653202019,2.89891777931002,0.266929685367742,0.267484694647742
4,1.02869269183488,1.02918958312305,32,6.96039397436091,30,31,14.9230566870335,3.46637302927702,0.266929685367742,0.267484694647742
5,1.02869269183488,1.02918958312305,32,6.76076453526496,30,31,14.7051475468439,3.51255004370407,0.266929685367742,0.267484694647742
6,1.02869269183488,1.02918958312305,31.9,6.67109666835528,30,31,14.6062442228292,3.53418589558187,0.266929685367742,0.267484694647742
7,1.02869269183488,1.02918958312305,31.9,6.60309687094463,30,31,14.5312792180579,3.55104313250901,0.266929685367742,0.267484694647742
8,1.02869269183488,1.02918958312305,31.9,6.59458077203812,30,31,14.5219489910911,3.55318923474388,0.266929685367742,0.267484694647742
9,1.02869269183488,1.02918958312305,31.9,6.59237824531553,30,31,14.5197108436747,3.55376671686783,0.266929685367742,0.267484694647742
