"strata","dload.bi_kgd","dload.ub_kgd","tload_kglenS","degf","lenObs","lenStr","MSE_kglenS","Cl_kglenS","flowmu_m3s","flowav_m3s"
1,118.509528289099,118.509528289099,3673.8,30,31,31,309287.317371733,207.364356641301,3.83955225035699,3.83955225035699
2,118.509528289099,118.509528289099,3673.8,11.7341883576959,31,31,226336.070350571,303.362952026897,3.83955225035699,3.83955225035699
3,118.509528289099,118.509528289099,3673.8,18.5883984989583,31,31,86714.1822713882,143.169201627272,3.83955225035699,3.83955225035699
4,118.509528289099,118.509528289099,3673.8,7.76756000571882,31,31,66377.0844057091,214.285853262756,3.83955225035699,3.83955225035699
5,118.509528289099,118.509528289099,3673.8,4.91303774884808,31,31,52089.0844054816,266.1006241131,3.83955225035699,3.83955225035699
6,118.509528289099,118.509528289099,3673.9,4.86040166190577,31,31,51808.8649512859,267.70703348909,3.83955225035699,3.83955225035699
7,118.509528289099,118.509528289099,3673.8,4.69015928664293,31,31,51547.3495323369,274.932636658815,3.83955225035699,3.83955225035699
8,118.509528289099,118.509528289099,3673.8,4.6477336949677,31,31,51313.304332739,276.37591030644,3.83955225035699,3.83955225035699
9,118.509528289099,118.509528289099,3673.9,4.6462046919902,31,31,51304.8623907548,276.428516706517,3.83955225035699,3.83955225035699
