"strata","dload.bi_kgd","dload.ub_kgd","tload_kglenS","degf","lenObs","lenStr","MSE_kglenS","Cl_kglenS","flowmu_m3s","flowav_m3s"
7,37.3044388321644,37.8773882581316,1174.1,2.34964002404992,29,31,34284.3571427005,452.22483422306,1.26792733221677,1.36079865264906
