"strata","dload.bi_kgd","dload.ub_kgd","tload_kglenS","degf","lenObs","lenStr","MSE_kglenS","Cl_kglenS","flowmu_m3s","flowav_m3s"
5,375.208939161269,375.208939161269,11256.3,5.83835497542802,30,30,905448.51499018,970.122382724185,8.57173211991111,8.57173211991111
