"strata","dload.bi_kgd","dload.ub_kgd","tload_kglenS","degf","lenObs","lenStr","MSE_kglenS","Cl_kglenS","flowmu_m3s","flowav_m3s"
8,1.96330921555515,1.96330921555515,58.8,5.39640072542505,30,30,6.84716992375447,2.83275512631213,0.217262386750877,0.217262386750877
