"strata","dload.bi_kgd","dload.ub_kgd","tload_kglenS","degf","lenObs","lenStr","MSE_kglenS","Cl_kglenS","flowmu_m3s","flowav_m3s"
6,6.19944435836288,6.19944435836288,185.9,3.16324726318852,30,30,195.313003232576,24.2924443189143,0.514137125511111,0.514137125511111
