"strata","dload.bi_kgd","dload.ub_kgd","tload_kglenS","degf","lenObs","lenStr","MSE_kglenS","Cl_kglenS","flowmu_m3s","flowav_m3s"
1,28.4200079920855,28.4200079920855,881,30,31,31,73256.6630194884,100.9198551972,0.743290545328172,0.743290545328172
2,28.4200079920855,28.4200079920855,881.1,18.7111483861087,31,31,19165.199943082,67.0555386049571,0.743290545328172,0.743290545328172
3,28.4200079920855,28.4200079920855,881.1,3.50069238802665,31,31,6854.76430637468,130.088745156846,0.743290545328172,0.743290545328172
4,28.4200079920855,28.4200079920855,881.1,3.50045037875476,31,31,6854.52737506439,130.095179841512,0.743290545328172,0.743290545328172
5,28.4200079920855,28.4200079920855,881.1,3.50024982546152,31,31,6854.33101862613,130.100513075384,0.743290545328172,0.743290545328172
6,28.4200079920855,28.4200079920855,881.1,3.50021938661516,31,31,6854.30121524695,130.101322581449,0.743290545328172,0.743290545328172
7,28.4200079920855,28.4200079920855,881,3.50021873156396,31,31,6854.30057387069,130.101340002417,0.743290545328172,0.743290545328172
8,28.4200079920855,28.4200079920855,881.1,3.5002180715612,31,31,6854.29992764685,130.101357555085,0.743290545328172,0.743290545328172
9,28.4200079920855,28.4200079920855,881.1,3.50021772405492,31,31,6854.29958739485,130.101366796956,0.743290545328172,0.743290545328172
