"strata","dload.bi_kgd","dload.ub_kgd","tload_kglenS","degf","lenObs","lenStr","MSE_kglenS","Cl_kglenS","flowmu_m3s","flowav_m3s"
9,229.126688676666,229.126688676666,7102.9,5.82610053348913,31,31,77143.0151309368,283.614144282492,7.84116550537634,7.84116550537634
