"strata","dload.bi_kgd","dload.ub_kgd","tload_kglenS","degf","lenObs","lenStr","MSE_kglenS","Cl_kglenS","flowmu_m3s","flowav_m3s"
7,12.5417372544,12.5417372544,376.2,3.97166784061515,30,30,230.285059844945,21.2010972903244,0.692817706666667,0.692817706666667
