"strata","dload.bi_kgd","dload.ub_kgd","tload_kglenS","degf","lenObs","lenStr","MSE_kglenS","Cl_kglenS","flowmu_m3s","flowav_m3s"
7,2.204544432384,2.204544432384,66.2,4.04554950794121,30,30,3.65340151598374,2.62677644199593,0.1628216,0.1628216
