"strata","dload.bi_kgd","dload.ub_kgd","tload_kglenS","degf","lenObs","lenStr","MSE_kglenS","Cl_kglenS","flowmu_m3s","flowav_m3s"
1,1.00265954940166,1.00269291623767,31.1,29,30,31,20.2495824069905,1.70903562317127,0.0808398967741936,0.07928704
2,0.996151683251613,0.996166827103187,30.8,5.05090364504475,30,31,18.1534387191878,4.85860045722465,0.0808398967741936,0.079165247311828
3,0.984554907341701,0.984555639304213,30.5,3.79539566043146,30,31,15.6156336532977,5.75348849735578,0.0808398967741935,0.0804973548387097
4,0.984554907341701,0.984555639304213,30.5,3.06604873702002,30,31,13.9827051837793,6.71413803100218,0.0808398967741935,0.0804973548387097
5,0.984554907341701,0.984555639304213,30.5,2.98443712356404,30,31,13.7939876494596,6.86209770222037,0.0808398967741935,0.0804973548387097
6,0.987783520784516,0.987742338107694,30.6,2.95832252463496,30,31,13.7354690641666,6.91238814306029,0.0808398967741935,0.0805658632258064
7,0.984554907341701,0.984555639304213,30.5,2.93397299238249,30,31,13.7152145969977,6.96916159777591,0.0808398967741936,0.0804973548387097
8,0.984554907341701,0.984555639304213,30.5,2.87428057204473,30,31,13.5739516730609,7.0902344204724,0.0808398967741936,0.0804973548387097
9,0.987783520784516,0.987742338107694,30.6,2.84874078056031,30,31,13.5154330877678,7.14480046602902,0.0808398967741936,0.0805658632258064
