"strata","dload.bi_kgd","dload.ub_kgd","tload_kglenS","degf","lenObs","lenStr","MSE_kglenS","Cl_kglenS","flowmu_m3s","flowav_m3s"
7,0.795706610688,0.795793048698691,24,6.84811347487005,29,30,7.71876239346641,2.52177533908701,0.0566336,0.0558784853333333
