"strata","dload.bi_kgd","dload.ub_kgd","tload_kglenS","degf","lenObs","lenStr","MSE_kglenS","Cl_kglenS","flowmu_m3s","flowav_m3s"
1,16.9774435765443,16.9774435765443,475.4,27,28,28,1557.56280233043,15.5841236731409,1.88836891401143,1.88836891401143
2,16.9774435765443,16.9774435765443,475.4,2.07558846660564,28,28,818.587582446874,82.5334553805258,1.88836891401143,1.88836891401143
3,16.9774435765443,16.9774435765443,475.4,2.03266760353366,28,28,810.07955430883,84.5854175324149,1.88836891401143,1.88836891401143
4,16.9774435765443,16.9774435765443,475.3,2.02968108908073,28,28,809.484160951819,84.7334143717153,1.88836891401143,1.88836891401143
5,16.9774435765443,16.9774435765443,475.4,2.0292283231109,28,28,809.39382605835,84.7559109064481,1.88836891401143,1.88836891401143
6,16.9774435765443,16.9774435765443,475.4,2.02749233735203,28,28,809.047496519091,84.842323620555,1.88836891401143,1.88836891401143
7,16.9774435765443,16.9774435765443,475.4,2.02719287499016,28,28,808.987793673427,84.8572571229194,1.88836891401143,1.88836891401143
8,16.9774435765443,16.9774435765443,475.4,2.02714472803179,28,28,808.978530088859,84.8596763754743,1.88836891401143,1.88836891401143
