"strata","dload.bi_kgd","dload.ub_kgd","tload_kglenS","degf","lenObs","lenStr","MSE_kglenS","Cl_kglenS","flowmu_m3s","flowav_m3s"
1,111.825883941376,111.825883941376,3354.8,29,30,30,175776.782679181,159.229611350333,2.81704965333333,2.81704965333333
2,111.825883941376,111.825883941376,3354.8,20.1215778469536,30,30,146041.420905641,177.641940461061,2.81704965333333,2.81704965333333
3,111.825883941376,111.825883941376,3354.8,9.45308343135041,30,30,95701.0967848689,225.959479214197,2.81704965333333,2.81704965333333
4,111.825883941376,111.825883941376,3354.8,7.18506196770265,30,30,83014.3202764121,252.848378916138,2.81704965333333,2.81704965333333
5,111.825883941376,111.825883941376,3354.8,7.12831588851677,30,30,82691.2395038823,253.75567961763,2.81704965333333,2.81704965333333
6,111.825883941376,111.825883941376,3354.8,7.12082654563455,30,30,82647.7795217726,253.875371226607,2.81704965333333,2.81704965333333
7,111.825883941376,111.825883941376,3354.8,7.1205810971704,30,30,82646.3550575084,253.879298417359,2.81704965333333,2.81704965333333
8,111.825883941376,111.825883941376,3354.8,7.12013992710782,30,30,82643.7947379731,253.886357954884,2.81704965333333,2.81704965333333
9,111.825883941376,111.825883941376,3354.8,3.83137273348877,30,30,108164.673489249,474.713178336017,2.81704965333333,2.81704965333333
