"strata","dload.bi_kgd","dload.ub_kgd","tload_kglenS","degf","lenObs","lenStr","MSE_kglenS","Cl_kglenS","flowmu_m3s","flowav_m3s"
1,107.960220368067,107.960220368067,3346.8,30,31,31,158867.794757749,148.61785414961,3.37061416756989,3.37061416756989
2,107.960220368067,107.960220368067,3346.7,14.2637030920974,31,31,110411.971084941,188.375030331393,3.37061416756989,3.37061416756989
3,107.960220368067,107.960220368067,3346.8,25.0519321831697,31,31,37379.3076783502,79.5461732241476,3.37061416756989,3.37061416756989
4,107.960220368067,107.960220368067,3346.8,9.69421941024968,31,31,16603.2294017997,92.6066454235528,3.37061416756989,3.37061416756989
5,107.960220368067,107.960220368067,3346.8,8.12162643092922,31,31,14629.6740046011,97.6168864055762,3.37061416756989,3.37061416756989
6,107.960220368067,107.960220368067,3346.7,6.55079489985845,31,31,13762.2946329168,109.907826317691,3.37061416756989,3.37061416756989
7,107.960220368067,107.960220368067,3346.8,5.52288663970597,31,31,11337.443798215,113.228089484575,3.37061416756989,3.37061416756989
8,107.960220368067,107.960220368067,3346.8,5.51801515164442,31,31,11332.4413308152,113.279787926892,3.37061416756989,3.37061416756989
9,107.960220368067,107.960220368067,3346.8,5.51636096653972,31,31,11330.7424212424,113.297366259404,3.37061416756989,3.37061416756989
