"strata","dload.bi_kgd","dload.ub_kgd","tload_kglenS","degf","lenObs","lenStr","MSE_kglenS","Cl_kglenS","flowmu_m3s","flowav_m3s"
6,101.914766045213,101.915838377982,3159.3,3.88906890655618,26,31,66610.2817405601,367.484068779132,3.05837882012903,2.91487293150968
