"strata","dload.bi_kgd","dload.ub_kgd","tload_kglenS","degf","lenObs","lenStr","MSE_kglenS","Cl_kglenS","flowmu_m3s","flowav_m3s"
1,171.175372582317,171.880727306086,5328.3,3,4,31,231240.470542545,883.552540106141,10.1470055741935,11.9319916
