"strata","dload.bi_kgd","dload.ub_kgd","tload_kglenS","degf","lenObs","lenStr","MSE_kglenS","Cl_kglenS","flowmu_m3s","flowav_m3s"
6,2.43346448816802,2.43352306948615,75.4,4.43739903826006,28,31,10.6347298873056,4.13617059291502,0.202797522694194,0.204210658896516
