"strata","dload.bi_kgd","dload.ub_kgd","tload_kglenS","degf","lenObs","lenStr","MSE_kglenS","Cl_kglenS","flowmu_m3s","flowav_m3s"
1,27.1474360696855,27.1474360696855,841.6,30,31,31,167193.351537493,152.462330720549,0.90556678811871,0.90556678811871
2,27.1474360696855,27.1474360696855,841.6,3.12489154913412,31,31,3718.02535486136,107.333341327358,0.90556678811871,0.90556678811871
3,27.1474360696855,27.1474360696855,841.6,3.02530283022673,31,31,3658.21977249477,110.143543250313,0.90556678811871,0.90556678811871
4,27.1474360696855,27.1474360696855,841.6,3.0226344781579,31,31,3656.60606492826,110.222295969124,0.90556678811871,0.90556678811871
5,27.1474360696855,27.1474360696855,841.6,3.02123518892344,31,31,3655.75952901506,110.263668601776,0.90556678811871,0.90556678811871
6,27.1474360696855,27.1474360696855,841.6,3.02031135419443,31,31,3655.20207991769,110.291035280839,0.90556678811871,0.90556678811871
7,27.1474360696855,27.1474360696855,841.6,3.02019705039779,31,31,3655.13293496684,110.294420336897,0.90556678811871,0.90556678811871
8,27.1474360696855,27.1474360696855,841.6,3.02015397667076,31,31,3655.10687075234,110.295695920921,0.90556678811871,0.90556678811871
9,27.1474360696855,27.1474360696855,841.5,3.02016267686058,31,31,3655.11213645143,110.295438286993,0.90556678811871,0.90556678811871
