"strata","dload.bi_kgd","dload.ub_kgd","tload_kglenS","degf","lenObs","lenStr","MSE_kglenS","Cl_kglenS","flowmu_m3s","flowav_m3s"
1,15.589181642688,15.589181642688,467.7,29,30,30,6395.94092464866,30.3735323089327,0.65624184,0.65624184
2,15.589181642688,15.589181642688,467.7,10.1222021445988,30,30,6475.23388109488,56.2629178641067,0.65624184,0.65624184
3,15.589181642688,15.589181642688,467.6,9.67608241739321,30,30,5190.99210027902,51.8432145665676,0.65624184,0.65624184
4,15.589181642688,15.589181642688,467.6,4.82487172720277,30,30,5087.47569643698,84.3913606330991,0.65624184,0.65624184
5,15.589181642688,15.589181642688,467.6,4.75591318411414,30,30,5050.72381342348,85.0803441161682,0.65624184,0.65624184
6,15.589181642688,15.589181642688,467.6,4.73373589722082,30,30,5038.91167570923,85.3072495578769,0.65624184,0.65624184
7,15.589181642688,15.589181642688,467.6,4.72035536286951,30,30,5031.78055513965,85.4453881691876,0.65624184,0.65624184
8,15.589181642688,15.589181642688,467.6,4.72205226476275,30,30,5032.69094875983,85.4278673035734,0.65624184,0.65624184
9,15.589181642688,15.589181642688,467.6,4.7245286432123,30,30,5034.032969996,85.4024400449925,0.65624184,0.65624184
