"strata","dload.bi_kgd","dload.ub_kgd","tload_kglenS","degf","lenObs","lenStr","MSE_kglenS","Cl_kglenS","flowmu_m3s","flowav_m3s"
8,141.417345218725,141.417345218725,4383.9,3.00027603008925,31,31,85722.0569362017,537.903248390286,6.4329375483871,6.4329375483871
