"strata","dload.bi_kgd","dload.ub_kgd","tload_kglenS","degf","lenObs","lenStr","MSE_kglenS","Cl_kglenS","flowmu_m3s","flowav_m3s"
1,4.580878961664,4.580878961664,137.4,29,30,30,51.6212265324651,2.72870909950985,0.44882128,0.44882128
2,4.580878961664,4.580878961664,137.4,26.0993210360028,30,30,42.7140714930817,2.6291426540362,0.44882128,0.44882128
3,4.580878961664,4.580878961664,137.4,10.2631777108298,30,30,25.5782156237621,3.50533083069427,0.44882128,0.44882128
4,4.580878961664,4.580878961664,137.4,9.25233005003567,30,30,24.2613645502475,3.64797889939147,0.44882128,0.44882128
5,4.580878961664,4.580878961664,137.4,9.04309214473827,30,30,24.0249102062664,3.68451057617727,0.44882128,0.44882128
6,4.580878961664,4.580878961664,137.4,8.37390173448891,30,30,23.0589982992727,3.79709125204222,0.44882128,0.44882128
7,4.580878961664,4.580878961664,137.4,8.39589273012209,30,30,23.090705898854,3.79307914788152,0.44882128,0.44882128
8,4.580878961664,4.580878961664,137.4,8.49416082786344,30,30,23.4216219097442,3.79077070526713,0.44882128,0.44882128
9,4.580878961664,4.580878961664,137.3,5.62989363207438,30,30,23.9575079044773,5.12918603087794,0.44882128,0.44882128
