"strata","dload.bi_kgd","dload.ub_kgd","tload_kglenS","degf","lenObs","lenStr","MSE_kglenS","Cl_kglenS","flowmu_m3s","flowav_m3s"
1,27.9061536509534,27.9061536509534,865.1,30,31,31,7350.29742423689,31.9672670582636,1.31503584578065,1.31503584578065
2,27.9061536509534,27.9061536509534,865.1,26.0650684729462,31,31,6207.84766245699,31.7184552439576,1.31503584578065,1.31503584578065
3,27.9061536509534,27.9061536509534,865,17.8677421295051,31,31,3127.97223558144,27.8123075519805,1.31503584578065,1.31503584578065
4,27.9061536509534,27.9061536509534,865,14.0099385969041,31,31,2510.60111448239,28.7095209175803,1.31503584578065,1.31503584578065
5,27.9061536509534,27.9061536509534,865,9.52729729006887,31,31,1801.30203089183,30.8446135031318,1.31503584578065,1.31503584578065
6,27.9061536509534,27.9061536509534,865,6.75291024835299,31,31,1491.54078935178,35.4049840806997,1.31503584578065,1.31503584578065
7,27.9061536509534,27.9061536509534,864.9,6.42294448690667,31,31,1468.08267293569,36.4110477471995,1.31503584578065,1.31503584578065
8,27.9061536509534,27.9061536509534,865,5.98465583694568,31,31,1411.18701476489,37.5976753165934,1.31503584578065,1.31503584578065
9,27.9061536509534,27.9061536509534,865.1,5.96861551894345,31,31,1409.32447289238,37.6479059456085,1.31503584578065,1.31503584578065
