"strata","dload.bi_kgd","dload.ub_kgd","tload_kglenS","degf","lenObs","lenStr","MSE_kglenS","Cl_kglenS","flowmu_m3s","flowav_m3s"
1,24.6655093332728,24.6655093332728,764.6,30,31,31,28216.4373386272,62.6331337958647,0.921698138322581,0.921698138322581
2,24.6655093332728,24.6655093332728,764.6,9.73569796895557,31,31,17451.9946607723,94.6851206773256,0.921698138322581,0.921698138322581
3,24.6655093332728,24.6655093332728,764.6,2.42767211887055,31,31,7638.37997336848,204.851058462073,0.921698138322581,0.921698138322581
4,24.6655093332728,24.6655093332728,764.6,2.2210485899285,31,31,7303.5425660059,224.63102562574,0.921698138322581,0.921698138322581
5,24.6655093332728,24.6655093332728,764.6,2.17055865924959,31,31,7221.53613585028,230.396650839108,0.921698138322581,0.921698138322581
6,24.6655093332728,24.6655093332728,764.6,2.14729553198023,31,31,7182.71848927439,233.185303841499,0.921698138322581,0.921698138322581
7,24.6655093332728,24.6655093332728,764.6,2.13607083824285,31,31,7163.9063320634,234.564996829209,0.921698138322581,0.921698138322581
8,24.6655093332728,24.6655093332728,764.6,2.13551549286224,31,31,7162.97500323444,234.633862403972,0.921698138322581,0.921698138322581
9,24.6655093332728,24.6655093332728,764.6,2.13547908600385,31,31,7162.91394443995,234.638379017515,0.921698138322581,0.921698138322581
