"strata","dload.bi_kgd","dload.ub_kgd","tload_kglenS","degf","lenObs","lenStr","MSE_kglenS","Cl_kglenS","flowmu_m3s","flowav_m3s"
8,89.2661280265973,89.2661280265973,2767.4,7.76898296985426,31,31,12972.7805366849,94.7211270632184,5.3914620864,5.3914620864
