"strata","dload.bi_kgd","dload.ub_kgd","tload_kglenS","degf","lenObs","lenStr","MSE_kglenS","Cl_kglenS","flowmu_m3s","flowav_m3s"
1,408.830921362986,410.629607093675,12318.9,19,20,30,1987951.55424631,677.018158803154,13.7918547555556,10.1680909333333
2,420.22233894923,422.039036045897,12661.1,9.01722125473579,20,30,1795476.45161893,1009.13634681379,13.7918547555556,13.0175475911111
3,346.954083932523,348.733758073736,10461.9,12.0859308444683,20,30,529141.450984334,455.536737092743,13.7918547555556,11.4620113777778
4,346.954083932523,348.733758073736,10461.9,5.57012246958905,20,30,342642.771200003,618.421688803121,13.7918547555556,11.4620113777778
5,346.954083932523,348.733758073736,10461.9,5.53743068128768,20,30,341635.12595789,620.30037601356,13.7918547555556,11.4620113777778
6,346.954083932523,348.733758073736,10461.9,5.53731824719919,20,30,341631.657552002,620.30687990968,13.7918547555556,11.4620113777778
