"strata","dload.bi_kgd","dload.ub_kgd","tload_kglenS","degf","lenObs","lenStr","MSE_kglenS","Cl_kglenS","flowmu_m3s","flowav_m3s"
7,11.4870635034088,11.5059324004037,356.6,7.28032788983994,29,31,1830.57135765916,37.2048728038487,1.2980708202765,1.22695258986175
