"strata","dload.bi_kgd","dload.ub_kgd","tload_kglenS","degf","lenObs","lenStr","MSE_kglenS","Cl_kglenS","flowmu_m3s","flowav_m3s"
8,134.458464570485,134.458332711402,4168.2,3.02553620767178,30,31,3197738.4837191,3256.19285400412,1.60400970322581,1.60108667870968
