"strata","dload.bi_kgd","dload.ub_kgd","tload_kglenS","degf","lenObs","lenStr","MSE_kglenS","Cl_kglenS","flowmu_m3s","flowav_m3s"
1,155.1045362075,155.1045362075,4808.2,30,31,31,247385.461684985,185.455680175263,3.1442243963871,3.1442243963871
2,155.1045362075,155.1045362075,4808.2,6.00534371960897,31,31,155058.01658662,393.099809275841,3.1442243963871,3.1442243963871
3,155.1045362075,155.1045362075,4808.2,5.04065149304258,31,31,135665.507234115,420.697754691898,3.1442243963871,3.1442243963871
4,155.1045362075,155.1045362075,4808.2,5.03962051857212,31,31,135651.633583192,420.744909639403,3.1442243963871,3.1442243963871
5,155.1045362075,155.1045362075,4808.2,5.03824366817264,31,31,135633.099818345,420.807911980048,3.1442243963871,3.1442243963871
6,155.1045362075,155.1045362075,4808.2,5.03805736777795,31,31,135630.592102228,420.816440089488,3.1442243963871,3.1442243963871
7,155.1045362075,155.1045362075,4808.2,5.03803968396745,31,31,135630.354067612,420.817249625785,3.1442243963871,3.1442243963871
8,155.1045362075,155.1045362075,4808.2,5.03815738798701,31,31,135631.938986999,420.811862313772,3.1442243963871,3.1442243963871
9,155.1045362075,155.1045362075,4808.3,5.03821168096237,31,31,135632.671728837,420.809380019681,3.1442243963871,3.1442243963871
