"strata","dload.bi_kgd","dload.ub_kgd","tload_kglenS","degf","lenObs","lenStr","MSE_kglenS","Cl_kglenS","flowmu_m3s","flowav_m3s"
9,498.713775284439,498.713775284439,15460,2.62691087057106,31,31,2645442.66757363,3466.23645003466,9.11915140645161,9.11915140645161
