"strata","dload.bi_kgd","dload.ub_kgd","tload_kglenS","degf","lenObs","lenStr","MSE_kglenS","Cl_kglenS","flowmu_m3s","flowav_m3s"
1,42.6094244489646,43.6139929997025,1352,14,15,31,69563.782305236,151.186036348463,1.63732000344086,2.79178477511111
2,38.2705059664726,38.5110600502641,1193.9,5.79032134725712,15,31,17905.8603077947,137.274072746226,1.63732000344086,2.00920844074291
3,36.6739381077383,36.6948851218302,1137.5,3.50141689352431,15,31,13622.4133780123,183.351188354316,1.63732000344086,1.7774424911828
4,36.3299381009573,36.3309950731705,1126.2,3.46417123122298,15,31,13549.656926309,184.764578074423,1.63732000344086,1.68379609324731
