"strata","dload.bi_kgd","dload.ub_kgd","tload_kglenS","degf","lenObs","lenStr","MSE_kglenS","Cl_kglenS","flowmu_m3s","flowav_m3s"
9,143.697503837729,143.697503837729,4454.6,3.26655270351441,31,31,161339.494864468,675.717233322009,3.78668691612903,3.78668691612903
