"strata","dload.bi_kgd","dload.ub_kgd","tload_kglenS","degf","lenObs","lenStr","MSE_kglenS","Cl_kglenS","flowmu_m3s","flowav_m3s"
1,0.936781463938415,0.936546428253771,28.1,24,25,30,2.86283445676032,0.712821590317206,0.0561616533333333,0.060031616
2,0.940434483408,0.940453812419823,28.2,21.8641685808447,25,30,2.77968313600665,0.739724138920104,0.0561616533333333,0.0597656096969697
3,0.9482632574208,0.948089103996933,28.5,20.8150320844467,25,30,2.29271755658495,0.690564870798206,0.0561616533333333,0.0574781361403509
4,0.934787405568,0.934474882241324,28,16.5173910382744,25,30,1.9916780978723,0.734261746983856,0.0561616533333333,0.0556897066666667
5,0.937047086208,0.937037690772055,28.2,16.5859271377038,25,30,1.94852280308165,0.72452599645085,0.0561616533333333,0.054934592
6,0.934787405568,0.934474882241323,28,13.0235550177537,25,30,1.54078581612082,0.742941106567627,0.0561616533333333,0.0556897066666667
7,0.9404362673664,0.939910774387364,28.2,12.9610910982323,25,30,1.66125832748982,0.773674384361853,0.0561616533333333,0.0556110488888889
8,0.945484359936,0.940794316430718,28.2,6.02753617884222,25,30,3.97724146576194,1.98544857962586,0.0561616533333333,0.0563189688888889
