"strata","dload.bi_kgd","dload.ub_kgd","tload_kglenS","degf","lenObs","lenStr","MSE_kglenS","Cl_kglenS","flowmu_m3s","flowav_m3s"
8,11.3803036512739,11.3803036512739,318.6,3.14030884145624,28,28,1613.97352655104,70.3580098983185,1.61225796622857,1.61225796622857
