"strata","dload.bi_kgd","dload.ub_kgd","tload_kglenS","degf","lenObs","lenStr","MSE_kglenS","Cl_kglenS","flowmu_m3s","flowav_m3s"
8,207.321665275008,207.321665275008,6219.7,4.21816637281308,30,30,647873.617180854,1066.2694845405,4.92735917333333,4.92735917333333
