"strata","dload.bi_kgd","dload.ub_kgd","tload_kglenS","degf","lenObs","lenStr","MSE_kglenS","Cl_kglenS","flowmu_m3s","flowav_m3s"
6,155.747306523185,155.747306523185,4828.2,10.1052759728873,31,31,55488.2610138309,164.87537099812,5.44804879621505,5.44804879621505
