"strata","dload.bi_kgd","dload.ub_kgd","tload_kglenS","degf","lenObs","lenStr","MSE_kglenS","Cl_kglenS","flowmu_m3s","flowav_m3s"
6,181.234523204136,181.478208074064,5625.8,9.29863668641543,25,31,32691.0317154298,133.476677977978,8.93418485092473,6.8695133347957
