"strata","dload.bi_kgd","dload.ub_kgd","tload_kglenS","degf","lenObs","lenStr","MSE_kglenS","Cl_kglenS","flowmu_m3s","flowav_m3s"
1,374.590570018065,374.590570018065,11612.3,30,31,31,3880315.05772837,734.491116255334,8.60168472258064,8.60168472258064
2,374.590570018065,374.590570018065,11612.3,3.26223309463669,31,31,1860382.69198479,2297.60402958328,8.60168472258064,8.60168472258064
3,374.590570018065,374.590570018065,11612.4,3.10302082549107,31,31,1814300.42530392,2388.3822357334,8.60168472258064,8.60168472258064
4,374.590570018065,374.590570018065,11612.3,3.09155256419092,31,31,1810948.06904684,2395.40934350764,8.60168472258064,8.60168472258064
5,374.590570018065,374.590570018065,11612.4,3.07673917507679,31,31,1806598.31208629,2404.58279191192,8.60168472258064,8.60168472258064
6,374.590570018065,374.590570018065,11612.4,3.07637919635771,31,31,1806492.63078301,2404.80728438554,8.60168472258064,8.60168472258064
7,374.590570018065,374.590570018065,11612.4,3.07634777094291,31,31,1806483.40424871,2404.82688513815,8.60168472258064,8.60168472258064
8,374.590570018065,374.590570018065,11612.4,3.07634969952998,31,31,1806483.97079484,2404.8256824248,8.60168472258064,8.60168472258064
9,374.590570018065,374.590570018065,11612.4,3.08950539163548,31,31,1810354.75111206,2396.67486251404,8.60168472258064,8.60168472258064
