"strata","dload.bi_kgd","dload.ub_kgd","tload_kglenS","degf","lenObs","lenStr","MSE_kglenS","Cl_kglenS","flowmu_m3s","flowav_m3s"
7,3.69610311713032,3.69610311713032,114.6,5.66841477217868,31,31,65.4238625908652,8.43226980084179,0.252263105376344,0.252263105376344
