"strata","strata.n","dload.bi_kgd","dload.ub_kgd","tload_kglenS","degf","lenObs","lenStr","MSE_kglenS","Cl_kglenS","flowmu_m3s","flowav_m3s"
1,1,152.269476143736,155.256771505396,4657.7,8,9,30,263572.882851568,418.567449347513,4.22583156158499,3.48919557161482
2,1,55.3034287631684,57.30678011797,687.7,5,6,12,277.952479938247,229.992119167395,1.76418037372444,2.00503300632889
2,2,228.472505594236,233.516018073479,4203.3,2,3,18,418.62385435048,1120.4843332381,5.86693235349202,6.45752070218667
3,1,121.417037656799,121.417037656799,364.3,2,3,3,1320.31417470365,331.650911374741,3.63405666439111,3.63405666439111
3,2,13.0176056692703,13.0641969999939,117.6,2,3,9,1.16672049721114,29.5765300486161,1.14088827683556,0.376009348266667
3,3,228.472505594236,233.516018073479,4203.3,2,3,18,418.62385435048,1120.4843332381,5.86693235349202,6.45752070218667
