"strata","dload.bi_kgd","dload.ub_kgd","tload_kglenS","degf","lenObs","lenStr","MSE_kglenS","Cl_kglenS","flowmu_m3s","flowav_m3s"
9,83.5175973041798,83.5175973041798,2588.9,4.57024676108726,31,31,30704.5896762846,216.800359551015,2.51222880116301,2.51222880116301
