"strata","dload.bi_kgd","dload.ub_kgd","tload_kglenS","degf","lenObs","lenStr","MSE_kglenS","Cl_kglenS","flowmu_m3s","flowav_m3s"
1,89.1219861346117,89.1219861346117,2762.8,30,31,31,216110.277509109,173.336795442509,2.71367177602753,2.71367177602753
2,89.1219861346117,89.1219861346117,2762.7,28.9962996090294,31,31,145421.720364628,144.839773054238,2.71367177602753,2.71367177602753
3,89.1219861346117,89.1219861346117,2762.7,10.7722639018396,31,31,44080.1336034228,141.158308042284,2.71367177602753,2.71367177602753
4,89.1219861346117,89.1219861346117,2762.7,10.7341720062013,31,31,44002.024711324,141.345825671994,2.71367177602753,2.71367177602753
5,89.1219861346117,89.1219861346117,2762.7,10.7220748524036,31,31,43977.2179479507,141.405664845003,2.71367177602753,2.71367177602753
6,89.1219861346117,89.1219861346117,2762.8,10.7194923494084,31,31,43971.9202173087,141.418454309675,2.71367177602753,2.71367177602753
7,89.1219861346117,89.1219861346117,2762.8,10.719118011478,31,31,43971.1524555014,141.42030893959,2.71367177602753,2.71367177602753
8,89.1219861346117,89.1219861346117,2762.8,10.7189770417175,31,31,43970.8637171777,141.421008023849,2.71367177602753,2.71367177602753
9,89.1219861346117,89.1219861346117,2762.8,7.85629572840392,31,31,45505.4783766398,176.062736208314,2.71367177602753,2.71367177602753
