"strata","dload.bi_kgd","dload.ub_kgd","tload_kglenS","degf","lenObs","lenStr","MSE_kglenS","Cl_kglenS","flowmu_m3s","flowav_m3s"
1,52.5039401315651,52.8774192951835,1639.2,24,25,31,95254.2796698267,130.024435241361,1.31330578064516,1.461996384
2,49.1114858118653,49.1514638242967,1523.7,10.2868865500432,25,31,44317.648972597,145.696589075427,1.31330578064516,1.29197031152074
3,50.2711315028016,50.5965427115786,1568.5,12.7278142232956,25,31,26780.0900738614,99.3120461260177,1.31330578064516,1.36135299612903
4,48.7295656176528,48.7388843783003,1510.9,4.46095473483616,25,31,14096.2606919579,149.913722491485,1.31330578064516,1.26055432258065
5,48.7295656176528,48.7388843783003,1510.9,4.01685532485343,25,31,13357.4279933343,159.841321761436,1.31330578064516,1.26055432258065
6,49.3164916548852,49.2967244458162,1528.2,3.94249998505114,25,31,13232.9319770095,161.783236147085,1.31330578064516,1.29595032258065
7,49.3164916548852,49.2967244458162,1528.2,3.94260646346559,25,31,13233.1120631025,161.780398139551,1.31330578064516,1.29595032258065
