"strata","dload.bi_kgd","dload.ub_kgd","tload_kglenS","degf","lenObs","lenStr","MSE_kglenS","Cl_kglenS","flowmu_m3s","flowav_m3s"
1,12.8848987541433,12.9978997746078,402.9,24,25,31,5852.12946280331,32.2284701193061,0.57999200516129,0.62926159296
2,11.9365557012405,11.9387791229231,370.1,9.05180071809048,25,31,2032.71983369518,33.8700096966521,0.57999200516129,0.555576529445161
3,11.9365557012405,11.9387791229231,370.2,2.43437974461094,25,31,234.07968305774,35.738077297428,0.57999200516129,0.555576529445161
4,11.9365557012405,11.9387791229231,370.2,2.23079574576558,25,31,223.906387135301,39.1022751354233,0.57999200516129,0.555576529445161
5,12.0192256734517,12.0207199644346,372.7,2.15786952377439,25,31,220.20941087848,40.5557163885441,0.57999200516129,0.579939938787097
6,12.0192256734517,12.0207199644346,372.7,2.15732898492029,25,31,220.18182654069,40.5670699358801,0.57999200516129,0.579939938787097
7,12.0192256734517,12.0207199644346,372.7,2.15743339038029,25,31,220.187156705443,40.5648764756381,0.57999200516129,0.579939938787097
