"strata","dload.bi_kgd","dload.ub_kgd","tload_kglenS","degf","lenObs","lenStr","MSE_kglenS","Cl_kglenS","flowmu_m3s","flowav_m3s"
8,531.868312000843,531.868312000843,15956,7.53822524390133,30,30,1044310.97227437,867.541203227075,11.3491031718756,11.3491031718756
