"strata","dload.bi_kgd","dload.ub_kgd","tload_kglenS","degf","lenObs","lenStr","MSE_kglenS","Cl_kglenS","flowmu_m3s","flowav_m3s"
8,511.518833749828,511.518833749828,14322.5,3.38273172659431,28,28,2634307.67013725,2636.93535275752,9.48184845504762,9.48184845504762
