"strata","dload.bi_kgd","dload.ub_kgd","tload_kglenS","degf","lenObs","lenStr","MSE_kglenS","Cl_kglenS","flowmu_m3s","flowav_m3s"
1,337.143845675992,337.294405675583,10118.8,27,28,30,739766.358139852,339.630661725811,11.2265886488889,11.5751662095238
2,339.017134271339,339.287212359941,10178.7,18.073344543524,28,30,521187.292689176,356.665635954821,11.2265886488889,11.5695627792593
3,339.017134271339,339.287212359941,10178.6,17.2503872316607,28,30,513751.169461331,363.698507415242,11.2265886488889,11.5695627792593
4,339.315591382576,340.403429693521,10212.1,7.43764234905885,28,30,469294.211975811,586.961372493118,11.2265886488889,11.2783258022222
5,339.498953772118,340.61918474329,10218.6,7.3920937983849,28,30,467852.227481901,588.547436003605,11.2265886488889,11.3390954903704
6,339.315591382576,340.403429693521,10212.1,6.34156633167883,28,30,465767.656917362,654.576643395433,11.2265886488889,11.2783258022222
7,339.315591382576,340.403429693521,10212.1,6.28506375112913,28,30,463680.597883961,657.380170128744,11.2265886488889,11.2783258022222
8,339.498953772118,340.61918474329,10218.6,6.2460974997759,28,30,462238.613390052,659.345659549164,11.2265886488889,11.3390954903704
