"strata","dload.bi_kgd","dload.ub_kgd","tload_kglenS","degf","lenObs","lenStr","MSE_kglenS","Cl_kglenS","flowmu_m3s","flowav_m3s"
8,43.0942947597798,43.0942947597798,1335.9,4.70500210969974,31,31,2214.68632798762,56.839238801518,1.41084041015054,1.41084041015054
