"strata","dload.bi_kgd","dload.ub_kgd","tload_kglenS","degf","lenObs","lenStr","MSE_kglenS","Cl_kglenS","flowmu_m3s","flowav_m3s"
9,198.086994714932,198.086994714932,6140.6,4.54638042937925,31,31,88171.4266407643,368.997749789932,5.52175773109677,5.52175773109677
