"strata","dload.bi_kgd","dload.ub_kgd","tload_kglenS","degf","lenObs","lenStr","MSE_kglenS","Cl_kglenS","flowmu_m3s","flowav_m3s"
1,97.8669615292164,97.8669615292164,3033.9,30,31,31,200135.377431198,166.807273995914,2.75741066651183,2.75741066651183
2,97.8669615292164,97.8669615292164,3033.9,16.0877912556085,31,31,140781.933829364,198.220760112075,2.75741066651183,2.75741066651183
3,97.8669615292164,97.8669615292164,3033.9,14.6396092013786,31,31,85216.4890692426,162.968686667207,2.75741066651183,2.75741066651183
4,97.8669615292164,97.8669615292164,3033.8,6.18181592932019,31,31,72270.4265996494,262.695173526804,2.75741066651183,2.75741066651183
5,97.8669615292164,97.8669615292164,3033.8,5.9540928969787,31,31,37524.4236889939,194.616541949596,2.75741066651183,2.75741066651183
6,97.8669615292164,97.8669615292164,3033.8,5.67706127862671,31,31,36625.320766023,199.280477951435,2.75741066651183,2.75741066651183
7,97.8669615292164,97.8669615292164,3033.9,5.48910109570548,31,31,36003.2124388454,202.72829887879,2.75741066651183,2.75741066651183
8,97.8669615292164,97.8669615292164,3033.9,5.49068479285694,31,31,36008.4240273288,202.697993382616,2.75741066651183,2.75741066651183
9,97.8669615292164,97.8669615292164,3033.9,5.49048664387826,31,31,36007.8954471156,202.702131576395,2.75741066651183,2.75741066651183
