"strata","dload.bi_kgd","dload.ub_kgd","tload_kglenS","degf","lenObs","lenStr","MSE_kglenS","Cl_kglenS","flowmu_m3s","flowav_m3s"
1,68.3157860744976,68.3157860744976,2117.8,30,31,31,129035.92092444,133.939405094713,1.94769268395699,1.94769268395699
2,68.3157860744976,68.3157860744976,2117.8,9.95498745346,31,31,64111.5453450257,178.918916294693,1.94769268395699,1.94769268395699
3,68.3157860744976,68.3157860744976,2117.8,7.069314659763,31,31,44476.9424139663,187.188150054544,1.94769268395699,1.94769268395699
4,68.3157860744976,68.3157860744976,2117.8,5.67560611771874,31,31,19420.5384300244,145.140675918976,1.94769268395699,1.94769268395699
5,68.3157860744976,68.3157860744976,2117.8,5.46380842577315,31,31,19054.2913870258,148.007726722466,1.94769268395699,1.94769268395699
6,68.3157860744976,68.3157860744976,2117.8,5.44690411732677,31,31,19024.777141954,148.246864751933,1.94769268395699,1.94769268395699
7,68.3157860744976,68.3157860744976,2117.8,5.44158985232486,31,31,19015.4927842471,148.322385536595,1.94769268395699,1.94769268395699
8,68.3157860744976,68.3157860744976,2117.8,5.44151724375251,31,31,19015.36591807,148.323418532411,1.94769268395699,1.94769268395699
9,68.3157860744976,68.3157860744976,2117.8,5.44136736068104,31,31,19015.1040428397,148.325551047374,1.94769268395699,1.94769268395699
