"strata","dload.bi_kgd","dload.ub_kgd","tload_kglenS","degf","lenObs","lenStr","MSE_kglenS","Cl_kglenS","flowmu_m3s","flowav_m3s"
7,279.087352520503,279.087352520503,7814.5,2.86364476371737,28,28,118709.701935113,665.763411685331,11.9555889333333,11.9555889333333
