"strata","dload.bi_kgd","dload.ub_kgd","tload_kglenS","degf","lenObs","lenStr","MSE_kglenS","Cl_kglenS","flowmu_m3s","flowav_m3s"
1,1.31767449585977,1.31766429651371,40.8,28,29,31,1.17582218743497,0.419766804399098,0.477731819354839,0.465762537931034
2,1.3157211624289,1.31565231580065,40.8,25.8017051153593,29,31,1.08360041477867,0.4214019601128,0.477731819354839,0.462238384119107
3,1.30743666239786,1.30738749497812,40.6,21.1225888524175,29,31,0.859820017377083,0.419429964626108,0.477731819354839,0.479863191397849
4,1.3092138015364,1.30917009640738,40.6,18.1935742323466,29,31,0.781445027108577,0.435079915972654,0.477731819354839,0.476107916845878
5,1.31510175998348,1.31514611027597,40.7,15.0418059181916,29,31,0.741587656481091,0.473152559593556,0.477731819354839,0.470946226728111
6,1.31510175998348,1.31514611027597,40.7,13.4465384178627,29,31,0.708236736338397,0.494137552712701,0.477731819354839,0.470946226728111
7,1.31510175998348,1.31514611027597,40.7,13.5337584022497,29,31,0.711676612146782,0.493425749502479,0.477731819354839,0.470946226728111
8,1.31374225391206,1.31385273915365,40.7,11.6871425210054,29,31,0.71748251031871,0.541455053110981,0.477731819354839,0.471946666666667
9,1.31714079310889,1.31717655804897,40.8,9.81991762106684,29,31,0.800597807089326,0.637787723406326,0.477731819354839,0.474534761290323
