"strata","dload.bi_kgd","dload.ub_kgd","tload_kglenS","degf","lenObs","lenStr","MSE_kglenS","Cl_kglenS","flowmu_m3s","flowav_m3s"
1,7.32521114992108,7.32521114992108,219.8,29,30,30,5153.01708614006,27.2630142616082,0.557124135939556,0.557124135939556
2,7.32521114992108,7.32521114992108,219.7,3.35366638389036,30,30,445.745048293831,34.5950709133588,0.557124135939556,0.557124135939556
3,7.32521114992108,7.32521114992108,219.7,3.30057530870926,30,30,442.335783838167,35.0147171913612,0.557124135939556,0.557124135939556
4,7.32521114992108,7.32521114992108,219.8,3.29693802764874,30,30,442.091950584136,35.0437425013202,0.557124135939556,0.557124135939556
5,7.32521114992108,7.32521114992108,219.8,3.29564674453466,30,30,442.005362927686,35.0540672080967,0.557124135939556,0.557124135939556
6,7.32521114992108,7.32521114992108,219.8,3.29564053250445,30,30,442.004946423131,35.0541169064308,0.557124135939556,0.557124135939556
7,7.32521114992108,7.32521114992108,219.8,3.29567392262058,30,30,442.007185836329,35.0538498038947,0.557124135939556,0.557124135939556
8,7.32521114992108,7.32521114992108,219.8,3.29665811878763,30,30,442.073196499998,35.0459802281048,0.557124135939556,0.557124135939556
9,7.32521114992108,7.32521114992108,219.8,3.31644865442585,30,30,443.860312260244,34.9071846558256,0.557124135939556,0.557124135939556
