"strata","dload.bi_kgd","dload.ub_kgd","tload_kglenS","degf","lenObs","lenStr","MSE_kglenS","Cl_kglenS","flowmu_m3s","flowav_m3s"
5,6.95511929278116,6.95450065415949,194.8,4.42646355757792,20,28,69.3873005199812,10.5872649803017,0.934373758514498,0.955375121523809
