"strata","dload.bi_kgd","dload.ub_kgd","tload_kglenS","degf","lenObs","lenStr","MSE_kglenS","Cl_kglenS","flowmu_m3s","flowav_m3s"
8,15.7884537032479,15.7884537032479,489.5,2.29094743099935,31,31,3408.19385878573,147.307783304353,0.803176801754839,0.803176801754839
