"strata","dload.bi_kgd","dload.ub_kgd","tload_kglenS","degf","lenObs","lenStr","MSE_kglenS","Cl_kglenS","flowmu_m3s","flowav_m3s"
8,23.2229357895019,23.2229357895019,720,3.0863336723962,31,31,22404.3788807116,266.907030447907,2.09407303225806,2.09407303225806
