"strata","dload.bi_kgd","dload.ub_kgd","tload_kglenS","degf","lenObs","lenStr","MSE_kglenS","Cl_kglenS","flowmu_m3s","flowav_m3s"
1,87.9590778746968,87.9590778746968,2726.7,30,31,31,18719.8375143941,51.0157282028823,2.96905027747097,2.96905027747097
2,87.9590778746968,87.9590778746968,2726.8,16.9208283745635,31,31,16838.3945314508,66.5792413180633,2.96905027747097,2.96905027747097
3,87.9590778746968,87.9590778746968,2726.8,12.226306403779,31,31,12895.331931794,70.6151266938294,2.96905027747097,2.96905027747097
4,87.9590778746968,87.9590778746968,2726.8,10.7810229968186,31,31,12035.7331504377,73.722613680148,2.96905027747097,2.96905027747097
5,87.9590778746968,87.9590778746968,2726.8,9.73872302900599,31,31,11396.4729201772,76.4994185530667,2.96905027747097,2.96905027747097
6,87.9590778746968,87.9590778746968,2726.8,9.26589399201257,31,31,11111.6037396016,77.9957650213898,2.96905027747097,2.96905027747097
7,87.9590778746968,87.9590778746968,2726.9,9.25118788597451,31,31,11102.7550653325,78.0449519450424,2.96905027747097,2.96905027747097
8,87.9590778746968,87.9590778746968,2726.9,9.53357795777245,31,31,11494.5480919455,77.8839531554732,2.96905027747097,2.96905027747097
9,87.9590778746968,87.9590778746968,2726.9,6.85053517629579,31,31,14908.9234434191,110.801848540617,2.96905027747097,2.96905027747097
