"strata","dload.bi_kgd","dload.ub_kgd","tload_kglenS","degf","lenObs","lenStr","MSE_kglenS","Cl_kglenS","flowmu_m3s","flowav_m3s"
7,0.983659863948387,0.983659863948387,30.5,9.20418196376888,31,31,2.08853210500015,1.07395011816605,0.178578529032258,0.178578529032258
