"strata","dload.bi_kgd","dload.ub_kgd","tload_kglenS","degf","lenObs","lenStr","MSE_kglenS","Cl_kglenS","flowmu_m3s","flowav_m3s"
1,16.3539638438861,16.3827834406469,507.9,26,27,31,11669.5864281687,43.5476535767999,0.652487408354925,0.637982550333432
2,16.6863341174869,16.7318035012764,518.7,18.0572536161208,27,31,10806.8908695622,51.3849310360903,0.652487408354925,0.646413799300029
3,16.6863341174869,16.7318035012764,518.7,18.0284524194403,27,31,10798.25670541,51.4112792226961,0.652487408354925,0.646413799300029
4,16.5558292781118,16.5989240494028,514.4,18.6897321152635,27,31,13825.9659420694,56.9913097105246,0.652487408354925,0.632425446108808
5,20.5351862514222,21.369569159941,662.5,2.19940649679029,27,31,15927.0763275865,336.10175743317,0.652487408354925,0.628737834161376
6,20.5351862514222,21.369569159941,662.5,2.19702279998941,27,31,15918.4421634343,336.501554489606,0.652487408354925,0.628737834161376
7,20.5351862514222,21.369569159941,662.5,2.19712548850372,27,31,15918.814217318,336.48430364166,0.652487408354925,0.628737834161376
8,20.5351862514222,21.369569159941,662.4,2.20078670087266,27,31,15932.2271090009,335.872501484311,0.652487408354925,0.628737834161376
