"strata","dload.bi_kgd","dload.ub_kgd","tload_kglenS","degf","lenObs","lenStr","MSE_kglenS","Cl_kglenS","flowmu_m3s","flowav_m3s"
6,393.090036473553,393.090036473553,11792.7,11.1504095532006,30,30,2281243.90438848,993.901400205873,7.40761352693333,7.40761352693333
