"strata","dload.bi_kgd","dload.ub_kgd","tload_kglenS","degf","lenObs","lenStr","MSE_kglenS","Cl_kglenS","flowmu_m3s","flowav_m3s"
6,116.626029804611,116.902395364226,3624,4.25805979585907,23,31,31051.1084077532,231.533866365826,4.71045400774194,4.74336848172043
