"strata","dload.bi_kgd","dload.ub_kgd","tload_kglenS","degf","lenObs","lenStr","MSE_kglenS","Cl_kglenS","flowmu_m3s","flowav_m3s"
1,5.03583196130216,5.03583196130216,156.1,30,31,31,723.668933173699,10.0305100467768,0.330255641341935,0.330255641341935
2,5.03583196130216,5.03583196130216,156.2,10.5468295102605,31,31,177.405461367252,9.07446918494628,0.330255641341935,0.330255641341935
3,5.03583196130216,5.03583196130216,156.2,4.88515206061808,31,31,66.3974261628519,9.54434398830598,0.330255641341935,0.330255641341935
4,5.03583196130216,5.03583196130216,156.1,3.87245247779933,31,31,58.6724086603325,10.9490360884118,0.330255641341935,0.330255641341935
5,5.03583196130216,5.03583196130216,156.1,3.61144687166637,31,31,56.6259926277545,11.4765915563925,0.330255641341935,0.330255641341935
6,5.03583196130216,5.03583196130216,156.1,3.28069492624662,31,31,54.1636511405473,12.3270867457187,0.330255641341935,0.330255641341935
7,5.03583196130216,5.03583196130216,156.1,3.263608495027,31,31,54.0239872346553,12.3760694288178,0.330255641341935,0.330255641341935
8,5.03583196130216,5.03583196130216,156.1,3.24992715563286,31,31,53.9103590734995,12.4155985044604,0.330255641341935,0.330255641341935
9,5.03583196130216,5.03583196130216,156.1,3.2693698455095,31,31,54.0748476832464,12.3599044177015,0.330255641341935,0.330255641341935
