"strata","dload.bi_kgd","dload.ub_kgd","tload_kglenS","degf","lenObs","lenStr","MSE_kglenS","Cl_kglenS","flowmu_m3s","flowav_m3s"
1,2.82926561609522,2.82926561609522,87.7,30,31,31,61.6921789341235,2.92865428129087,0.211549332129032,0.211549332129032
2,2.82926561609522,2.82926561609522,87.7,23.931469765169,31,31,50.1453200496621,2.98802813974642,0.211549332129032,0.211549332129032
3,2.82926561609522,2.82926561609522,87.7,19.7111111753487,31,31,44.5995959367241,3.14068817823914,0.211549332129032,0.211549332129032
4,2.82926561609522,2.82926561609522,87.7,17.2770951928544,31,31,41.5304898396561,3.26709939129418,0.211549332129032,0.211549332129032
5,2.82926561609522,2.82926561609522,87.7,14.8250663195265,31,31,39.7746347827533,3.494832532569,0.211549332129032,0.211549332129032
6,2.82926561609522,2.82926561609522,87.7,3.02557301685498,31,31,38.6176898345866,11.3155636893715,0.211549332129032,0.211549332129032
7,2.82926561609522,2.82926561609522,87.7,2.56942063206355,31,31,35.5485837375186,13.0426736375014,0.211549332129032,0.211549332129032
8,2.82926561609522,2.82926561609522,87.8,2.56708128316519,31,31,35.5326076688982,13.053895002576,0.211549332129032,0.211549332129032
9,2.82926561609522,2.82926561609522,87.9,2.56748669788527,31,31,35.5354315515387,13.0519582333669,0.211549332129032,0.211549332129032
