"strata","dload.bi_kgd","dload.ub_kgd","tload_kglenS","degf","lenObs","lenStr","MSE_kglenS","Cl_kglenS","flowmu_m3s","flowav_m3s"
4,12.9285306946881,12.9295160230956,400.8,3.22494934077311,23,31,1153.08092180897,57.8705480479195,0.437540232258064,0.443851307917889
