"strata","dload.bi_kgd","dload.ub_kgd","tload_kglenS","degf","lenObs","lenStr","MSE_kglenS","Cl_kglenS","flowmu_m3s","flowav_m3s"
9,332.401867901998,337.718420671448,10131.5,3.91666375967649,29,30,3834221.77165207,2770.2748720875,3.4907110448,3.41376171395556
