"strata","dload.bi_kgd","dload.ub_kgd","tload_kglenS","degf","lenObs","lenStr","MSE_kglenS","Cl_kglenS","flowmu_m3s","flowav_m3s"
7,6.68074355193129,6.68074355193129,207.2,3.18282945464456,31,31,145.305248918173,20.8206492176565,0.48842217255914,0.48842217255914
