"strata","dload.bi_kgd","dload.ub_kgd","tload_kglenS","degf","lenObs","lenStr","MSE_kglenS","Cl_kglenS","flowmu_m3s","flowav_m3s"
1,11.3803036512739,11.3803036512739,318.6,27,28,28,2554.79629296158,19.9589523479068,1.61225796622857,1.61225796622857
2,11.3803036512739,11.3803036512739,318.6,4.06539875622238,28,28,1839.12619254041,58.6804099504715,1.61225796622857,1.61225796622857
3,11.3803036512739,11.3803036512739,318.7,3.50363464480103,28,28,1705.36550530881,64.8335857440461,1.61225796622857,1.61225796622857
4,11.3803036512739,11.3803036512739,318.7,3.29634454307979,28,28,1653.82661922405,67.791852395166,1.61225796622857,1.61225796622857
5,11.3803036512739,11.3803036512739,318.6,3.18278339388079,28,28,1624.80364653668,69.6242450262723,1.61225796622857,1.61225796622857
6,11.3803036512739,11.3803036512739,318.6,3.16482287236082,28,28,1620.20709991674,69.9307895446949,1.61225796622857,1.61225796622857
7,11.3803036512739,11.3803036512739,318.7,3.14720711692593,28,28,1615.68465444042,70.2359111438085,1.61225796622857,1.61225796622857
8,11.3803036512739,11.3803036512739,318.6,3.14030884145624,28,28,1613.97352655104,70.3580098983185,1.61225796622857,1.61225796622857
