"strata","dload.bi_kgd","dload.ub_kgd","tload_kglenS","degf","lenObs","lenStr","MSE_kglenS","Cl_kglenS","flowmu_m3s","flowav_m3s"
1,2.20217693773096,2.24262006993199,69.5,13,14,31,80.5486994655935,5.37756239247088,0.124492428928215,0.18494578552381
2,1.85186445823689,1.85467398051071,57.5,8.27726710286571,14,31,4.52523272652694,1.69515913378628,0.124492428928215,0.126910721410753
3,1.81042138369736,1.8110296846664,56.2,3.91265174930698,14,31,0.725351826789044,1.20603918614707,0.124492428928215,0.120967162107527
4,1.78085655556445,1.78131671803633,55.3,3.84373249299797,14,31,0.737974476850968,1.23631528937937,0.124492428928215,0.111682372645161
