"strata","dload.bi_kgd","dload.ub_kgd","tload_kglenS","degf","lenObs","lenStr","MSE_kglenS","Cl_kglenS","flowmu_m3s","flowav_m3s"
8,2.6733244104353,2.6733244104353,80.2,3.25228697880906,30,30,27.7613647460663,8.90293717937082,0.385903615744,0.385903615744
