"strata","dload.bi_kgd","dload.ub_kgd","tload_kglenS","degf","lenObs","lenStr","MSE_kglenS","Cl_kglenS","flowmu_m3s","flowav_m3s"
1,14.9891741170056,14.9891741170056,449.7,29,30,30,6418.5923416438,30.4272691620407,1.60253014535111,1.60253014535111
2,14.9891741170056,14.9891741170056,449.7,9.55249879743601,30,30,3739.58807523547,44.3670384593744,1.60253014535111,1.60253014535111
3,14.9891741170056,14.9891741170056,449.7,2.55885148147365,30,30,1255.6169439705,77.8965954032592,1.60253014535111,1.60253014535111
4,14.9891741170056,14.9891741170056,449.8,2.20865052150106,30,30,1165.95358899795,90.4266352031343,1.60253014535111,1.60253014535111
5,14.9891741170056,14.9891741170056,449.8,2.17456914086669,30,30,1156.87793365266,91.9846291989403,1.60253014535111,1.60253014535111
6,14.9891741170056,14.9891741170056,449.7,2.1601060135499,30,30,1153.0204870955,92.6697209230119,1.60253014535111,1.60253014535111
7,14.9891741170056,14.9891741170056,449.7,2.1471658012011,30,30,1149.5588259143,93.295001177481,1.60253014535111,1.60253014535111
8,14.9891741170056,14.9891741170056,449.7,2.1475358257457,30,30,1149.66276001777,93.2771516773721,1.60253014535111,1.60253014535111
9,14.9891741170056,14.9891741170056,449.8,2.1591845418593,30,30,1152.78615856607,92.714334448148,1.60253014535111,1.60253014535111
