"strata","dload.bi_kgd","dload.ub_kgd","tload_kglenS","degf","lenObs","lenStr","MSE_kglenS","Cl_kglenS","flowmu_m3s","flowav_m3s"
1,143.44906935635,143.44906935635,4303.5,29,30,30,260958.872621464,194.012232558573,3.44149886276693,3.44149886276693
2,143.44906935635,143.44906935635,4303.5,9.35637067246444,30,30,238514.072744725,359.095771396595,3.44149886276693,3.44149886276693
3,143.44906935635,143.44906935635,4303.5,7.80099670052277,30,30,126558.035724186,295.026886204182,3.44149886276693,3.44149886276693
4,143.44906935635,143.44906935635,4303.5,4.77655222249777,30,30,81953.4782819464,341.504710707509,3.44149886276693,3.44149886276693
5,143.44906935635,143.44906935635,4303.5,4.57152173128299,30,30,80171.1221625993,350.240342315222,3.44149886276693,3.44149886276693
6,143.44906935635,143.44906935635,4303.6,4.36344715135686,30,30,78301.1588632247,360.022820733792,3.44149886276693,3.44149886276693
7,143.44906935635,143.44906935635,4303.4,4.34431443251989,30,30,78129.1129864125,360.981578760953,3.44149886276693,3.44149886276693
8,143.44906935635,143.44906935635,4303.5,4.34436463397285,30,30,78129.5644352302,360.979049207777,3.44149886276693,3.44149886276693
9,143.44906935635,143.44906935635,4303.5,4.39746595410309,30,30,78610.3675675406,358.351607263511,3.44149886276693,3.44149886276693
