"strata","dload.bi_kgd","dload.ub_kgd","tload_kglenS","degf","lenObs","lenStr","MSE_kglenS","Cl_kglenS","flowmu_m3s","flowav_m3s"
5,0.266597759586846,0.26679940371606,8.3,7.2097456816645,21,31,0.0227515689909997,0.132054188000764,0.124555098580645,0.0856826785376344
