"strata","dload.bi_kgd","dload.ub_kgd","tload_kglenS","degf","lenObs","lenStr","MSE_kglenS","Cl_kglenS","flowmu_m3s","flowav_m3s"
1,153.703159253884,153.703159253884,4764.8,30,31,31,1242894.76805886,415.690627560433,4.45852583225806,4.45852583225806
2,153.703159253884,153.703159253884,4764.8,11.2787919120009,31,31,694414.076866539,544.486304830847,4.45852583225806,4.45852583225806
3,153.703159253884,153.703159253884,4764.8,2.64192105603702,31,31,348830.978883167,1250.3311580428,4.45852583225806,4.45852583225806
4,153.703159253884,153.703159253884,4764.7,2.3996362677887,31,31,332391.2990151,1371.08053210343,4.45852583225806,4.45852583225806
5,153.703159253884,153.703159253884,4764.7,2.38002502432056,31,31,331032.192463218,1382.48089495666,4.45852583225806,4.45852583225806
6,153.703159253884,153.703159253884,4764.7,2.37413309235703,31,31,330622.077230226,1385.95969422606,4.45852583225806,4.45852583225806
7,153.703159253884,153.703159253884,4764.7,2.3733313635669,31,31,330566.25254194,1386.43510640656,4.45852583225806,4.45852583225806
8,153.703159253884,153.703159253884,4764.7,2.37206757654779,31,31,330784.767154176,1387.82867626936,4.45852583225806,4.45852583225806
9,153.703159253884,153.703159253884,4764.7,2.37126693929348,31,31,330728.94246589,1388.30490286504,4.45852583225806,4.45852583225806
