"strata","dload.bi_kgd","dload.ub_kgd","tload_kglenS","degf","lenObs","lenStr","MSE_kglenS","Cl_kglenS","flowmu_m3s","flowav_m3s"
1,64.095827556511,64.3296131462309,1994.2,26,27,31,193027.201033965,177.111305241924,3.15214701075269,3.31341519012346
2,61.9787549777049,62.029430186855,1923,9.97239388047795,27,31,94994.5998044412,217.547944642326,3.15214701075269,3.20942963757782
3,61.9787549777049,62.029430186855,1923,7.01248728887383,27,31,32629.9598327537,161.241790772156,3.15214701075269,3.20942963757782
4,61.1718807429166,61.2298664054417,1898.2,5.93062966618669,27,31,29639.8929423015,173.475780587416,3.15214701075269,3.19376966193548
5,61.1718807429166,61.2298664054417,1898.2,3.76104137070349,27,31,23053.6646935245,222.929275915022,3.15214701075269,3.19376966193548
6,61.1742392950164,61.2605829164032,1899.1,3.06596724849979,27,31,20955.3981056301,259.92900570741,3.15214701075269,3.18743064249872
7,61.0773073670167,61.1601490306501,1896,3.05756861940744,27,31,20926.6501851269,260.500739647457,3.15214701075269,3.175490609319
8,61.1206324900406,61.2089617974752,1897.5,3.46853377234068,27,31,22438.787940034,237.478021384128,3.15214701075269,3.15950531899642
