"strata","dload.bi_kgd","dload.ub_kgd","tload_kglenS","degf","lenObs","lenStr","MSE_kglenS","Cl_kglenS","flowmu_m3s","flowav_m3s"
1,8.73589465248584,8.73589465248584,262.1,29,30,30,278.748503135679,6.34087733036942,0.738134497546667,0.738134497546667
2,8.73589465248584,8.73589465248584,262,23.7635117217284,30,30,180.952382828568,5.6982822924616,0.738134497546667,0.738134497546667
3,8.73589465248584,8.73589465248584,262.1,18.8058995728755,30,30,158.611121491763,6.08271488288078,0.738134497546667,0.738134497546667
4,8.73589465248584,8.73589465248584,262,9.68174780880673,30,30,83.4178259354601,6.56951546151553,0.738134497546667,0.738134497546667
5,8.73589465248584,8.73589465248584,262,5.49202939829581,30,30,29.3161560320306,5.78254638605473,0.738134497546667,0.738134497546667
6,8.73589465248584,8.73589465248584,262.1,4.84391032917949,30,30,27.3965207948138,6.1731058266783,0.738134497546667,0.738134497546667
7,8.73589465248584,8.73589465248584,262.2,4.63663978151629,30,30,26.7987057736413,6.32852316926645,0.738134497546667,0.738134497546667
8,8.73589465248584,8.73589465248584,262.2,4.61606321576233,30,30,26.7389795738907,6.3448530394692,0.738134497546667,0.738134497546667
9,8.73589465248584,8.73589465248584,262.2,4.60306640882729,30,30,26.701261480713,6.3552618735543,0.738134497546667,0.738134497546667
