"strata","dload.bi_kgd","dload.ub_kgd","tload_kglenS","degf","lenObs","lenStr","MSE_kglenS","Cl_kglenS","flowmu_m3s","flowav_m3s"
5,42.5191115529818,42.5236184784421,1190.7,9.18016038455622,25,28,2522.09511102089,37.3835627252907,3.29043744285714,3.26119360476191
