"strata","dload.bi_kgd","dload.ub_kgd","tload_kglenS","degf","lenObs","lenStr","MSE_kglenS","Cl_kglenS","flowmu_m3s","flowav_m3s"
1,26.2440175608026,26.2440175608026,813.6,30,31,31,17910.1194246379,49.9002008474687,1.04921532642409,1.04921532642409
2,26.2440175608026,26.2440175608026,813.6,4.22196989830628,31,31,11451.829900342,141.650794375217,1.04921532642409,1.04921532642409
3,26.2440175608026,26.2440175608026,813.6,5.58145387281719,31,31,4193.48693581371,68.3088654344842,1.04921532642409,1.04921532642409
4,26.2440175608026,26.2440175608026,813.6,5.41520615291007,31,31,4130.48112861939,69.3879917848319,1.04921532642409,1.04921532642409
5,26.2440175608026,26.2440175608026,813.5,5.18293082816778,31,31,4040.43443153796,71.0171709589265,1.04921532642409,1.04921532642409
6,26.2440175608026,26.2440175608026,813.5,5.07015805506834,31,31,3996.07888645374,71.8675179478489,1.04921532642409,1.04921532642409
7,26.2440175608026,26.2440175608026,813.6,5.01904484524838,31,31,3975.80193890073,72.2666278847202,1.04921532642409,1.04921532642409
8,26.2440175608026,26.2440175608026,813.6,5.0190339075346,31,31,3975.79760693714,72.2667144113073,1.04921532642409,1.04921532642409
9,26.2440175608026,26.2440175608026,813.6,5.01973279907587,31,31,3976.07836348885,72.2612224489441,1.04921532642409,1.04921532642409
