"strata","dload.bi_kgd","dload.ub_kgd","tload_kglenS","degf","lenObs","lenStr","MSE_kglenS","Cl_kglenS","flowmu_m3s","flowav_m3s"
1,54.94533852521,54.94533852521,1703.3,30,31,31,119335.461250144,128.806509287767,3.11563965247312,3.11563965247312
2,54.94533852521,54.94533852521,1703.3,6.09786526838252,31,31,36600.675575624,188.836836800876,3.11563965247312,3.11563965247312
3,54.94533852521,54.94533852521,1703.3,3.28147364723867,31,31,15773.5652693626,210.313832392672,3.11563965247312,3.11563965247312
4,54.94533852521,54.94533852521,1703.3,2.39354807928145,31,31,13474.1449810359,276.932761973607,3.11563965247312,3.11563965247312
5,54.94533852521,54.94533852521,1703.3,2.35235898181061,31,31,13357.614178319,281.85803436362,3.11563965247312,3.11563965247312
6,54.94533852521,54.94533852521,1703.3,2.34841298567897,31,31,13346.4073729324,282.343664612549,3.11563965247312,3.11563965247312
7,54.94533852521,54.94533852521,1703.3,2.34771537070025,31,31,13344.4318801432,282.429846781813,3.11563965247312,3.11563965247312
8,54.94533852521,54.94533852521,1703.3,2.34749009050647,31,31,13343.7916042246,282.457669992287,3.11563965247312,3.11563965247312
9,54.94533852521,54.94533852521,1703.3,2.34752479965734,31,31,13343.8902610931,282.453382790176,3.11563965247312,3.11563965247312
