"strata","dload.bi_kgd","dload.ub_kgd","tload_kglenS","degf","lenObs","lenStr","MSE_kglenS","Cl_kglenS","flowmu_m3s","flowav_m3s"
1,17.13884514048,17.13884514048,514.2,29,30,30,2119.77479672111,17.4858980378674,1.64567802666667,1.64567802666667
2,17.13884514048,17.13884514048,514.1,24.0374748134285,30,30,1930.69070037583,18.4954307820247,1.64567802666667,1.64567802666667
3,17.13884514048,17.13884514048,514.2,18.9115548979633,30,30,1529.17541605157,18.8268101817361,1.64567802666667,1.64567802666667
4,17.13884514048,17.13884514048,514.2,12.9522555390198,30,30,1169.23454412841,20.5337724818922,1.64567802666667,1.64567802666667
5,17.13884514048,17.13884514048,514.1,9.47623908154632,30,30,947.979235498094,22.4536605581373,1.64567802666667,1.64567802666667
6,17.13884514048,17.13884514048,514.2,6.30817457501641,30,30,688.705751448745,25.2674692513383,1.64567802666667,1.64567802666667
7,17.13884514048,17.13884514048,514.1,6.02794982472392,30,30,672.941745293094,25.8246421856049,1.64567802666667,1.64567802666667
8,17.13884514048,17.13884514048,514.1,6.00134241985536,30,30,671.430044205609,25.8803984362834,1.64567802666667,1.64567802666667
9,17.13884514048,17.13884514048,514.1,7.32739313412015,30,30,769.792415765366,24.0189320420689,1.64567802666667,1.64567802666667
