"strata","dload.bi_kgd","dload.ub_kgd","tload_kglenS","degf","lenObs","lenStr","MSE_kglenS","Cl_kglenS","flowmu_m3s","flowav_m3s"
1,4.37204507062456,4.37204507062456,135.5,30,31,31,2536.40748672778,18.7785721019444,0.332708150255484,0.332708150255484
2,4.37204507062456,4.37204507062456,135.5,26.1862267418123,31,31,2496.11442093374,20.0617672862368,0.332708150255484,0.332708150255484
3,4.37204507062456,4.37204507062456,135.6,2.1893184889257,31,31,2005.77641425332,120.015113377297,0.332708150255484,0.332708150255484
4,4.37204507062456,4.37204507062456,135.5,2.11875831181993,31,31,1973.14044099082,124.496430289843,0.332708150255484,0.332708150255484
5,4.37204507062456,4.37204507062456,135.4,2.09295830940187,31,31,1961.04986748298,126.254567305623,0.332708150255484,0.332708150255484
6,4.37204507062456,4.37204507062456,135.4,2.05443226261347,31,31,1942.87310038908,129.012702141411,0.332708150255484,0.332708150255484
7,4.37204507062456,4.37204507062456,135.4,2.05324654168032,31,31,1942.31695462995,129.100426667373,0.332708150255484,0.332708150255484
8,4.37204507062456,4.37204507062456,135.4,2.05244214494518,31,31,1941.93643565114,129.15992767761,0.332708150255484,0.332708150255484
9,4.37204507062456,4.37204507062456,135.4,2.05244647793398,31,31,1941.93848613888,129.159606985942,0.332708150255484,0.332708150255484
