"strata","dload.bi_kgd","dload.ub_kgd","tload_kglenS","degf","lenObs","lenStr","MSE_kglenS","Cl_kglenS","flowmu_m3s","flowav_m3s"
9,139.008701660275,139.280923780677,4317.7,8.29127060106885,29,31,33554.0630067647,145.805087439535,5.01916345686021,5.25809330769892
