"strata","dload.bi_kgd","dload.ub_kgd","tload_kglenS","degf","lenObs","lenStr","MSE_kglenS","Cl_kglenS","flowmu_m3s","flowav_m3s"
9,147.879522598442,147.879522598442,4584.2,6.53706081742223,31,31,23776.0906240798,144.68012218216,2.73090042506753,2.73090042506753
