"strata","dload.bi_kgd","dload.ub_kgd","tload_kglenS","degf","lenObs","lenStr","MSE_kglenS","Cl_kglenS","flowmu_m3s","flowav_m3s"
8,37.1694670128235,37.1694670128235,1115,5.02714441464586,30,30,10960.7544019415,119.835647957587,1.18290691563022,1.18290691563022
