"strata","dload.bi_kgd","dload.ub_kgd","tload_kglenS","degf","lenObs","lenStr","MSE_kglenS","Cl_kglenS","flowmu_m3s","flowav_m3s"
9,74.8764155067643,74.8764155067643,2321.2,3.89515264671445,31,31,17807.7030209896,189.738517141526,2.32842186426839,2.32842186426839
