"strata","dload.bi_kgd","dload.ub_kgd","tload_kglenS","degf","lenObs","lenStr","MSE_kglenS","Cl_kglenS","flowmu_m3s","flowav_m3s"
1,267.125406655265,267.125406655265,7479.5,27,28,28,195041.027017707,174.390406572504,14.1154809678705,14.1154809678705
2,267.125406655265,267.125406655265,7479.6,9.78580626091555,28,28,95800.8147221576,221.11519961545,14.1154809678705,14.1154809678705
3,267.125406655265,267.125406655265,7479.6,7.31736998478596,28,28,83893.2697150524,250.981740353583,14.1154809678705,14.1154809678705
4,267.125406655265,267.125406655265,7479.5,4.98826599516058,28,28,64632.7325962815,292.812920769627,14.1154809678705,14.1154809678705
5,267.125406655265,267.125406655265,7479.5,3.45159467555815,28,28,53370.267848978,367.993907966118,14.1154809678705,14.1154809678705
6,267.125406655265,267.125406655265,7479.6,3.37728146878149,28,28,52791.6393308943,373.886315248336,14.1154809678705,14.1154809678705
7,267.125406655265,267.125406655265,7479.5,3.3770172094672,28,28,52789.5737838623,373.907874271895,14.1154809678705,14.1154809678705
8,267.125406655265,267.125406655265,7479.5,3.37678543432515,28,28,52787.7626203735,373.926788631049,14.1154809678705,14.1154809678705
