"strata","dload.bi_kgd","dload.ub_kgd","tload_kglenS","degf","lenObs","lenStr","MSE_kglenS","Cl_kglenS","flowmu_m3s","flowav_m3s"
1,139.846698443796,139.846698443796,4195.4,29,30,30,309847.621044333,211.405928690403,6.19469014257778,6.19469014257778
2,139.846698443796,139.846698443796,4195.4,12.6255876544888,30,30,161941.124199367,245.409569216268,6.19469014257778,6.19469014257778
3,139.846698443796,139.846698443796,4195.5,9.77868653849998,30,30,141850.168542518,269.185011217063,6.19469014257778,6.19469014257778
4,139.846698443796,139.846698443796,4195.5,5.01969839257969,30,30,107714.094978828,376.11138914297,6.19469014257778,6.19469014257778
5,139.846698443796,139.846698443796,4195.5,4.78671334125669,30,30,88754.1713115809,354.775054382544,6.19469014257778,6.19469014257778
6,139.846698443796,139.846698443796,4195.5,3.95710110382705,30,30,80874.6392753199,398.62620139608,6.19469014257778,6.19469014257778
7,139.846698443796,139.846698443796,4195.4,3.86496610338687,30,30,79924.6453264134,404.822712016167,6.19469014257778,6.19469014257778
8,139.846698443796,139.846698443796,4195.4,3.85031502231602,30,30,79772.9512138982,405.842309171999,6.19469014257778,6.19469014257778
9,139.846698443796,139.846698443796,4195.4,3.85038563385382,30,30,79773.6838388898,405.837374660466,6.19469014257778,6.19469014257778
