"strata","dload.bi_kgd","dload.ub_kgd","tload_kglenS","degf","lenObs","lenStr","MSE_kglenS","Cl_kglenS","flowmu_m3s","flowav_m3s"
1,36.7661162072107,36.8943222040972,1143.7,28,29,31,100369.137725284,122.64147418801,1.26792733221677,1.30728793777655
2,37.3666425295688,37.9654230894482,1177,3.84294074716738,29,31,43957.5107721017,301.79143951164,1.26792733221677,1.38352955607777
3,37.323647406901,37.9000162662162,1174.9,2.40959227849835,29,31,34719.3468075022,440.830388169707,1.26792733221677,1.37217299411967
4,37.3341909853402,37.9122976973322,1175.4,2.38879078259248,29,31,34569.019182351,444.686904326523,1.26792733221677,1.37284693495254
5,37.3120783311141,37.885700045807,1174.5,2.35211376947507,29,31,34302.4020232755,451.737288977483,1.26792733221677,1.36559718947106
6,37.3120783311141,37.885700045807,1174.5,2.35063411593495,29,31,34291.6095841438,452.028723933498,1.26792733221677,1.36559718947106
7,37.3044388321644,37.8773882581316,1174.1,2.34964002404992,29,31,34284.3571427005,452.22483422306,1.26792733221677,1.36079865264906
8,37.3066353676035,37.8803059835994,1174.2,2.35000310357007,29,31,34287.0064526754,452.153180216779,1.26792733221677,1.35806177781743
9,37.3252604875232,37.9051928566619,1175,2.35042827996995,29,31,34290.1113159742,452.069331574577,1.26792733221677,1.35760716051039
