"strata","dload.bi_kgd","dload.ub_kgd","tload_kglenS","degf","lenObs","lenStr","MSE_kglenS","Cl_kglenS","flowmu_m3s","flowav_m3s"
6,320.570100662057,320.570100662057,8976,12.4237968625727,28,28,288751.758719604,330.913576195739,12.7722252190476,12.7722252190476
