"strata","dload.bi_kgd","dload.ub_kgd","tload_kglenS","degf","lenObs","lenStr","MSE_kglenS","Cl_kglenS","flowmu_m3s","flowav_m3s"
8,12.4082757914632,12.4082757914632,384.7,6.53154086641424,31,31,286.259693614673,15.8848349034333,0.462431612903226,0.462431612903226
