"strata","dload.bi_kgd","dload.ub_kgd","tload_kglenS","degf","lenObs","lenStr","MSE_kglenS","Cl_kglenS","flowmu_m3s","flowav_m3s"
1,220.715857468443,220.715857468443,6180,27,28,28,2910418.45198874,673.654662858118,6.9128467219619,6.9128467219619
2,220.715857468443,220.715857468443,6180,2.06799597257252,28,28,842006.885157717,2660.76818111862,6.9128467219619,6.9128467219619
3,220.715857468443,220.715857468443,6180.1,2.01098386104337,28,28,830311.01563904,2750.30731464981,6.9128467219619,6.9128467219619
4,220.715857468443,220.715857468443,6180.1,2.00960856291394,28,28,830027.029496812,2752.56953580167,6.9128467219619,6.9128467219619
5,220.715857468443,220.715857468443,6180.1,2.0094201315466,28,28,829988.115828259,2752.8798824087,6.9128467219619,6.9128467219619
6,220.715857468443,220.715857468443,6180.1,2.00908031842921,28,28,829917.93558852,2753.43979446513,6.9128467219619,6.9128467219619
7,220.715857468443,220.715857468443,6180.1,2.00897431207853,28,28,829896.040100316,2753.61452265679,6.9128467219619,6.9128467219619
8,220.715857468443,220.715857468443,6180,2.00913331365894,28,28,829928.885169427,2753.35246081387,6.9128467219619,6.9128467219619
