"strata","dload.bi_kgd","dload.ub_kgd","tload_kglenS","degf","lenObs","lenStr","MSE_kglenS","Cl_kglenS","flowmu_m3s","flowav_m3s"
8,43.6405428852203,44.7433432961403,1387.1,2.00149898092896,29,31,68967.9593337468,798.124502364509,1.95645353158793,1.64524211033692
