"strata","dload.bi_kgd","dload.ub_kgd","tload_kglenS","degf","lenObs","lenStr","MSE_kglenS","Cl_kglenS","flowmu_m3s","flowav_m3s"
6,289.27476871565,289.27476871565,8967.5,6.200904410701,31,31,253867.550124148,491.239198951631,10.5266469326624,10.5266469326624
