"strata","dload.bi_kgd","dload.ub_kgd","tload_kglenS","degf","lenObs","lenStr","MSE_kglenS","Cl_kglenS","flowmu_m3s","flowav_m3s"
1,72.509191829201,72.5975881914366,2250.5,29,30,31,165357.535856357,154.438322407564,2.66962569393548,2.35502645191111
2,75.766689092177,76.2666567060587,2364.2,3.93443652273609,30,31,59351.9120517223,343.261303751271,2.66962569393548,2.56012729255054
3,75.766689092177,76.2666567060587,2364.2,3.42140752615526,30,31,55345.9393672704,377.971117673893,2.66962569393548,2.56012729255054
4,75.766689092177,76.2666567060587,2364.2,3.38557458469726,30,31,55058.824478412,380.908018993852,2.66962569393548,2.56012729255054
5,75.766689092177,76.2666567060587,2364.2,3.380840015243,30,31,55020.3082325455,381.300428636606,2.66962569393548,2.56012729255054
6,75.766689092177,76.2666567060587,2364.3,3.37996804985726,30,31,55013.2114980731,381.372851669528,2.66962569393548,2.56012729255054
7,75.766689092177,76.2666567060587,2364.3,3.37921424100907,30,31,55007.0764094626,381.435502159605,2.66962569393548,2.56012729255054
8,75.766689092177,76.2666567060587,2364.2,3.37915557925322,30,31,55006.598954711,381.44037918744,2.66962569393548,2.56012729255054
9,75.766689092177,76.2666567060587,2364.1,3.37911325601523,30,31,55006.2544789593,381.44389799844,2.66962569393548,2.56012729255054
