"strata","dload.bi_kgd","dload.ub_kgd","tload_kglenS","degf","lenObs","lenStr","MSE_kglenS","Cl_kglenS","flowmu_m3s","flowav_m3s"
9,43.338018742049,43.338018742049,1343.5,2.14377733164579,31,31,37015.3302870826,530.54942445078,1.10975975053763,1.10975975053763
