"strata","dload.bi_kgd","dload.ub_kgd","tload_kglenS","degf","lenObs","lenStr","MSE_kglenS","Cl_kglenS","flowmu_m3s","flowav_m3s"
1,210.677643382677,210.677643382677,5899,27,28,28,190580.84167832,172.384900663522,9.50866648727619,9.50866648727619
2,210.677643382677,210.677643382677,5898.9,25.8280156756628,28,28,97876.6843005838,126.578100220592,9.50866648727619,9.50866648727619
3,210.677643382677,210.677643382677,5899,17.6916451045167,28,28,74257.172298734,136.281814021248,9.50866648727619,9.50866648727619
4,210.677643382677,210.677643382677,5899,11.8182682741659,28,28,49600.2238991861,141.392385611702,9.50866648727619,9.50866648727619
5,210.677643382677,210.677643382677,5899,9.71034684661358,28,28,43901.8285148965,150.42673582673,9.50866648727619,9.50866648727619
6,210.677643382677,210.677643382677,5899,8.42277595862313,28,28,40585.9995472269,158.686078567776,9.50866648727619,9.50866648727619
7,210.677643382677,210.677643382677,5899,7.73240510804997,28,28,38750.5536593492,164.234303367677,9.50866648727619,9.50866648727619
8,210.677643382677,210.677643382677,5899,7.73063127815956,28,28,38746.1169585517,164.25055959449,9.50866648727619,9.50866648727619
