"strata","dload.bi_kgd","dload.ub_kgd","tload_kglenS","degf","lenObs","lenStr","MSE_kglenS","Cl_kglenS","flowmu_m3s","flowav_m3s"
1,80.7376658186323,80.7376658186323,2502.9,30,31,31,218216.636051272,174.179476553578,2.43486419784946,2.43486419784946
2,80.7376658186323,80.7376658186323,2502.9,12.8981480865497,31,31,75994.7096944354,165.960449117171,2.43486419784946,2.43486419784946
3,80.7376658186323,80.7376658186323,2502.9,7.44385012872614,31,31,47470.3942607302,186.572954638418,2.43486419784946,2.43486419784946
4,80.7376658186323,80.7376658186323,2502.9,4.10986731401545,31,31,34780.7182133336,252.743490194358,2.43486419784946,2.43486419784946
5,80.7376658186323,80.7376658186323,2502.9,2.82049190712615,31,31,28247.9419670076,330.267166913542,2.43486419784946,2.43486419784946
6,80.7376658186323,80.7376658186323,2502.8,2.81497468023342,31,31,28220.2944873015,330.82567720855,2.43486419784946,2.43486419784946
7,80.7376658186323,80.7376658186323,2502.8,2.8148244480687,31,31,28219.5426974979,330.840936082641,2.43486419784946,2.43486419784946
8,80.7376658186323,80.7376658186323,2502.9,2.81311827220287,31,31,28210.986756702,331.014291971617,2.43486419784946,2.43486419784946
9,80.7376658186323,80.7376658186323,2502.9,2.81271197366596,31,31,28208.9493710094,331.055619649565,2.43486419784946,2.43486419784946
