"strata","dload.bi_kgd","dload.ub_kgd","tload_kglenS","degf","lenObs","lenStr","MSE_kglenS","Cl_kglenS","flowmu_m3s","flowav_m3s"
5,632.52469184751,633.095324168242,19626,7.33943064496411,24,31,665624.241427931,705.485351713761,14.7048700901505,14.4257527119713
