"strata","dload.bi_kgd","dload.ub_kgd","tload_kglenS","degf","lenObs","lenStr","MSE_kglenS","Cl_kglenS","flowmu_m3s","flowav_m3s"
7,14.2208327039432,14.2208327039432,426.5,5.44762422914277,30,30,282.362702392582,18.0586421904065,0.541889162666667,0.541889162666667
