"strata","dload.bi_kgd","dload.ub_kgd","tload_kglenS","degf","lenObs","lenStr","MSE_kglenS","Cl_kglenS","flowmu_m3s","flowav_m3s"
6,5.39856393984,5.39856393984,162,2.71816133079142,30,30,113.764694858136,21.8506128458851,0.21662352,0.21662352
