"strata","dload.bi_kgd","dload.ub_kgd","tload_kglenS","degf","lenObs","lenStr","MSE_kglenS","Cl_kglenS","flowmu_m3s","flowav_m3s"
1,139.347985663697,139.487213944827,4324.1,28,29,31,178798.407239887,163.688846594208,5.01916345686022,5.20452205885057
2,139.893777629886,140.034956638877,4341.1,15.7618454372631,29,31,89081.2065305134,159.565709580337,5.01916345686021,5.37923116987097
3,138.913092920785,139.082415096578,4311.5,12.3079916295105,29,31,70080.2245101683,163.953289632709,5.01916345686022,5.13231190898925
4,139.052775514113,139.200559139964,4315.2,11.6394346212973,29,31,48279.0111663044,140.808027738841,5.01916345686022,5.16125898615054
5,138.913092920785,139.082415096578,4311.6,9.78419880888732,29,31,35527.4191626882,134.667068160968,5.01916345686021,5.13231190898925
6,138.913092920785,139.082415096578,4311.6,8.94976384427788,29,31,33947.767631439,139.442230586676,5.01916345686021,5.13231190898925
7,139.008701660275,139.280923780677,4317.7,8.30719356965658,29,31,33586.2896071391,145.6885353791,5.01916345686021,5.25809330769892
8,139.008701660275,139.280923780677,4317.7,8.29153608749239,29,31,33554.5999934678,145.80313944318,5.01916345686021,5.25809330769892
9,139.008701660275,139.280923780677,4317.7,8.29127060106885,29,31,33554.0630067647,145.805087439535,5.01916345686021,5.25809330769892
