"strata","dload.bi_kgd","dload.ub_kgd","tload_kglenS","degf","lenObs","lenStr","MSE_kglenS","Cl_kglenS","flowmu_m3s","flowav_m3s"
6,100.210515051845,100.210515051845,3006.2,5.08306040827985,30,30,47425.1513161688,247.082557255538,2.29266662861511,2.29266662861511
