"strata","dload.bi_kgd","dload.ub_kgd","tload_kglenS","degf","lenObs","lenStr","MSE_kglenS","Cl_kglenS","flowmu_m3s","flowav_m3s"
1,419.997342626358,419.997342626358,12599.9,29,30,30,3705264.5908932,731.059445321471,9.40209632284444,9.40209632284444
2,419.997342626358,419.997342626358,12600,7.71805132372928,30,30,1873934.07954545,1143.54084973932,9.40209632284444,9.40209632284444
3,419.997342626358,419.997342626358,12600,16.2373769093421,30,30,779549.694975298,463.943068032816,9.40209632284444,9.40209632284444
4,419.997342626358,419.997342626358,12600,6.88374407943986,30,30,435200.537972581,596.599961346922,9.40209632284444,9.40209632284444
5,419.997342626358,419.997342626358,12600,5.05881919100687,30,30,372346.684520898,694.965979865347,9.40209632284444,9.40209632284444
6,419.997342626358,419.997342626358,12600,4.02539396600087,30,30,323510.14951718,785.143697515871,9.40209632284444,9.40209632284444
7,419.997342626358,419.997342626358,12600,3.62961360371082,30,30,306758.710957518,840.700749039926,9.40209632284444,9.40209632284444
8,419.997342626358,419.997342626358,12600,3.62729816465615,30,30,306661.682615786,841.074842700622,9.40209632284444,9.40209632284444
9,419.997342626358,419.997342626358,12600,3.62227797374576,30,30,306449.746586388,841.885975421812,9.40209632284444,9.40209632284444
