"strata","dload.bi_kgd","dload.ub_kgd","tload_kglenS","degf","lenObs","lenStr","MSE_kglenS","Cl_kglenS","flowmu_m3s","flowav_m3s"
1,373.483467805404,386.508851060502,10822.2,13,14,28,6790454.71728358,1561.36924382477,15.2199074992381,8.22246383161905
2,427.794992511214,440.495943743543,12333.9,3.13465468762747,14,28,2192806.69564548,2598.21490840656,15.2199074992381,10.0165096319307
3,424.686029247661,436.805928240108,12230.6,2.41771214656349,14,28,1922698.58575902,3266.75532402708,15.2199074992381,10.0426934398571
4,425.177809106479,437.303436982696,12244.6,2.4203438640249,14,28,1923749.6187248,3263.21885336075,15.2199074992381,10.2247346464762
