"strata","dload.bi_kgd","dload.ub_kgd","tload_kglenS","degf","lenObs","lenStr","MSE_kglenS","Cl_kglenS","flowmu_m3s","flowav_m3s"
1,15.0616310888047,15.2688652546324,473.3,18,19,31,7553.56824113762,43.0377702847216,0.647194165677419,0.788145965473684
2,14.2114224997153,14.3017011518344,443.4,10.091251586117,19,31,4601.75639604337,47.5225227524065,0.647194165677419,0.683269540516129
3,13.738104102948,13.7938957644661,427.6,7.25775383800165,19,31,2267.71750113732,41.4989541336574,0.647194165677419,0.660584358296774
4,13.4185313234419,13.4452391703084,416.8,5.36084542078119,19,31,1877.66245511115,47.1508233075076,0.647194165677419,0.628029651219662
5,13.4903617465289,13.5244831150498,419.2,5.40073568127681,19,31,1884.79815105641,46.9694859468527,0.647194165677419,0.627234953929339
6,13.6011968759971,13.6677255366157,423.6,5.9849662261586,19,31,2199.74030570351,46.9394153122316,0.647194165677419,0.62730237488172
