"strata","dload.bi_kgd","dload.ub_kgd","tload_kglenS","degf","lenObs","lenStr","MSE_kglenS","Cl_kglenS","flowmu_m3s","flowav_m3s"
1,81.62984743808,81.62984743808,2448.9,29,30,30,625086.432764061,300.270810288433,1.49559898666667,1.49559898666667
2,81.62984743808,81.62984743808,2448.9,13.4435870468364,30,30,354152.65618391,349.470802362972,1.49559898666667,1.49559898666667
3,81.62984743808,81.62984743808,2449,6.39870088273239,30,30,187932.420425279,413.093619698067,1.49559898666667,1.49559898666667
4,81.62984743808,81.62984743808,2448.9,4.01589792497606,30,30,159465.784919668,552.400145308765,1.49559898666667,1.49559898666667
5,81.62984743808,81.62984743808,2449,3.86055851733774,30,30,156340.147289444,566.776175444667,1.49559898666667,1.49559898666667
6,81.62984743808,81.62984743808,2448.8,3.61654202059691,30,30,151271.400583145,592.384159377145,1.49559898666667,1.49559898666667
7,81.62984743808,81.62984743808,2448.8,3.60782410175378,30,30,151088.890183547,593.382118198217,1.49559898666667,1.49559898666667
8,81.62984743808,81.62984743808,2448.8,3.60600100100657,30,30,151050.7070779,593.591597473754,1.49559898666667,1.49559898666667
9,81.62984743808,81.62984743808,2448.8,3.6060021238723,30,30,151050.730595624,593.591468366819,1.49559898666667,1.49559898666667
