"strata","dload.bi_kgd","dload.ub_kgd","tload_kglenS","degf","lenObs","lenStr","MSE_kglenS","Cl_kglenS","flowmu_m3s","flowav_m3s"
1,30.2566250572672,30.2566250572672,907.7,29,30,30,41022.81194385,76.9229254643619,0.974444187269333,0.974444187269333
2,30.2566250572672,30.2566250572672,907.7,11.9123124577423,30,30,20499.6483116017,90.4585817786048,0.974444187269333,0.974444187269333
3,30.2566250572672,30.2566250572672,907.7,2.32737615134878,30,30,11078.5664807811,260.221263736495,0.974444187269333,0.974444187269333
4,30.2566250572672,30.2566250572672,907.7,3.76404998397083,30,30,6641.00010199874,119.561816236274,0.974444187269333,0.974444187269333
5,30.2566250572672,30.2566250572672,907.7,3.73829112368928,30,30,6618.16640065141,120.118286621025,0.974444187269333,0.974444187269333
6,30.2566250572672,30.2566250572672,907.8,3.64864874293613,30,30,6538.08164477286,122.130758287734,0.974444187269333,0.974444187269333
7,30.2566250572672,30.2566250572672,907.8,3.64583478028898,30,30,6535.55946634957,122.195993099889,0.974444187269333,0.974444187269333
8,30.2566250572672,30.2566250572672,907.8,3.64515130368293,30,30,6534.94680868439,122.211857632752,0.974444187269333,0.974444187269333
9,30.2566250572672,30.2566250572672,907.8,3.65162944275616,30,30,6540.79112567497,122.062157569895,0.974444187269333,0.974444187269333
