"strata","dload.bi_kgd","dload.ub_kgd","tload_kglenS","degf","lenObs","lenStr","MSE_kglenS","Cl_kglenS","flowmu_m3s","flowav_m3s"
8,626.378266292666,626.378266292666,19417.6,10.090646667729,31,31,693039.878978328,583.221195374674,16.0976136292473,16.0976136292473
