"strata","dload.bi_kgd","dload.ub_kgd","tload_kglenS","degf","lenObs","lenStr","MSE_kglenS","Cl_kglenS","flowmu_m3s","flowav_m3s"
6,1.31510175998348,1.31514611027597,40.7,13.4465384178627,29,31,0.708236736338397,0.494137552712701,0.477731819354839,0.470946226728111
