"strata","dload.bi_kgd","dload.ub_kgd","tload_kglenS","degf","lenObs","lenStr","MSE_kglenS","Cl_kglenS","flowmu_m3s","flowav_m3s"
9,73.3174347214452,73.3174347214452,2272.8,2.82901549481695,31,31,22319.194004019,292.587169450605,4.0826431483871,4.0826431483871
