"strata","dload.bi_kgd","dload.ub_kgd","tload_kglenS","degf","lenObs","lenStr","MSE_kglenS","Cl_kglenS","flowmu_m3s","flowav_m3s"
7,16.1909203473755,16.1909203473755,501.9,3.74269423141211,31,31,1861.29871453241,63.6317182644731,0.558723956989247,0.558723956989247
