"strata","dload.bi_kgd","dload.ub_kgd","tload_kglenS","degf","lenObs","lenStr","MSE_kglenS","Cl_kglenS","flowmu_m3s","flowav_m3s"
7,451.223207325903,451.223207325903,13988,8.08436787507119,31,31,665310.174386375,660.329617640682,10.3287076289548,10.3287076289548
