"strata","dload.bi_kgd","dload.ub_kgd","tload_kglenS","degf","lenObs","lenStr","MSE_kglenS","Cl_kglenS","flowmu_m3s","flowav_m3s"
1,22.4893078187906,22.5102410685115,697.8,29,30,31,25034.6772958919,60.0916429776403,1.78502408602151,1.79119491555556
2,22.2190953148099,22.2209565673785,688.8,16.2998921673391,30,31,18414.1839703676,71.1461424346454,1.78502408602151,1.77803271728701
3,22.2190953148099,22.2209565673785,688.8,2.0967534918154,30,31,7675.98596897745,249.153560554708,1.78502408602151,1.77803271728701
4,22.3237136187236,22.3377351149765,692.5,2.06550850208791,30,31,7619.0244870202,253.536191308219,1.78502408602151,1.79217940645161
5,22.3237136187236,22.3377351149765,692.6,2.06338372572207,30,31,7615.10416958056,253.841437856933,1.78502408602151,1.79217940645161
6,22.3237136187236,22.3377351149765,692.6,2.06269376246473,30,31,7613.83080746949,253.940776590071,1.78502408602151,1.79217940645161
7,22.3237136187236,22.3377351149765,692.6,2.06159123361123,30,31,7611.79557026815,254.099736078563,1.78502408602151,1.79217940645161
8,22.3237136187236,22.3377351149765,692.5,2.06184032044781,30,31,7612.25595180942,254.063808407695,1.78502408602151,1.79217940645161
9,22.3237136187236,22.3377351149765,692.5,2.06172369227672,30,31,7612.0417499601,254.080651464177,1.78502408602151,1.79217940645161
