"strata","dload.bi_kgd","dload.ub_kgd","tload_kglenS","degf","lenObs","lenStr","MSE_kglenS","Cl_kglenS","flowmu_m3s","flowav_m3s"
9,7.20139123920285,7.20139123920285,216.1,2.89992457085225,30,30,354.722289922084,35.8947462616359,0.506672911420444,0.506672911420444
