"strata","dload.bi_kgd","dload.ub_kgd","tload_kglenS","degf","lenObs","lenStr","MSE_kglenS","Cl_kglenS","flowmu_m3s","flowav_m3s"
1,205.307455560394,207.446178966258,6430.8,23,24,31,5631226.63441682,1023.59039131649,5.46346775053763,6.21455437777778
2,189.448582927533,189.762423099898,5882.6,6.19707744668946,24,31,2093875.56521657,1411.43691045189,5.46346775053763,5.83840116786844
3,189.619701680502,189.946531430909,5888.3,2.3071686970035,24,31,877971.636476362,2342.7517039773,5.46346775053763,5.85424149354839
4,186.182231613891,186.253459214713,5773.8,2.19936004625414,24,31,857140.984247707,2465.7056299683,5.46346775053763,5.66296417376344
5,187.0694554973,187.249254926301,5804.7,2.16860645904255,24,31,851118.174406476,2504.31039917956,5.46346775053763,5.84285197419355
6,185.340643717285,185.429651792481,5748.3,2.15638443999349,24,31,848713.527506335,2520.1337326558,5.46346775053763,5.46346775053763
7,185.340643717285,185.429651792481,5748.3,2.15638459745697,24,31,848713.55849372,2520.13352692693,5.46346775053763,5.46346775053763
