"strata","dload.bi_kgd","dload.ub_kgd","tload_kglenS","degf","lenObs","lenStr","MSE_kglenS","Cl_kglenS","flowmu_m3s","flowav_m3s"
1,11.1793683798077,11.1793683798077,335.4,29,30,30,2138.24877561861,17.5619281298821,0.883175821511111,0.883175821511111
2,11.1793683798077,11.1793683798077,335.4,14.4479239245292,30,30,1077.9152126097,18.4719214717698,0.883175821511111,0.883175821511111
3,11.1793683798077,11.1793683798077,335.3,9.92014769643739,30,30,867.24497237499,20.855861963573,0.883175821511111,0.883175821511111
4,11.1793683798077,11.1793683798077,335.4,5.66337272557892,30,30,619.76870960842,25.9707605281147,0.883175821511111,0.883175821511111
5,11.1793683798077,11.1793683798077,335.4,4.9732927311662,30,30,579.839797313414,27.801311446163,0.883175821511111,0.883175821511111
6,11.1793683798077,11.1793683798077,335.3,4.41018597787431,30,30,543.653996107911,29.7278674548288,0.883175821511111,0.883175821511111
7,11.1793683798077,11.1793683798077,335.3,4.33322099395749,30,30,538.873067923794,30.0450854521058,0.883175821511111,0.883175821511111
8,11.1793683798077,11.1793683798077,335.3,4.32906762752387,30,30,538.614640300577,30.0625979462469,0.883175821511111,0.883175821511111
9,11.1793683798077,11.1793683798077,335.2,4.35013363004974,30,30,539.935962172198,29.9745039454699,0.883175821511111,0.883175821511111
