"strata","dload.bi_kgd","dload.ub_kgd","tload_kglenS","degf","lenObs","lenStr","MSE_kglenS","Cl_kglenS","flowmu_m3s","flowav_m3s"
1,22.344632836608,22.344632836608,670.3,29,30,30,10265.3333074688,38.4795165574793,0.963400462222222,0.963400462222222
2,22.344632836608,22.344632836608,670.4,24.8377821187725,30,30,3940.69841643956,25.9503944148741,0.963400462222222,0.963400462222222
3,22.344632836608,22.344632836608,670.4,25.5359354930762,30,30,2427.81784393169,20.060425521724,0.963400462222222,0.963400462222222
4,22.344632836608,22.344632836608,670.4,19.0483430982389,30,30,1095.00443860209,15.8664205853822,0.963400462222222,0.963400462222222
5,22.344632836608,22.344632836608,670.4,10.9319870527603,30,30,724.244072055407,17.9283280904225,0.963400462222222,0.963400462222222
6,22.344632836608,22.344632836608,670.4,6.43417102436632,30,30,477.321032003065,20.7354921450123,0.963400462222222,0.963400462222222
7,22.344632836608,22.344632836608,670.3,6.37160399066753,30,30,475.061369863276,20.8333689321307,0.963400462222222,0.963400462222222
8,22.344632836608,22.344632836608,670.3,6.02631726197838,30,30,461.800915990466,21.3973581771172,0.963400462222222,0.963400462222222
9,22.344632836608,22.344632836608,670.4,6.13108265454598,30,30,466.021772886413,21.2229708822329,0.963400462222222,0.963400462222222
