"strata","dload.bi_kgd","dload.ub_kgd","tload_kglenS","degf","lenObs","lenStr","MSE_kglenS","Cl_kglenS","flowmu_m3s","flowav_m3s"
7,1.98447532416,1.98447532416,59.6,9.95975012946777,30,30,15.0263529148069,2.73831102534179,0.12317808,0.12317808
