"strata","dload.bi_kgd","dload.ub_kgd","tload_kglenS","degf","lenObs","lenStr","MSE_kglenS","Cl_kglenS","flowmu_m3s","flowav_m3s"
1,11.4013266957939,11.4111023786762,353.7,28,29,31,2486.63752383235,19.3038310159342,1.2980708202765,1.20053467586207
2,11.6164581219771,11.6318052253362,360.5,16.0560448337701,29,31,2048.65950917735,23.9391583300145,1.2980708202765,1.22479563111954
3,11.4870635034088,11.5059324004037,356.7,8.39745369029818,29,31,1968.58815195793,35.0184613685569,1.2980708202765,1.22695258986175
4,11.4870635034088,11.5059324004037,356.6,7.56422985307239,29,31,1866.50522453826,36.5901343922694,1.2980708202765,1.22695258986175
5,11.4870635034088,11.5059324004037,356.6,7.3018910598196,29,31,1833.28226931438,37.1561298686511,1.2980708202765,1.22695258986175
6,11.4870635034088,11.5059324004037,356.6,7.28290305687065,29,31,1830.89503446359,37.1990340957045,1.2980708202765,1.22695258986175
7,11.4870635034088,11.5059324004037,356.6,7.28032788983994,29,31,1830.57135765916,37.2048728038487,1.2980708202765,1.22695258986175
8,11.4870635034088,11.5059324004037,356.6,7.28083656966667,29,31,1830.63534469067,37.2037196142974,1.2980708202765,1.22695258986175
9,11.4605132611511,11.5011663623963,356.5,5.94979914592417,29,31,2272.10896963822,47.9149046513698,1.2980708202765,1.21807912258065
