"strata","dload.bi_kgd","dload.ub_kgd","tload_kglenS","degf","lenObs","lenStr","MSE_kglenS","Cl_kglenS","flowmu_m3s","flowav_m3s"
1,189.826120782021,189.826120782021,5694.8,29,30,30,1073716.4522275,393.539095733083,4.95168534963556,4.95168534963556
2,189.826120782021,189.826120782021,5694.8,7.42514301126409,30,30,505158.229019316,609.68308301399,4.95168534963556,4.95168534963556
3,189.826120782021,189.826120782021,5694.8,5.98011151899416,30,30,452734.273473061,673.807105264881,4.95168534963556,4.95168534963556
4,189.826120782021,189.826120782021,5694.7,4.63450340034968,30,30,393584.445259293,767.238594768251,4.95168534963556,4.95168534963556
5,189.826120782021,189.826120782021,5694.7,4.1080814268033,30,30,374233.998532048,829.370772637537,4.95168534963556,4.95168534963556
6,189.826120782021,189.826120782021,5694.7,4.10225726398837,30,30,370916.337562572,826.720160608607,4.95168534963556,4.95168534963556
7,189.826120782021,189.826120782021,5694.7,4.10073479753253,30,30,370847.498168193,826.914251634635,4.95168534963556,4.95168534963556
8,189.826120782021,189.826120782021,5694.7,4.10048793960165,30,30,370836.335638173,826.94573893436,4.95168534963556,4.95168534963556
9,189.826120782021,189.826120782021,5694.7,4.10066913485592,30,30,370844.52938354,826.922627007346,4.95168534963556,4.95168534963556
