"strata","dload.bi_kgd","dload.ub_kgd","tload_kglenS","degf","lenObs","lenStr","MSE_kglenS","Cl_kglenS","flowmu_m3s","flowav_m3s"
1,9.0328830856391,9.0328830856391,280,30,31,31,1456.26166360392,14.2289469822701,0.931718348573935,0.931718348573935
2,9.0328830856391,9.0328830856391,280,13.9735261058118,31,31,692.519010390311,15.1016412210713,0.931718348573935,0.931718348573935
3,9.0328830856391,9.0328830856391,280.1,6.87848678730529,31,31,300.32959377272,15.6809395380266,0.931718348573936,0.931718348573936
4,9.0328830856391,9.0328830856391,280.1,3.65006687474305,31,31,213.617468135594,22.0678138861359,0.931718348573935,0.931718348573935
5,9.0328830856391,9.0328830856391,280.1,3.30762673664252,31,31,203.101192676199,23.6757373791879,0.931718348573935,0.931718348573935
6,9.0328830856391,9.0328830856391,280,3.23180324419765,31,31,201.083715320886,24.1145944009573,0.931718348573936,0.931718348573936
7,9.0328830856391,9.0328830856391,280.1,3.18824413256233,31,31,199.709456886025,24.3667098906221,0.931718348573936,0.931718348573936
8,9.0328830856391,9.0328830856391,280.2,3.18146500995547,31,31,199.496965104762,24.4068994126965,0.931718348573935,0.931718348573935
9,9.0328830856391,9.0328830856391,280.1,3.18564200933332,31,31,199.628395846125,24.3821388240532,0.931718348573936,0.931718348573936
