"strata","dload.bi_kgd","dload.ub_kgd","tload_kglenS","degf","lenObs","lenStr","MSE_kglenS","Cl_kglenS","flowmu_m3s","flowav_m3s"
8,16.9774435765443,16.9774435765443,475.4,2.02714472803179,28,28,808.978530088859,84.8596763754743,1.88836891401143,1.88836891401143
