"strata","dload.bi_kgd","dload.ub_kgd","tload_kglenS","degf","lenObs","lenStr","MSE_kglenS","Cl_kglenS","flowmu_m3s","flowav_m3s"
1,86.2151207140352,86.2151207140352,2586.5,29,30,30,371936.822189674,231.620858822256,2.22865801244444,2.22865801244444
2,86.2151207140352,86.2151207140352,2586.5,11.4829349739387,30,30,155598.015823959,254.899463954712,2.22865801244444,2.22865801244444
3,86.2151207140352,86.2151207140352,2586.5,3.54712267253832,30,30,81367.9743886605,442.555419860289,2.22865801244444,2.22865801244444
4,86.2151207140352,86.2151207140352,2586.5,3.51493965783629,30,30,80997.9237251346,445.430096376048,2.22865801244444,2.22865801244444
5,86.2151207140352,86.2151207140352,2586.4,3.51296957556516,30,30,80975.2167333643,445.608231410508,2.22865801244444,2.22865801244444
6,86.2151207140352,86.2151207140352,2586.4,3.51309624127662,30,30,80976.7239824324,445.596900337482,2.22865801244444,2.22865801244444
7,86.2151207140352,86.2151207140352,2586.4,3.51251013304924,30,30,80969.9685419431,445.649943241664,2.22865801244444,2.22865801244444
8,86.2151207140352,86.2151207140352,2586.4,3.51238646384027,30,30,80968.5431150257,445.661138315923,2.22865801244444,2.22865801244444
9,86.2151207140352,86.2151207140352,2586.5,3.51257665046581,30,30,80970.7352828075,445.643922381588,2.22865801244444,2.22865801244444
