"strata","dload.bi_kgd","dload.ub_kgd","tload_kglenS","degf","lenObs","lenStr","MSE_kglenS","Cl_kglenS","flowmu_m3s","flowav_m3s"
1,33.3488664989915,33.3620761137157,1034.2,29,30,31,12565.5047021813,42.5728817049386,1.47334822374194,1.44597379466667
2,33.5132425281583,33.5338918975558,1039.6,23.910733668893,30,31,8223.20637864918,38.2823245200462,1.47334822374194,1.44627188889014
3,33.5679687673572,33.5911626943638,1041.4,19.899152014454,30,31,7217.04572517939,39.7383890124226,1.47334822374194,1.45193967328127
4,32.7011937607338,32.7059990084065,1013.9,10.8387524060728,30,31,4688.68656092685,45.8608322678478,1.47334822374194,1.41950713099752
5,34.0492216953913,34.1420754445245,1058.4,6.03566524858417,30,31,3776.26080710804,61.1174156846674,1.47334822374194,1.46748618941935
6,34.0492216953913,34.1420754445245,1058.4,5.59455081868323,30,31,3637.07694066404,63.5021562834325,1.47334822374194,1.46748618941935
7,34.0492216953913,34.1420754445245,1058.5,5.38370968348749,30,31,3567.44848702933,64.7775997072133,1.47334822374194,1.46748618941935
8,34.0492216953913,34.1420754445245,1058.5,5.376268125167,30,31,3564.98167470796,64.8247102505719,1.47334822374194,1.46748618941935
9,34.0492216953913,34.1420754445245,1058.4,5.37630240097378,30,31,3564.99304041174,64.8244929353115,1.47334822374194,1.46748618941935
