"strata","dload.bi_kgd","dload.ub_kgd","tload_kglenS","degf","lenObs","lenStr","MSE_kglenS","Cl_kglenS","flowmu_m3s","flowav_m3s"
1,1.962598897152,1.962598897152,58.9,29,30,30,7.91094718164185,1.06821167916182,0.176508053333333,0.176508053333333
2,1.962598897152,1.962598897152,58.9,27.9982020816519,30,30,7.02770351683945,1.02626420514765,0.176508053333333,0.176508053333333
3,1.962598897152,1.962598897152,58.9,26.9963946627398,30,30,6.71595304876204,1.02339935748848,0.176508053333333,0.176508053333333
4,1.962598897152,1.962598897152,58.9,23.9301750643675,30,30,6.80629531392631,1.10087464379706,0.176508053333333,0.176508053333333
5,1.962598897152,1.962598897152,59,23.2652082414863,30,30,6.75459877830812,1.11393810196038,0.176508053333333,0.176508053333333
6,1.962598897152,1.962598897152,59,17.3844777615756,30,30,6.85587126384444,1.32270765409787,0.176508053333333,0.176508053333333
7,1.962598897152,1.962598897152,59,17.4630581395849,30,30,7.08177649735909,1.34084625211753,0.176508053333333,0.176508053333333
8,1.962598897152,1.962598897152,59,15.4778306631341,30,30,7.3071621874156,1.46058883277552,0.176508053333333,0.176508053333333
9,1.962598897152,1.962598897152,58.9,14.1648714390986,30,30,7.56105999909331,1.56529108488277,0.176508053333333,0.176508053333333
