"strata","dload.bi_kgd","dload.ub_kgd","tload_kglenS","degf","lenObs","lenStr","MSE_kglenS","Cl_kglenS","flowmu_m3s","flowav_m3s"
1,436.976624536072,436.976624536072,13546.3,30,31,31,3955092.11303632,741.534487393812,16.2481341677419,16.2481341677419
2,436.976624536072,436.976624536072,13546.3,22.3828015987059,31,31,2969523.78322858,754.636663546046,16.2481341677419,16.2481341677419
3,436.976624536072,436.976624536072,13546.3,20.4318460675357,31,31,1061550.1600571,474.826608181077,16.2481341677419,16.2481341677419
4,436.976624536072,436.976624536072,13546.3,9.12392207408768,31,31,703822.258235433,626.996418422177,16.2481341677419,16.2481341677419
5,436.976624536072,436.976624536072,13546.3,2.57917916815113,31,31,503425.584843844,1545.13351684011,16.2481341677419,16.2481341677419
6,436.976624536072,436.976624536072,13546.2,2.50461830590562,31,31,496161.65532163,1588.92043943067,16.2481341677419,16.2481341677419
7,436.976624536072,436.976624536072,13546.1,2.50175696715069,31,31,495878.125840277,1590.67273103375,16.2481341677419,16.2481341677419
8,436.976624536072,436.976624536072,13546.1,2.50059568254227,31,31,495763.015262465,1591.38559117803,16.2481341677419,16.2481341677419
9,436.976624536072,436.976624536072,13546.1,2.50019292879866,31,31,495723.08805781,1591.63305217315,16.2481341677419,16.2481341677419
