"strata","dload.bi_kgd","dload.ub_kgd","tload_kglenS","degf","lenObs","lenStr","MSE_kglenS","Cl_kglenS","flowmu_m3s","flowav_m3s"
1,16.834955088929,16.834955088929,521.9,30,31,31,25376.1862680242,59.3972351254932,1.12186289892473,1.12186289892473
2,16.834955088929,16.834955088929,521.9,8.06711834997568,31,31,9183.13688404881,77.6904786474807,1.12186289892473,1.12186289892473
3,16.834955088929,16.834955088929,521.8,3.89895311884488,31,31,1888.18822663086,61.729098410993,1.12186289892473,1.12186289892473
4,16.834955088929,16.834955088929,521.8,3.78845052420373,31,31,1861.17588131855,62.9184457406241,1.12186289892473,1.12186289892473
5,16.834955088929,16.834955088929,521.8,3.78502104424614,31,31,1860.33301062982,62.9567458613421,1.12186289892473,1.12186289892473
6,16.834955088929,16.834955088929,521.8,3.78467556410738,31,31,1860.24967296544,62.9606358249854,1.12186289892473,1.12186289892473
7,16.834955088929,16.834955088929,521.7,3.78484603394467,31,31,1860.29259069167,62.9587466884246,1.12186289892473,1.12186289892473
8,16.834955088929,16.834955088929,521.7,3.78483605647934,31,31,1860.2906145129,62.9588663179585,1.12186289892473,1.12186289892473
9,16.834955088929,16.834955088929,521.9,3.80115778051523,31,31,1864.31522063928,62.777599238487,1.12186289892473,1.12186289892473
