"strata","dload.bi_kgd","dload.ub_kgd","tload_kglenS","degf","lenObs","lenStr","MSE_kglenS","Cl_kglenS","flowmu_m3s","flowav_m3s"
1,5.57232583998995,5.57632640534917,172.9,28,29,31,358.172589024805,7.32627875168744,0.327616415102968,0.338648598490483
2,5.52016666526164,5.51962589590948,171.1,16.7968020881454,29,31,222.046506714567,7.67809608797279,0.327616415102968,0.33227244394005
3,5.52016666526164,5.51962589590948,171.1,6.98696114135082,29,31,79.6594049473316,7.98731520965053,0.327616415102968,0.33227244394005
4,5.52016666526164,5.51962589590948,171.1,4.23268971114138,29,31,60.2009316993482,10.247706636262,0.327616415102968,0.33227244394005
5,5.52016666526164,5.51962589590948,171.1,4.1419181709033,29,31,59.5537623429329,10.3871795307053,0.327616415102968,0.33227244394005
6,5.47931891931532,5.4801253561685,169.8,4.12746651113625,29,31,59.5814141372092,10.4215470040917,0.327616415102968,0.32712175105514
7,5.47931891931532,5.4801253561685,169.9,3.83134941785075,29,31,57.3936012676866,10.9350991490607,0.327616415102968,0.32712175105514
8,5.47931891931532,5.4801253561685,169.9,3.7452010646965,29,31,56.7464319112713,11.1036313824258,0.327616415102968,0.32712175105514
9,5.47931891931532,5.4801253561685,169.9,3.8731295085613,29,31,57.8765595583609,10.8727940054168,0.327616415102968,0.32712175105514
