"strata","dload.bi_kgd","dload.ub_kgd","tload_kglenS","degf","lenObs","lenStr","MSE_kglenS","Cl_kglenS","flowmu_m3s","flowav_m3s"
1,8.38524750818345,8.38524750818345,259.9,30,31,31,14528.7447687967,44.9435216994631,0.523442432981677,0.523442432981677
2,8.38524750818345,8.38524750818345,259.9,3.0628461646455,31,31,2556.81098404722,90.8909858717134,0.523442432981677,0.523442432981677
3,8.38524750818345,8.38524750818345,259.9,3.02188647070614,31,31,2539.64439430545,91.8820765925774,0.523442432981677,0.523442432981677
4,8.38524750818345,8.38524750818345,259.9,3.01690507814988,31,31,2537.54996081807,92.0051033614729,0.523442432981677,0.523442432981677
5,8.38524750818345,8.38524750818345,259.9,3.01536646742134,31,31,2536.90276084965,92.0432146250714,0.523442432981677,0.523442432981677
6,8.38524750818345,8.38524750818345,259.9,3.01475088668792,31,31,2536.64377811035,92.0584772062255,0.523442432981677,0.523442432981677
7,8.38524750818345,8.38524750818345,259.9,3.01516970127125,31,31,2536.81998535273,92.0480923580015,0.523442432981677,0.523442432981677
8,8.38524750818345,8.38524750818345,259.8,3.01602682071934,31,31,2537.18059811663,92.0268521551993,0.523442432981677,0.523442432981677
9,8.38524750818345,8.38524750818345,259.8,3.01725822312952,31,31,2537.70086695566,91.9964065666208,0.523442432981677,0.523442432981677
