"strata","dload.bi_kgd","dload.ub_kgd","tload_kglenS","degf","lenObs","lenStr","MSE_kglenS","Cl_kglenS","flowmu_m3s","flowav_m3s"
5,175.323270169128,175.323270169128,5084.3,6.95269959641424,29,29,49788.3570621749,200.377316296825,7.95453347832644,7.95453347832644
