"strata","dload.bi_kgd","dload.ub_kgd","tload_kglenS","degf","lenObs","lenStr","MSE_kglenS","Cl_kglenS","flowmu_m3s","flowav_m3s"
1,41.22140855136,41.22140855136,1154.2,27,28,28,50212.9463223333,88.4845517461407,2.68470232380952,2.68470232380952
2,41.22140855136,41.22140855136,1154.2,14.5295680367216,28,28,10308.4956723867,56.9341102743703,2.68470232380952,2.68470232380952
3,41.22140855136,41.22140855136,1154.2,10.3966291530881,28,28,8536.63183947912,63.5181907164103,2.68470232380952,2.68470232380952
4,41.22140855136,41.22140855136,1154.2,9.40547689150016,28,28,8290.29401329409,66.7222516555743,2.68470232380952,2.68470232380952
5,41.22140855136,41.22140855136,1154.1,6.00678602006112,28,28,6512.15168250892,80.5453694924836,2.68470232380952,2.68470232380952
6,41.22140855136,41.22140855136,1154.1,5.94760271688463,28,28,6479.8784715047,80.939202416115,2.68470232380952,2.68470232380952
7,41.22140855136,41.22140855136,1154.1,5.92991150719151,28,28,6470.22677877632,81.0586763330103,2.68470232380952,2.68470232380952
8,41.22140855136,41.22140855136,1154,5.92993557020406,28,28,6470.23996308834,81.0585136179319,2.68470232380952,2.68470232380952
