"strata","dload.bi_kgd","dload.ub_kgd","tload_kglenS","degf","lenObs","lenStr","MSE_kglenS","Cl_kglenS","flowmu_m3s","flowav_m3s"
1,178.311129815616,178.311129815616,5527.6,30,31,31,691248.569919196,310.006054428533,7.49711821226667,7.49711821226667
2,178.311129815616,178.311129815616,5527.6,16.7868588109976,31,31,371239.651493725,314.056062407919,7.49711821226667,7.49711821226667
3,178.311129815616,178.311129815616,5527.7,7.87076996643443,31,31,252229.126106725,413.991701878894,7.49711821226667,7.49711821226667
4,178.311129815616,178.311129815616,5527.6,5.53555908910493,31,31,187887.799789374,460.132170683571,7.49711821226667,7.49711821226667
5,178.311129815616,178.311129815616,5527.6,5.2091481054564,31,31,182269.375435461,475.095624158251,7.49711821226667,7.49711821226667
6,178.311129815616,178.311129815616,5527.6,5.16750816537972,31,31,181539.521544261,477.150781630368,7.49711821226667,7.49711821226667
7,178.311129815616,178.311129815616,5527.6,5.16709315898113,31,31,181532.23144511,477.171444327894,7.49711821226667,7.49711821226667
8,178.311129815616,178.311129815616,5527.6,5.16712235724126,31,31,181532.744388567,477.169990501436,7.49711821226667,7.49711821226667
9,178.311129815616,178.311129815616,5527.6,5.21075459032581,31,31,182717.287182798,475.563693668569,7.49711821226667,7.49711821226667
