"strata","dload.bi_kgd","dload.ub_kgd","tload_kglenS","degf","lenObs","lenStr","MSE_kglenS","Cl_kglenS","flowmu_m3s","flowav_m3s"
1,58.1177395856748,58.2861501859999,1806.9,24,25,31,64975.8150413484,107.3887025805,3.94858319618065,3.762154190592
2,59.5111834863172,59.633548914421,1848.6,9.60058734856224,25,31,14090.7714223534,85.8450720324391,3.94858319618065,4.01901753165305
3,59.5883929058279,59.7288077981274,1851.6,8.01153080066003,25,31,11877.859121782,88.7692646159196,3.94858319618065,4.01690863326083
4,59.275208401941,59.4125318036483,1841.8,7.85648621619457,25,31,11761.7298438166,89.5084566443916,3.94858319618065,4.00231082264086
5,59.275208401941,59.4125318036483,1841.9,7.80516182924506,25,31,11723.122537525,89.7596122487025,3.94858319618065,4.00231082264086
6,59.263087463089,59.4003895259609,1841.5,7.80098996993088,25,31,11719.9862306411,89.7801936902833,3.94858319618065,4.00112383110194
7,59.324612888662,59.5227845752574,1845.3,7.5159310674941,25,31,14555.700364877,102.630126955647,3.94858319618065,3.95140674216897
8,56.3237638525313,56.9087037704793,1764.2,3.62285072567669,25,31,20910.8508213578,219.88446189801,3.94858319618065,3.73197581371183
