"strata","dload.bi_kgd","dload.ub_kgd","tload_kglenS","degf","lenObs","lenStr","MSE_kglenS","Cl_kglenS","flowmu_m3s","flowav_m3s"
1,129.08963398828,129.08963398828,3872.7,29,30,30,280317.328126409,201.079618229901,3.23049066488889,3.23049066488889
2,129.08963398828,129.08963398828,3872.7,6.66975690631018,30,30,100482.746227159,293.175831949748,3.23049066488889,3.23049066488889
3,129.08963398828,129.08963398828,3872.7,6.88613287029091,30,30,102790.686647785,289.873769020848,3.23049066488889,3.23049066488889
4,129.08963398828,129.08963398828,3872.7,4.88250183944085,30,30,86114.6617835542,343.874329962544,3.23049066488889,3.23049066488889
5,129.08963398828,129.08963398828,3872.6,4.85222317424187,30,30,85847.8143363908,345.076889939094,3.23049066488889,3.23049066488889
6,129.08963398828,129.08963398828,3872.6,4.8134654370443,30,30,85503.1402621408,346.637025127223,3.23049066488889,3.23049066488889
7,129.08963398828,129.08963398828,3872.6,4.81218674935743,30,30,85491.7815700224,346.689048641297,3.23049066488889,3.23049066488889
8,129.08963398828,129.08963398828,3872.7,4.81501055225868,30,30,85516.9127289156,346.574302658808,3.23049066488889,3.23049066488889
9,129.08963398828,129.08963398828,3872.6,4.81692266457457,30,30,85534.1452708555,346.497133192165,3.23049066488889,3.23049066488889
