"strata","dload.bi_kgd","dload.ub_kgd","tload_kglenS","degf","lenObs","lenStr","MSE_kglenS","Cl_kglenS","flowmu_m3s","flowav_m3s"
1,9.3669150673572,9.39837973863379,291.3,23,24,31,4308.7708491772,28.3140109830688,0.669098580645161,0.620609866666667
