"strata","dload.bi_kgd","dload.ub_kgd","tload_kglenS","degf","lenObs","lenStr","MSE_kglenS","Cl_kglenS","flowmu_m3s","flowav_m3s"
8,0.833628469248,0.833628469248,25.1,5.91732679218646,30,30,3.16068379356068,1.79439746138548,0.13592064,0.13592064
