"strata","dload.bi_kgd","dload.ub_kgd","tload_kglenS","degf","lenObs","lenStr","MSE_kglenS","Cl_kglenS","flowmu_m3s","flowav_m3s"
1,78.7083126192902,78.7083126192902,2203.8,27,28,28,424233.897207747,257.19486054207,3.86843575064762,3.86843575064762
2,78.7083126192902,78.7083126192902,2203.8,3.48333735763357,28,28,159895.720625773,631.318906714997,3.86843575064762,3.86843575064762
3,78.7083126192902,78.7083126192902,2203.8,3.08391593746541,28,28,150398.107656131,692.102977340092,3.86843575064762,3.86843575064762
4,78.7083126192902,78.7083126192902,2203.7,3.03402629492076,28,28,149170.224610693,701.199128296923,3.86843575064762,3.86843575064762
5,78.7083126192902,78.7083126192902,2203.7,3.03368280369854,28,28,149161.780047664,701.263252047336,3.86843575064762,3.86843575064762
6,78.7083126192902,78.7083126192902,2203.6,3.03352436434216,28,28,149157.884887297,701.2928368193,3.86843575064762,3.86843575064762
7,78.7083126192902,78.7083126192902,2203.8,3.03335706240397,28,28,149153.771585974,701.32408062741,3.86843575064762,3.86843575064762
8,78.7083126192902,78.7083126192902,2203.8,3.03339155363829,28,28,149154.619998347,701.317639911601,3.86843575064762,3.86843575064762
