"strata","dload.bi_kgd","dload.ub_kgd","tload_kglenS","degf","lenObs","lenStr","MSE_kglenS","Cl_kglenS","flowmu_m3s","flowav_m3s"
1,8.44104662189419,8.44104662189419,261.7,30,31,31,1068.10561572829,12.185971329618,0.364921341935484,0.364921341935484
2,8.44104662189419,8.44104662189419,261.6,7.32177740617348,31,31,445.468870828334,18.2812600456181,0.364921341935484,0.364921341935484
3,8.44104662189419,8.44104662189419,261.7,8.58070098201962,31,31,125.881208557593,8.72943836481629,0.364921341935484,0.364921341935484
4,8.44104662189419,8.44104662189419,261.7,3.7521490705566,31,31,82.7052069646441,13.3818366643614,0.364921341935484,0.364921341935484
5,8.44104662189419,8.44104662189419,261.7,3.73607343950864,31,31,82.5276179000653,13.4208292914162,0.364921341935484,0.364921341935484
6,8.44104662189419,8.44104662189419,261.7,3.73569825218891,31,31,82.5236128767626,13.4217560040003,0.364921341935484,0.364921341935484
7,8.44104662189419,8.44104662189419,261.6,3.72082708964194,31,31,82.3590467615287,13.458211503974,0.364921341935484,0.364921341935484
8,8.44104662189419,8.44104662189419,261.6,3.71964735593932,31,31,82.3459921271317,13.4611201144103,0.364921341935484,0.364921341935484
9,8.44104662189419,8.44104662189419,261.6,3.72340099640834,31,31,82.3878356524051,13.4518991048962,0.364921341935484,0.364921341935484
