"strata","dload.bi_kgd","dload.ub_kgd","tload_kglenS","degf","lenObs","lenStr","MSE_kglenS","Cl_kglenS","flowmu_m3s","flowav_m3s"
1,1042.62678859904,1046.27650906866,32434.6,25,26,31,13369422.7938883,1506.10846843897,17.4090914538839,16.7578310519385
2,1078.16892103145,1084.33525716862,33614.4,5.7794952295258,26,31,6728768.72024637,2664.83752610106,17.4090914538839,22.0727428151742
3,1078.16892103145,1084.33525716862,33614.4,5.02104939214181,26,31,6255545.52153954,2865.62524394995,17.4090914538839,22.0727428151742
4,1078.16892103145,1084.33525716862,33614.4,4.54826414125688,26,31,5948973.43122033,3029.9131756346,17.4090914538839,22.0727428151742
5,1078.16892103145,1084.33525716862,33614.4,4.57758404290001,26,31,5968743.70752389,3018.6879123536,17.4090914538839,22.0727428151742
6,1078.16892103145,1084.33525716862,33614.4,4.49178886423233,26,31,5912336.65477832,3052.42567982398,17.4090914538839,22.0727428151742
7,1078.16892103145,1084.33525716862,33614.4,4.49081130017127,26,31,5911693.20630306,3052.81920414277,17.4090914538839,22.0727428151742
8,1078.16892103145,1084.33525716862,33614.4,4.8830762343285,26,31,6196254.76137789,2916.65113612075,17.4090914538839,22.0727428151742
