"strata","dload.bi_kgd","dload.ub_kgd","tload_kglenS","degf","lenObs","lenStr","MSE_kglenS","Cl_kglenS","flowmu_m3s","flowav_m3s"
1,322.019583508503,323.64613284742,10033,22,23,31,1362813.16496833,516.165521500373,12.9042597675492,15.9940570794203
2,315.268777830417,315.446326429532,9778.8,10.7446994874455,23,31,306224.18209611,372.649211691206,12.9042597675492,14.3583353843728
3,313.696946104201,314.722338375388,9756.4,10.3484902942432,23,31,305878.298243746,381.328545389462,12.9042597675492,16.6718889901075
4,309.330746996317,309.668881086874,9599.7,7.88383661385365,23,31,257990.709236516,418.223316872417,12.9042597675492,13.7550411031644
5,307.077848890014,307.133822666734,9521.1,7.50725963698945,23,31,251634.701321642,427.059120261327,12.9042597675492,13.3198497298925
6,305.539720120652,305.56775860996,9472.6,7.86174011733206,23,31,260017.580601721,420.661819001713,12.9042597675492,12.7726960782796
7,310.197480834381,310.619052378919,9629.2,3.23115222272447,23,31,480682.80451691,1179.26005722189,12.9042597675492,14.5070239578495
