"strata","dload.bi_kgd","dload.ub_kgd","tload_kglenS","degf","lenObs","lenStr","MSE_kglenS","Cl_kglenS","flowmu_m3s","flowav_m3s"
6,142.966854326016,142.966854326016,4289,2.10739458780245,30,30,172462.500008221,1172.66755451088,2.07105928888889,2.07105928888889
