"strata","dload.bi_kgd","dload.ub_kgd","tload_kglenS","degf","lenObs","lenStr","MSE_kglenS","Cl_kglenS","flowmu_m3s","flowav_m3s"
7,13.9026639126654,13.9033292544003,431,2.01757476095789,30,31,3459.75885608678,176.694947498558,0.660496972043011,0.668337376344086
