"strata","dload.bi_kgd","dload.ub_kgd","tload_kglenS","degf","lenObs","lenStr","MSE_kglenS","Cl_kglenS","flowmu_m3s","flowav_m3s"
1,221.714402233589,221.761830936608,6874.6,29,30,31,245769.896194581,188.28140156723,3.62388967466667,3.73847517902222
2,221.780520135013,221.91900977269,6879.5,22.9143578900668,30,31,146412.295333568,165.391569495642,3.62388967466667,3.66528396455914
3,221.403293871712,221.403315785771,6863.5,9.90964793516629,30,31,87081.2753490384,209.128166383967,3.62388967466667,3.62274127111111
4,221.403293871712,221.403315785771,6863.5,5.68948087548279,30,31,75192.4099315265,285.063313838168,3.62388967466667,3.62274127111111
5,221.406025625369,221.406014589062,6863.6,5.68946320113074,30,31,75192.2931388419,285.063763704894,3.62388967466667,3.62350467444683
6,221.407664857078,221.407631425536,6863.6,5.68945911027332,30,31,75192.2661063077,285.063867830257,3.62388967466667,3.6241941563871
7,221.407664857078,221.407631425536,6863.7,5.68945838912941,30,31,75192.2613409914,285.063886185742,3.62388967466667,3.6241941563871
8,221.407664857078,221.407631425536,6863.7,5.68945773648356,30,31,75192.2570282877,285.063902797687,3.62388967466667,3.6241941563871
9,221.407664857078,221.407631425536,6863.7,5.68945851870018,30,31,75192.2621972333,285.063882887812,3.62388967466667,3.6241941563871
