"strata","dload.bi_kgd","dload.ub_kgd","tload_kglenS","degf","lenObs","lenStr","MSE_kglenS","Cl_kglenS","flowmu_m3s","flowav_m3s"
5,1.18369196812691,1.18318744910655,36.7,9.20598587550311,24,31,5.03811277980765,1.66779347392162,0.179035251612903,0.22440333243871
