"strata","dload.bi_kgd","dload.ub_kgd","tload_kglenS","degf","lenObs","lenStr","MSE_kglenS","Cl_kglenS","flowmu_m3s","flowav_m3s"
6,1.28758455024877,1.28758455024877,39.9,3.25201778591904,31,31,24.6891427938786,8.39657629107925,0.197416175186065,0.197416175186065
