"strata","dload.bi_kgd","dload.ub_kgd","tload_kglenS","degf","lenObs","lenStr","MSE_kglenS","Cl_kglenS","flowmu_m3s","flowav_m3s"
1,2.31192452654939,2.31192452654939,71.7,30,31,31,5.60407679979819,0.882683669837463,0.57167356455914,0.57167356455914
2,2.31192452654939,2.31192452654939,71.7,26.6408906934922,31,31,2.63831726954142,0.646107263084287,0.57167356455914,0.57167356455914
3,2.31192452654939,2.31192452654939,71.7,25.8931313476283,31,31,1.58850528593782,0.509228841094069,0.57167356455914,0.57167356455914
4,2.31192452654939,2.31192452654939,71.7,24.0010717062884,31,31,1.09632502289069,0.441104682780573,0.57167356455914,0.57167356455914
5,2.31192452654939,2.31192452654939,71.7,23.4502143370162,31,31,0.763958632663754,0.372982949792502,0.57167356455914,0.57167356455914
6,2.31192452654939,2.31192452654939,71.7,20.0829072774426,31,31,0.567993572119114,0.350711647772912,0.57167356455914,0.57167356455914
7,2.31192452654939,2.31192452654939,71.7,17.6476589970665,31,31,0.505571526470799,0.356106252013923,0.57167356455914,0.57167356455914
8,2.31192452654939,2.31192452654939,71.7,15.8499964932082,31,31,0.48859654241809,0.372487088171485,0.57167356455914,0.57167356455914
9,2.31192452654939,2.31192452654939,71.8,16.5655380150277,31,31,0.545957525954542,0.383786386244827,0.57167356455914,0.57167356455914
