"strata","dload.bi_kgd","dload.ub_kgd","tload_kglenS","degf","lenObs","lenStr","MSE_kglenS","Cl_kglenS","flowmu_m3s","flowav_m3s"
1,706.747930102512,707.820302326654,21234.6,27,28,30,5205495.17329608,900.929124551988,15.3447228970667,13.2713155611429
2,742.514358745269,743.974741823707,22319.3,17.2735408368254,28,30,863312.784598835,471.101269817734,15.3447228970667,16.2450293338074
3,703.642453001084,704.514513737655,21135.4,7.94853188496754,28,30,365003.175516165,494.714503978099,15.3447228970667,14.5077305067914
4,663.995930887393,664.678900854468,19940.3,8.77820127230846,28,30,284437.878763721,408.779379349696,15.3447228970667,13.2243609130667
5,663.995930887393,664.678900854468,19940.2,8.48973120510095,28,30,279749.30008078,414.432368846317,15.3447228970667,13.2243609130667
6,663.995930887393,664.678900854468,19940.2,8.07884583811471,28,30,272578.277648077,422.857221479801,15.3447228970667,13.2243609130667
7,663.995930887393,664.678900854468,19940.3,8.04360439265074,28,30,271981.572799992,423.637912515862,15.3447228970667,13.2243609130667
8,663.995930887393,664.678900854468,19940.4,8.12349480693667,28,30,273635.879786935,422.111425425564,15.3447228970667,13.2243609130667
9,663.995930887393,664.678900854468,19940.4,8.46459574993584,28,30,331380.022514521,451.945563751372,15.3447228970667,13.2243609130667
