"strata","dload.bi_kgd","dload.ub_kgd","tload_kglenS","degf","lenObs","lenStr","MSE_kglenS","Cl_kglenS","flowmu_m3s","flowav_m3s"
9,161.844737058138,161.844737058138,4693.5,4.0607111618454,29,29,97317.0417242409,427.293402157143,6.11603529412414,6.11603529412414
