"strata","dload.bi_kgd","dload.ub_kgd","tload_kglenS","degf","lenObs","lenStr","MSE_kglenS","Cl_kglenS","flowmu_m3s","flowav_m3s"
8,113.663526201232,113.555004536937,3406.7,3.71118000574014,29,30,254356.026192367,749.727644333665,2.36102866961778,2.56751813128296
