"strata","dload.bi_kgd","dload.ub_kgd","tload_kglenS","degf","lenObs","lenStr","MSE_kglenS","Cl_kglenS","flowmu_m3s","flowav_m3s"
1,53.3253031142489,53.4999430704765,1658.5,25,26,31,65294.5751507201,105.253966653055,4.34449742795699,4.40761883076923
2,48.1827197755665,48.1866246414642,1493.8,22.0448662472719,26,31,44896.6300049776,93.5802206753208,4.34449742795699,3.97683575053763
3,52.6190796966906,52.8164652937185,1637.3,9.85510959138376,26,31,26246.317615843,115.215759289108,4.34449742795699,4.38816287468231
4,48.1827197755665,48.1866246414642,1493.8,5.47492583461333,26,31,16197.6855999254,136.249355255529,4.34449742795699,3.97683575053763
5,48.1827197755665,48.1866246414642,1493.8,4.93322969807602,26,31,15908.3078519335,146.571020429765,4.34449742795699,3.97683575053763
6,48.1827197755665,48.1866246414642,1493.7,4.90010847541035,26,31,15854.5672901949,147.120777967732,4.34449742795699,3.97683575053763
7,48.1827197755665,48.1866246414642,1493.8,4.83868863079127,26,31,15754.5646933646,148.163038521059,4.34449742795699,3.97683575053763
8,48.1827197755665,48.1866246414642,1493.8,4.83502547012397,26,31,15748.5979988131,148.226215373497,4.34449742795699,3.97683575053763
