"strata","dload.bi_kgd","dload.ub_kgd","tload_kglenS","degf","lenObs","lenStr","MSE_kglenS","Cl_kglenS","flowmu_m3s","flowav_m3s"
7,117.929567942249,117.929424867489,3655.8,2.37627564069368,30,31,46736.8987184814,520.498082239317,4.93025174967742,4.91513423225806
