"strata","dload.bi_kgd","dload.ub_kgd","tload_kglenS","degf","lenObs","lenStr","MSE_kglenS","Cl_kglenS","flowmu_m3s","flowav_m3s"
1,274.061970458363,274.061970458363,8495.9,30,31,31,1101702.31753718,391.36788409548,7.96491905582796,7.96491905582796
2,274.061970458363,274.061970458363,8495.9,18.4791775057149,31,31,1183042.49387511,530.593866242621,7.96491905582796,7.96491905582796
3,274.061970458363,274.061970458363,8495.9,6.00196253497465,31,31,634334.239945665,795.419694061143,7.96491905582796,7.96491905582796
4,274.061970458363,274.061970458363,8495.9,4.66542925475769,31,31,536608.38494337,890.939060369232,7.96491905582796,7.96491905582796
5,274.061970458363,274.061970458363,8496,4.54912622905448,31,31,529866.046250724,904.114253342186,7.96491905582796,7.96491905582796
6,274.061970458363,274.061970458363,8496,4.54151167510646,31,31,529422.16777773,905.004134978078,7.96491905582796,7.96491905582796
7,274.061970458363,274.061970458363,8495.9,4.54051106511721,31,31,529363.836320583,905.121347042517,7.96491905582796,7.96491905582796
8,274.061970458363,274.061970458363,8495.9,4.54030193603374,31,31,529351.645238367,905.145852943778,7.96491905582796,7.96491905582796
9,274.061970458363,274.061970458363,8496,4.54029744247059,31,31,529351.383288393,905.146379533935,7.96491905582796,7.96491905582796
