"strata","dload.bi_kgd","dload.ub_kgd","tload_kglenS","degf","lenObs","lenStr","MSE_kglenS","Cl_kglenS","flowmu_m3s","flowav_m3s"
1,9.032701275648,9.032701275648,271,29,30,30,1589.57570855918,15.142015562617,0.674411786666667,0.674411786666667
2,9.032701275648,9.032701275648,271,16.5070688953957,30,30,448.885726304065,11.0272267305006,0.674411786666667,0.674411786666667
3,9.032701275648,9.032701275648,271,9.90065155932841,30,30,355.246879682008,13.3649252779333,0.674411786666667,0.674411786666667
4,9.032701275648,9.032701275648,271.1,9.75289991363143,30,30,353.108520066206,13.4531197570529,0.674411786666667,0.674411786666667
5,9.032701275648,9.032701275648,271.1,9.60766294964628,30,30,350.450725908941,13.531817388691,0.674411786666667,0.674411786666667
6,9.032701275648,9.032701275648,271.1,9.58944411904469,30,30,350.117573734594,13.5418720184118,0.674411786666667,0.674411786666667
7,9.032701275648,9.032701275648,271.1,9.69430470925192,30,30,352.516229864174,13.4937599513155,0.674411786666667,0.674411786666667
8,9.032701275648,9.032701275648,271.1,9.86291547064303,30,30,357.526746774862,13.4404153310787,0.674411786666667,0.674411786666667
9,9.032701275648,9.032701275648,271.1,8.29071367605321,30,30,384.024304866443,15.59907832445,0.674411786666667,0.674411786666667
