"strata","dload.bi_kgd","dload.ub_kgd","tload_kglenS","degf","lenObs","lenStr","MSE_kglenS","Cl_kglenS","flowmu_m3s","flowav_m3s"
1,73.3174347214452,73.3174347214452,2272.8,30,31,31,65099.4296847119,95.1352896386011,4.0826431483871,4.0826431483871
2,73.3174347214452,73.3174347214452,2272.8,24.274404342987,31,31,44562.3542883984,88.3768242950115,4.0826431483871,4.0826431483871
3,73.3174347214452,73.3174347214452,2272.8,17.0946492140569,31,31,35873.4882399177,96.6091059629819,4.0826431483871,4.0826431483871
4,73.3174347214452,73.3174347214452,2272.8,6.77377743156992,31,31,32836.5404948249,165.757410473753,4.0826431483871,4.0826431483871
5,73.3174347214452,73.3174347214452,2272.8,4.56170967010515,31,31,26399.6808534753,201.342816533539,4.0826431483871,4.0826431483871
6,73.3174347214452,73.3174347214452,2272.9,3.10400088335236,31,31,23386.7751370569,271.076282882819,4.0826431483871,4.0826431483871
7,73.3174347214452,73.3174347214452,2272.9,2.97117656078739,31,31,22876.371101868,280.787032138085,4.0826431483871,4.0826431483871
8,73.3174347214452,73.3174347214452,2272.8,2.84561492153314,31,31,22384.660155265,291.123440133176,4.0826431483871,4.0826431483871
9,73.3174347214452,73.3174347214452,2272.8,2.82901549481695,31,31,22319.194004019,292.587169450605,4.0826431483871,4.0826431483871
