"strata","dload.bi_kgd","dload.ub_kgd","tload_kglenS","degf","lenObs","lenStr","MSE_kglenS","Cl_kglenS","flowmu_m3s","flowav_m3s"
1,38.3779527699535,38.3779527699535,1151.3,29,30,30,25192.9474192086,60.2812944597851,1.25924704198578,1.25924704198578
2,38.3779527699535,38.3779527699535,1151.3,22.1994412351261,30,30,12813.5372979982,49.7988715541353,1.25924704198578,1.25924704198578
3,38.3779527699535,38.3779527699535,1151.3,26.0243040418303,30,30,6964.47967171145,33.6247246803989,1.25924704198578,1.25924704198578
4,38.3779527699535,38.3779527699535,1151.2,14.5418102930125,30,30,5767.00181436315,42.5631827889742,1.25924704198578,1.25924704198578
5,38.3779527699535,38.3779527699535,1151.3,14.8158790527818,30,30,4330.25091865161,36.4786002242558,1.25924704198578,1.25924704198578
6,38.3779527699535,38.3779527699535,1151.4,13.1653495476423,30,30,3989.19218427214,37.5577858576918,1.25924704198578,1.25924704198578
7,38.3779527699535,38.3779527699535,1151.3,12.2392344825727,30,30,3855.40165755975,38.5866393470453,1.25924704198578,1.25924704198578
8,38.3779527699535,38.3779527699535,1151.3,8.85260728325898,30,30,3890.16754248441,47.5416955003873,1.25924704198578,1.25924704198578
9,38.3779527699535,38.3779527699535,1151.3,8.85319065822784,30,30,3890.29697570609,47.5404335322076,1.25924704198578,1.25924704198578
