"strata","dload.bi_kgd","dload.ub_kgd","tload_kglenS","degf","lenObs","lenStr","MSE_kglenS","Cl_kglenS","flowmu_m3s","flowav_m3s"
1,493.45771014239,493.45771014239,15297.2,30,31,31,3836745.24818563,730.355887873807,11.4862684215054,11.4862684215054
2,493.45771014239,493.45771014239,15297.2,21.8663743681198,31,31,1912892.72688256,613.610793253919,11.4862684215054,11.4862684215054
3,493.45771014239,493.45771014239,15297.2,16.2361956447061,31,31,585646.494941633,402.141494131584,11.4862684215054,11.4862684215054
4,493.45771014239,493.45771014239,15297.2,13.3846819127087,31,31,484898.939790576,409.998436452837,11.4862684215054,11.4862684215054
5,493.45771014239,493.45771014239,15297.1,9.6744471452832,31,31,395780.596873817,452.731810330969,11.4862684215054,11.4862684215054
6,493.45771014239,493.45771014239,15297,7.06627071831942,31,31,330330.37362387,510.288950092901,11.4862684215054,11.4862684215054
7,493.45771014239,493.45771014239,15297,6.46258091855819,31,31,315355.870909648,531.283555886574,11.4862684215054,11.4862684215054
8,493.45771014239,493.45771014239,15297,6.15170481819497,31,31,307415.315511797,543.741721835615,11.4862684215054,11.4862684215054
9,493.45771014239,493.45771014239,15297,6.17247841496058,31,31,307953.000353603,542.870278528764,11.4862684215054,11.4862684215054
