"strata","dload.bi_kgd","dload.ub_kgd","tload_kglenS","degf","lenObs","lenStr","MSE_kglenS","Cl_kglenS","flowmu_m3s","flowav_m3s"
1,244.905425780456,244.905425780456,7592.1,30,31,31,837047.78519347,341.136491541674,8.8579220756129,8.8579220756129
2,244.905425780456,244.905425780456,7592.1,10.2971980629149,31,31,234954.082878673,335.256988395256,8.8579220756129,8.8579220756129
3,244.905425780456,244.905425780456,7592.1,9.89482687943908,31,31,230401.760980753,340.492166229675,8.8579220756129,8.8579220756129
4,244.905425780456,244.905425780456,7592.1,9.83257550664348,31,31,229651.918664132,341.308380298695,8.8579220756129,8.8579220756129
5,244.905425780456,244.905425780456,7592.1,9.76607779039151,31,31,228901.831522127,342.230469275338,8.8579220756129,8.8579220756129
6,244.905425780456,244.905425780456,7592.1,9.75369376343159,31,31,228758.28960817,342.400767750102,8.8579220756129,8.8579220756129
7,244.905425780456,244.905425780456,7592.1,9.72710491893208,31,31,228445.540684035,342.764524610232,8.8579220756129,8.8579220756129
8,244.905425780456,244.905425780456,7592.1,6.47251366882815,31,31,237367.994557421,460.421249786384,8.8579220756129,8.8579220756129
9,244.905425780456,244.905425780456,7592.1,3.22373487748326,31,31,253234.788000241,857.937423734321,8.8579220756129,8.8579220756129
