"strata","dload.bi_kgd","dload.ub_kgd","tload_kglenS","degf","lenObs","lenStr","MSE_kglenS","Cl_kglenS","flowmu_m3s","flowav_m3s"
9,97.0492880894605,97.0492880894605,2911.6,3.34982466017548,30,30,9352.40584080899,158.644933902685,3.24155010576,3.24155010576
