"strata","dload.bi_kgd","dload.ub_kgd","tload_kglenS","degf","lenObs","lenStr","MSE_kglenS","Cl_kglenS","flowmu_m3s","flowav_m3s"
1,218.159907541002,219.229197719709,6796.1,24,25,31,1001410.59875474,421.58856168004,6.48956551547527,7.19701695464533
2,210.394659718521,210.542957390941,6526.9,11.2869158594673,25,31,115809.58561847,222.257539699569,6.48956551547527,6.71505567366636
3,203.480747782211,203.694515073891,6314.5,7.43394182697253,25,31,78487.8092694519,240.12477843546,6.48956551547527,6.40782718013886
4,202.143889182513,202.369728270668,6273.4,5.73368655497499,25,31,67418.0009488227,268.347965046909,6.48956551547527,6.32211457539785
5,202.143889182513,202.369728270668,6273.4,4.94196673142137,25,31,62505.0963123475,290.11818186541,6.48956551547527,6.32211457539785
6,201.815550034343,201.835427900455,6256.8,4.37947024203385,25,31,58463.6634422942,310.120099701812,6.48956551547527,6.33211405957849
7,199.419359405826,199.429897660975,6182.3,4.35267112309735,25,31,58784.4926031459,312.604731184853,6.48956551547527,6.0671181376172
8,200.691653537229,200.706938924341,6221.8,5.17934177327122,25,31,65799.6864105361,286.746675087938,6.48956551547527,6.19961609859785
