"strata","dload.bi_kgd","dload.ub_kgd","tload_kglenS","degf","lenObs","lenStr","MSE_kglenS","Cl_kglenS","flowmu_m3s","flowav_m3s"
6,12.0192256734517,12.0207199644346,372.7,2.15732898492029,25,31,220.18182654069,40.5670699358801,0.57999200516129,0.579939938787097
