"strata","dload.bi_kgd","dload.ub_kgd","tload_kglenS","degf","lenObs","lenStr","MSE_kglenS","Cl_kglenS","flowmu_m3s","flowav_m3s"
1,163.863051979483,164.000182619381,4920,28,29,30,479030.235763737,267.928386587437,4.75898905368889,4.85114792367816
2,162.668229540597,162.68166909244,4880.5,14.1785365008056,29,30,303178.238377408,313.259769551747,4.75898905368889,4.75268792518984
3,164.785327929345,164.751789769525,4942.6,13.9093120315996,29,30,104088.483944435,185.651447307956,4.75898905368889,5.11948627013689
4,164.785327929345,164.751789769525,4942.6,6.36695569176863,29,30,57075.7012035323,228.475905980725,4.75898905368889,5.11948627013689
5,164.785327929345,164.751789769525,4942.7,6.27570229194645,29,30,56663.9144315166,230.055635236566,4.75898905368889,5.11948627013689
6,164.785327929345,164.751789769525,4942.6,6.24264307551621,29,30,56514.1888459643,230.639933070303,4.75898905368889,5.11948627013689
7,164.785327929345,164.751789769525,4942.6,6.16102497763673,29,30,56139.2178455996,232.102431817382,4.75898905368889,5.11948627013689
8,164.785327929345,164.751789769525,4942.5,6.12826636583321,29,30,55989.4922600473,232.703696489723,4.75898905368889,5.11948627013689
9,164.337188108344,164.819139188425,4944.6,5.56803751205799,29,30,78316.3283012174,295.74295098212,4.75898905368889,4.7613206799763
