"strata","dload.bi_kgd","dload.ub_kgd","tload_kglenS","degf","lenObs","lenStr","MSE_kglenS","Cl_kglenS","flowmu_m3s","flowav_m3s"
8,2.31192452654939,2.31192452654939,71.7,15.8499964932082,31,31,0.48859654241809,0.372487088171485,0.57167356455914,0.57167356455914
