"strata","dload.bi_kgd","dload.ub_kgd","tload_kglenS","degf","lenObs","lenStr","MSE_kglenS","Cl_kglenS","flowmu_m3s","flowav_m3s"
7,121.55711441543,121.55711441543,3768.3,3.97314547200659,31,31,149467.946747656,539.951139698522,5.09395634666667,5.09395634666667
