"strata","dload.bi_kgd","dload.ub_kgd","tload_kglenS","degf","lenObs","lenStr","MSE_kglenS","Cl_kglenS","flowmu_m3s","flowav_m3s"
7,29.9884015394477,29.9884015394477,929.6,4.53563223902806,31,31,2591.39408578444,63.3851733623839,1.19196981505376,1.19196981505376
