"strata","dload.bi_kgd","dload.ub_kgd","tload_kglenS","degf","lenObs","lenStr","MSE_kglenS","Cl_kglenS","flowmu_m3s","flowav_m3s"
8,89.1219861346117,89.1219861346117,2762.8,10.7189770417175,31,31,43970.8637171777,141.421008023849,2.71367177602753,2.71367177602753
