"strata","dload.bi_kgd","dload.ub_kgd","tload_kglenS","degf","lenObs","lenStr","MSE_kglenS","Cl_kglenS","flowmu_m3s","flowav_m3s"
6,79.7639034637216,80.1347466370979,2484.1,2.01121788394965,24,31,118887.355123691,1040.5316889919,2.1142708271828,2.44814057955146
