"strata","dload.bi_kgd","dload.ub_kgd","tload_kglenS","degf","lenObs","lenStr","MSE_kglenS","Cl_kglenS","flowmu_m3s","flowav_m3s"
1,3.37304461534656,3.38033600072334,104.8,26,27,31,520.529410529256,9.19728540232746,0.334549290322581,0.250131733333333
2,4.54639085307871,4.56024994076869,141.4,2.09011677156872,27,31,193.614829010561,39.7466173638291,0.334549290322581,0.303111552688172
3,4.54639085307871,4.56024994076869,141.4,2.03988936930935,27,31,191.278384317688,40.8933800110285,0.334549290322581,0.303111552688172
4,4.54639085307871,4.56024994076869,141.4,2.03962152713588,27,31,191.265826336616,40.8997370575475,0.334549290322581,0.303111552688172
5,4.54639085307871,4.56024994076869,141.4,2.03831501120009,27,31,191.204553990342,40.9307845229688,0.334549290322581,0.303111552688172
6,4.54639085307871,4.56024994076869,141.4,2.03821747707289,27,31,191.199979255214,40.9331048712325,0.334549290322581,0.303111552688172
7,4.54639085307871,4.56024994076869,141.4,2.03818025392919,27,31,191.198233388168,40.9339905164512,0.334549290322581,0.303111552688172
8,4.54639085307871,4.56024994076869,141.4,2.03818534331844,27,31,191.198472200242,40.9338694334524,0.334549290322581,0.303111552688172
