"strata","dload.bi_kgd","dload.ub_kgd","tload_kglenS","degf","lenObs","lenStr","MSE_kglenS","Cl_kglenS","flowmu_m3s","flowav_m3s"
8,39.43848371456,39.43848371456,1183.1,3.42556651142835,30,30,10681.9990724682,165.853896909017,1.43456055111111,1.43456055111111
