"strata","dload.bi_kgd","dload.ub_kgd","tload_kglenS","degf","lenObs","lenStr","MSE_kglenS","Cl_kglenS","flowmu_m3s","flowav_m3s"
8,3.36819507235368,3.36819507235368,104.4,5.60055697378626,31,31,13.2974204633834,3.83654563545729,0.383278666652903,0.383278666652903
