"strata","dload.bi_kgd","dload.ub_kgd","tload_kglenS","degf","lenObs","lenStr","MSE_kglenS","Cl_kglenS","flowmu_m3s","flowav_m3s"
9,922.576393898363,922.576393898363,28599.8,4.76353781736564,31,31,14186206.1298725,4503.14274120461,15.982254639828,15.982254639828
