"strata","dload.bi_kgd","dload.ub_kgd","tload_kglenS","degf","lenObs","lenStr","MSE_kglenS","Cl_kglenS","flowmu_m3s","flowav_m3s"
1,4.48389035791243,4.5239033524741,140.2,25,26,31,860.494877920561,12.0829802721746,0.230194666105806,0.240987839273846
2,4.19232929840797,4.19339651764983,130,3.05956930398226,26,31,93.9283529780183,17.4404873176744,0.230194666105806,0.218328195331501
3,4.23756599881853,4.24206813860009,131.5,2.76278423990896,26,31,89.2368015103408,18.9977868107636,0.230194666105806,0.224055370728602
4,4.24985016030442,4.25466660306431,131.8,2.74401437416381,26,31,88.9657233286766,19.1157874680728,0.230194666105806,0.223596714689032
5,4.243136292595,4.24710978237453,131.6,2.72462838480749,26,31,88.6844296350473,19.2400386741284,0.230194666105806,0.223507714682151
6,4.243136292595,4.24710978237453,131.7,2.66973451437688,26,31,87.8356204590269,19.6006193877102,0.230194666105806,0.223507714682151
7,4.243136292595,4.24710978237453,131.6,2.66870778195185,26,31,87.8187275769272,19.6074607432616,0.230194666105806,0.223507714682151
8,4.243136292595,4.24710978237453,131.7,2.66936265761757,26,31,87.8295030398591,19.6030963341283,0.230194666105806,0.223507714682151
