"strata","dload.bi_kgd","dload.ub_kgd","tload_kglenS","degf","lenObs","lenStr","MSE_kglenS","Cl_kglenS","flowmu_m3s","flowav_m3s"
8,18.3320875049848,18.3320875049848,550,3.64969763093538,30,30,903.254050820637,45.3823799557742,1.47151929080373,1.47151929080373
