"strata","dload.bi_kgd","dload.ub_kgd","tload_kglenS","degf","lenObs","lenStr","MSE_kglenS","Cl_kglenS","flowmu_m3s","flowav_m3s"
8,34.0492216953913,34.1420754445245,1058.5,5.376268125167,30,31,3564.98167470796,64.8247102505719,1.47334822374194,1.46748618941935
