"strata","dload.bi_kgd","dload.ub_kgd","tload_kglenS","degf","lenObs","lenStr","MSE_kglenS","Cl_kglenS","flowmu_m3s","flowav_m3s"
1,4.35238788437606,4.35238788437606,130.6,29,30,30,780.754200695823,10.6120733780345,0.463470504533333,0.463470504533333
2,4.35238788437606,4.35238788437606,130.5,7.98225619254083,30,30,245.378411832435,12.7903812854716,0.463470504533333,0.463470504533333
3,4.35238788437607,4.35238788437607,130.6,5.98462565452216,30,30,211.779037110858,14.565044628308,0.463470504533333,0.463470504533333
4,4.35238788437606,4.35238788437606,130.5,5.85545452169565,30,30,209.471815214065,14.7232957066993,0.463470504533333,0.463470504533333
5,4.35238788437607,4.35238788437607,130.6,5.83267062390258,30,30,209.062632770615,14.7519801089741,0.463470504533333,0.463470504533333
6,4.35238788437607,4.35238788437607,130.6,5.82793238437136,30,30,208.977948188227,14.757992890351,0.463470504533333,0.463470504533333
7,4.35238788437607,4.35238788437607,130.6,5.82849036511122,30,30,208.987989562314,14.7572866540646,0.463470504533333,0.463470504533333
8,4.35238788437607,4.35238788437607,130.5,5.83328667430304,30,30,209.0839282966,14.7515620143562,0.463470504533333,0.463470504533333
9,4.35238788437606,4.35238788437606,130.5,5.84052451945025,30,30,209.73160868865,14.7606517714549,0.463470504533333,0.463470504533333
