"strata","dload.bi_kgd","dload.ub_kgd","tload_kglenS","degf","lenObs","lenStr","MSE_kglenS","Cl_kglenS","flowmu_m3s","flowav_m3s"
1,215.595744371735,215.595744371735,6683.5,30,31,31,1048703.73360421,381.838275435934,7.34661259337634,7.34661259337634
2,215.595744371735,215.595744371735,6683.5,5.56282657267391,31,31,382664.236496181,654.196436817434,7.34661259337634,7.34661259337634
3,215.595744371735,215.595744371735,6683.5,4.39236764983502,31,31,338449.763099572,744.295696520812,7.34661259337634,7.34661259337634
4,215.595744371735,215.595744371735,6683.5,4.16260550300393,31,31,329526.54499629,769.292176600493,7.34661259337634,7.34661259337634
5,215.595744371735,215.595744371735,6683.5,4.0173960622543,31,31,323656.317202926,786.715163997338,7.34661259337634,7.34661259337634
6,215.595744371735,215.595744371735,6683.4,4.0330762312931,31,31,324290.842057216,784.756403429028,7.34661259337634,7.34661259337634
7,215.595744371735,215.595744371735,6683.5,4.01924175235046,31,31,323739.125406502,786.493436255481,7.34661259337634,7.34661259337634
8,215.595744371735,215.595744371735,6683.5,4.08236087384581,31,31,326561.899177823,779.056129885696,7.34661259337634,7.34661259337634
9,215.595744371735,215.595744371735,6683.5,4.30327010849092,31,31,337654.399461415,756.57868804131,7.34661259337634,7.34661259337634
