"strata","dload.bi_kgd","dload.ub_kgd","tload_kglenS","degf","lenObs","lenStr","MSE_kglenS","Cl_kglenS","flowmu_m3s","flowav_m3s"
1,38.0470637151181,38.0470637151181,1141.4,29,30,30,36340.499222598,72.3999929735844,1.34684139733333,1.34684139733333
2,38.0470637151181,38.0470637151181,1141.4,16.0927635908797,30,30,32552.2243328779,95.2989383066914,1.34684139733333,1.34684139733333
3,38.0470637151181,38.0470637151181,1141.4,8.1903126127664,30,30,16940.8156757872,104.453542950505,1.34684139733333,1.34684139733333
4,38.0470637151181,38.0470637151181,1141.4,5.95347780666017,30,30,14254.3230230171,119.958062516739,1.34684139733333,1.34684139733333
5,38.0470637151181,38.0470637151181,1141.3,5.18564585996598,30,30,13287.4085022917,128.733104688366,1.34684139733333,1.34684139733333
6,38.0470637151181,38.0470637151181,1141.3,4.70018322029165,30,30,12628.9827865506,135.844774304373,1.34684139733333,1.34684139733333
7,38.0470637151181,38.0470637151181,1141.3,4.24489470025755,30,30,11991.540726337,144.270663713012,1.34684139733333,1.34684139733333
8,38.0470637151181,38.0470637151181,1141.3,4.16785889123136,30,30,11880.5561907427,145.910007582038,1.34684139733333,1.34684139733333
9,38.0470637151181,38.0470637151181,1141.3,4.16374388128432,30,30,11874.6886391018,146.000136953523,1.34684139733333,1.34684139733333
