"strata","dload.bi_kgd","dload.ub_kgd","tload_kglenS","degf","lenObs","lenStr","MSE_kglenS","Cl_kglenS","flowmu_m3s","flowav_m3s"
1,169.845376093696,169.845376093696,5095.4,29,30,30,560235.740258805,284.268334559074,3.73514323555556,3.73514323555556
2,169.845376093696,169.845376093696,5095.4,25.5602602367313,30,30,370156.750654396,247.569809487293,3.73514323555556,3.73514323555556
3,169.845376093696,169.845376093696,5095.4,10.7828344835116,30,30,156332.066254341,265.670234286639,3.73514323555556,3.73514323555556
4,169.845376093696,169.845376093696,5095.4,10.6422639167035,30,30,155306.697441864,266.98035814646,3.73514323555556,3.73514323555556
5,169.845376093696,169.845376093696,5095.4,6.637240419433,30,30,142195.561266507,349.979706684849,3.73514323555556,3.73514323555556
6,169.845376093696,169.845376093696,5095.4,6.54416969648855,30,30,141193.093991854,352.294507080814,3.73514323555556,3.73514323555556
7,169.845376093696,169.845376093696,5095.4,6.54135546493405,30,30,141162.671480893,352.365530858534,3.73514323555556,3.73514323555556
8,169.845376093696,169.845376093696,5095.4,6.54025777961403,30,30,141150.826228758,352.393278603128,3.73514323555556,3.73514323555556
9,169.845376093696,169.845376093696,5095.4,6.54267514831485,30,30,141176.969196263,352.332256333329,3.73514323555556,3.73514323555556
