"strata","dload.bi_kgd","dload.ub_kgd","tload_kglenS","degf","lenObs","lenStr","MSE_kglenS","Cl_kglenS","flowmu_m3s","flowav_m3s"
1,268.813184737136,268.813184737136,8064.4,29,30,30,6268122.19473909,950.849552986916,4.75978396919111,4.75978396919111
2,268.813184737136,268.813184737136,8064.4,8.04255224174747,30,30,2218779.3141473,1210.09751190892,4.75978396919111,4.75978396919111
3,268.813184737136,268.813184737136,8064.4,3.68280016064634,30,30,1168205.07746428,1618.29799474011,4.75978396919111,4.75978396919111
4,268.813184737136,268.813184737136,8064.3,3.17536055236022,30,30,1094003.51942878,1810.9619599644,4.75978396919111,4.75978396919111
5,268.813184737136,268.813184737136,8064.3,2.96924262800141,30,30,1057602.52942606,1910.50478129506,4.75978396919111,4.75978396919111
6,268.813184737136,268.813184737136,8064.3,2.75162274207631,30,30,1017829.8446617,2038.24244951079,4.75978396919111,4.75978396919111
7,268.813184737136,268.813184737136,8064.3,2.73411792018063,30,30,1014583.51921386,2049.77811787781,4.75978396919111,4.75978396919111
8,268.813184737136,268.813184737136,8064.4,2.71938745157245,30,30,1011845.65961572,2059.64970681556,4.75978396919111,4.75978396919111
9,268.813184737136,268.813184737136,8064.3,2.71914912549057,30,30,1011801.31902459,2059.81067658196,4.75978396919111,4.75978396919111
