"strata","dload.bi_kgd","dload.ub_kgd","tload_kglenS","degf","lenObs","lenStr","MSE_kglenS","Cl_kglenS","flowmu_m3s","flowav_m3s"
1,12.5417372544,12.5417372544,376.3,29,30,30,1466.3110021276,14.543071058486,0.692817706666667,0.692817706666667
2,12.5417372544,12.5417372544,376.2,11.2411264375544,30,30,815.791959186856,18.7010737300826,0.692817706666667,0.692817706666667
3,12.5417372544,12.5417372544,376.2,12.0024426583749,30,30,433.254956743193,13.0902237938273,0.692817706666667,0.692817706666667
4,12.5417372544,12.5417372544,376.2,4.23616522441051,30,30,237.458144422006,20.3380492174494,0.692817706666667,0.692817706666667
5,12.5417372544,12.5417372544,376.1,4.08199998689236,30,30,233.097940943627,20.815611606137,0.692817706666667,0.692817706666667
6,12.5417372544,12.5417372544,376.1,3.99721375973716,30,30,231.023249606459,21.1133742580882,0.692817706666667,0.692817706666667
7,12.5417372544,12.5417372544,376.2,3.97166784061515,30,30,230.285059844945,21.2010972903244,0.692817706666667,0.692817706666667
8,12.5417372544,12.5417372544,376.2,3.97197294724347,30,30,230.293911193101,21.2000425290308,0.692817706666667,0.692817706666667
9,12.5417372544,12.5417372544,376.2,3.97254601642271,30,30,230.310557077579,21.1980629388217,0.692817706666667,0.692817706666667
