"strata","dload.bi_kgd","dload.ub_kgd","tload_kglenS","degf","lenObs","lenStr","MSE_kglenS","Cl_kglenS","flowmu_m3s","flowav_m3s"
8,146.8970764449,146.8970764449,4406.9,4.5243852576714,30,30,155973.704639811,492.777687776476,3.5525832528,3.5525832528
