"strata","dload.bi_kgd","dload.ub_kgd","tload_kglenS","degf","lenObs","lenStr","MSE_kglenS","Cl_kglenS","flowmu_m3s","flowav_m3s"
1,209.489912092512,209.489912092512,6075.2,28,29,29,405884.699177478,246.625855970746,6.85684642905379,6.85684642905379
2,209.489912092512,209.489912092512,6075.2,15.2214558984295,29,29,165455.065054688,221.940708360874,6.85684642905379,6.85684642905379
3,209.489912092512,209.489912092512,6075.3,14.4518593827681,29,29,161189.49976003,225.84905709835,6.85684642905379,6.85684642905379
4,209.489912092512,209.489912092512,6075.2,6.47754542342677,29,29,144961.234558165,359.605738534136,6.85684642905379,6.85684642905379
5,209.489912092512,209.489912092512,6075.1,7.34136153935465,29,29,137669.69703512,320.784637563866,6.85684642905379,6.85684642905379
6,209.489912092512,209.489912092512,6075.1,7.11093929495521,29,29,136428.883599454,326.497529269567,6.85684642905379,6.85684642905379
7,209.489912092512,209.489912092512,6075.1,7.06604466528089,29,29,135996.974487355,327.428339874997,6.85684642905379,6.85684642905379
8,209.489912092512,209.489912092512,6075.1,7.06515184109807,29,29,135988.381998658,327.446981606191,6.85684642905379,6.85684642905379
9,209.489912092512,209.489912092512,6075.2,3.23546046876752,29,29,147457.91383477,652.269899667772,6.85684642905379,6.85684642905379
