"strata","dload.bi_kgd","dload.ub_kgd","tload_kglenS","degf","lenObs","lenStr","MSE_kglenS","Cl_kglenS","flowmu_m3s","flowav_m3s"
7,2.54950027230894,2.54950027230894,79.1,3.00958271990469,31,31,1796.78233458039,77.6200160288134,0.161550997780645,0.161550997780645
