"strata","dload.bi_kgd","dload.ub_kgd","tload_kglenS","degf","lenObs","lenStr","MSE_kglenS","Cl_kglenS","flowmu_m3s","flowav_m3s"
9,82.8266071159742,82.8266071159742,2567.7,3.00262419038727,31,31,581275.754205923,1399.54543218574,4.42701197419355,4.42701197419355
