"strata","dload.bi_kgd","dload.ub_kgd","tload_kglenS","degf","lenObs","lenStr","MSE_kglenS","Cl_kglenS","flowmu_m3s","flowav_m3s"
9,117.830582759969,117.830582759969,3652.7,4.96716560103218,31,31,100654.654836209,366.655398449738,3.52072213333333,3.52072213333333
