"strata","dload.bi_kgd","dload.ub_kgd","tload_kglenS","degf","lenObs","lenStr","MSE_kglenS","Cl_kglenS","flowmu_m3s","flowav_m3s"
1,81.4512338327536,81.4512338327536,2525,30,31,31,58553.998905583,90.2259228731049,2.54912096344086,2.54912096344086
2,81.4512338327536,81.4512338327536,2525,26.9056530164142,31,31,36114.8316866442,75.1854453571419,2.54912096344086,2.54912096344086
3,81.4512338327536,81.4512338327536,2524.9,26.4938564035177,31,31,23959.6904610347,61.7586610401539,2.54912096344086,2.54912096344086
4,81.4512338327536,81.4512338327536,2524.9,23.3196219680102,31,31,22021.8670605873,63.5222200021332,2.54912096344086,2.54912096344086
5,81.4512338327536,81.4512338327536,2525,18.6013504496791,31,31,19264.6669942443,67.4548362232293,2.54912096344086,2.54912096344086
6,81.4512338327536,81.4512338327536,2525,15.7347337655529,31,31,17326.8435937969,70.4436560974346,2.54912096344086,2.54912096344086
7,81.4512338327536,81.4512338327536,2525.1,12.5946606527942,31,31,14995.5564271731,74.7891664479871,2.54912096344086,2.54912096344086
8,81.4512338327536,81.4512338327536,2525.1,10.0399798052217,31,31,13057.7330267257,80.3110602536662,2.54912096344086,2.54912096344086
9,81.4512338327536,81.4512338327536,2525.1,9.93667037093112,31,31,13393.4775917159,81.8735841085237,2.54912096344086,2.54912096344086
