"strata","dload.bi_kgd","dload.ub_kgd","tload_kglenS","degf","lenObs","lenStr","MSE_kglenS","Cl_kglenS","flowmu_m3s","flowav_m3s"
1,141.878767127616,141.878767127616,4256.4,29,30,30,4118091.1071535,770.7101078587,2.09331944,2.09331944
2,141.878767127616,141.878767127616,4256.3,8.0293990020342,30,30,3519721.66397835,1525.79436196423,2.09331944,2.09331944
3,141.878767127616,141.878767127616,4256.4,8.01374847396712,30,30,3516289.12387446,1527.05556640253,2.09331944,2.09331944
4,141.878767127616,141.878767127616,4256.4,8.01085241937338,30,30,3515652.92748042,1527.2893141297,2.09331944,2.09331944
5,141.878767127616,141.878767127616,4256.3,8.00895384957428,30,30,3515236.27989247,1527.44274476067,2.09331944,2.09331944
6,141.878767127616,141.878767127616,4256.3,8.00884438000125,30,30,3515212.25590419,1527.4515937212,2.09331944,2.09331944
7,141.878767127616,141.878767127616,4256.3,8.0088395385906,30,30,3515211.19341671,1527.45198508207,2.09331944,2.09331944
8,141.878767127616,141.878767127616,4256.3,8.00884015340974,30,30,3515211.32834389,1527.45193538245,2.09331944,2.09331944
9,141.878767127616,141.878767127616,4256.4,5.00721687458335,30,30,3611953.41477263,2182.30807581949,2.09331944,2.09331944
