"strata","dload.bi_kgd","dload.ub_kgd","tload_kglenS","degf","lenObs","lenStr","MSE_kglenS","Cl_kglenS","flowmu_m3s","flowav_m3s"
1,7.24011392663347,7.24011392663347,217.2,29,30,30,1065.20148851389,12.3953547849592,0.420054557511111,0.420054557511111
2,7.24011392663347,7.24011392663347,217.2,15.9832423731476,30,30,752.588047945344,14.5478791286503,0.420054557511111,0.420054557511111
3,7.24011392663347,7.24011392663347,217.2,8.45839177883997,30,30,423.99842862618,16.1739585159402,0.420054557511111,0.420054557511111
4,7.24011392663347,7.24011392663347,217.2,3.39911948418206,30,30,312.369611980475,28.5781733271616,0.420054557511111,0.420054557511111
5,7.24011392663347,7.24011392663347,217.2,4.32401315628712,30,30,299.014038181872,22.421705796802,0.420054557511111,0.420054557511111
6,7.24011392663347,7.24011392663347,217.3,4.24711975887261,30,30,296.332794556828,22.6690429188468,0.420054557511111,0.420054557511111
7,7.24011392663347,7.24011392663347,217.3,4.17190618496868,30,30,293.688778905674,22.9214266990113,0.420054557511111,0.420054557511111
8,7.24011392663347,7.24011392663347,217.3,4.16707852618849,30,30,293.520965471174,22.9380985586166,0.420054557511111,0.420054557511111
9,7.24011392663347,7.24011392663347,217.3,4.16406668246469,30,30,293.414853227897,22.948469275885,0.420054557511111,0.420054557511111
