"strata","dload.bi_kgd","dload.ub_kgd","tload_kglenS","degf","lenObs","lenStr","MSE_kglenS","Cl_kglenS","flowmu_m3s","flowav_m3s"
8,11.80898908416,11.80898908416,330.7,5.6213392277113,28,28,221.20174517477,15.6035987037953,1.80721862857143,1.80721862857143
