"strata","dload.bi_kgd","dload.ub_kgd","tload_kglenS","degf","lenObs","lenStr","MSE_kglenS","Cl_kglenS","flowmu_m3s","flowav_m3s"
8,17.13884514048,17.13884514048,514.1,6.00134241985536,30,30,671.430044205609,25.8803984362834,1.64567802666667,1.64567802666667
