"strata","dload.bi_kgd","dload.ub_kgd","tload_kglenS","degf","lenObs","lenStr","MSE_kglenS","Cl_kglenS","flowmu_m3s","flowav_m3s"
1,11.7521403510171,11.7521403510171,364.3,30,31,31,13873.5036297473,43.9183614701045,0.503796977032258,0.503796977032258
2,11.7521403510171,11.7521403510171,364.3,3.00008407749724,31,31,3699.84110043009,111.758103345847,0.503796977032258,0.503796977032258
3,11.7521403510171,11.7521403510171,364.4,3.00006894856301,31,31,3699.8317715628,111.758563059829,0.503796977032258,0.503796977032258
4,11.7521403510171,11.7521403510171,364.4,3.00005861296691,31,31,3699.82539837203,111.758877125102,0.503796977032258,0.503796977032258
5,11.7521403510171,11.7521403510171,364.3,3.00005310071859,31,31,3699.8219993811,111.759044625748,0.503796977032258,0.503796977032258
6,11.7521403510171,11.7521403510171,364.4,3.00004713093851,31,31,3699.81831825551,111.759226030261,0.503796977032258,0.503796977032258
7,11.7521403510171,11.7521403510171,364.3,3.00004350990001,31,31,3699.81608542524,111.759336063728,0.503796977032258,0.503796977032258
8,11.7521403510171,11.7521403510171,364.3,3.00004325017475,31,31,3699.81592527162,111.759343956084,0.503796977032258,0.503796977032258
9,11.7521403510171,11.7521403510171,364.4,3.00004638574783,31,31,3699.81785877867,111.759248674961,0.503796977032258,0.503796977032258
