"strata","dload.bi_kgd","dload.ub_kgd","tload_kglenS","degf","lenObs","lenStr","MSE_kglenS","Cl_kglenS","flowmu_m3s","flowav_m3s"
6,0.766127262862699,0.766127262862699,23.8,4.81888579553136,31,31,3.31690395853447,2.15701023505299,0.228458724473118,0.228458724473118
