"strata","dload.bi_kgd","dload.ub_kgd","tload_kglenS","degf","lenObs","lenStr","MSE_kglenS","Cl_kglenS","flowmu_m3s","flowav_m3s"
1,90.55116288192,90.55116288192,2716.5,29,30,30,58637.6089829923,91.9668276723993,2.99709730666667,2.99709730666667
2,90.55116288192,90.55116288192,2716.6,8.18586750342813,30,30,46215.330108038,172.586532594219,2.99709730666667,2.99709730666667
3,90.55116288192,90.55116288192,2716.6,8.19220912869092,30,30,46233.5057735782,172.530989612356,2.99709730666667,2.99709730666667
4,90.55116288192,90.55116288192,2716.5,8.18190381505475,30,30,46208.8054806294,172.63032902133,2.99709730666667,2.99709730666667
5,90.55116288192,90.55116288192,2716.5,8.18211313320083,30,30,46209.3965870921,172.628475597146,2.99709730666667,2.99709730666667
6,90.55116288192,90.55116288192,2716.5,8.18202030005139,30,30,46209.1344415042,172.629297604761,2.99709730666667,2.99709730666667
7,90.55116288192,90.55116288192,2716.5,8.18357626116542,30,30,46213.5305757772,172.615527147648,2.99709730666667,2.99709730666667
8,90.55116288192,90.55116288192,2716.6,8.22110257808495,30,30,46329.0812223797,172.302844719183,2.99709730666667,2.99709730666667
9,90.55116288192,90.55116288192,2716.6,5.19849496133621,30,30,51228.2137412234,252.277361637786,2.99709730666667,2.99709730666667
