"strata","dload.bi_kgd","dload.ub_kgd","tload_kglenS","degf","lenObs","lenStr","MSE_kglenS","Cl_kglenS","flowmu_m3s","flowav_m3s"
1,15.7453412122603,15.7640788680786,488.7,28,29,31,6638.81933577852,31.5415252606006,1.68233374366452,1.68715058411034
2,15.857897497414,15.887364897046,492.5,16.0608989292902,29,31,5648.52641087401,39.743425912899,1.68233374366452,1.72513067785655
3,15.2107127680543,15.2123260134343,471.6,15.4680368866205,29,31,4251.4179079538,35.2436682520862,1.68233374366452,1.66825632057806
4,15.2107127680543,15.2123260134343,471.6,3.51963974270988,29,31,1345.55034974141,57.3368610816143,1.68233374366452,1.66825632057806
5,15.2107127680543,15.2123260134343,471.6,3.41136437787173,29,31,1324.64513421554,58.6430450699194,1.68233374366452,1.66825632057806
6,15.2107127680543,15.2123260134343,471.6,3.41239640399649,29,31,1324.84623677921,58.6301021195722,1.68233374366452,1.66825632057806
7,15.1670848197422,15.1722073026225,470.4,3.36286526957829,29,31,1315.65752941689,59.2740037742905,1.68233374366452,1.68066358530753
8,15.1670848197422,15.1722073026225,470.4,3.36388960242116,29,31,1315.85863198056,59.2606740810024,1.68233374366452,1.68066358530753
9,15.1670848197422,15.1722073026225,470.4,3.36446746960615,29,31,1315.97213100936,59.2531602796746,1.68233374366452,1.68066358530753
