"strata","dload.bi_kgd","dload.ub_kgd","tload_kglenS","degf","lenObs","lenStr","MSE_kglenS","Cl_kglenS","flowmu_m3s","flowav_m3s"
1,149.19416082655,149.19416082655,4625,30,31,31,134777.524253476,136.886869001612,4.77457785806452,4.77457785806452
2,149.19416082655,149.19416082655,4625,26.1469914018984,31,31,34833.6129272896,75.005530598249,4.77457785806452,4.77457785806452
3,149.19416082655,149.19416082655,4625,12.0464254345786,31,31,18349.0091825673,84.9985538467593,4.77457785806452,4.77457785806452
4,149.19416082655,149.19416082655,4625.1,11.4420084630036,31,31,17882.3572881884,86.6034958484333,4.77457785806452,4.77457785806452
5,149.19416082655,149.19416082655,4624.9,6.91301592664279,31,31,16687.6310319454,116.475481821069,4.77457785806452,4.77457785806452
6,149.19416082655,149.19416082655,4624.9,6.86596694691575,31,31,16630.6990441357,116.838963228386,4.77457785806452,4.77457785806452
7,149.19416082655,149.19416082655,4625,6.87942888322647,31,31,16571.1940385012,116.468337564809,4.77457785806452,4.77457785806452
8,149.19416082655,149.19416082655,4625,6.87776404996316,31,31,16569.1890712049,116.48121712243,4.77457785806452,4.77457785806452
9,149.19416082655,149.19416082655,4625,6.87978195760542,31,31,16571.6204638746,116.465611270364,4.77457785806452,4.77457785806452
