"strata","dload.bi_kgd","dload.ub_kgd","tload_kglenS","degf","lenObs","lenStr","MSE_kglenS","Cl_kglenS","flowmu_m3s","flowav_m3s"
1,1044.71917051575,1046.25968259495,30341.5,27,28,29,75002267.2196688,3419.76921541545,20.0423136965517,20.5304384857143
2,1038.38748064706,1038.61854346527,30119.9,12.4288579965365,28,29,53440932.8790966,4500.71957173262,20.0423136965517,20.2355270344828
3,1037.32498407314,1037.46433530576,30086.5,2.2522652734654,28,29,16351127.2453541,10433.5257353875,20.0423136965517,20.1872629320197
4,1037.32498407314,1037.46433530576,30086.5,2.1245048486197,28,29,15878084.0964131,11126.1729574161,20.0423136965517,20.1872629320197
5,1035.47067306676,1035.49573146702,30029.4,2.10389783129739,28,29,15800984.6122279,11250.6111576103,20.0423136965517,19.9634524934866
6,1035.13294951085,1035.14072678379,30019.1,2.07951688416005,28,29,15708873.6409797,11402.7831564879,20.0423136965517,19.9488194344828
7,1035.13294951085,1035.14072678379,30019.2,2.0786497763236,28,29,15705617.4172347,11408.3108889892,20.0423136965517,19.9488194344828
8,1035.38151970609,1035.39381765887,30026.6,2.07859170362888,28,29,15705398.0256516,11408.6808921411,20.0423136965517,19.9875109241379
