"strata","dload.bi_kgd","dload.ub_kgd","tload_kglenS","degf","lenObs","lenStr","MSE_kglenS","Cl_kglenS","flowmu_m3s","flowav_m3s"
7,136.857987244288,136.857987244288,4105.6,4.8538436169085,30,30,191495.13848673,515.243378335187,4.62999344444444,4.62999344444444
