"strata","dload.bi_kgd","dload.ub_kgd","tload_kglenS","degf","lenObs","lenStr","MSE_kglenS","Cl_kglenS","flowmu_m3s","flowav_m3s"
7,320.19078098379,320.19078098379,9925.9,10.4059857286255,31,31,309975.091385232,382.535907087656,10.216941067114,10.216941067114
