"strata","dload.bi_kgd","dload.ub_kgd","tload_kglenS","degf","lenObs","lenStr","MSE_kglenS","Cl_kglenS","flowmu_m3s","flowav_m3s"
1,2.14766942480361,2.14899734007122,66.6,29,30,31,99.1377779672401,3.7814875057746,0.110526864516129,0.112795253333333
2,2.14109265973321,2.14153626909169,66.4,9.92498097526016,30,31,64.2240760885204,5.67376685238323,0.110526864516129,0.1116795453149
3,2.14109265973322,2.14153626909169,66.5,6.22370043865002,30,31,16.497280980256,3.94937025487933,0.110526864516129,0.1116795453149
4,2.13935515852416,2.13965618033929,66.4,5.87203755123194,30,31,16.0149465647392,4.06242196535165,0.110526864516129,0.110996273835125
5,2.13519597515905,2.13527644050645,66.2,4.02196754036439,30,31,13.1344392434291,5.00657439668243,0.110526864516129,0.110831346236559
6,2.13519597515905,2.13527644050645,66.2,3.76021751663451,30,31,12.6890589342254,5.23118278679931,0.110526864516129,0.110831346236559
7,2.13374194603355,2.13378068438959,66.2,3.725260047308,30,31,12.634205953605,5.26531362969035,0.110526864516129,0.110831346236559
8,2.13366250515015,2.13373557735513,66.2,3.57011314508158,30,31,12.3655115247259,5.42206516515795,0.110526864516129,0.111085081003584
9,2.13248906465032,2.13248906465032,66.2,3.55512469588361,30,31,12.3395635839965,5.43818654312818,0.110526864516129,0.110983587096774
