"strata","dload.bi_kgd","dload.ub_kgd","tload_kglenS","degf","lenObs","lenStr","MSE_kglenS","Cl_kglenS","flowmu_m3s","flowav_m3s"
9,34.2065191167427,34.2065191167427,1026.2,2.86997688269612,30,30,8310.51045010087,175.725955897706,2.12519251544889,2.12519251544889
