"strata","dload.bi_kgd","dload.ub_kgd","tload_kglenS","degf","lenObs","lenStr","MSE_kglenS","Cl_kglenS","flowmu_m3s","flowav_m3s"
8,493.45771014239,493.45771014239,15297,6.15170481819497,31,31,307415.315511797,543.741721835615,11.4862684215054,11.4862684215054
