"strata","dload.bi_kgd","dload.ub_kgd","tload_kglenS","degf","lenObs","lenStr","MSE_kglenS","Cl_kglenS","flowmu_m3s","flowav_m3s"
1,138.741943419203,138.741943419203,4301,30,31,31,728095.660130471,318.161242488546,4.75468180452473,4.75468180452473
2,138.741943419203,138.741943419203,4301,16.6834083875068,31,31,431515.491176853,339.804002678732,4.75468180452473,4.75468180452473
3,138.741943419203,138.741943419203,4301,21.9059864688106,31,31,142911.925938164,167.549477222913,4.75468180452473,4.75468180452473
4,138.741943419203,138.741943419203,4301,13.308866817526,31,31,107554.570505508,193.752906164439,4.75468180452473,4.75468180452473
5,138.741943419203,138.741943419203,4301,13.1583981772028,31,31,106941.812849754,194.522106045621,4.75468180452473,4.75468180452473
6,138.741943419203,138.741943419203,4301.1,5.66637040579508,31,31,84892.6785089144,303.829862600542,4.75468180452473,4.75468180452473
7,138.741943419203,138.741943419203,4301,5.65802563482068,31,31,84830.1960457351,304.058168423026,4.75468180452473,4.75468180452473
8,138.741943419203,138.741943419203,4301,5.65063956442394,31,31,84774.7880579464,304.260721197756,4.75468180452473,4.75468180452473
9,138.741943419203,138.741943419203,4301,5.55429513521645,31,31,84968.2485775531,308.629632290457,4.75468180452473,4.75468180452473
