"strata","dload.bi_kgd","dload.ub_kgd","tload_kglenS","degf","lenObs","lenStr","MSE_kglenS","Cl_kglenS","flowmu_m3s","flowav_m3s"
1,89.2661280265973,89.2661280265973,2767.2,30,31,31,64173.8578112128,94.4565603505795,5.3914620864,5.3914620864
2,89.2661280265973,89.2661280265973,2767.2,18.4130843032291,31,31,43156.1067682954,101.547657099494,5.3914620864,5.3914620864
3,89.2661280265973,89.2661280265973,2767.2,17.4566613045376,31,31,36744.30041823,96.6037986024369,5.3914620864,5.3914620864
4,89.2661280265973,89.2661280265973,2767.2,9.87114030489255,31,31,18845.4580103931,97.5283681114432,5.3914620864,5.3914620864
5,89.2661280265973,89.2661280265973,2767.2,8.57875406114308,31,31,13641.772310897,90.8879641882448,5.3914620864,5.3914620864
6,89.2661280265973,89.2661280265973,2767.3,8.1284168979072,31,31,13270.7065541409,92.9204043590614,5.3914620864,5.3914620864
7,89.2661280265973,89.2661280265973,2767.3,7.77329323543976,31,31,12976.3786617809,94.6985442376934,5.3914620864,5.3914620864
8,89.2661280265973,89.2661280265973,2767.4,7.76898296985426,31,31,12972.7805366849,94.7211270632184,5.3914620864,5.3914620864
9,89.2661280265973,89.2661280265973,2767.3,9.32916589828357,31,31,15607.3930513574,92.0313205591113,5.3914620864,5.3914620864
