"strata","dload.bi_kgd","dload.ub_kgd","tload_kglenS","degf","lenObs","lenStr","MSE_kglenS","Cl_kglenS","flowmu_m3s","flowav_m3s"
9,47.1515200235768,47.1515200235768,1461.5,3.00240257269569,31,31,115936.33139559,625.086064279684,1.23200916129032,1.23200916129032
