"strata","dload.bi_kgd","dload.ub_kgd","tload_kglenS","degf","lenObs","lenStr","MSE_kglenS","Cl_kglenS","flowmu_m3s","flowav_m3s"
1,414.038191848849,414.038191848849,11593.1,27,28,28,9077001.99549603,1189.68180103627,8.33691376367619,8.33691376367619
2,414.038191848849,414.038191848849,11593.1,18.9331831577153,28,28,6733339.46892807,1248.47946219067,8.33691376367619,8.33691376367619
3,414.038191848849,414.038191848849,11593,5.64961957918139,28,28,2582752.78659038,1679.62970932682,8.33691376367619,8.33691376367619
4,414.038191848849,414.038191848849,11593.1,3.29958789823879,28,28,1951322.73170016,2326.31888745971,8.33691376367619,8.33691376367619
5,414.038191848849,414.038191848849,11593,3.26152877608942,28,28,1940027.5459479,2346.78107204324,8.33691376367619,8.33691376367619
6,414.038191848849,414.038191848849,11593,3.26140627742806,28,28,1939991.11300441,2346.84795374375,8.33691376367619,8.33691376367619
7,414.038191848849,414.038191848849,11593,3.26136212820783,28,28,1939977.98223427,2346.87205992099,8.33691376367619,8.33691376367619
8,414.038191848849,414.038191848849,11593,3.261353662165,28,28,1939975.46427433,2346.87668261431,8.33691376367619,8.33691376367619
