"strata","dload.bi_kgd","dload.ub_kgd","tload_kglenS","degf","lenObs","lenStr","MSE_kglenS","Cl_kglenS","flowmu_m3s","flowav_m3s"
8,182.547540396123,182.547540396123,5476.5,2.2550013160112,30,30,404342.202683793,1638.08427024724,6.32069958794667,6.32069958794667
