"strata","dload.bi_kgd","dload.ub_kgd","tload_kglenS","degf","lenObs","lenStr","MSE_kglenS","Cl_kglenS","flowmu_m3s","flowav_m3s"
8,155.160372630023,155.160372630023,4810,4.45483530028689,31,31,286228.727971187,676.316593283898,5.04660943913979,5.04660943913979
