"strata","dload.bi_kgd","dload.ub_kgd","tload_kglenS","degf","lenObs","lenStr","MSE_kglenS","Cl_kglenS","flowmu_m3s","flowav_m3s"
9,449.919069242914,449.919069242914,13947.4,6.98954924622633,31,31,380987.893066838,552.236099802169,9.18036593393548,9.18036593393548
