"strata","dload.bi_kgd","dload.ub_kgd","tload_kglenS","degf","lenObs","lenStr","MSE_kglenS","Cl_kglenS","flowmu_m3s","flowav_m3s"
9,540.528924460618,540.528924460618,16215.9,2.26541372525857,30,30,1868182.42004216,3499.76026640438,10.6661551285333,10.6661551285333
