"strata","dload.bi_kgd","dload.ub_kgd","tload_kglenS","degf","lenObs","lenStr","MSE_kglenS","Cl_kglenS","flowmu_m3s","flowav_m3s"
9,331.479463938463,331.544483091713,10277.8,5.15254151125904,29,31,198824.098591917,500.494467698507,14.9272415399484,14.9733565905548
