"strata","dload.bi_kgd","dload.ub_kgd","tload_kglenS","degf","lenObs","lenStr","MSE_kglenS","Cl_kglenS","flowmu_m3s","flowav_m3s"
7,168.251282166415,168.259104426597,5216.1,8.52165188618555,30,31,50423.0465778458,175.51088716062,8.98970861505376,8.91028963297491
