"strata","dload.bi_kgd","dload.ub_kgd","tload_kglenS","degf","lenObs","lenStr","MSE_kglenS","Cl_kglenS","flowmu_m3s","flowav_m3s"
6,1.99418528983604,1.99418528983604,61.8,5.19911096870174,31,31,2.79184756040824,1.86221157172131,0.179928418291613,0.179928418291613
