"strata","dload.bi_kgd","dload.ub_kgd","tload_kglenS","degf","lenObs","lenStr","MSE_kglenS","Cl_kglenS","flowmu_m3s","flowav_m3s"
1,146.8970764449,146.8970764449,4406.9,29,30,30,632967.058200376,302.157677529033,3.5525832528,3.5525832528
2,146.8970764449,146.8970764449,4407,23.5773526475798,30,30,416730.096361566,274.650516158622,3.5525832528,3.5525832528
3,146.8970764449,146.8970764449,4407,16.2357425221869,30,30,349516.022517063,310.671695602909,3.5525832528,3.5525832528
4,146.8970764449,146.8970764449,4407,5.57832072360159,30,30,173321.437827976,439.34114124346,3.5525832528,3.5525832528
5,146.8970764449,146.8970764449,4407,4.91131839453645,30,30,162561.288677886,470.222933347748,3.5525832528,3.5525832528
6,146.8970764449,146.8970764449,4407,4.61721987661327,30,30,157571.661897443,486.965038480264,3.5525832528,3.5525832528
7,146.8970764449,146.8970764449,4406.9,4.52976318443759,30,30,156066.402312726,492.43304034318,3.5525832528,3.5525832528
8,146.8970764449,146.8970764449,4406.9,4.5243852576714,30,30,155973.704639811,492.777687776476,3.5525832528,3.5525832528
9,146.8970764449,146.8970764449,4407,4.52588149500195,30,30,155999.636504444,492.681921538981,3.5525832528,3.5525832528
