"strata","dload.bi_kgd","dload.ub_kgd","tload_kglenS","degf","lenObs","lenStr","MSE_kglenS","Cl_kglenS","flowmu_m3s","flowav_m3s"
1,40.77863857152,40.77863857152,1223.4,29,30,30,59370.8924693817,92.5400794826391,1.03891192888889,1.03891192888889
2,40.77863857152,40.77863857152,1223.3,3.05408955934808,30,30,24407.0267239576,281.667659377688,1.03891192888889,1.03891192888889
3,40.77863857152,40.77863857152,1223.4,3.03261319358361,30,30,24321.0050536531,283.272927699653,1.03891192888889,1.03891192888889
4,40.77863857152,40.77863857152,1223.3,3.02748254323008,30,30,24300.4273588813,283.661057057654,1.03891192888889,1.03891192888889
5,40.77863857152,40.77863857152,1223.3,3.01836544390363,30,30,24263.8108980873,284.355099778809,1.03891192888889,1.03891192888889
6,40.77863857152,40.77863857152,1223.4,3.01789121651155,30,30,24261.9046984421,284.391354582705,1.03891192888889,1.03891192888889
7,40.77863857152,40.77863857152,1223.5,3.01776727818267,30,30,24261.406591936,284.40083281151,1.03891192888889,1.03891192888889
8,40.77863857152,40.77863857152,1223.4,3.0177603843827,30,30,24261.3788804757,284.401360018445,1.03891192888889,1.03891192888889
9,40.77863857152,40.77863857152,1223.4,3.01789220132352,30,30,24261.9089772914,284.391281154057,1.03891192888889,1.03891192888889
