"strata","dload.bi_kgd","dload.ub_kgd","tload_kglenS","degf","lenObs","lenStr","MSE_kglenS","Cl_kglenS","flowmu_m3s","flowav_m3s"
1,70.6808098361514,70.9577751282808,2199.7,28,29,31,677879.724412232,318.723134442364,2.64971174619141,2.34706029595954
2,61.908515466179,61.9169427756184,1919.4,20.0698395533912,29,31,419695.887950303,301.581868006066,2.64971174619141,2.27888723274409
3,61.908515466179,61.9169427756184,1919.4,2.35828807322697,29,31,90030.1412627501,729.403719298075,2.64971174619141,2.27888723274409
4,61.908515466179,61.9169427756184,1919.4,2.16875066203136,29,31,86346.6806542701,797.584548092041,2.64971174619141,2.27888723274409
5,61.908515466179,61.9169427756184,1919.4,2.1602877068359,29,31,86178.0118935066,801.064864281045,2.64971174619141,2.27888723274409
6,61.908515466179,61.9169427756184,1919.4,2.16013689770202,29,31,86175.0037781047,801.127273391944,2.64971174619141,2.27888723274409
7,61.908515466179,61.9169427756184,1919.3,2.16011215191873,29,31,86174.5102729084,801.137515655466,2.64971174619141,2.27888723274409
8,62.290320902544,62.3032748367714,1931.3,2.17258200906103,29,31,86424.9532002696,796.032181483837,2.64971174619141,2.28741260369067
9,62.3328675134286,62.3546304493335,1932.9,2.85956896480452,29,31,89957.5810444188,580.465902103777,2.64971174619141,2.28945965256602
