"strata","dload.bi_kgd","dload.ub_kgd","tload_kglenS","degf","lenObs","lenStr","MSE_kglenS","Cl_kglenS","flowmu_m3s","flowav_m3s"
1,170.072059408755,170.111639503425,5273.5,29,30,31,143696.10822165,143.967871076635,8.98970861505376,9.09633938222222
2,169.070552691324,169.100210362653,5242.1,17.4590925390241,30,31,98464.2715652358,158.126198161586,8.98970861505376,8.96143939032258
3,169.070552691324,169.100210362653,5242.1,14.0686954186334,30,31,68352.2234803929,149.428902595573,8.98970861505376,8.96143939032258
4,168.20951675172,168.217323583439,5214.8,10.5058545528251,30,31,57981.1505301011,164.453427746725,8.98970861505376,8.90603703827957
5,168.251282166415,168.259104426597,5216.1,8.93788475927544,30,31,56605.9341106043,180.217371767831,8.98970861505376,8.91028963297491
6,168.251282166415,168.259104426597,5216.1,8.66606272714473,30,31,50857.5670001735,174.319737638738,8.98970861505376,8.91028963297491
7,168.251282166415,168.259104426597,5216.1,8.52165188618555,30,31,50423.0465778458,175.51088716062,8.98970861505376,8.91028963297491
8,168.466418661755,168.498503628715,5223.6,8.56192454249834,30,31,50562.0367554879,175.205206197791,8.98970861505376,8.91252249892473
9,168.529570717717,168.574698199764,5225.9,8.56884952262379,30,31,50602.5791047166,175.181770687367,8.98970861505376,8.92561521290322
