"strata","dload.bi_kgd","dload.ub_kgd","tload_kglenS","degf","lenObs","lenStr","MSE_kglenS","Cl_kglenS","flowmu_m3s","flowav_m3s"
1,120.432533449658,122.043643794532,3783.4,26,27,31,4451240.16889939,850.506311391358,1.83006563195084,1.94791616790123
2,129.086457294165,133.067656705035,4125.1,11.4514408663455,27,31,1788628.64582304,865.689998820012,1.83006563195084,1.90095550107527
3,112.280889708567,112.280986097119,3480.7,5.0846680643604,27,31,91945.9941431008,343.949727325182,1.83006563195084,1.75422068530466
4,112.280889708567,112.280986097119,3480.8,2.92064511687334,27,31,68317.75228682,494.298056714221,1.83006563195084,1.75422068530466
5,112.280889708567,112.280986097119,3480.7,2.57647043445737,27,31,64126.7329683655,552.153554791036,1.83006563195084,1.75422068530466
6,112.280889708567,112.280986097119,3480.7,2.57577353979454,27,31,64118.0592286017,552.293701217838,1.83006563195084,1.75422068530466
7,112.294185486188,112.293977327038,3481.1,2.57577240096771,27,31,64118.0450546648,552.293930332089,1.83006563195084,1.7678208688172
8,112.290685485406,112.290308290644,3481.1,2.57578719995692,27,31,64118.2292495418,552.290953052608,1.83006563195084,1.76842983225806
