"strata","dload.bi_kgd","dload.ub_kgd","tload_kglenS","degf","lenObs","lenStr","MSE_kglenS","Cl_kglenS","flowmu_m3s","flowav_m3s"
1,365.936342688983,365.936342688983,11344,30,31,31,2145651.07313521,546.175986634804,7.26803042855914,7.26803042855914
2,365.936342688983,365.936342688983,11344,20.3919330350624,31,31,1718210.7555409,604.756982433674,7.26803042855914,7.26803042855914
3,365.936342688983,365.936342688983,11344,11.4971234624469,31,31,1024268.08295951,653.496395577716,7.26803042855914,7.26803042855914
4,365.936342688983,365.936342688983,11344.1,10.615004995478,31,31,690953.821665888,564.035934933392,7.26803042855914,7.26803042855914
5,365.936342688983,365.936342688983,11344.1,7.98812352450251,31,31,591839.336025885,627.844381363982,7.26803042855914,7.26803042855914
6,365.936342688983,365.936342688983,11344.1,7.68897464440859,31,31,580409.036308335,638.056386806705,7.26803042855914,7.26803042855914
7,365.936342688983,365.936342688983,11344.1,7.60498314636088,31,31,577237.858243707,641.103983101262,7.26803042855914,7.26803042855914
8,365.936342688983,365.936342688983,11344.1,7.5909669625124,31,31,576705.233784478,641.617884758119,7.26803042855914,7.26803042855914
9,365.936342688983,365.936342688983,11344,7.58666731585327,31,31,582385.724978998,645.020299926351,7.26803042855914,7.26803042855914
