"strata","dload.bi_kgd","dload.ub_kgd","tload_kglenS","degf","lenObs","lenStr","MSE_kglenS","Cl_kglenS","flowmu_m3s","flowav_m3s"
8,21.0713965860326,21.0713965860326,653.3,6.48026027709718,31,31,2210.63361836949,44.3943529045787,2.23589924746667,2.23589924746667
