"strata","dload.bi_kgd","dload.ub_kgd","tload_kglenS","degf","lenObs","lenStr","MSE_kglenS","Cl_kglenS","flowmu_m3s","flowav_m3s"
9,274.061970458363,274.061970458363,8496,4.54029744247059,31,31,529351.383288393,905.146379533935,7.96491905582796,7.96491905582796
