"strata","dload.bi_kgd","dload.ub_kgd","tload_kglenS","degf","lenObs","lenStr","MSE_kglenS","Cl_kglenS","flowmu_m3s","flowav_m3s"
1,0.522507730437983,0.522581387046373,15.7,28,29,30,1.9735358108654,0.543825754831511,0.108137139733333,0.110142587586207
2,0.524230928397855,0.524389059961075,15.8,20.3832439612107,29,30,0.925497119435045,0.443950331959249,0.108137139733333,0.110584773133333
3,0.522885712521391,0.522902303237397,15.7,17.6244246098236,29,30,0.290369379923669,0.270079545532333,0.108137139733333,0.109772434933333
4,0.522419420300596,0.52241510736507,15.7,14.908573203202,29,30,0.263019201094577,0.283258376929116,0.108137139733333,0.109374164385185
5,0.522885712521391,0.522902303237397,15.7,8.61921962412994,29,30,0.220348807405571,0.364146863486494,0.108137139733333,0.109772434933333
6,0.522419420300596,0.52241510736507,15.7,6.78546502349618,29,30,0.192998628576478,0.40136504867482,0.108137139733333,0.109374164385185
7,0.521972687307917,0.521944091990489,15.6,6.36005658731596,29,30,0.186641772777277,0.413486369355503,0.108137139733333,0.108995138773333
8,0.521972687307917,0.521944091990489,15.6,6.2392711742987,29,30,0.184845491260864,0.417284092532296,0.108137139733333,0.108995138773333
9,0.522199452299285,0.522112241367734,15.7,6.70129290598947,29,30,0.192951810251383,0.404897099270422,0.108137139733333,0.108456490311111
