"strata","dload.bi_kgd","dload.ub_kgd","tload_kglenS","degf","lenObs","lenStr","MSE_kglenS","Cl_kglenS","flowmu_m3s","flowav_m3s"
8,132.548732898651,132.548732898651,3711.3,5.64582138388529,28,28,68378.979126643,273.435868823777,7.12150664761905,7.12150664761905
