"strata","dload.bi_kgd","dload.ub_kgd","tload_kglenS","degf","lenObs","lenStr","MSE_kglenS","Cl_kglenS","flowmu_m3s","flowav_m3s"
8,72.1678741742351,72.1636099876164,2237,3.83425984420768,30,31,6332.63831703347,114.783995462915,5.21969502659097,5.19092150401032
