"strata","dload.bi_kgd","dload.ub_kgd","tload_kglenS","degf","lenObs","lenStr","MSE_kglenS","Cl_kglenS","flowmu_m3s","flowav_m3s"
9,29.2114574316189,29.2114574316189,905.7,2.58237821456632,31,31,10630.8921146838,224.204573135738,1.32340464765935,1.32340464765935
