"strata","dload.bi_kgd","dload.ub_kgd","tload_kglenS","degf","lenObs","lenStr","MSE_kglenS","Cl_kglenS","flowmu_m3s","flowav_m3s"
1,107.35301266054,107.64906924837,3337.1,25,26,31,97143.9975407002,128.383114482943,3.05837882012903,3.41978181723077
2,106.917317594496,107.160439389061,3322,6.73660494485011,26,31,88544.9647681743,273.259870536879,3.05837882012903,3.31979980897242
3,102.158959784953,102.162262198001,3167.1,4.60847094346949,26,31,72629.3389727165,331.130815826377,3.05837882012903,2.91683343394721
4,101.914766045213,101.915838377982,3159.4,4.39749293353413,26,31,70734.231839608,339.924131014237,3.05837882012903,2.91487293150968
5,102.158959784953,102.162262198001,3167.1,3.90044783258283,26,31,67828.9642516908,369.848545992808,3.05837882012903,2.91683343394721
6,101.914766045213,101.915838377982,3159.3,3.88906890655618,26,31,66610.2817405601,367.484068779132,3.05837882012903,2.91487293150968
7,102.037113081109,102.049646444206,3163.5,3.89098086772621,26,31,66626.6659614542,367.365241943076,3.05837882012903,2.90772339623226
8,102.200929458489,102.220893306875,3168.8,3.89312815305393,26,31,66645.0956689967,367.232051446981,3.05837882012903,2.91619057615484
