"strata","dload.bi_kgd","dload.ub_kgd","tload_kglenS","degf","lenObs","lenStr","MSE_kglenS","Cl_kglenS","flowmu_m3s","flowav_m3s"
1,289.27476871565,289.27476871565,8967.5,30,31,31,735544.16244572,319.784514532889,10.5266469326624,10.5266469326624
2,289.27476871565,289.27476871565,8967.5,14.0003863082212,31,31,501878.600088059,406.080664023375,10.5266469326624,10.5266469326624
3,289.27476871565,289.27476871565,8967.5,9.68295974217323,31,31,338956.817423471,418.736939669839,10.5266469326624,10.5266469326624
4,289.27476871565,289.27476871565,8967.5,6.20093975440424,31,31,253868.273615763,491.237845871311,10.5266469326624,10.5266469326624
5,289.27476871565,289.27476871565,8967.5,6.20092383851447,31,31,253867.947814064,491.238455184217,10.5266469326624,10.5266469326624
6,289.27476871565,289.27476871565,8967.5,6.200904410701,31,31,253867.550124148,491.239198951631,10.5266469326624,10.5266469326624
7,289.27476871565,289.27476871565,8967.5,6.20090589672784,31,31,253867.580543783,491.239142061378,10.5266469326624,10.5266469326624
8,289.27476871565,289.27476871565,8967.5,6.20090684957336,31,31,253867.600048872,491.239105583086,10.5266469326624,10.5266469326624
9,289.27476871565,289.27476871565,8967.5,6.60843041164346,31,31,284283.763782378,496.396518750211,10.5266469326624,10.5266469326624
