"strata","dload.bi_kgd","dload.ub_kgd","tload_kglenS","degf","lenObs","lenStr","MSE_kglenS","Cl_kglenS","flowmu_m3s","flowav_m3s"
6,224.657824106694,224.657824106694,6964.4,14.5584771268768,31,31,89185.9778564286,167.26837322976,7.51369541505376,7.51369541505376
