"strata","dload.bi_kgd","dload.ub_kgd","tload_kglenS","degf","lenObs","lenStr","MSE_kglenS","Cl_kglenS","flowmu_m3s","flowav_m3s"
8,350.61722425852,350.61722425852,10869.1,4.00108837217091,31,31,1330585.70315395,1600.93926558674,7.38302556232258,7.38302556232258
