"strata","dload.bi_kgd","dload.ub_kgd","tload_kglenS","degf","lenObs","lenStr","MSE_kglenS","Cl_kglenS","flowmu_m3s","flowav_m3s"
4,2.8541786331271,2.85421734046543,88.5,9.27965966333716,23,31,24.2758645429562,3.64210607831417,0.484331460645161,0.473377730752688
