"strata","dload.bi_kgd","dload.ub_kgd","tload_kglenS","degf","lenObs","lenStr","MSE_kglenS","Cl_kglenS","flowmu_m3s","flowav_m3s"
1,141.417345218725,141.417345218725,4383.9,30,31,31,275625.98423273,195.755120766601,6.4329375483871,6.4329375483871
2,141.417345218725,141.417345218725,4383.9,3.00533968343376,31,31,85794.3681120806,537.164464050946,6.4329375483871,6.4329375483871
3,141.417345218725,141.417345218725,4383.9,3.00056385133132,31,31,85726.1686188327,537.861164669213,6.4329375483871,6.4329375483871
4,141.417345218725,141.417345218725,4384,3.0003307830246,31,31,85722.8390924535,537.89524175423,6.4329375483871,6.4329375483871
5,141.417345218725,141.417345218725,4384,3.00030626543516,31,31,85722.4888427831,537.898826925921,6.4329375483871,6.4329375483871
6,141.417345218725,141.417345218725,4383.9,3.0002933791714,31,31,85722.3047797709,537.900711379576,6.4329375483871,6.4329375483871
7,141.417345218725,141.417345218725,4384,3.00028376829672,31,31,85722.1674561489,537.902116722226,6.4329375483871,6.4329375483871
8,141.417345218725,141.417345218725,4383.9,3.00027603008925,31,31,85722.0569362017,537.903248390286,6.4329375483871,6.4329375483871
9,141.417345218725,141.417345218725,4383.9,3.00027750706533,31,31,85722.0780363795,537.903032407562,6.4329375483871,6.4329375483871
