"strata","dload.bi_kgd","dload.ub_kgd","tload_kglenS","degf","lenObs","lenStr","MSE_kglenS","Cl_kglenS","flowmu_m3s","flowav_m3s"
1,0.812767931851035,0.812763953077858,24.4,28,29,30,16.0799168242936,1.55231253571991,0.0566336,0.0566336
2,0.820812388538182,0.820917945783193,24.6,21.6289287795386,29,30,13.9517552080681,1.66729050795717,0.0566336,0.0563852070175438
3,0.80835102334214,0.808374196539622,24.3,22.6007550151138,29,30,11.5163471820866,1.47811837329228,0.0566336,0.0566785473015873
4,0.803654831497846,0.80357364513125,24.1,16.8459375726529,29,30,10.8807369426406,1.69679237473725,0.0566336,0.0561092148148148
5,0.803654831497846,0.80357364513125,24.1,7.81711012030618,29,30,8.16291215735231,2.36608807772263,0.0566336,0.0561092148148148
6,0.795706610688,0.795793048698691,23.9,7.24114116683063,29,30,7.87911694084557,2.4500382430571,0.0566336,0.0558784853333333
7,0.795706610688,0.795793048698691,24,6.84811347487005,29,30,7.71876239346641,2.52177533908701,0.0566336,0.0558784853333333
8,0.794768758272,0.794768758272,23.9,6.61350108129368,29,30,8.01316336966774,2.6340014711572,0.0566336,0.0556897066666667
9,0.815401511424,0.813973090051939,24.4,7.9719816301791,29,30,9.78578911760399,2.55646947444946,0.0566336,0.0560043377777778
