"strata","dload.bi_kgd","dload.ub_kgd","tload_kglenS","degf","lenObs","lenStr","MSE_kglenS","Cl_kglenS","flowmu_m3s","flowav_m3s"
8,387.056499107361,387.056499107361,11998.6,10.2662370242558,31,31,431999.227179991,455.463534347491,11.3962712369892,11.3962712369892
