"strata","dload.bi_kgd","dload.ub_kgd","tload_kglenS","degf","lenObs","lenStr","MSE_kglenS","Cl_kglenS","flowmu_m3s","flowav_m3s"
1,147.35111165967,147.51157245206,4425.3,26,27,30,226975.471708848,192.055385844907,6.64106214523022,7.01452512798025
2,144.59010869969,144.7353967267,4342.1,20.2785260251173,27,30,135777.270557689,170.537457854067,6.64106214523022,6.91535710741333
3,144.59010869969,144.7353967267,4342.1,19.2573044775676,27,30,112962.501215271,160.158882113961,6.64106214523022,6.91535710741333
4,144.59010869969,144.7353967267,4342.1,8.13131493049031,27,30,75082.0489139538,220.967427503232,6.64106214523022,6.91535710741333
5,143.0957762987,143.18076170367,4295.4,7.29375142375628,27,30,70617.160193492,230.784552247576,6.64106214523022,6.59874759587556
6,143.0957762987,143.18076170367,4295.5,7.29386862948078,27,30,70617.7278661337,230.782908441699,6.64106214523022,6.59874759587556
7,143.0957762987,143.18076170367,4295.3,6.16620041737294,27,30,68620.9912558973,256.452543938232,6.64106214523022,6.59874759587556
8,143.0957762987,143.18076170367,4295.4,6.16604814025739,27,30,68620.1441135552,256.455614598867,6.64106214523022,6.59874759587556
9,143.0957762987,143.18076170367,4295.4,5.14943355003873,27,30,85793.2681169589,328.926194436758,6.64106214523022,6.59874759587556
