"strata","dload.bi_kgd","dload.ub_kgd","tload_kglenS","degf","lenObs","lenStr","MSE_kglenS","Cl_kglenS","flowmu_m3s","flowav_m3s"
6,4.35238788437607,4.35238788437607,130.6,5.82793238437136,30,30,208.977948188227,14.757992890351,0.463470504533333,0.463470504533333
