"strata","dload.bi_kgd","dload.ub_kgd","tload_kglenS","degf","lenObs","lenStr","MSE_kglenS","Cl_kglenS","flowmu_m3s","flowav_m3s"
9,314.282774943375,314.282774943375,9428.5,5.16842883289128,30,30,566027.091783341,842.417927852208,7.86394741128889,7.86394741128889
