"strata","dload.bi_kgd","dload.ub_kgd","tload_kglenS","degf","lenObs","lenStr","MSE_kglenS","Cl_kglenS","flowmu_m3s","flowav_m3s"
1,380.263641814519,380.263641814519,11788.2,30,31,31,1598423.0464818,471.410139135956,10.024139587957,10.024139587957
2,380.263641814518,380.263641814518,11788.1,25.035738309726,31,31,749703.119154369,356.371486947337,10.024139587957,10.024139587957
3,380.263641814518,380.263641814518,11788.2,4.25238960836334,31,31,517052.470468797,945.897735338585,10.024139587957,10.024139587957
4,380.263641814518,380.263641814518,11788.1,4.18215497989574,31,31,512758.696526035,955.703583931535,10.024139587957,10.024139587957
5,380.263641814518,380.263641814518,11788.2,4.18178303820968,31,31,512735.894372141,955.756574569207,10.024139587957,10.024139587957
6,380.263641814518,380.263641814518,11788.2,4.18179529528567,31,31,512736.645928574,955.754828226897,10.024139587957,10.024139587957
7,380.263641814519,380.263641814519,11788.3,3.68432771077173,31,31,514730.073138284,1073.79163063798,10.024139587957,10.024139587957
8,380.263641814519,380.263641814519,11788.2,3.98651182029073,31,31,516702.105924001,1000.90397561743,10.024139587957,10.024139587957
9,380.263641814519,380.263641814519,11788.2,3.7557427168847,31,31,519948.00577611,1060.09314445532,10.024139587957,10.024139587957
