"strata","dload.bi_kgd","dload.ub_kgd","tload_kglenS","degf","lenObs","lenStr","MSE_kglenS","Cl_kglenS","flowmu_m3s","flowav_m3s"
1,224.657824106694,224.657824106694,6964.4,30,31,31,389113.852093363,232.590192736528,7.51369541505376,7.51369541505376
2,224.657824106694,224.657824106694,6964.4,28.797748831393,31,31,258622.53710817,193.877985474765,7.51369541505376,7.51369541505376
3,224.657824106694,224.657824106694,6964.4,22.4593022626119,31,31,135538.890556452,160.916779994396,7.51369541505376,7.51369541505376
4,224.657824106694,224.657824106694,6964.4,15.9344227293374,31,31,93056.1872763009,162.056405377431,7.51369541505376,7.51369541505376
5,224.657824106694,224.657824106694,6964.4,15.1357918745624,31,31,90920.684995201,165.06864628683,7.51369541505376,7.51369541505376
6,224.657824106694,224.657824106694,6964.4,14.5584771268768,31,31,89185.9778564286,167.26837322976,7.51369541505376,7.51369541505376
7,224.657824106694,224.657824106694,6964.4,13.1211379997839,31,31,96296.4955423657,184.901288466851,7.51369541505376,7.51369541505376
8,224.657824106694,224.657824106694,6964.4,10.4209593549318,31,31,100265.124019445,217.365484678624,7.51369541505376,7.51369541505376
9,224.657824106694,224.657824106694,6964.4,3.7102033365616,31,31,101360.821125895,473.39557433051,7.51369541505376,7.51369541505376
