"strata","dload.bi_kgd","dload.ub_kgd","tload_kglenS","degf","lenObs","lenStr","MSE_kglenS","Cl_kglenS","flowmu_m3s","flowav_m3s"
1,723.916801536848,732.832328330797,20519.3,21,22,28,39793130.2221776,2862.70834639192,11.5660126353714,11.7354388991273
2,664.863909763168,668.206137690872,18709.8,5.99382882699363,22,28,25988091.3429459,5096.37934668138,11.5660126353714,10.5844807126095
3,619.716134481682,620.078337195226,17362.2,3.11568721351755,22,28,18430592.0337899,7580.15412855372,11.5660126353714,10.4865601939297
4,600.624115214905,600.856029731519,16824,3.10333107871396,22,28,18393988.2741577,7603.99714107712,11.5660126353714,9.57316380229388
5,600.624115214905,600.856029731519,16824,3.10148168219522,22,28,18388505.2470506,7607.58797089494,11.5660126353714,9.57316380229388
6,603.217877574186,603.694723169922,16903.4,3.10336686800979,22,28,18394103.60933,7603.92961872333,11.5660126353714,9.62804320542857
