"strata","dload.bi_kgd","dload.ub_kgd","tload_kglenS","degf","lenObs","lenStr","MSE_kglenS","Cl_kglenS","flowmu_m3s","flowav_m3s"
1,254.358017926211,254.358017926211,7885.1,30,31,31,558030.618586848,278.536469952674,4.49280819036559,4.49280819036559
2,254.358017926211,254.358017926211,7885.1,16.4778624376174,31,31,364118.395791294,314.38714125952,4.49280819036559,4.49280819036559
3,254.358017926211,254.358017926211,7885.2,14.6576306954271,31,31,205259.281014128,252.742842771556,4.49280819036559,4.49280819036559
4,254.358017926211,254.358017926211,7885.2,10.520099905386,31,31,162422.299617513,275.012624681001,4.49280819036559,4.49280819036559
5,254.358017926211,254.358017926211,7885.2,9.77929514523084,31,31,156196.079471397,282.457909158023,4.49280819036559,4.49280819036559
6,254.358017926211,254.358017926211,7885.2,9.26600597662209,31,31,152595.98628344,289.035246420127,4.49280819036559,4.49280819036559
7,254.358017926211,254.358017926211,7885.2,9.29490508060207,31,31,152836.118357663,288.680109528008,4.49280819036559,4.49280819036559
8,254.358017926211,254.358017926211,7885.1,9.56356672830946,31,31,157550.190202597,287.762960843482,4.49280819036559,4.49280819036559
9,254.358017926211,254.358017926211,7885.2,4.42855407639805,31,31,182778.035227397,543.165075904915,4.49280819036559,4.49280819036559
