"strata","dload.bi_kgd","dload.ub_kgd","tload_kglenS","degf","lenObs","lenStr","MSE_kglenS","Cl_kglenS","flowmu_m3s","flowav_m3s"
1,449.919069242913,449.919069242913,13947.5,30,31,31,2714820.54167748,614.360968128813,9.18036593393548,9.18036593393548
2,449.919069242913,449.919069242913,13947.5,20.8633024243718,31,31,1823891.27404393,615.125796184055,9.18036593393548,9.18036593393548
3,449.919069242913,449.919069242913,13947.5,27.3039335920293,31,31,727546.422740486,334.759630303454,9.18036593393548,9.18036593393548
4,449.919069242913,449.919069242913,13947.5,17.777975105034,31,31,565492.241971136,375.034346729973,9.18036593393548,9.18036593393548
5,449.919069242913,449.919069242913,13947.4,7.4972819920361,31,31,526051.892833268,618.036293333262,9.18036593393548,9.18036593393548
6,449.919069242914,449.919069242914,13947.4,7.01919108329969,31,31,381795.706205291,551.180023151593,9.18036593393548,9.18036593393548
7,449.919069242914,449.919069242914,13947.4,6.99085731405676,31,31,381023.543274563,552.189285692709,9.18036593393548,9.18036593393548
8,449.919069242914,449.919069242914,13947.4,6.99001086802697,31,31,381000.474271351,552.219576777447,9.18036593393548,9.18036593393548
9,449.919069242914,449.919069242914,13947.4,6.98954924622633,31,31,380987.893066838,552.236099802169,9.18036593393548,9.18036593393548
