"strata","dload.bi_kgd","dload.ub_kgd","tload_kglenS","degf","lenObs","lenStr","MSE_kglenS","Cl_kglenS","flowmu_m3s","flowav_m3s"
1,0.768452233144254,0.769051356299098,23.8,29,30,31,30.3649823211579,2.0928090072773,0.114271989677419,0.115249376
2,0.76150382102423,0.761521522594184,23.6,7.42322447817041,30,31,19.1895171990999,3.75837261443929,0.114271989677419,0.11427614170088
3,0.76150382102423,0.761521522594184,23.6,3.40465639171905,30,31,10.5920096048568,5.25405735367867,0.114271989677419,0.11427614170088
4,0.760500972659613,0.760535250254554,23.6,3.38600611797704,30,31,10.562853575339,5.27524624653218,0.114271989677419,0.114282736091082
5,0.758754093631772,0.758754479533001,23.5,3.32191493308193,30,31,10.4633735799115,5.35074182983023,0.114271989677419,0.114098435096774
6,0.758222109671226,0.758222109671226,23.5,3.32031884693866,30,31,10.4603517325546,5.35253383092834,0.114271989677419,0.114271989677419
7,0.758588160800598,0.758591270376971,23.4,3.29237167833453,30,31,10.4169911702817,5.38677258487751,0.114271989677419,0.114134972903226
8,0.75876898531779,0.758781239076477,23.4,3.29286586631735,30,31,10.4177794112106,5.38616573433044,0.114271989677419,0.11405276283871
9,0.759139573991226,0.759139573991226,23.5,3.353088656904,30,31,10.5136810241837,5.31401194136346,0.114271989677419,0.114271989677419
