"strata","dload.bi_kgd","dload.ub_kgd","tload_kglenS","degf","lenObs","lenStr","MSE_kglenS","Cl_kglenS","flowmu_m3s","flowav_m3s"
1,373.289474134682,373.343377200754,10453.6,26,27,28,230408.297034648,193.502278854592,14.7756101651429,15.0631794423704
2,370.730348383941,371.043231965473,10389.3,22.0711054136861,27,28,161812.57543522,177.539564252263,14.7756101651429,14.9686110689524
3,370.730348383941,371.043231965473,10389.2,17.4558353995535,27,28,126080.573967802,178.951398369897,14.7756101651429,14.9686110689524
4,370.730348383941,371.043231965473,10389.3,15.6827801816964,27,28,111202.879885573,178.80407188787,14.7756101651429,14.9686110689524
5,370.730348383941,371.043231965473,10389.4,13.3705105763207,27,28,99646.2258213843,185.978345069995,14.7756101651429,14.9686110689524
6,370.730348383941,371.043231965473,10389.3,11.0599329941913,27,28,88400.3437947634,196.644041077065,14.7756101651429,14.9686110689524
7,370.730348383941,371.043231965473,10389.3,10.0994224450054,27,28,84062.0365706434,203.008736815535,14.7756101651429,14.9686110689524
8,370.730348383941,371.043231965473,10389.4,10.9249325842999,27,28,90069.2492681602,200.013914497301,14.7756101651429,14.9686110689524
