"strata","dload.bi_kgd","dload.ub_kgd","tload_kglenS","degf","lenObs","lenStr","MSE_kglenS","Cl_kglenS","flowmu_m3s","flowav_m3s"
7,374.590570018065,374.590570018065,11612.4,3.07634777094291,31,31,1806483.40424871,2404.82688513815,8.60168472258064,8.60168472258064
