"strata","dload.bi_kgd","dload.ub_kgd","tload_kglenS","degf","lenObs","lenStr","MSE_kglenS","Cl_kglenS","flowmu_m3s","flowav_m3s"
9,19.3591116842897,19.3591116842897,600.2,4.75531413555951,31,31,1512.01692496291,46.5559916866355,0.784870142795699,0.784870142795699
