"strata","dload.bi_kgd","dload.ub_kgd","tload_kglenS","degf","lenObs","lenStr","MSE_kglenS","Cl_kglenS","flowmu_m3s","flowav_m3s"
8,266.414105200386,266.414105200386,7992.5,5.06323492915981,30,30,794732.525355825,1014.60851732238,5.38974734684444,5.38974734684444
