"strata","dload.bi_kgd","dload.ub_kgd","tload_kglenS","degf","lenObs","lenStr","MSE_kglenS","Cl_kglenS","flowmu_m3s","flowav_m3s"
1,46.3893497535249,46.3893497535249,1391.7,29,30,30,128763.224899815,136.282158052494,1.83571852140444,1.83571852140444
2,46.3893497535249,46.3893497535249,1391.7,13.5660617964683,30,30,45031.542870521,123.942588777519,1.83571852140444,1.83571852140444
3,46.3893497535249,46.3893497535249,1391.8,2.52941748224408,30,30,17805.3715425447,297.434909596858,1.83571852140444,1.83571852140444
4,46.3893497535249,46.3893497535249,1391.7,2.7676120703187,30,30,13321.2347116817,231.658345680251,1.83571852140444,1.83571852140444
5,46.3893497535249,46.3893497535249,1391.7,2.69622243193603,30,30,13147.923793852,237.093529977222,1.83571852140444,1.83571852140444
6,46.3893497535249,46.3893497535249,1391.7,2.69045260691064,30,30,13133.8393096886,237.550849479298,1.83571852140444,1.83571852140444
7,46.3893497535249,46.3893497535249,1391.6,2.68283124713129,30,30,13115.2152382873,238.159228221007,1.83571852140444,1.83571852140444
8,46.3893497535249,46.3893497535249,1391.7,2.68227586812137,30,30,13113.8752210646,238.20391839012,1.83571852140444,1.83571852140444
9,46.3893497535249,46.3893497535249,1391.8,2.68282795097679,30,30,13115.2252324563,238.159656325543,1.83571852140444,1.83571852140444
