"strata","dload.bi_kgd","dload.ub_kgd","tload_kglenS","degf","lenObs","lenStr","MSE_kglenS","Cl_kglenS","flowmu_m3s","flowav_m3s"
1,25.2237323469688,25.2451602908293,782.6,28,29,31,6528.97396118822,31.2794950779279,1.0497007311828,0.937058243678161
2,25.4125524502875,25.4436682528045,788.8,16.3433064642983,29,31,4742.33374610962,36.0497013118402,1.0497007311828,0.936443680573477
3,24.8591883674239,24.8851188892163,771.4,13.826175472023,29,31,2400.52921039688,28.2943072671192,1.0497007311828,0.928038139745846
4,25.1220357436179,25.1540068972409,779.7,10.4434471509161,29,31,1988.98600813568,30.5733004463378,1.0497007311828,0.93503726500768
5,24.7644030622238,24.7953026456398,768.7,9.13547586723521,29,31,1757.39539677875,31.3048084839797,1.0497007311828,0.924589192258065
6,24.8261510090939,24.8588826348357,770.7,7.3607076890362,29,31,1564.0325126807,34.1292491474089,1.0497007311828,0.936384052903226
7,24.8261510090939,24.8588826348357,770.6,7.32234471791646,29,31,1559.94215473475,34.2080556574687,1.0497007311828,0.936384052903226
8,24.8438131498178,24.9060273526037,772.1,8.09182066580047,29,31,1708.8255504076,33.4448051348126,1.0497007311828,0.931835857204301
9,25.2569057435837,25.3925989347818,787.1,4.03144726520127,29,31,2900.17171402,74.2395991309076,1.0497007311828,0.929125969892473
