"strata","dload.bi_kgd","dload.ub_kgd","tload_kglenS","degf","lenObs","lenStr","MSE_kglenS","Cl_kglenS","flowmu_m3s","flowav_m3s"
1,17.8595026253451,17.8662663457013,553.9,29,30,31,1998.27760743633,16.9773925453527,0.860964691956989,0.877463693688889
2,17.828523241868,17.8370116903605,553,27.236817949899,30,31,1628.0590970095,15.8570256558363,0.860964691956989,0.872774214058906
3,17.7912166588323,17.7912587501141,551.5,7.87163586841148,30,31,777.402400961902,22.9818295149175,0.860964691956989,0.863880865634409
4,17.7912166588323,17.7912587501141,551.5,3.86259136473788,30,31,426.082420788109,29.5743120790676,0.860964691956989,0.863880865634409
5,17.8033014634416,17.8035570442427,551.9,3.81883813337142,30,31,423.660290908959,29.7990319830296,0.860964691956989,0.860450703391232
6,17.7720207724683,17.7726540114933,551,3.67616888375983,30,31,415.618217950016,30.5759461297143,0.860964691956989,0.858689996018433
7,17.7720207724683,17.7726540114933,551.1,3.57890956286742,30,31,410.017238049292,31.1487609038351,0.860964691956989,0.858689996018433
8,17.7720207724683,17.7726540114933,551.1,3.52766365654998,30,31,407.06133890311,31.4675444977778,0.860964691956989,0.858689996018433
9,17.7855882337388,17.7865158110117,551.5,3.50392967893887,30,31,405.687087467903,31.6192533816976,0.860964691956989,0.860354206107527
