"strata","dload.bi_kgd","dload.ub_kgd","tload_kglenS","degf","lenObs","lenStr","MSE_kglenS","Cl_kglenS","flowmu_m3s","flowav_m3s"
7,6.44286852418065,6.44286852418065,199.7,3.77711675093235,31,31,275.106429568183,24.2568886911115,0.289105393548387,0.289105393548387
