"strata","dload.bi_kgd","dload.ub_kgd","tload_kglenS","degf","lenObs","lenStr","MSE_kglenS","Cl_kglenS","flowmu_m3s","flowav_m3s"
7,370.730348383941,371.043231965473,10389.3,10.0994224450054,27,28,84062.0365706434,203.008736815535,14.7756101651429,14.9686110689524
