"strata","dload.bi_kgd","dload.ub_kgd","tload_kglenS","degf","lenObs","lenStr","MSE_kglenS","Cl_kglenS","flowmu_m3s","flowav_m3s"
7,15.589181642688,15.589181642688,467.6,4.72035536286951,30,30,5031.78055513965,85.4453881691876,0.65624184,0.65624184
