"strata","dload.bi_kgd","dload.ub_kgd","tload_kglenS","degf","lenObs","lenStr","MSE_kglenS","Cl_kglenS","flowmu_m3s","flowav_m3s"
8,154.21042297096,154.21042297096,4318,5.85168500455856,28,28,72753.7764023811,274.523563904265,7.05299061041905,7.05299061041905
