"strata","dload.bi_kgd","dload.ub_kgd","tload_kglenS","degf","lenObs","lenStr","MSE_kglenS","Cl_kglenS","flowmu_m3s","flowav_m3s"
9,118.509528289099,118.509528289099,3673.9,4.6462046919902,31,31,51304.8623907548,276.428516706517,3.83955225035699,3.83955225035699
