"strata","dload.bi_kgd","dload.ub_kgd","tload_kglenS","degf","lenObs","lenStr","MSE_kglenS","Cl_kglenS","flowmu_m3s","flowav_m3s"
8,9.0328830856391,9.0328830856391,280.2,3.18146500995547,31,31,199.496965104762,24.4068994126965,0.931718348573935,0.931718348573935
