"strata","dload.bi_kgd","dload.ub_kgd","tload_kglenS","degf","lenObs","lenStr","MSE_kglenS","Cl_kglenS","flowmu_m3s","flowav_m3s"
1,0.730143755396129,0.730143755396129,22.6,30,31,31,33.7998415850458,2.16775594128782,0.125141987096774,0.125141987096774
2,0.730143755396129,0.730143755396129,22.6,26.7275594046181,31,31,31.9050619904649,2.24284267903813,0.125141987096774,0.125141987096774
3,0.730143755396129,0.730143755396129,22.6,2.47375127190233,31,31,27.4983747479338,12.0091390493799,0.125141987096774,0.125141987096774
4,0.730143755396129,0.730143755396129,22.6,2.40800319047675,31,31,27.1344323053959,12.3340161777533,0.125141987096774,0.125141987096774
5,0.730143755396129,0.730143755396129,22.6,2.39687404593993,31,31,27.0902606047988,12.3957439796499,0.125141987096774,0.125141987096774
6,0.730143755396129,0.730143755396129,22.6,2.39771508321803,31,31,27.0950228374271,12.391373819285,0.125141987096774,0.125141987096774
7,0.730143755396129,0.730143755396129,22.7,2.39866107963895,31,31,27.1004000545315,12.3864686910548,0.125141987096774,0.125141987096774
8,0.730143755396129,0.730143755396129,22.7,2.40187091989265,31,31,27.1186271757867,12.3698657885741,0.125141987096774,0.125141987096774
9,0.730143755396129,0.730143755396129,22.7,2.40817899845966,31,31,27.1545951816146,12.3374708301753,0.125141987096774,0.125141987096774
