"strata","dload.bi_kgd","dload.ub_kgd","tload_kglenS","degf","lenObs","lenStr","MSE_kglenS","Cl_kglenS","flowmu_m3s","flowav_m3s"
1,173.732757118547,173.732757118547,5385.7,30,31,31,783196.101406145,329.980526600074,3.75471959778802,3.75471959778802
2,173.732757118547,173.732757118547,5385.7,6.156789488153,31,31,494213.723141774,689.006730043361,3.75471959778802,3.75471959778802
3,173.732757118547,173.732757118547,5385.8,4.6161225920324,31,31,439430.333350488,813.372576921449,3.75471959778802,3.75471959778802
4,173.732757118547,173.732757118547,5385.7,2.32441281845429,31,31,433708.879516746,1630.84143566132,3.75471959778802,3.75471959778802
5,173.732757118547,173.732757118547,5385.6,2.31208989218109,31,31,432557.040048919,1639.87582636215,3.75471959778802,3.75471959778802
6,173.732757118547,173.732757118547,5385.6,2.31322223886657,31,31,432663.080330725,1639.03970003487,3.75471959778802,3.75471959778802
7,173.732757118547,173.732757118547,5385.7,2.30288024052474,31,31,431694.668565422,1646.72468900011,3.75471959778802,3.75471959778802
8,173.732757118547,173.732757118547,5385.6,2.3021460687109,31,31,431626.120959489,1647.27477191887,3.75471959778802,3.75471959778802
9,173.732757118547,173.732757118547,5385.6,2.30212243320671,31,31,431623.905251325,1647.29247315267,3.75471959778802,3.75471959778802
