"strata","dload.bi_kgd","dload.ub_kgd","tload_kglenS","degf","lenObs","lenStr","MSE_kglenS","Cl_kglenS","flowmu_m3s","flowav_m3s"
9,174.567363155283,174.567363155283,5411.6,3.2351641441244,31,31,82916.1123589333,489.162430095966,6.14946360515441,6.14946360515441
