"strata","dload.bi_kgd","dload.ub_kgd","tload_kglenS","degf","lenObs","lenStr","MSE_kglenS","Cl_kglenS","flowmu_m3s","flowav_m3s"
1,39.4697974400781,39.4697974400781,1184.1,29,30,30,119478.861203418,131.276991932069,0.888636244444444,0.888636244444444
2,39.4697974400781,39.4697974400781,1184.1,21.4335333905772,30,30,62926.2459496864,112.542649847884,0.888636244444444,0.888636244444444
3,39.4697974400781,39.4697974400781,1184.1,17.0243258759016,30,30,23009.5884256953,77.5562297218633,0.888636244444444,0.888636244444444
4,39.4697974400781,39.4697974400781,1184.1,3.97671542794079,30,30,9823.03760618112,138.309905312901,0.888636244444444,0.888636244444444
5,39.4697974400781,39.4697974400781,1184.1,3.94727754694421,30,30,9786.5857901703,138.978331056698,0.888636244444444,0.888636244444444
6,39.4697974400781,39.4697974400781,1184.1,3.94670554309943,30,30,9785.87665195873,138.991441666971,0.888636244444444,0.888636244444444
7,39.4697974400781,39.4697974400781,1184.1,3.94618426930649,30,30,9785.23035407929,139.003393458782,0.888636244444444,0.888636244444444
8,39.4697974400781,39.4697974400781,1184.1,3.94617687175466,30,30,9785.2211823279,139.003563100185,0.888636244444444,0.888636244444444
9,39.4697974400781,39.4697974400781,1184.1,3.94618474033713,30,30,9785.23093826016,139.003382658367,0.888636244444444,0.888636244444444
