"strata","dload.bi_kgd","dload.ub_kgd","tload_kglenS","degf","lenObs","lenStr","MSE_kglenS","Cl_kglenS","flowmu_m3s","flowav_m3s"
1,12.4329670077741,12.4329670077741,385.4,30,31,31,24287.5159239536,58.1091605948543,0.523157447225806,0.523157447225806
2,12.4329670077741,12.4329670077741,385.5,6.03240293953979,31,31,16489.6339487704,127.765453583856,0.523157447225806,0.523157447225806
3,12.4329670077741,12.4329670077741,385.4,2.04101653161598,31,31,4803.61086804366,204.767061833978,0.523157447225806,0.523157447225806
4,12.4329670077741,12.4329670077741,385.3,2.00841560504121,31,31,4765.07535722758,208.738078240343,0.523157447225806,0.523157447225806
5,12.4329670077741,12.4329670077741,385.4,2.00674952091159,31,31,4763.09843705496,208.946668673184,0.523157447225806,0.523157447225806
6,12.4329670077741,12.4329670077741,385.4,2.00665389351329,31,31,4762.98494691658,208.958658171254,0.523157447225806,0.523157447225806
7,12.4329670077741,12.4329670077741,385.5,2.0064814201951,31,31,4762.78024905183,208.980287078785,0.523157447225806,0.523157447225806
8,12.4329670077741,12.4329670077741,385.4,2.0063679478578,31,31,4762.64557178375,208.994520316765,0.523157447225806,0.523157447225806
9,12.4329670077741,12.4329670077741,385.4,2.00636102678518,31,31,4762.63735726503,208.995388536941,0.523157447225806,0.523157447225806
