"strata","dload.bi_kgd","dload.ub_kgd","tload_kglenS","degf","lenObs","lenStr","MSE_kglenS","Cl_kglenS","flowmu_m3s","flowav_m3s"
1,35.758591143329,35.758591143329,1108.5,30,31,31,32210.2879083929,66.9191407844765,2.4615063483871,2.4615063483871
2,35.758591143329,35.758591143329,1108.6,17.210275190805,31,31,16197.954032693,64.6660933570745,2.4615063483871,2.4615063483871
3,35.758591143329,35.758591143329,1108.5,7.7434964969267,31,31,8752.52358661456,77.9772252765507,2.4615063483871,2.4615063483871
4,35.758591143329,35.758591143329,1108.5,6.42411079694425,31,31,7494.5508681073,82.2571474511205,2.4615063483871,2.4615063483871
5,35.758591143329,35.758591143329,1108.6,5.1500790031073,31,31,6918.25907784444,93.3957779339412,2.4615063483871,2.4615063483871
6,35.758591143329,35.758591143329,1108.6,5.07670423833114,31,31,6868.57718248143,94.1246115162438,2.4615063483871,2.4615063483871
7,35.758591143329,35.758591143329,1108.5,5.04480831099331,31,31,6846.92361591604,94.4490575534149,2.4615063483871,2.4615063483871
8,35.758591143329,35.758591143329,1108.5,5.03928078739172,31,31,6843.16666815567,94.5057596960512,2.4615063483871,2.4615063483871
9,35.758591143329,35.758591143329,1108.5,5.04438065431793,31,31,6846.75022399841,94.45424809386,2.4615063483871,2.4615063483871
