"strata","dload.bi_kgd","dload.ub_kgd","tload_kglenS","degf","lenObs","lenStr","MSE_kglenS","Cl_kglenS","flowmu_m3s","flowav_m3s"
1,248.219806644202,248.219806644202,7446.6,29,30,30,1340837.8501395,439.775681242278,5.67980315673956,5.67980315673956
2,248.219806644202,248.219806644202,7446.6,18.0000264988216,30,30,1293539.37243754,563.200647213237,5.67980315673956,5.67980315673956
3,248.219806644202,248.219806644202,7446.5,18.0000175458225,30,30,1293539.05074163,563.200737325023,5.67980315673956,5.67980315673956
4,248.219806644202,248.219806644202,7446.6,11.9524913127581,30,30,1251701.6316891,705.395369974503,5.67980315673956,5.67980315673956
5,248.219806644202,248.219806644202,7446.6,3.24710606370622,30,30,1230510.65461019,1877.39503281563,5.67980315673956,5.67980315673956
6,248.219806644202,248.219806644202,7446.6,3.24115538908751,30,30,1229382.33144105,1880.0214663142,5.67980315673956,5.67980315673956
7,248.219806644202,248.219806644202,7446.6,3.24112505576882,30,30,1229376.57864204,1880.03488782082,5.67980315673956,5.67980315673956
8,248.219806644202,248.219806644202,7446.6,3.2411230939092,30,30,1229376.20656983,1880.03575589186,5.67980315673956,5.67980315673956
9,248.219806644202,248.219806644202,7446.7,3.24112418519151,30,30,1229376.41353463,1880.03527302812,5.67980315673956,5.67980315673956
