"strata","dload.bi_kgd","dload.ub_kgd","tload_kglenS","degf","lenObs","lenStr","MSE_kglenS","Cl_kglenS","flowmu_m3s","flowav_m3s"
7,60.96002193152,60.96002193152,1828.8,3.99155714588711,30,30,14418.0326236095,167.00646666704,1.58416764444444,1.58416764444444
