"strata","dload.bi_kgd","dload.ub_kgd","tload_kglenS","degf","lenObs","lenStr","MSE_kglenS","Cl_kglenS","flowmu_m3s","flowav_m3s"
1,70.1555126269334,70.1555126269334,2174.8,30,31,31,204623.920354893,168.667439973932,1.51563373163011,1.51563373163011
2,70.1555126269334,70.1555126269334,2174.9,19.4429005458947,31,31,98635.8087821212,148.847609149135,1.51563373163011,1.51563373163011
3,70.1555126269334,70.1555126269334,2174.8,4.02023280400072,31,31,43941.6053969209,289.694305495693,1.51563373163011,1.51563373163011
4,70.1555126269334,70.1555126269334,2174.7,2.19787628754438,31,31,32086.1057059371,477.494236915502,1.51563373163011,1.51563373163011
5,70.1555126269334,70.1555126269334,2174.7,2.17936894381445,31,31,31951.6784826102,481.968637260716,1.51563373163011,1.51563373163011
6,70.1555126269334,70.1555126269334,2174.8,2.1619599295029,31,31,31823.9402325922,486.281303413268,1.51563373163011,1.51563373163011
7,70.1555126269334,70.1555126269334,2174.7,2.16104256853129,31,31,31817.1875485064,486.511522506243,1.51563373163011,1.51563373163011
8,70.1555126269334,70.1555126269334,2174.8,2.16088279080575,31,31,31816.0113085391,486.55165154993,1.51563373163011,1.51563373163011
9,70.1555126269334,70.1555126269334,2174.8,2.16087766075433,31,31,31815.9735420268,486.552940146176,1.51563373163011,1.51563373163011
