"strata","dload.bi_kgd","dload.ub_kgd","tload_kglenS","degf","lenObs","lenStr","MSE_kglenS","Cl_kglenS","flowmu_m3s","flowav_m3s"
7,143.44906935635,143.44906935635,4303.4,4.34431443251989,30,30,78129.1129864125,360.981578760953,3.44149886276693,3.44149886276693
