"strata","dload.bi_kgd","dload.ub_kgd","tload_kglenS","degf","lenObs","lenStr","MSE_kglenS","Cl_kglenS","flowmu_m3s","flowav_m3s"
8,12.96193591296,12.96193591296,401.9,4.44523566370579,31,31,735.235425417415,34.3399277006497,0.764096877419355,0.764096877419355
