"strata","dload.bi_kgd","dload.ub_kgd","tload_kglenS","degf","lenObs","lenStr","MSE_kglenS","Cl_kglenS","flowmu_m3s","flowav_m3s"
9,7.24011392663347,7.24011392663347,217.3,4.16406668246469,30,30,293.414853227897,22.948469275885,0.420054557511111,0.420054557511111
