"strata","dload.bi_kgd","dload.ub_kgd","tload_kglenS","degf","lenObs","lenStr","MSE_kglenS","Cl_kglenS","flowmu_m3s","flowav_m3s"
1,401.784201861861,401.784201861861,11250,27,28,28,3103581.7914251,695.650657968038,13.8447236819429,13.8447236819429
2,401.784201861861,401.784201861861,11250,21.0031026649849,28,28,1392071.48911714,535.387016931588,13.8447236819429,13.8447236819429
3,401.784201861861,401.784201861861,11250,8.75160158272165,28,28,1214355.64955223,846.319161400636,13.8447236819429,13.8447236819429
4,401.784201861861,401.784201861861,11250,4.65031613373463,28,28,1211945.88690326,1342.53925177845,13.8447236819429,13.8447236819429
5,401.784201861861,401.784201861861,11250,4.42754336740542,28,28,1178286.6913036,1379.36565202182,13.8447236819429,13.8447236819429
6,401.784201861861,401.784201861861,11250,4.09543435636338,28,28,1135682.09076171,1448.72872876478,13.8447236819429,13.8447236819429
7,401.784201861861,401.784201861861,11250,4.06958622440784,28,28,1132087.43485865,1454.55809317332,13.8447236819429,13.8447236819429
8,401.784201861861,401.784201861861,11250,4.06942475979449,28,28,1132064.9780984,1454.59480595237,13.8447236819429,13.8447236819429
