"strata","dload.bi_kgd","dload.ub_kgd","tload_kglenS","degf","lenObs","lenStr","MSE_kglenS","Cl_kglenS","flowmu_m3s","flowav_m3s"
7,87.9590778746968,87.9590778746968,2726.9,9.25118788597451,31,31,11102.7550653325,78.0449519450424,2.96905027747097,2.96905027747097
