"strata","dload.bi_kgd","dload.ub_kgd","tload_kglenS","degf","lenObs","lenStr","MSE_kglenS","Cl_kglenS","flowmu_m3s","flowav_m3s"
1,205.500362829932,207.410850997136,6429.7,15,16,31,1050467.17892596,564.053984026409,5.16075637382488,7.17246846
