"strata","dload.bi_kgd","dload.ub_kgd","tload_kglenS","degf","lenObs","lenStr","MSE_kglenS","Cl_kglenS","flowmu_m3s","flowav_m3s"
1,100.210515051845,100.210515051845,3006.3,29,30,30,361255.404443417,228.270744875626,2.29266662861511,2.29266662861511
2,100.210515051845,100.210515051845,3006.3,26.454868550335,30,30,74348.0694029392,108.878580234923,2.29266662861511,2.29266662861511
3,100.210515051845,100.210515051845,3006.3,5.28787366093517,30,30,48023.5864226889,241.01552746072,2.29266662861511,2.29266662861511
4,100.210515051845,100.210515051845,3006.2,5.10039922918671,30,30,47428.4623811971,246.423737720826,2.29266662861511,2.29266662861511
5,100.210515051845,100.210515051845,3006.3,5.08309496181385,30,30,47425.3125090861,247.081642025233,2.29266662861511,2.29266662861511
6,100.210515051845,100.210515051845,3006.2,5.08306040827985,30,30,47425.1513161688,247.082557255538,2.29266662861511,2.29266662861511
7,100.210515051845,100.210515051845,3006.3,5.08307009387952,30,30,47425.1964998217,247.082300708862,2.29266662861511,2.29266662861511
8,100.210515051845,100.210515051845,3006.4,5.08310684499601,30,30,47425.3679942341,247.081327405042,2.29266662861511,2.29266662861511
9,100.210515051845,100.210515051845,3006.2,5.04936868197729,30,30,47607.7943167713,248.871977280117,2.29266662861511,2.29266662861511
