"strata","dload.bi_kgd","dload.ub_kgd","tload_kglenS","degf","lenObs","lenStr","MSE_kglenS","Cl_kglenS","flowmu_m3s","flowav_m3s"
8,7.43025735773382,7.43025735773382,230.3,3.21375329463935,31,31,229.641252027499,25.9172549301851,0.719757335845161,0.719757335845161
