"strata","dload.bi_kgd","dload.ub_kgd","tload_kglenS","degf","lenObs","lenStr","MSE_kglenS","Cl_kglenS","flowmu_m3s","flowav_m3s"
1,1.54698247015844,1.5467463002081,47.9,23,24,31,7.27809648009259,1.16368008366056,0.538514013243871,0.484350840906667
2,1.46248534780293,1.46247830718115,45.4,21.9247620700162,24,31,2.47958949286495,0.697575208552004,0.538514013243871,0.531166717089032
3,1.46248534780293,1.46247830718115,45.4,8.1023597427886,24,31,2.13010734489578,1.17977952771827,0.538514013243871,0.531166717089032
4,1.46248534780293,1.46247830718115,45.3,7.10873610796444,24,31,1.98962436539383,1.24711461605955,0.538514013243871,0.531166717089032
5,1.46248534780293,1.46247830718115,45.4,6.83546720616695,24,31,1.95042660917619,1.2693044588392,0.538514013243871,0.531166717089032
6,1.46248534780293,1.46247830718115,45.4,6.81020343472656,24,31,1.94680929408717,1.27145947814301,0.538514013243871,0.531166717089032
7,1.48537152474905,1.48529021781628,46.1,5.40220886059771,24,31,2.17933091771668,1.59681003957929,0.538514013243871,0.533075817476129
