"strata","dload.bi_kgd","dload.ub_kgd","tload_kglenS","degf","lenObs","lenStr","MSE_kglenS","Cl_kglenS","flowmu_m3s","flowav_m3s"
1,142.92600677568,142.92600677568,4430.7,30,31,31,1269795.31512161,420.165039102335,3.35828113548387,3.35828113548387
2,142.92600677568,142.92600677568,4430.7,2.64206534757054,31,31,963818.803494947,2078.201103684,3.35828113548387,3.35828113548387
3,142.92600677568,142.92600677568,4430.7,2.48749996804303,31,31,937010.355858695,2201.84811905106,3.35828113548387,3.35828113548387
4,142.92600677568,142.92600677568,4430.7,2.4859619814033,31,31,936720.640022734,2203.17003631045,3.35828113548387,3.35828113548387
5,142.92600677568,142.92600677568,4430.7,2.48594070834885,31,31,936716.632126656,2203.18833759364,3.35828113548387,3.35828113548387
6,142.92600677568,142.92600677568,4430.7,2.48593985924525,31,31,936716.472153332,2203.18906809027,3.35828113548387,3.35828113548387
7,142.92600677568,142.92600677568,4430.8,2.48593613195383,31,31,936715.769920455,2203.19227474261,3.35828113548387,3.35828113548387
8,142.92600677568,142.92600677568,4430.8,2.48593600929948,31,31,936715.746812004,2203.19238026448,3.35828113548387,3.35828113548387
9,142.92600677568,142.92600677568,4430.7,2.48593822279072,31,31,936716.16384122,2203.19047595916,3.35828113548387,3.35828113548387
