"strata","dload.bi_kgd","dload.ub_kgd","tload_kglenS","degf","lenObs","lenStr","MSE_kglenS","Cl_kglenS","flowmu_m3s","flowav_m3s"
7,7.36224845190723,7.36224845190723,220.9,3.96704281245334,30,30,147.447387478291,16.9823772663351,0.499496490407111,0.499496490407111
