"strata","dload.bi_kgd","dload.ub_kgd","tload_kglenS","degf","lenObs","lenStr","MSE_kglenS","Cl_kglenS","flowmu_m3s","flowav_m3s"
7,663.995930887393,664.678900854468,19940.3,8.04360439265074,28,30,271981.572799992,423.637912515862,15.3447228970667,13.2243609130667
