"strata","dload.bi_kgd","dload.ub_kgd","tload_kglenS","degf","lenObs","lenStr","MSE_kglenS","Cl_kglenS","flowmu_m3s","flowav_m3s"
1,17.6029859619642,17.6029859619642,528.1,29,30,30,22048.1301060002,56.3934885192979,0.705097570154667,0.705097570154667
2,17.6029859619642,17.6029859619642,528.1,18.9231376836008,30,30,15217.5086699225,59.3702438111795,0.705097570154667,0.705097570154667
3,17.6029859619642,17.6029859619642,528,2.51177846376985,30,30,4996.6721537321,158.901440754118,0.705097570154667,0.705097570154667
4,17.6029859619642,17.6029859619642,528,2.18958139621802,30,30,4661.44410119252,182.929807498894,0.705097570154667,0.705097570154667
5,17.6029859619642,17.6029859619642,528,2.08174213936972,30,30,4544.98903041058,193.664481910972,0.705097570154667,0.705097570154667
6,17.6029859619642,17.6029859619642,528.1,2.08027237218339,30,30,4543.384055895,193.823137251845,0.705097570154667,0.705097570154667
7,17.6029859619642,17.6029859619642,528.1,2.07294258046542,30,30,4535.43081102018,194.62100154219,0.705097570154667,0.705097570154667
8,17.6029859619642,17.6029859619642,528.1,2.07299433668508,30,30,4535.4875236952,194.615346961936,0.705097570154667,0.705097570154667
9,17.6029859619642,17.6029859619642,528.1,2.07254940743364,30,30,4535.00076037428,194.663989182642,0.705097570154667,0.705097570154667
