"strata","dload.bi_kgd","dload.ub_kgd","tload_kglenS","degf","lenObs","lenStr","MSE_kglenS","Cl_kglenS","flowmu_m3s","flowav_m3s"
7,41.5030999672568,41.5030999672568,1286.6,2.06011215327718,31,31,19671.5364636824,408.905338281269,1.5371759655914,1.5371759655914
