"strata","dload.bi_kgd","dload.ub_kgd","tload_kglenS","degf","lenObs","lenStr","MSE_kglenS","Cl_kglenS","flowmu_m3s","flowav_m3s"
1,1.30425938514581,1.30425938514581,40.4,30,31,31,3.1101899506057,0.657576841246359,0.151175174193548,0.151175174193548
2,1.30425938514581,1.30425938514581,40.5,19.5262311884929,31,31,2.21651676115738,0.703896777982103,0.151175174193548,0.151175174193548
3,1.30425938514581,1.30425938514581,40.5,18.8770443566386,31,31,1.75529349506722,0.638518654487234,0.151175174193548,0.151175174193548
4,1.30425938514581,1.30425938514581,40.5,13.105444389154,31,31,1.71443019188137,0.780740690093646,0.151175174193548,0.151175174193548
5,1.30425938514581,1.30425938514581,40.5,11.3902544694138,31,31,1.53234362027098,0.803926146511009,0.151175174193548,0.151175174193548
6,1.30425938514581,1.30425938514581,40.4,11.3732624697382,31,31,1.53197635895915,0.80457119661274,0.151175174193548,0.151175174193548
7,1.30425938514581,1.30425938514581,40.4,10.7545303764125,31,31,1.48492766080603,0.820134012145582,0.151175174193548,0.151175174193548
8,1.30425938514581,1.30425938514581,40.4,10.5825744455205,31,31,1.47403139171091,0.825408559661281,0.151175174193548,0.151175174193548
9,1.30425938514581,1.30425938514581,40.5,10.8965293338027,31,31,1.51928855457911,0.82280427066314,0.151175174193548,0.151175174193548
