"strata","dload.bi_kgd","dload.ub_kgd","tload_kglenS","degf","lenObs","lenStr","MSE_kglenS","Cl_kglenS","flowmu_m3s","flowav_m3s"
7,82.1009238354287,82.1034915051747,2298.9,8.52875589362274,26,28,15688.6154524167,97.84581486605,3.31452324099048,3.21332894238095
