"strata","dload.bi_kgd","dload.ub_kgd","tload_kglenS","degf","lenObs","lenStr","MSE_kglenS","Cl_kglenS","flowmu_m3s","flowav_m3s"
1,23.5115565312627,23.5115565312627,728.9,30,31,31,6574.75503329605,30.2338073137105,1.50432238795699,1.50432238795699
2,23.5115565312627,23.5115565312627,728.9,15.4169690587323,31,31,3416.20881272707,31.6537927001949,1.50432238795699,1.50432238795699
3,23.5115565312627,23.5115565312627,728.9,12.7236953162507,31,31,3201.36976859758,34.3438311310713,1.50432238795699,1.50432238795699
4,23.5115565312627,23.5115565312627,728.8,6.39528449186703,31,31,2013.81231331833,42.7784727999697,1.50432238795699,1.50432238795699
5,23.5115565312627,23.5115565312627,728.8,6.07051089845392,31,31,1960.87088904322,43.8539401721254,1.50432238795699,1.50432238795699
6,23.5115565312627,23.5115565312627,728.7,5.98383260631095,31,31,1946.77817733242,44.1642989468764,1.50432238795699,1.50432238795699
7,23.5115565312627,23.5115565312627,728.7,5.96269093377089,31,31,1943.43690686905,44.2426832044749,1.50432238795699,1.50432238795699
8,23.5115565312627,23.5115565312627,728.7,5.96058055908039,31,31,1943.10277883697,44.2505361490606,1.50432238795699,1.50432238795699
9,23.5115565312627,23.5115565312627,728.8,5.96160167097075,31,31,1943.29922923336,44.2471316419907,1.50432238795699,1.50432238795699
