"strata","dload.bi_kgd","dload.ub_kgd","tload_kglenS","degf","lenObs","lenStr","MSE_kglenS","Cl_kglenS","flowmu_m3s","flowav_m3s"
8,26.5419544083702,26.5419544083702,796.3,2.90679411465246,30,30,857.135085620747,55.6533531156747,1.543690352,1.543690352
