"strata","dload.bi_kgd","dload.ub_kgd","tload_kglenS","degf","lenObs","lenStr","MSE_kglenS","Cl_kglenS","flowmu_m3s","flowav_m3s"
7,275.769791344489,275.861179752163,8551.6,4.25996227984184,30,31,727467.62115412,1120.25003124507,6.77906673526021,6.80441135869493
