"strata","dload.bi_kgd","dload.ub_kgd","tload_kglenS","degf","lenObs","lenStr","MSE_kglenS","Cl_kglenS","flowmu_m3s","flowav_m3s"
1,651.479472007014,652.658394298619,20232.4,23,24,31,2858613.42213739,729.293615352738,14.7048700901505,16.9008486504444
2,654.649475784321,656.846455877598,20362.2,15.3994906567831,24,31,1278911.92510497,612.860848990704,14.7048700901505,17.0226727700108
3,626.441048713624,626.714835746473,19428.2,11.5097468555976,24,31,891763.474254681,609.351059232602,14.7048700901505,14.4056386812366
4,629.165107354069,629.389858584522,19511.2,7.82199038085258,24,31,690127.914835073,687.684447474462,14.7048700901505,14.5823108692473
5,632.52469184751,633.095324168242,19626,7.33943064496411,24,31,665624.241427931,705.485351713761,14.7048700901505,14.4257527119713
6,632.52469184751,633.095324168242,19626.1,6.69559224723002,24,31,682295.226598452,761.850979724296,14.7048700901505,14.4257527119713
7,632.52469184751,633.095324168242,19626.1,7.3196150017565,24,31,775218.195439815,762.778194247165,14.7048700901505,14.4257527119713
