"strata","dload.bi_kgd","dload.ub_kgd","tload_kglenS","degf","lenObs","lenStr","MSE_kglenS","Cl_kglenS","flowmu_m3s","flowav_m3s"
9,26306.0898321847,26306.2457358145,815493.6,3.17836756010832,29,31,559501916.713685,40914.6654650684,14.9272415399484,14.9733565905548
