"strata","dload.bi_kgd","dload.ub_kgd","tload_kglenS","degf","lenObs","lenStr","MSE_kglenS","Cl_kglenS","flowmu_m3s","flowav_m3s"
1,15023.4296863157,15023.4296863157,450702.9,29,30,30,5319307697.17507,27699.4174841004,14.3918979730667,14.3918979730667
2,15023.4296863157,15023.4296863157,450702.9,21.00338029233,30,30,1423670443.27271,17121.3726769962,14.3918979730667,14.3918979730667
3,15023.4296863157,15023.4296863157,450702.8,17.3086597649254,30,30,1230734787.48962,17766.6441513107,14.3918979730667,14.3918979730667
4,15023.4296863157,15023.4296863157,450702.8,13.1927858368439,30,30,1064061344.50278,19373.0599942193,14.3918979730667,14.3918979730667
5,15023.4296863157,15023.4296863157,450702.8,8.70606714451787,30,30,768426849.327878,21362.5286020177,14.3918979730667,14.3918979730667
6,15023.4296863157,15023.4296863157,450702.8,6.97837150607351,30,30,669031874.861932,23167.6204651554,14.3918979730667,14.3918979730667
7,15023.4296863157,15023.4296863157,450702.8,6.05522122074696,30,30,621894731.477817,24743.0050275482,14.3918979730667,14.3918979730667
8,15023.4296863157,15023.4296863157,450702.8,6.04299161296521,30,30,621264871.674889,24767.5033503378,14.3918979730667,14.3918979730667
9,15023.4296863157,15023.4296863157,450702.9,6.03844561186997,30,30,621033638.3476,24776.6970485569,14.3918979730667,14.3918979730667
