"strata","dload.bi_kgd","dload.ub_kgd","tload_kglenS","degf","lenObs","lenStr","MSE_kglenS","Cl_kglenS","flowmu_m3s","flowav_m3s"
1,591.381387499355,591.381387499355,18332.8,30,31,31,2062930.52518788,535.544241501285,0.289105393548387,0.289105393548387
2,591.381387499355,591.381387499355,18332.8,25.0806725432971,31,31,398089.398356941,259.429773511289,0.289105393548387,0.289105393548387
3,591.381387499355,591.381387499355,18332.8,27.5085685644747,31,31,260263.580289579,199.406195291203,0.289105393548387,0.289105393548387
4,591.381387499355,591.381387499355,18332.8,19.9936786500073,31,31,183118.134237917,199.634143172531,0.289105393548387,0.289105393548387
5,591.381387499355,591.381387499355,18332.9,7.69494430645869,31,31,116639.749181395,285.881068431806,0.289105393548387,0.289105393548387
6,591.381387499355,591.381387499355,18332.8,4.53978057588134,31,31,110116.77750727,412.871556722876,0.289105393548387,0.289105393548387
7,591.381387499355,591.381387499355,18332.8,4.49253299067039,31,31,109540.576124487,415.424820991814,0.289105393548387,0.289105393548387
8,591.381387499355,591.381387499355,18332.8,4.48539147357858,31,31,109514.403671568,415.932315636242,0.289105393548387,0.289105393548387
9,591.381387499355,591.381387499355,18332.8,4.4878888645646,31,31,109545.123201692,415.795557400769,0.289105393548387,0.289105393548387
