"strata","dload.bi_kgd","dload.ub_kgd","tload_kglenS","degf","lenObs","lenStr","MSE_kglenS","Cl_kglenS","flowmu_m3s","flowav_m3s"
7,6781.25304189523,6781.25304189523,210218.8,9.48116669431455,31,31,42742731.7205909,4766.21371028174,4.45852583225806,4.45852583225806
