"strata","dload.bi_kgd","dload.ub_kgd","tload_kglenS","degf","lenObs","lenStr","MSE_kglenS","Cl_kglenS","flowmu_m3s","flowav_m3s"
8,9926.93177987607,9903.51722136719,297105.5,2.1004514207726,28,30,27811517.7806083,14960.3373290197,5.68939651102222,6.3151348648
