"strata","dload.bi_kgd","dload.ub_kgd","tload_kglenS","degf","lenObs","lenStr","MSE_kglenS","Cl_kglenS","flowmu_m3s","flowav_m3s"
3,10542.8183618292,10522.8849245567,326209.5,4.07018260804346,24,31,110795132.353999,14387.8213765232,3.89896455053763,3.78540630183428
