"strata","dload.bi_kgd","dload.ub_kgd","tload_kglenS","degf","lenObs","lenStr","MSE_kglenS","Cl_kglenS","flowmu_m3s","flowav_m3s"
1,6097.77295365786,6097.77295365786,182933.2,29,30,30,287899143.285382,6444.11475746301,4.07237901884444,4.07237901884444
2,6097.77295365786,6097.77295365786,182933.2,14.2568483385987,30,30,46041660.8228917,3847.81624889011,4.07237901884444,4.07237901884444
3,6097.77295365786,6097.77295365786,182933.1,10.4240705440834,30,30,38138425.9195409,4238.53147910361,4.07237901884444,4.07237901884444
4,6097.77295365786,6097.77295365786,182933.1,10.1195514480856,30,30,37559781.6419414,4285.76285627638,4.07237901884444,4.07237901884444
5,6097.77295365786,6097.77295365786,182933.1,9.49820414430572,30,30,36359408.2903716,4390.8529490638,4.07237901884444,4.07237901884444
6,6097.77295365786,6097.77295365786,182933.2,9.49193493546367,30,30,36347400.4978632,4391.99374950603,4.07237901884444,4.07237901884444
7,6097.77295365786,6097.77295365786,182933.2,8.85206061915252,30,30,36819946.1815998,4625.40389903863,4.07237901884444,4.07237901884444
8,6097.77295365786,6097.77295365786,182933.3,8.84629071267216,30,30,36807938.3890915,4626.62618041657,4.07237901884444,4.07237901884444
9,6097.77295365786,6097.77295365786,182933.4,7.0708589358665,30,30,44889505.742407,5945.8898705576,4.07237901884444,4.07237901884444
