"strata","dload.bi_kgd","dload.ub_kgd","tload_kglenS","degf","lenObs","lenStr","MSE_kglenS","Cl_kglenS","flowmu_m3s","flowav_m3s"
1,1987.92552218138,1987.71354444683,61619.1,24,25,31,4586168.33452377,902.210180226466,0.669098580645161,0.61730624
2,1994.93228264173,1994.53523801347,61830.6,21.1320569792441,25,31,4752364.5898911,985.82871572282,0.669098580645161,0.619398859824047
3,1996.52200220113,1995.56294476405,61862.5,12.0838316886275,25,31,3621055.93453546,1191.79388493243,0.669098580645161,0.637356361290323
4,1996.52200220113,1995.56294476405,61862.5,12.0686082485415,25,31,3618869.08564133,1192.35070545528,0.669098580645161,0.637356361290323
5,1996.52200220113,1995.56294476405,61862.5,12.1164947583438,25,31,3626699.81238683,1190.76024670172,0.669098580645161,0.637356361290323
6,1990.97190759322,1990.25143012921,61697.8,10.0907746946334,25,31,3758708.67885737,1358.21969827538,0.669098580645161,0.651012366451613
7,1992.68744701658,1991.29531512774,61730.1,6.67747140837114,25,31,4456117.0480531,1950.75248120786,0.669098580645161,0.681430090322581
8,1953.66834176863,1942.43333753123,60215.3,3.62810905939457,25,31,6147866.22982511,3765.08979673564,0.669098580645161,0.635529470967742
