"strata","dload.bi_kgd","dload.ub_kgd","tload_kglenS","degf","lenObs","lenStr","MSE_kglenS","Cl_kglenS","flowmu_m3s","flowav_m3s"
1,11399.9929929109,11379.2542203352,341377.6,27,28,30,2756815762.56497,20733.0633298837,10.9402743377778,11.4992333619048
2,11554.5484403636,11553.8802512058,346616.4,8.29859106193057,28,30,538305085.44257,18456.8969085843,10.9402743377778,11.0719226184795
3,11554.5484403636,11553.8802512058,346616.4,2.48311681896418,28,30,389515773.711064,44989.6758094986,10.9402743377778,11.0719226184795
4,11558.6446820967,11558.4495050502,346753.5,2.47745243987148,28,30,389070936.257729,45089.7265207254,10.9402743377778,11.0279112034188
5,11581.7407303115,11580.8730700814,347426.2,2.41548286261272,28,30,384164906.501073,46229.5578011903,10.9402743377778,11.008099815873
6,11581.7407303115,11580.8730700814,347426.2,2.39825104873094,28,30,382788588.319744,46562.0761981624,10.9402743377778,11.008099815873
7,11590.8780970952,11590.8739940072,347726.2,2.39534414958126,28,30,382556418.539345,46618.9042042786,10.9402743377778,10.8992149777778
8,11590.8780970952,11590.8739940072,347726.3,2.39469452001256,28,30,382504589.922418,46631.6368191706,10.9402743377778,10.8992149777778
