"strata","dload.bi_kgd","dload.ub_kgd","tload_kglenS","degf","lenObs","lenStr","MSE_kglenS","Cl_kglenS","flowmu_m3s","flowav_m3s"
7,1191.24937023594,1191.2324612938,36928.3,3.14241460291209,30,31,260946.254286953,894.005094795386,0.483212490322581,0.47858001843318
