"strata","dload.bi_kgd","dload.ub_kgd","tload_kglenS","degf","lenObs","lenStr","MSE_kglenS","Cl_kglenS","flowmu_m3s","flowav_m3s"
6,9732.97618731824,9730.93579184401,301658.9,2.39515594792166,21,31,48968786.0426935,16680.7993503382,7.10935136481541,8.25985297548559
