"strata","dload.bi_kgd","dload.ub_kgd","tload_kglenS","degf","lenObs","lenStr","MSE_kglenS","Cl_kglenS","flowmu_m3s","flowav_m3s"
1,11184.0982802929,11057.5422895068,342783.8,21,22,31,3516851715.19307,26912.2545051679,7.28720516490323,9.47688127767273
2,11079.1237118249,10932.8632847752,338918.7,17.3541683034947,22,31,1841983863.62469,21702.5514676977,7.28720516490323,9.20948336861936
3,11614.7690199735,11573.836621239,358788.9,12.9903131226118,22,31,273280498.72136,9909.58119537184,7.28720516490323,8.78870144721787
4,11926.5927363093,11923.8380582107,369638.9,6.87685082940426,22,31,160841880.985859,11477.455301228,7.28720516490322,7.13681167140645
5,11656.3951384253,11637.4445930732,360760.6,9.12100672759638,22,31,73121117.3066446,6392.12421250463,7.28720516490323,7.43478727718136
6,11688.6770459802,11672.2457390978,361839.5,8.57967081022316,22,31,70832537.8016617,6548.72434288978,7.28720516490323,7.42985592168545
7,11818.3932459688,11760.5171300337,364575.9,4.44235578564705,22,31,185745981.125134,17269.6762395107,7.28720516490323,7.42272043823943
