"strata","dload.bi_kgd","dload.ub_kgd","tload_kglenS","degf","lenObs","lenStr","MSE_kglenS","Cl_kglenS","flowmu_m3s","flowav_m3s"
1,4044.51121972806,4044.51121972806,125379.8,30,31,31,40451770.3337999,2371.49284789428,1.94769268395699,1.94769268395699
2,4044.51121972806,4044.51121972806,125379.9,10.3317040679013,31,31,27027716.0727759,3588.18040204093,1.94769268395699,1.94769268395699
3,4044.51121972806,4044.51121972806,125379.8,16.9421689675145,31,31,17570774.5525357,2149.15818762301,1.94769268395699,1.94769268395699
4,4044.51121972806,4044.51121972806,125379.9,4.2375045298606,31,31,7446606.47418371,3600.60820022233,1.94769268395699,1.94769268395699
5,4044.51121972806,4044.51121972806,125379.9,3.86102382556742,31,31,7105686.30037968,3820.60031332476,1.94769268395699,1.94769268395699
6,4044.51121972806,4044.51121972806,125379.9,3.81740961596961,31,31,7065239.00940782,3849.51328603241,1.94769268395699,1.94769268395699
7,4044.51121972806,4044.51121972806,125379.9,3.8100297926738,31,31,7058402.26819857,3854.49370803165,1.94769268395699,1.94769268395699
8,4044.51121972806,4044.51121972806,125379.9,3.80824110756765,31,31,7056751.86102823,3855.70647936907,1.94769268395699,1.94769268395699
9,4044.51121972806,4044.51121972806,125379.9,3.80812308535726,31,31,7056642.50898112,3855.78643000297,1.94769268395699,1.94769268395699
