"strata","dload.bi_kgd","dload.ub_kgd","tload_kglenS","degf","lenObs","lenStr","MSE_kglenS","Cl_kglenS","flowmu_m3s","flowav_m3s"
1,1149.06890420429,1149.06890420429,34472.1,29,30,30,6035131.16445229,933.010295627981,0.541889162666667,0.541889162666667
2,1149.06890420429,1149.06890420429,34472,24.4316969881463,30,30,5130349.19456403,944.88526559398,0.541889162666667,0.541889162666667
3,1149.06890420429,1149.06890420429,34472,7.22361104934571,30,30,593258.109347914,673.42278540028,0.541889162666667,0.541889162666667
4,1149.06890420429,1149.06890420429,34472,4.48014602267837,30,30,460550.322274119,853.795835090569,0.541889162666667,0.541889162666667
5,1149.06890420429,1149.06890420429,34472,3.9853095742558,30,30,434077.456911834,917.642031435359,0.541889162666667,0.541889162666667
6,1149.06890420429,1149.06890420429,34472,3.92378703592354,30,30,430703.073728375,926.957056149273,0.541889162666667,0.541889162666667
7,1149.06890420429,1149.06890420429,34472,3.89594225993804,30,30,429169.09274208,931.292026586614,0.541889162666667,0.541889162666667
8,1149.06890420429,1149.06890420429,34472,3.89888380752219,30,30,429332.561431502,930.831791453998,0.541889162666667,0.541889162666667
9,1149.06890420429,1149.06890420429,34472,3.90494782406734,30,30,429672.256247694,929.888797663092,0.541889162666667,0.541889162666667
