"strata","dload.bi_kgd","dload.ub_kgd","tload_kglenS","degf","lenObs","lenStr","MSE_kglenS","Cl_kglenS","flowmu_m3s","flowav_m3s"
8,411.033170272785,411.033170272785,12742.1,7.78167466252964,31,31,24913.1218153194,131.118055244705,0.19451510227957,0.19451510227957
