"strata","dload.bi_kgd","dload.ub_kgd","tload_kglenS","degf","lenObs","lenStr","MSE_kglenS","Cl_kglenS","flowmu_m3s","flowav_m3s"
1,2521.19674213687,2518.04787756073,78059.5,28,29,31,52372414.6141502,2801.48669581245,1.26792733221677,1.30728793777655
2,2512.19229145679,2507.44019181849,77730.6,5.05848000262912,29,31,9942379.29491031,3591.35354560251,1.26792733221677,1.38406861890839
3,2512.7662961585,2508.04568122228,77749.4,4.32912729320636,29,31,9186544.63519337,3926.07318572406,1.26792733221677,1.3822360054169
4,2512.04106174902,2507.29694759374,77726.2,4.10472189117775,29,31,8944333.70836169,4057.5551443044,1.26792733221677,1.37916653389272
5,2512.90850810568,2508.20960156338,77754.5,4.10556954532279,29,31,8945263.57110806,4057.02712158778,1.26792733221677,1.36840710683527
6,2512.90850810568,2508.20960156338,77754.5,4.09883860008486,29,31,8937921.03497153,4061.23708305399,1.26792733221677,1.36840710683527
7,2512.90850810568,2508.20960156338,77754.5,4.09972525334192,29,31,8938901.34361137,4060.68447028807,1.26792733221677,1.36840710683527
8,2512.90850810568,2508.20960156338,77754.6,4.10153436127289,29,31,8940875.60074669,4059.5519954527,1.26792733221677,1.36840710683527
9,2512.90850810568,2508.20960156338,77754.5,4.29816139926092,29,31,9159153.26596459,3944.47909739432,1.26792733221677,1.36840710683527
