"strata","dload.bi_kgd","dload.ub_kgd","tload_kglenS","degf","lenObs","lenStr","MSE_kglenS","Cl_kglenS","flowmu_m3s","flowav_m3s"
1,8069.90460412006,8069.90460412006,242097.1,29,30,30,181189823.856311,5112.22524843619,5.38974734684444,5.38974734684444
2,8069.90460412006,8069.90460412006,242097.1,22.4887872994505,30,30,80917267.4180212,3928.91635386061,5.38974734684444,5.38974734684444
3,8069.90460412006,8069.90460412006,242097.1,20.7910194871077,30,30,63823624.6558565,3645.87197628169,5.38974734684444,5.38974734684444
4,8069.90460412006,8069.90460412006,242097.2,12.4227327500304,30,30,36162855.4111906,3703.44752914088,5.38974734684444,5.38974734684444
5,8069.90460412006,8069.90460412006,242097.2,10.2975132006186,30,30,32172296.927772,3923.00612191577,5.38974734684444,5.38974734684444
6,8069.90460412006,8069.90460412006,242097.2,10.2583574140087,30,30,32119821.4003752,3929.24709038338,5.38974734684444,5.38974734684444
7,8069.90460412006,8069.90460412006,242097.2,10.2669346580732,30,30,32134246.83196,3928.0548974959,5.38974734684444,5.38974734684444
8,8069.90460412006,8069.90460412006,242097.2,10.4232787727567,30,30,32492295.5523671,3912.41570230356,5.38974734684444,5.38974734684444
9,8069.90460412006,8069.90460412006,242097.2,10.3525572339513,30,30,33929685.8289831,4015.20124055701,5.38974734684444,5.38974734684444
