"strata","dload.bi_kgd","dload.ub_kgd","tload_kglenS","degf","lenObs","lenStr","MSE_kglenS","Cl_kglenS","flowmu_m3s","flowav_m3s"
1,9743.30618421485,9743.30618421485,302042.5,30,31,31,29503398.6723539,2025.29866623617,4.66517791084387,4.66517791084387
2,9743.30618421485,9743.30618421485,302042.5,24.5225006219092,31,31,22690029.7207692,1983.05183280999,4.66517791084387,4.66517791084387
3,9743.30618421485,9743.30618421485,302042.5,16.4715782437007,31,31,9722580.51637497,1624.91301540286,4.66517791084387,4.66517791084387
4,9743.30618421485,9743.30618421485,302042.5,18.5743479202196,31,31,5504763.68040092,1141.19755796252,4.66517791084387,4.66517791084387
5,9743.30618421485,9743.30618421485,302042.4,16.6307985267693,31,31,5350103.87520289,1198.68211911427,4.66517791084387,4.66517791084387
6,9743.30618421485,9743.30618421485,302042.4,9.68301546144277,31,31,5238128.83417376,1646.0975759379,4.66517791084387,4.66517791084387
7,9743.30618421485,9743.30618421485,302042.4,9.62377978371206,31,31,5221949.35409488,1650.03044222884,4.66517791084387,4.66517791084387
8,9743.30618421485,9743.30618421485,302042.4,10.0911707899859,31,31,5470240.75907137,1638.4873802606,4.66517791084387,4.66517791084387
9,9743.30618421485,9743.30618421485,302042.4,7.98849509722753,31,31,5862392.80510458,1975.94082097471,4.66517791084387,4.66517791084387
