"strata","dload.bi_kgd","dload.ub_kgd","tload_kglenS","degf","lenObs","lenStr","MSE_kglenS","Cl_kglenS","flowmu_m3s","flowav_m3s"
5,282.263323912258,282.263323912258,8750.2,15.1408175075629,31,31,139825.625958787,204.66430415821,0.151175174193548,0.151175174193548
