"strata","dload.bi_kgd","dload.ub_kgd","tload_kglenS","degf","lenObs","lenStr","MSE_kglenS","Cl_kglenS","flowmu_m3s","flowav_m3s"
8,26318.9921462368,26318.9921462368,815888.9,2.38908862491382,31,31,324978765.010428,43109.2165556842,10.5266469326624,10.5266469326624
