"strata","dload.bi_kgd","dload.ub_kgd","tload_kglenS","degf","lenObs","lenStr","MSE_kglenS","Cl_kglenS","flowmu_m3s","flowav_m3s"
8,12933.7841070249,12933.7841070249,388013.5,3.88177885873516,30,30,150978719.100241,17525.3325307246,10.6661551285333,10.6661551285333
