"strata","dload.bi_kgd","dload.ub_kgd","tload_kglenS","degf","lenObs","lenStr","MSE_kglenS","Cl_kglenS","flowmu_m3s","flowav_m3s"
9,30232.9378141534,30232.9378141534,937221,12.3384322132923,31,31,688510999.260831,16226.5375379637,29.5075199175914,29.5075199175914
