"strata","dload.bi_kgd","dload.ub_kgd","tload_kglenS","degf","lenObs","lenStr","MSE_kglenS","Cl_kglenS","flowmu_m3s","flowav_m3s"
4,16758.3426090537,16758.3426090537,519508.6,11.2449892575147,31,31,261173496.629112,10579.1068870793,9.18036593393548,9.18036593393548
