"strata","dload.bi_kgd","dload.ub_kgd","tload_kglenS","degf","lenObs","lenStr","MSE_kglenS","Cl_kglenS","flowmu_m3s","flowav_m3s"
8,15078.1774846811,15078.1774846811,467423.5,9.49572529592882,31,31,313801942.306921,12901.5311203433,11.3962712369892,11.3962712369892
