"strata","dload.bi_kgd","dload.ub_kgd","tload_kglenS","degf","lenObs","lenStr","MSE_kglenS","Cl_kglenS","flowmu_m3s","flowav_m3s"
1,12802.3611859391,12802.3611859391,396873.2,30,31,31,2172813522.91682,17380.5806218067,15.7053894114409,15.7053894114409
2,12802.3611859391,12802.3611859391,396873.2,28.9724890979975,31,31,976461009.13326,11873.9315381024,15.7053894114409,15.7053894114409
3,12802.3611859391,12802.3611859391,396873.2,15.5627124823931,31,31,392916279.631876,10676.1968612749,15.7053894114409,15.7053894114409
4,12802.3611859391,12802.3611859391,396873.1,16.9773407328894,31,31,311632689.813167,9040.14347591149,15.7053894114409,15.7053894114409
5,12802.3611859391,12802.3611859391,396873.1,14.3384306934104,31,31,279958910.090327,9456.26567613515,15.7053894114409,15.7053894114409
6,12802.3611859391,12802.3611859391,396873.1,12.3788119068279,31,31,256480976.386268,9884.076558703,15.7053894114409,15.7053894114409
7,12802.3611859391,12802.3611859391,396873.1,11.8707149104386,31,31,250675993.449558,10024.4999108473,15.7053894114409,15.7053894114409
8,12802.3611859391,12802.3611859391,396873.1,11.6358902564948,31,31,248898031.502482,10112.074660502,15.7053894114409,15.7053894114409
9,12802.3611859391,12802.3611859391,396873,11.8639894003746,31,31,251813251.748489,10050.7004182326,15.7053894114409,15.7053894114409
