"strata","dload.bi_kgd","dload.ub_kgd","tload_kglenS","degf","lenObs","lenStr","MSE_kglenS","Cl_kglenS","flowmu_m3s","flowav_m3s"
4,1230.5201066876,1230.5201066876,38146.1,3.03330956226171,31,31,4786162.54273678,3972.85346639292,0.743290545328172,0.743290545328172
