"strata","dload.bi_kgd","dload.ub_kgd","tload_kglenS","degf","lenObs","lenStr","MSE_kglenS","Cl_kglenS","flowmu_m3s","flowav_m3s"
1,18603.6154575311,18596.9271764335,576504.7,29,30,31,2582188449.09528,19299.0995592918,16.0976136292473,15.7275912035556
2,18756.4004249009,18753.2402596305,581350.5,12.6664413540004,30,31,1502276783.9908,23590.6237621854,16.0976136292473,15.5886280851239
3,18211.8230868005,18189.3549303302,563870,25.4424737231547,30,31,554797518.162429,9608.92252936778,16.0976136292473,16.5801461103943
4,18211.8230868005,18189.3549303302,563870,17.0874612438121,30,31,445397697.178889,10767.3889821003,16.0976136292473,16.5801461103943
5,18211.8230868005,18189.3549303302,563870,10.5425012276341,30,31,247266239.973595,10715.9843141851,16.0976136292473,16.5801461103943
6,18211.8230868005,18189.3549303302,563870,9.61337829762889,30,31,234966169.608037,11075.9143784916,16.0976136292473,16.5801461103943
7,18211.8230868005,18189.3549303302,563870,9.75926448131244,30,31,237323997.271507,11024.4924885504,16.0976136292473,16.5801461103943
8,18211.8230868005,18189.3549303302,563870,9.90754578000643,30,31,240110196.304691,10982.8265871978,16.0976136292473,16.5801461103943
9,18211.8230868005,18189.3549303302,563870.1,9.12905644700579,30,31,309534548.637274,13144.0528662082,16.0976136292473,16.5801461103943
