"strata","dload.bi_kgd","dload.ub_kgd","tload_kglenS","degf","lenObs","lenStr","MSE_kglenS","Cl_kglenS","flowmu_m3s","flowav_m3s"
8,18590.9279827008,18590.9279827008,557727.8,9.54061904861364,30,30,133070051.986714,8375.98847153065,11.0112236533333,11.0112236533333
