"strata","dload.bi_kgd","dload.ub_kgd","tload_kglenS","degf","lenObs","lenStr","MSE_kglenS","Cl_kglenS","flowmu_m3s","flowav_m3s"
1,7072.70284725677,7072.70284725677,219253.8,30,31,31,247793711.702375,5869.46062200608,4.77457785806452,4.77457785806452
2,7072.70284725677,7072.70284725677,219253.8,19.2138145746401,31,31,21400987.4662955,2207.27951288779,4.77457785806452,4.77457785806452
3,7072.70284725677,7072.70284725677,219253.8,12.3546598186038,31,31,14226817.5577154,2330.65247273882,4.77457785806452,4.77457785806452
4,7072.70284725677,7072.70284725677,219253.8,10.1701108486745,31,31,8758919.79814,2063.10305797885,4.77457785806452,4.77457785806452
5,7072.70284725677,7072.70284725677,219253.8,6.77419167319673,31,31,7850172.7956383,2562.80164261847,4.77457785806452,4.77457785806452
6,7072.70284725677,7072.70284725677,219253.8,5.89177485465665,31,31,7336647.27651368,2742.7161411748,4.77457785806452,4.77457785806452
7,7072.70284725677,7072.70284725677,219253.8,5.20520141336091,31,31,6847197.7178328,2913.66432444029,4.77457785806452,4.77457785806452
8,7072.70284725677,7072.70284725677,219253.8,5.1036220003323,31,31,6763154.21325117,2941.16882965153,4.77457785806452,4.77457785806452
9,7072.70284725677,7072.70284725677,219253.8,5.10096302378446,31,31,6761391.59217256,2942.00199032401,4.77457785806452,4.77457785806452
