"strata","dload.bi_kgd","dload.ub_kgd","tload_kglenS","degf","lenObs","lenStr","MSE_kglenS","Cl_kglenS","flowmu_m3s","flowav_m3s"
7,2934.46216490942,2934.46216490942,90968.4,7.8221075207526,31,31,486162.56961742,577.179305769667,1.12186289892473,1.12186289892473
