"strata","dload.bi_kgd","dload.ub_kgd","tload_kglenS","degf","lenObs","lenStr","MSE_kglenS","Cl_kglenS","flowmu_m3s","flowav_m3s"
7,21205.286505773,21224.1730388643,657949.3,8.00630808557903,30,31,3980416195.2552,51410.1200368244,11.5759087099478,12.4656622935627
