"strata","dload.bi_kgd","dload.ub_kgd","tload_kglenS","degf","lenObs","lenStr","MSE_kglenS","Cl_kglenS","flowmu_m3s","flowav_m3s"
1,22229.4575253724,22229.4575253724,689113.2,30,31,31,4744499450.31214,25683.1479232263,17.058278881428,17.058278881428
2,22229.4575253724,22229.4575253724,689113.2,20.6781443564753,31,31,1487589155.03211,17655.5071336592,17.058278881428,17.058278881428
3,22229.4575253724,22229.4575253724,689113.2,9.18088755823496,31,31,932363229.039002,22728.469827376,17.058278881428,17.058278881428
4,22229.4575253724,22229.4575253724,689113.2,9.26010133651689,31,31,812761262.952763,21102.7973822966,17.058278881428,17.058278881428
5,22229.4575253724,22229.4575253724,689113.3,5.69888661536762,31,31,715351809.845079,27769.6606026564,17.058278881428,17.058278881428
6,22229.4575253724,22229.4575253724,689113.3,5.00161494974636,31,31,665022645.309688,29638.2357593983,17.058278881428,17.058278881428
7,22229.4575253724,22229.4575253724,689113.3,4.05163176147481,31,31,595200463.494612,33483.1494155723,17.058278881428,17.058278881428
8,22229.4575253724,22229.4575253724,689113.3,4.02317236931294,31,31,593101093.970165,33634.3688897369,17.058278881428,17.058278881428
9,22229.4575253724,22229.4575253724,689113.3,4.04143522686284,31,31,603812673.840954,33800.135607854,17.058278881428,17.058278881428
