"strata","dload.bi_kgd","dload.ub_kgd","tload_kglenS","degf","lenObs","lenStr","MSE_kglenS","Cl_kglenS","flowmu_m3s","flowav_m3s"
8,4433.1266564864,4433.1266564864,132993.9,4.36164832156585,30,30,4261090.58678705,2656.80303944892,1.58416764444444,1.58416764444444
