"strata","dload.bi_kgd","dload.ub_kgd","tload_kglenS","degf","lenObs","lenStr","MSE_kglenS","Cl_kglenS","flowmu_m3s","flowav_m3s"
1,5113.48541447845,5113.48541447845,158518,30,31,31,3747834.72256571,721.843862185345,2.4615063483871,2.4615063483871
2,5113.48541447845,5113.48541447845,158518.1,27.9125492252922,31,31,2357065.01334983,595.338014650549,2.4615063483871,2.4615063483871
3,5113.48541447845,5113.48541447845,158518.1,12.4104206314576,31,31,2260068.22102895,926.396595289867,2.4615063483871,2.4615063483871
4,5113.48541447845,5113.48541447845,158518.1,11.2219076107625,31,31,2143334.81087455,959.581860004129,2.4615063483871,2.4615063483871
5,5113.48541447845,5113.48541447845,158518.1,9.97932319136999,31,31,2114899.54241457,1026.02647037423,2.4615063483871,2.4615063483871
6,5113.48541447845,5113.48541447845,158518.1,9.88665612602412,31,31,2105562.7496931,1029.85702235461,2.4615063483871,2.4615063483871
7,5113.48541447845,5113.48541447845,158518,9.81816751565188,31,31,2098216.39165593,1032.6270697843,2.4615063483871,2.4615063483871
8,5113.48541447845,5113.48541447845,158518,7.64417699498597,31,31,2126341.84695245,1226.14257449368,2.4615063483871,2.4615063483871
9,5113.48541447845,5113.48541447845,158518.1,7.84495339030295,31,31,2155368.52253789,1212.89073265908,2.4615063483871,2.4615063483871
