"strata","dload.bi_kgd","dload.ub_kgd","tload_kglenS","degf","lenObs","lenStr","MSE_kglenS","Cl_kglenS","flowmu_m3s","flowav_m3s"
6,11906.1762878431,11906.1762878431,369091.4,6.07788453186219,31,31,271154507.548061,16293.0714478209,8.52731506236559,8.52731506236559
