"strata","dload.bi_kgd","dload.ub_kgd","tload_kglenS","degf","lenObs","lenStr","MSE_kglenS","Cl_kglenS","flowmu_m3s","flowav_m3s"
6,4458.16654723293,4458.16654723293,124828.7,3.14838046288492,28,28,195753630.173308,24438.1735749046,1.57628956234286,1.57628956234286
