"strata","dload.bi_kgd","dload.ub_kgd","tload_kglenS","degf","lenObs","lenStr","MSE_kglenS","Cl_kglenS","flowmu_m3s","flowav_m3s"
7,1262.51006511457,1262.51006511457,39137.7,6.38205604714782,31,31,205264.721229524,432.538892033244,0.383278666652903,0.383278666652903
