"strata","dload.bi_kgd","dload.ub_kgd","tload_kglenS","degf","lenObs","lenStr","MSE_kglenS","Cl_kglenS","flowmu_m3s","flowav_m3s"
1,553.278204667243,553.278204667243,17151.6,30,31,31,3838364.77169966,730.510016394637,0.267274663156989,0.267274663156989
2,553.278204667243,553.278204667243,17151.6,28.9922575759132,31,31,828792.785069702,345.803257380663,0.267274663156989,0.267274663156989
3,553.278204667243,553.278204667243,17151.6,15.0002911166256,31,31,393811.856369446,345.357484520031,0.267274663156989,0.267274663156989
4,553.278204667243,553.278204667243,17151.6,3.53618307814461,31,31,140748.655162152,583.77984411972,0.267274663156989,0.267274663156989
5,553.278204667243,553.278204667243,17151.6,2.97012203721017,31,31,128163.042208106,664.860119688803,0.267274663156989,0.267274663156989
6,553.278204667243,553.278204667243,17151.5,2.93786032023105,31,31,127476.797282654,670.92331245861,0.267274663156989,0.267274663156989
7,553.278204667243,553.278204667243,17151.5,2.94057834695647,31,31,127570.497521799,670.499427630266,0.267274663156989,0.267274663156989
8,553.278204667243,553.278204667243,17151.4,2.9408520885317,31,31,127622.318613305,670.568158831701,0.267274663156989,0.267274663156989
9,553.278204667243,553.278204667243,17151.5,2.95708744063875,31,31,128013.599645216,667.620360698911,0.267274663156989,0.267274663156989
