"strata","dload.bi_kgd","dload.ub_kgd","tload_kglenS","degf","lenObs","lenStr","MSE_kglenS","Cl_kglenS","flowmu_m3s","flowav_m3s"
8,725.289283970478,725.254861984079,22482.9,3.08671756364824,30,31,4753606.68834893,3887.30576936574,0.437540232258064,0.435408860215054
