"strata","dload.bi_kgd","dload.ub_kgd","tload_kglenS","degf","lenObs","lenStr","MSE_kglenS","Cl_kglenS","flowmu_m3s","flowav_m3s"
7,4601.53662650239,4601.53875890252,142647.6,4.0110603471808,30,31,132514062.874064,15941.1019297336,3.62388967466667,3.62359128258064
