"strata","dload.bi_kgd","dload.ub_kgd","tload_kglenS","degf","lenObs","lenStr","MSE_kglenS","Cl_kglenS","flowmu_m3s","flowav_m3s"
1,12992.6021017662,12975.7128143542,376295.7,25,26,29,1001810721.76617,13037.4531056844,6.70688290206897,6.60848765538462
2,12899.4977920916,12876.2907166314,373412.4,17.1421766259937,26,29,754045598.904876,13984.1477367832,6.70688290206897,6.71912096735632
3,12917.371380276,12890.3899664407,373821.3,11.2688910867012,26,29,343100532.991462,12109.4493056889,6.70688290206896,6.61467700015326
4,12917.371380276,12890.3899664407,373821.3,11.1436512556622,26,29,341155497.289384,12158.9743352344,6.70688290206896,6.61467700015326
5,12879.1544310431,12853.9876294695,372765.6,12.0755627608228,26,29,118725822.639639,6827.1195574419,6.70688290206896,6.64363391172414
6,12879.1544310431,12853.9876294695,372765.7,12.1005722939951,26,29,118902681.739386,6823.58507873774,6.70688290206896,6.64363391172414
7,12880.0231134052,12848.49025353,372606.2,7.90190518086092,26,29,129844611.159381,9367.96705473849,6.70688290206897,6.64363391172414
8,12920.7141947549,12899.4798446251,374085,2.85055892161762,26,29,563542941.2972,46103.3697639741,6.70688290206897,6.54573752643678
