"strata","dload.bi_kgd","dload.ub_kgd","tload_kglenS","degf","lenObs","lenStr","MSE_kglenS","Cl_kglenS","flowmu_m3s","flowav_m3s"
7,32361.1017927604,32361.0629027227,938470.7,3.9253675520988,28,29,630369311.010138,35449.4983915854,20.0423136965517,19.9598450850575
