"strata","dload.bi_kgd","dload.ub_kgd","tload_kglenS","degf","lenObs","lenStr","MSE_kglenS","Cl_kglenS","flowmu_m3s","flowav_m3s"
1,7265.88561305406,7252.80556672729,224837,28,29,31,519502404.894845,8823.30001961477,3.60947855483871,2.88245495172414
2,7031.79197135194,7011.52408092582,217357.2,2.13015510203056,29,31,81861964.170838,25170.5045147202,3.60947855483871,3.31923721025641
3,7035.73955204358,7015.69350475639,217486.5,2.02189987201735,29,31,79751534.1584576,26743.9757418394,3.60947855483871,3.3070267125448
4,7036.9488368642,7016.88153165617,217523.4,2.01716664400823,29,31,79658102.9589547,26819.048500439,3.60947855483871,3.30774888072787
5,7038.05576541743,7018.02464335854,217558.7,2.01263698340407,29,31,79568589.2781605,26891.4291904885,3.60947855483871,3.30670193204301
6,7033.49636675609,7013.44514205869,217416.8,2.01020414675365,29,31,79520475.9092164,26930.5235418601,3.60947855483871,3.30464160573477
7,7034.9138459898,7014.8624877472,217460.7,2.00864990748284,29,31,79489724.7046912,26955.580081393,3.60947855483871,3.30423563010753
8,7034.9138459898,7014.8624877472,217460.7,2.00825757643395,29,31,79481961.7854453,26961.9152000797,3.60947855483871,3.30423563010753
9,7037.92907051997,7017.85280532258,217553.5,2.01291843868459,29,31,79574192.0700945,26886.9227384963,3.60947855483871,3.30301770322581
