"strata","dload.bi_kgd","dload.ub_kgd","tload_kglenS","degf","lenObs","lenStr","MSE_kglenS","Cl_kglenS","flowmu_m3s","flowav_m3s"
5,4499.41165760713,4486.06257228674,139067.9,7.32112200846232,23,31,49581571.3132656,6099.36344954392,3.50169202580645,2.86228041290323
