"strata","dload.bi_kgd","dload.ub_kgd","tload_kglenS","degf","lenObs","lenStr","MSE_kglenS","Cl_kglenS","flowmu_m3s","flowav_m3s"
1,646.585445821936,646.585445821936,20044.1,30,31,31,223386.593327208,176.230715858498,0.216486503225806,0.216486503225806
2,646.585445821936,646.585445821936,20044.2,25.8962902619519,31,31,180594.622436296,171.688809114686,0.216486503225806,0.216486503225806
3,646.585445821935,646.585445821935,20044.1,25.1780619932534,31,31,152169.816642387,160.054291883362,0.216486503225806,0.216486503225806
4,646.585445821935,646.585445821935,20044.1,20.3401523232589,31,31,130540.591078933,166.931003358117,0.216486503225806,0.216486503225806
5,646.585445821936,646.585445821936,20044.1,15.732343820864,31,31,120550.151844837,185.825147117366,0.216486503225806,0.216486503225806
6,646.585445821936,646.585445821936,20044.1,14.8158895657324,31,31,117169.688938294,189.753192299248,0.216486503225806,0.216486503225806
7,646.585445821936,646.585445821936,20044.2,14.4033260028107,31,31,115465.379925708,191.530946428816,0.216486503225806,0.216486503225806
8,646.585445821936,646.585445821936,20044.3,14.3917887438021,31,31,120994.689764104,196.156137435458,0.216486503225806,0.216486503225806
9,646.585445821936,646.585445821936,20044.2,13.3857071542458,31,31,130890.465236259,213.005432773752,0.216486503225806,0.216486503225806
