"strata","dload.bi_kgd","dload.ub_kgd","tload_kglenS","degf","lenObs","lenStr","MSE_kglenS","Cl_kglenS","flowmu_m3s","flowav_m3s"
1,10714.1179480662,10714.1179480662,332137.7,30,31,31,901850029.742236,11197.4779203398,4.75468180452473,4.75468180452473
2,10714.1179480662,10714.1179480662,332137.7,22.2497171947239,31,31,608671957.719374,10839.9941305095,4.75468180452473,4.75468180452473
3,10714.1179480662,10714.1179480662,332137.7,5.53117372234837,31,31,159658880.79026,13421.2730589001,4.75468180452473,4.75468180452473
4,10714.1179480662,10714.1179480662,332137.7,4.89201747721345,31,31,151052690.855741,14379.416607394,4.75468180452473,4.75468180452473
5,10714.1179480662,10714.1179480662,332137.7,4.67795514099047,31,31,148232623.062075,14775.0484143971,4.75468180452473,4.75468180452473
6,10714.1179480662,10714.1179480662,332137.7,3.55842043759386,31,31,130727906.702506,17684.9377553038,4.75468180452473,4.75468180452473
7,10714.1179480662,10714.1179480662,332137.7,3.52157222533927,31,31,130052751.263857,17816.1700896588,4.75468180452473,4.75468180452473
8,10714.1179480662,10714.1179480662,332137.7,3.52350978330222,31,31,130088681.852705,17809.2067510226,4.75468180452473,4.75468180452473
9,10714.1179480662,10714.1179480662,332137.7,3.53681030748444,31,31,130346433.971029,17762.4405563751,4.75468180452473,4.75468180452473
