"strata","dload.bi_kgd","dload.ub_kgd","tload_kglenS","degf","lenObs","lenStr","MSE_kglenS","Cl_kglenS","flowmu_m3s","flowav_m3s"
1,341.65550246741,341.513887142736,10245.4,27,28,30,810188.796274831,355.428885072628,0.158102133333333,0.151865695238095
2,347.605136245475,347.249364541393,10417.5,25.6205859871803,28,30,316854.580305601,228.755890326276,0.158102133333333,0.171841025185185
3,347.605136245475,347.249364541393,10417.5,22.4845497819285,28,30,95917.386416244,135.283990311558,0.158102133333333,0.171841025185185
4,347.605136245475,347.249364541393,10417.5,19.9920204682575,28,30,90990.3629636351,140.730153515991,0.158102133333333,0.171841025185185
5,347.605136245475,347.249364541393,10417.5,13.9223292396855,28,30,76434.3641481384,159.000993997944,0.158102133333333,0.171841025185185
6,347.605136245475,347.249364541393,10417.5,13.7758594160648,28,30,76027.5688589701,159.578236484808,0.158102133333333,0.171841025185185
7,347.605136245475,347.249364541393,10417.5,13.0803986004232,28,30,78531.2197343184,167.288955565296,0.158102133333333,0.171841025185185
8,347.605136245475,347.249364541393,10417.6,7.46555583512471,28,30,99052.5323360615,268.967178068284,0.158102133333333,0.171841025185185
