"strata","dload.bi_kgd","dload.ub_kgd","tload_kglenS","degf","lenObs","lenStr","MSE_kglenS","Cl_kglenS","flowmu_m3s","flowav_m3s"
6,12944.901658752,12944.901658752,388347,10.0867583132089,30,30,368228872.468232,13446.8098872272,10.4515735644444,10.4515735644444
