"strata","dload.bi_kgd","dload.ub_kgd","tload_kglenS","degf","lenObs","lenStr","MSE_kglenS","Cl_kglenS","flowmu_m3s","flowav_m3s"
1,12865.9061662595,12865.9061662595,385977.2,29,30,30,993841116.894844,11972.960773701,8.82425268995556,8.82425268995556
2,12865.9061662595,12865.9061662595,385977.2,14.413558572191,30,30,468029484.123777,12188.9810427458,8.82425268995556,8.82425268995556
3,12865.9061662595,12865.9061662595,385977.1,11.0400182797728,30,30,230597680.350101,10054.6660824167,8.82425268995556,8.82425268995556
4,12865.9061662595,12865.9061662595,385977.1,9.97389825519024,30,30,215376910.902136,10357.7025823149,8.82425268995556,8.82425268995556
5,12865.9061662595,12865.9061662595,385977.1,9.38706174451476,30,30,208614517.760011,10597.5923469339,8.82425268995556,8.82425268995556
6,12865.9061662595,12865.9061662595,385977.1,8.99662921334594,30,30,204125284.328581,10775.9624436673,8.82425268995556,8.82425268995556
7,12865.9061662595,12865.9061662595,385977.1,9.19091576248217,30,30,206402350.863968,10686.2973116059,8.82425268995556,8.82425268995556
8,12865.9061662595,12865.9061662595,385977.1,8.61159411173074,30,30,226691710.653188,11686.7237328035,8.82425268995556,8.82425268995556
9,12865.9061662595,12865.9061662595,385977.2,5.40817338050454,30,30,247990715.900176,17019.1705796324,8.82425268995556,8.82425268995556
