"strata","dload.bi_kgd","dload.ub_kgd","tload_kglenS","degf","lenObs","lenStr","MSE_kglenS","Cl_kglenS","flowmu_m3s","flowav_m3s"
1,9599.76166305242,9593.22041693207,278203.4,26,27,29,495168155.462625,8970.43245864493,3.81013740527816,3.99731450315062
2,9650.03805865609,9643.96038687935,279674.9,22.8648121102688,27,29,235046737.783825,6634.74163639076,3.81013740527816,3.94813027876247
3,9660.83319855252,9654.63697080676,279984.6,18.6928296502344,27,29,203886427.939561,6920.12775776386,3.81013740527816,3.93111267859296
4,9660.83319855252,9654.63697080676,279984.6,17.1875141275815,27,29,102328895.40326,5143.70795623965,3.81013740527816,3.93111267859296
5,9673.92138801564,9665.8080090731,280308.5,8.20229590222519,27,29,111910795.186536,8481.38932536664,3.81013740527816,3.89953915741609
6,9690.83760324891,9686.06117816427,280895.8,5.97444207253428,27,29,98234311.7828415,9932.34426564501,3.81013740527816,3.84384241223448
7,9689.88122974125,9685.24125354631,280872.1,5.73687761081325,27,29,93657050.5707686,9997.65237693995,3.81013740527816,3.85598051433563
8,9688.61556864135,9683.26494161764,280814.8,5.74588638655255,27,29,93731432.5969343,9989.77590973422,3.81013740527816,3.84048259950345
