"strata","dload.bi_kgd","dload.ub_kgd","tload_kglenS","degf","lenObs","lenStr","MSE_kglenS","Cl_kglenS","flowmu_m3s","flowav_m3s"
1,4091.83314623488,4091.83314623488,122755,29,30,30,66879122.4574365,3105.90639179396,2.22865801244444,2.22865801244444
2,4091.83314623488,4091.83314623488,122754.9,8.32073176604499,30,30,15964132.1300847,3172.82100398701,2.22865801244444,2.22865801244444
3,4091.83314623488,4091.83314623488,122755,7.5988227888904,30,30,15261220.0878499,3298.27290380894,2.22865801244444,2.22865801244444
4,4091.83314623488,4091.83314623488,122755,7.5693323481478,30,30,15231460.524521,3303.84329755445,2.22865801244444,2.22865801244444
5,4091.83314623488,4091.83314623488,122755,7.48767280144182,30,30,15148917.3484125,3319.50578804718,2.22865801244444,2.22865801244444
6,4091.83314623488,4091.83314623488,122755,7.483730707545,30,30,15144928.0082992,3320.27095380492,2.22865801244444,2.22865801244444
7,4091.83314623488,4091.83314623488,122755,7.48403773717513,30,30,15145238.7472693,3320.21133015414,2.22865801244444,2.22865801244444
8,4091.83314623488,4091.83314623488,122755.1,7.48525066837054,30,30,15146468.6765687,3319.97609469178,2.22865801244444,2.22865801244444
9,4091.83314623488,4091.83314623488,122755.1,6.4068249622735,30,30,15331802.7608313,3727.73377045903,2.22865801244444,2.22865801244444
