"strata","dload.bi_kgd","dload.ub_kgd","tload_kglenS","degf","lenObs","lenStr","MSE_kglenS","Cl_kglenS","flowmu_m3s","flowav_m3s"
6,580.976165115289,582.962819300221,18071.8,2.15451955964836,22,31,201448.138405319,1229.24610402228,0.179035251612903,0.213176786924731
