"strata","dload.bi_kgd","dload.ub_kgd","tload_kglenS","degf","lenObs","lenStr","MSE_kglenS","Cl_kglenS","flowmu_m3s","flowav_m3s"
9,12753.0184794129,12753.0184794129,395343.6,3.37651536824655,31,31,203440486.08176,23215.2266312072,8.73623519483871,8.73623519483871
