"strata","dload.bi_kgd","dload.ub_kgd","tload_kglenS","degf","lenObs","lenStr","MSE_kglenS","Cl_kglenS","flowmu_m3s","flowav_m3s"
1,2215.45274891807,2215.76594007135,68688.7,22,23,31,6580769.93646493,1134.25103802129,0.484331460645161,0.475045099130435
2,2173.4729481521,2173.55517539628,67380.2,15.4670575170888,23,31,768971.756217288,474.007776670207,0.484331460645161,0.472645071612903
3,2129.95354135605,2129.98267133444,66029.4,15.4028770331277,23,31,186401.544650771,233.943230631729,0.484331460645161,0.476041945806452
4,2129.95354135605,2129.98267133444,66029.4,8.50465261063019,23,31,131270.654668603,283.561760241207,0.484331460645161,0.476041945806452
5,2129.95354135605,2129.98267133444,66029.3,6.95266930641344,23,31,116947.543571821,307.101220594122,0.484331460645161,0.476041945806452
6,2130.45939110679,2130.46352476668,66044.2,7.17341277811102,23,31,120748.976001146,305.292763144546,0.484331460645161,0.476605236989247
7,2130.45939110679,2130.46352476668,66044.4,6.58911374370528,23,31,184532.850049902,400.775420433283,0.484331460645161,0.476605236989247
