"strata","dload.bi_kgd","dload.ub_kgd","tload_kglenS","degf","lenObs","lenStr","MSE_kglenS","Cl_kglenS","flowmu_m3s","flowav_m3s"
1,9956.27150155974,9956.27150155974,308644.4,30,31,31,141590303.170203,4436.79955441708,4.0826431483871,4.0826431483871
2,9956.27150155974,9956.27150155974,308644.4,22.0913133663565,31,31,56354050.2166389,3311.53920817762,4.0826431483871,4.0826431483871
3,9956.27150155974,9956.27150155974,308644.4,23.9111105880375,31,31,30777080.4331281,2342.00397888984,4.0826431483871,4.0826431483871
4,9956.27150155974,9956.27150155974,308644.4,20.8045823951855,31,31,27991945.855275,2413.61611161753,4.0826431483871,4.0826431483871
5,9956.27150155974,9956.27150155974,308644.4,15.0651257886904,31,31,26247523.9454972,2812.34990492633,4.0826431483871,4.0826431483871
6,9956.27150155974,9956.27150155974,308644.4,14.8910358772783,31,31,26093981.2844693,2823.31696641355,4.0826431483871,4.0826431483871
7,9956.27150155974,9956.27150155974,308644.5,12.1166402866037,31,31,27352929.6278294,3270.14692809437,4.0826431483871,4.0826431483871
8,9956.27150155974,9956.27150155974,308644.3,11.5773055605949,31,31,31492028.1916323,3608.09585044098,4.0826431483871,4.0826431483871
9,9956.27150155974,9956.27150155974,308644.5,5.12426440130762,31,31,32794254.9133746,6455.86465488125,4.0826431483871,4.0826431483871
