"strata","dload.bi_kgd","dload.ub_kgd","tload_kglenS","degf","lenObs","lenStr","MSE_kglenS","Cl_kglenS","flowmu_m3s","flowav_m3s"
1,11126.6480807461,11126.6480807461,344926.1,30,31,31,626852929.244792,9335.46344265949,6.75639761445161,6.75639761445161
2,11126.6480807461,11126.6480807461,344926.1,19.1513349542413,31,31,374624251.996581,9252.10211474093,6.75639761445161,6.75639761445161
3,11126.6480807461,11126.6480807461,344926.1,5.72128530022912,31,31,137028735.778426,12117.8923280389,6.75639761445161,6.75639761445161
4,11126.6480807461,11126.6480807461,344926.1,4.18617328449989,31,31,123320149.783271,14808.7887614853,6.75639761445161,6.75639761445161
5,11126.6480807461,11126.6480807461,344926.1,7.39399001389383,31,31,108602704.534261,8965.41785791472,6.75639761445161,6.75639761445161
6,11126.6480807461,11126.6480807461,344926.1,6.97895558818627,31,31,105454177.723991,9197.38468359393,6.75639761445161,6.75639761445161
7,11126.6480807461,11126.6480807461,344926.1,2.77506910960649,31,31,99600910.2189272,19970.6081144648,6.75639761445161,6.75639761445161
8,11126.6480807461,11126.6480807461,344926.1,2.71024812554081,31,31,98427637.5350325,20392.2874572675,6.75639761445161,6.75639761445161
9,11126.6480807461,11126.6480807461,344926.1,2.71522769135525,31,31,98518326.4213625,20358.8937958125,6.75639761445161,6.75639761445161
