"strata","dload.bi_kgd","dload.ub_kgd","tload_kglenS","degf","lenObs","lenStr","MSE_kglenS","Cl_kglenS","flowmu_m3s","flowav_m3s"
1,13645.9133239632,13640.631039779,409218.9,26,27,30,193278536.926838,5604.39635221759,6.64106214523022,7.01452512798025
2,13604.53983541,13590.420442974,407712.6,17.4829824665483,27,30,132697698.863867,5800.36498319172,6.64106214523022,7.20728008991677
3,13683.6479050179,13680.1520139307,410404.5,23.4294983802815,27,30,58134822.2186025,3255.25463505556,6.64106214523022,6.81537583534222
4,13683.6479050179,13680.1520139307,410404.5,16.0571804645735,27,30,31506396.2193368,2968.62612612563,6.64106214523022,6.81537583534222
5,13683.6479050179,13680.1520139307,410404.6,12.4039920582154,27,30,28393038.4240646,3284.57124843706,6.64106214523022,6.81537583534222
6,13720.6193020046,13718.2505035638,411547.6,10.1663170838681,27,30,23503324.1636355,3380.35936375578,6.64106214523022,6.59874759587556
7,13720.6193020046,13718.2505035638,411547.5,9.44203710094647,27,30,22602181.7630325,3475.15758292031,6.64106214523022,6.59874759587556
8,13720.6193020046,13718.2505035638,411547.5,9.37446575562228,27,30,22520797.7629859,3485.00394432202,6.64106214523022,6.59874759587556
9,13720.6193020046,13718.2505035638,411547.4,8.03319346240547,27,30,40709507.6126006,5187.42246965244,6.64106214523022,6.59874759587556
