"strata","dload.bi_kgd","dload.ub_kgd","tload_kglenS","degf","lenObs","lenStr","MSE_kglenS","Cl_kglenS","flowmu_m3s","flowav_m3s"
6,1990.56685547023,1990.56685547023,59717.1,5.76227169845509,30,30,4445017.67912606,2170.78419141436,1.25924704198578,1.25924704198578
