"strata","dload.bi_kgd","dload.ub_kgd","tload_kglenS","degf","lenObs","lenStr","MSE_kglenS","Cl_kglenS","flowmu_m3s","flowav_m3s"
1,349.603342431498,349.603342431498,10488.1,29,30,30,2575450.31674631,609.494326957096,0.0830702588693333,0.0830702588693333
