"strata","dload.bi_kgd","dload.ub_kgd","tload_kglenS","degf","lenObs","lenStr","MSE_kglenS","Cl_kglenS","flowmu_m3s","flowav_m3s"
6,6097.77295365786,6097.77295365786,182933.2,9.49193493546367,30,30,36347400.4978632,4391.99374950603,4.07237901884444,4.07237901884444
