"strata","dload.bi_kgd","dload.ub_kgd","tload_kglenS","degf","lenObs","lenStr","MSE_kglenS","Cl_kglenS","flowmu_m3s","flowav_m3s"
1,30232.9378141534,30232.9378141534,937221.1,30,31,31,6170733949.74337,29290.14110705,29.5075199175914,29.5075199175914
2,30232.9378141534,30232.9378141534,937221.1,21.9353787727546,31,31,4267931122.51236,28932.9348716226,29.5075199175914,29.5075199175914
3,30232.9378141534,30232.9378141534,937221.1,16.9136719172598,31,31,2791921127.52082,27117.2722451371,29.5075199175914,29.5075199175914
4,30232.9378141534,30232.9378141534,937221,22.1499748608258,31,31,1697773321.82128,18149.5116443507,29.5075199175914,29.5075199175914
5,30232.9378141534,30232.9378141534,937221,20.5687175679906,31,31,1406929086.77843,17221.4608302156,29.5075199175914,29.5075199175914
6,30232.9378141534,30232.9378141534,937221,15.5610151526776,31,31,1268840368.9163,19186.5860426601,29.5075199175914,29.5075199175914
7,30232.9378141534,30232.9378141534,937221.1,16.9891361149668,31,31,840838426.570911,14843.4986660723,29.5075199175914,29.5075199175914
8,30232.9378141534,30232.9378141534,937221.1,14.0919384841471,31,31,746100941.31754,15596.666221052,29.5075199175914,29.5075199175914
9,30232.9378141534,30232.9378141534,937221,12.3384322132923,31,31,688510999.260831,16226.5375379637,29.5075199175914,29.5075199175914
