"strata","dload.bi_kgd","dload.ub_kgd","tload_kglenS","degf","lenObs","lenStr","MSE_kglenS","Cl_kglenS","flowmu_m3s","flowav_m3s"
8,695.457140831394,695.457140831394,21559.1,8.3742146286393,31,31,24311.5628962951,123.28960439892,0.256272969380872,0.256272969380872
