"strata","dload.bi_kgd","dload.ub_kgd","tload_kglenS","degf","lenObs","lenStr","MSE_kglenS","Cl_kglenS","flowmu_m3s","flowav_m3s"
1,32297.1074370797,32284.1132453096,936239.3,27,28,29,4585902184.41784,26740.6522479723,20.0423136965517,20.5304384857143
2,32370.9358388781,32366.8709735568,938639.2,18.6802103030341,28,29,2328122086.76872,23393.2022948625,20.0423136965517,20.2355270344828
3,32370.9358388781,32366.8709735568,938639.2,10.4097321536172,28,29,1048998738.77504,22248.3523600119,20.0423136965517,20.2355270344828
4,32370.9358388781,32366.8709735568,938639.2,8.56155279449648,28,29,945230699.90995,23956.0993169622,20.0423136965517,20.2355270344828
5,32361.1017927604,32361.0629027227,938470.8,5.78774509958342,28,29,772556604.177441,28523.4182883457,20.0423136965517,19.9598450850575
6,32361.1017927604,32361.0629027227,938470.8,4.39495881731545,28,29,668788565.312354,33069.2779958229,20.0423136965517,19.9598450850575
7,32361.1017927604,32361.0629027227,938470.7,3.9253675520988,28,29,630369311.010138,35449.4983915854,20.0423136965517,19.9598450850575
8,32357.0518336105,32357.4459236852,938365.8,3.92586546218523,28,29,630409400.990196,35446.5628209303,20.0423136965517,19.9875109241379
