"strata","dload.bi_kgd","dload.ub_kgd","tload_kglenS","degf","lenObs","lenStr","MSE_kglenS","Cl_kglenS","flowmu_m3s","flowav_m3s"
9,16732.3255885605,16732.3255885605,485237.5,3.13042438005602,29,29,612867924.773154,43497.6319568189,7.14823212715402,7.14823212715402
