"strata","dload.bi_kgd","dload.ub_kgd","tload_kglenS","degf","lenObs","lenStr","MSE_kglenS","Cl_kglenS","flowmu_m3s","flowav_m3s"
7,668.765721228387,668.765721228387,20731.9,2.44213346468872,31,31,223608.212258085,1100.22596938919,0.344058254451613,0.344058254451613
