"strata","dload.bi_kgd","dload.ub_kgd","tload_kglenS","degf","lenObs","lenStr","MSE_kglenS","Cl_kglenS","flowmu_m3s","flowav_m3s"
6,211.214771117592,211.24745577463,6548.7,11.2367578815956,27,31,6866.20208315457,54.2674784859545,0.0637967151621505,0.0650238952433548
