"strata","dload.bi_kgd","dload.ub_kgd","tload_kglenS","degf","lenObs","lenStr","MSE_kglenS","Cl_kglenS","flowmu_m3s","flowav_m3s"
9,6992.28215604356,6992.28215604356,216760.8,4.58586977109376,31,31,167341174.502504,15959.6381394072,9.84177787354839,9.84177787354839
