"strata","dload.bi_kgd","dload.ub_kgd","tload_kglenS","degf","lenObs","lenStr","MSE_kglenS","Cl_kglenS","flowmu_m3s","flowav_m3s"
6,330.3544359168,330.3544359168,9910.7,17.3891162928459,30,30,14068.5055141513,59.9087107724373,0.1628216,0.1628216
