"strata","dload.bi_kgd","dload.ub_kgd","tload_kglenS","degf","lenObs","lenStr","MSE_kglenS","Cl_kglenS","flowmu_m3s","flowav_m3s"
7,15161.6007212387,15147.7696989434,469580.9,6.36943162342017,24,31,72111441.9951092,8118.84518842091,4.8499316032,4.73591446472258
