"strata","dload.bi_kgd","dload.ub_kgd","tload_kglenS","degf","lenObs","lenStr","MSE_kglenS","Cl_kglenS","flowmu_m3s","flowav_m3s"
3,10863.5520032222,10857.590635898,325727.8,3.08443098705314,20,30,1236815615.00374,62751.7930566499,10.88886015328,10.4922318181826
