"strata","dload.bi_kgd","dload.ub_kgd","tload_kglenS","degf","lenObs","lenStr","MSE_kglenS","Cl_kglenS","flowmu_m3s","flowav_m3s"
1,7737.126123264,7737.126123264,232113.8,29,30,30,421484194.48435,7797.11116692128,3.73514323555556,3.73514323555556
2,7737.126123264,7737.126123264,232113.8,14.652484858801,30,30,245578772.62325,8744.0522055242,3.73514323555556,3.73514323555556
3,7737.126123264,7737.126123264,232113.8,4.03808557807229,30,30,175924004.728732,18257.8751554321,3.73514323555556,3.73514323555556
4,7737.126123264,7737.126123264,232113.7,3.38664997359208,30,30,160730164.040137,20574.033673224,3.73514323555556,3.73514323555556
5,7737.126123264,7737.126123264,232113.7,2.84837490604426,30,30,147269153.891112,23588.0819023109,3.73514323555556,3.73514323555556
6,7737.126123264,7737.126123264,232113.9,2.73660534655747,30,30,144325973.907637,24422.2813276746,3.73514323555556,3.73514323555556
7,7737.126123264,7737.126123264,232113.8,2.72049280939201,30,30,143899214.906516,24550.7053880955,3.73514323555556,3.73514323555556
8,7737.126123264,7737.126123264,232113.8,2.71822181713874,30,30,143839119.572482,24568.9920877338,3.73514323555556,3.73514323555556
9,7737.126123264,7737.126123264,232113.8,2.71814896431743,30,30,143837193.354786,24569.5796075827,3.73514323555556,3.73514323555556
