"strata","dload.bi_kgd","dload.ub_kgd","tload_kglenS","degf","lenObs","lenStr","MSE_kglenS","Cl_kglenS","flowmu_m3s","flowav_m3s"
1,778.416001091584,778.416001091584,23352.5,29,30,30,378135.22292321,233.542887881646,0.3826166016,0.3826166016
2,778.416001091584,778.416001091584,23352.4,19.0393832581364,30,30,386304.520976793,298.093068862989,0.3826166016,0.3826166016
3,778.416001091584,778.416001091584,23352.4,19.0816526765944,30,30,238257.248016474,233.810236565252,0.3826166016,0.3826166016
4,778.416001091584,778.416001091584,23352.4,17.5244680554302,30,30,226566.711153661,239.348663695013,0.3826166016,0.3826166016
5,778.416001091584,778.416001091584,23352.4,16.6989036676933,30,30,234483.298524383,250.353313344085,0.3826166016,0.3826166016
6,778.416001091584,778.416001091584,23352.3,7.68450738313551,30,30,234462.342268681,405.695973285983,0.3826166016,0.3826166016
7,778.416001091584,778.416001091584,23352.4,7.66494991396866,30,30,234181.933217382,406.159048315064,0.3826166016,0.3826166016
8,778.416001091584,778.416001091584,23352.4,7.6508611910783,30,30,233966.27802681,406.482381106828,0.3826166016,0.3826166016
9,778.416001091584,778.416001091584,23352.4,7.42183537522482,30,30,296718.278307417,467.407853786172,0.3826166016,0.3826166016
