"strata","dload.bi_kgd","dload.ub_kgd","tload_kglenS","degf","lenObs","lenStr","MSE_kglenS","Cl_kglenS","flowmu_m3s","flowav_m3s"
1,2846.27309405368,2823.99006770852,87543.7,25,26,31,238960157.389264,6367.40786396512,3.78855734733763,4.35533367474872
2,2835.48331735521,2815.03726819444,87266.2,18.0828337080018,26,31,120474804.95341,5421.03522453325,3.78855734733763,4.55218287013811
3,2924.4047480074,2916.80993833067,90421.1,4.76851354494591,26,31,43693719.3082836,7896.25083290232,3.78855734733763,3.81277795475269
4,3009.74735978562,3009.57990550736,93297,2.8060639897593,26,31,33101908.2175264,11370.5176207968,3.78855734733763,3.70989684767781
5,3009.74735978562,3009.57990550736,93297,2.32517175169002,26,31,30062649.1147042,13571.9986227931,3.78855734733763,3.70989684767781
6,2978.09937384929,2978.12700976165,92321.9,2.28623689655839,26,31,29809595.1286134,13813.5776453578,3.78855734733763,3.71940498140215
7,2978.09937384929,2978.12700976165,92321.9,2.28377127238985,26,31,29793514.0011489,13829.3034046028,3.78855734733763,3.71940498140215
8,2978.09937384929,2978.12700976165,92322,3.21761091971683,26,31,59031078.4778679,13124.2369515656,3.78855734733763,3.71940498140215
