"strata","dload.bi_kgd","dload.ub_kgd","tload_kglenS","degf","lenObs","lenStr","MSE_kglenS","Cl_kglenS","flowmu_m3s","flowav_m3s"
7,114.229240443871,114.233780776368,3541.2,7.28196684870182,30,31,29121.8288433779,148.370648237553,0.0506962064516129,0.0506048619354839
