"strata","dload.bi_kgd","dload.ub_kgd","tload_kglenS","degf","lenObs","lenStr","MSE_kglenS","Cl_kglenS","flowmu_m3s","flowav_m3s"
1,3579.38753873228,3579.41322380474,110961.8,28,29,31,5458762.90313405,904.449621627489,1.2980708202765,1.20053467586207
2,3557.9725704242,3558.24117871422,110305.5,22.2759843638572,29,31,3141899.92426236,778.301789631939,1.2980708202765,1.24730936774194
3,3567.6801300739,3567.52554833582,110593.3,5.39648802347315,29,31,1540451.97961798,1343.60657769392,1.2980708202765,1.22290733271889
4,3557.9725704242,3558.24117871422,110305.5,3.42443274196,29,31,1195328.79923263,1755.02681453341,1.2980708202765,1.24730936774194
5,3551.23455241617,3551.23116387789,110088.2,3.29117180053696,29,31,1174524.16775357,1809.45267615907,1.2980708202765,1.22036273548387
6,3553.54932537149,3553.48308095029,110157.9,3.29446433860735,29,31,1173062.83764704,1806.51459667136,1.2980708202765,1.21807912258065
7,3551.23455241617,3551.23116387789,110088.1,3.21879246648402,29,31,1161502.71817784,1840.27018476322,1.2980708202765,1.22036273548387
8,3551.23455241617,3551.23116387789,110088.1,3.22147144311304,29,31,1161991.36839332,1839.10048115303,1.2980708202765,1.22036273548387
9,3551.23455241617,3551.23116387789,110088.2,3.33203723843439,29,31,1185295.52219647,1795.45772505975,1.2980708202765,1.22036273548387
