"strata","dload.bi_kgd","dload.ub_kgd","tload_kglenS","degf","lenObs","lenStr","MSE_kglenS","Cl_kglenS","flowmu_m3s","flowav_m3s"
1,15465.1747103212,15439.7924561869,463193.8,11,12,30,244774613.712272,10382.5482663191,6.96684500548571,14.6195312222222
2,15658.9653646279,15679.3514667758,470380.6,9.89338226864067,12,30,156004325.70896,8860.80032714059,6.96684500548571,10.5522442831746
3,15660.575329667,15660.6039866626,469818.1,5.71443206312919,12,30,100458643.051653,10385.0525838266,6.96684500548571,6.50405432888889
