"strata","dload.bi_kgd","dload.ub_kgd","tload_kglenS","degf","lenObs","lenStr","MSE_kglenS","Cl_kglenS","flowmu_m3s","flowav_m3s"
1,13903.1687097424,13903.1687097424,389288.7,27,28,28,389060667.250734,7788.75900311251,6.89388542186667,6.89388542186667
2,13903.1687097424,13903.1687097424,389288.7,18.2951650587842,28,28,293576295.739737,8406.21091558938,6.89388542186667,6.89388542186667
3,13903.1687097424,13903.1687097424,389288.7,16.0779005750257,28,28,236071840.344692,8119.94141185477,6.89388542186667,6.89388542186667
4,13903.1687097424,13903.1687097424,389288.8,20.0124456670154,28,28,161390526.607309,5923.49895486432,6.89388542186667,6.89388542186667
5,13903.1687097424,13903.1687097424,389288.8,11.6006953420143,28,28,86750351.5757458,5981.00434385629,6.89388542186667,6.89388542186667
6,13903.1687097424,13903.1687097424,389288.8,9.4334047953715,28,28,67961581.3940038,6029.58050085613,6.89388542186667,6.89388542186667
7,13903.1687097424,13903.1687097424,389288.8,8.69883268014504,28,28,65094649.804203,6221.02155810383,6.89388542186667,6.89388542186667
8,13903.1687097424,13903.1687097424,389288.8,8.4845951263039,28,28,64328478.7382846,6287.02235294172,6.89388542186667,6.89388542186667
