"strata","dload.bi_kgd","dload.ub_kgd","tload_kglenS","degf","lenObs","lenStr","MSE_kglenS","Cl_kglenS","flowmu_m3s","flowav_m3s"
7,12517.0277422941,12517.0277422941,388027.9,7.2450630809274,31,31,413949824.615289,17751.8869697321,6.77906673526021,6.77906673526021
