"strata","dload.bi_kgd","dload.ub_kgd","tload_kglenS","degf","lenObs","lenStr","MSE_kglenS","Cl_kglenS","flowmu_m3s","flowav_m3s"
7,5187.46456563828,5187.46456563828,160811.4,3.27976038143884,31,31,4904226.86384346,3710.3606415411,1.45361345416946,1.45361345416946
