"strata","dload.bi_kgd","dload.ub_kgd","tload_kglenS","degf","lenObs","lenStr","MSE_kglenS","Cl_kglenS","flowmu_m3s","flowav_m3s"
1,8083.86737483739,8083.86737483739,226348.3,27,28,28,1884900539.82371,17143.6709352479,4.55617986209524,4.55617986209524
2,8083.86737483739,8083.86737483739,226348.3,3.00496778647587,28,28,1242747128.56353,64658.6271780353,4.55617986209524,4.55617986209524
3,8083.86737483739,8083.86737483739,226348.4,3.00166370614134,28,28,1242063675.01655,64716.6208064852,4.55617986209524,4.55617986209524
4,8083.86737483739,8083.86737483739,226348.3,3.00103917631498,28,28,1241934454.02131,64727.6021632927,4.55617986209524,4.55617986209524
5,8083.86737483739,8083.86737483739,226348.4,3.0008093314797,28,28,1241886893.47942,64731.6451665735,4.55617986209524,4.55617986209524
6,8083.86737483739,8083.86737483739,226348.5,3.00080089848584,28,28,1241885148.47648,64731.7935206934,4.55617986209524,4.55617986209524
7,8083.86737483739,8083.86737483739,226348.5,3.00078360689127,28,28,1241881570.39421,64732.0977197812,4.55617986209524,4.55617986209524
8,8083.86737483739,8083.86737483739,226348.4,3.00078447079785,28,28,1241881749.15934,64732.0825215587,4.55617986209524,4.55617986209524
