"strata","dload.bi_kgd","dload.ub_kgd","tload_kglenS","degf","lenObs","lenStr","MSE_kglenS","Cl_kglenS","flowmu_m3s","flowav_m3s"
1,5865.59202309115,5921.4308704895,177642.9,2,3,30,202527563.107964,43297.554346156,2.76978756571429,3.02895370666667
