"strata","dload.bi_kgd","dload.ub_kgd","tload_kglenS","degf","lenObs","lenStr","MSE_kglenS","Cl_kglenS","flowmu_m3s","flowav_m3s"
6,4422.2659109586,4422.29223977066,137091,9.21685609462123,26,31,84018954.1068149,6805.57134704843,3.05837882012903,2.92059018477419
