"strata","dload.bi_kgd","dload.ub_kgd","tload_kglenS","degf","lenObs","lenStr","MSE_kglenS","Cl_kglenS","flowmu_m3s","flowav_m3s"
1,1577.44568299792,1562.91644669994,46887.5,22,23,30,51421158.5710212,3170.60222510763,1.32420368888889,1.71860404637681
2,1585.68201100575,1585.88550158795,47576.6,3.06412754086667,23,30,22715863.4042617,8563.38047310503,1.32420368888889,1.35915258152047
3,1583.3898259968,1582.85557210305,47485.7,3.04486062047642,23,30,22644244.740982,8606.84253930643,1.32420368888889,1.34534689955556
4,1583.3898259968,1582.85557210305,47485.7,3.03020946322615,23,30,22589639.3089223,8640.39093320831,1.32420368888889,1.34534689955556
5,1583.3898259968,1582.85557210305,47485.7,3.02615162537981,23,30,22574505.2949194,8649.76237094239,1.32420368888889,1.34534689955556
6,1583.3898259968,1582.85557210305,47485.7,3.02509287609552,23,30,22570562.4584955,8652.214520998,1.32420368888889,1.34534689955556
7,1584.66856737792,1584.05705174277,47521.7,3.05745294659492,23,30,22691467.3507231,8578.42743067661,1.32420368888889,1.32585550222222
