"strata","dload.bi_kgd","dload.ub_kgd","tload_kglenS","degf","lenObs","lenStr","MSE_kglenS","Cl_kglenS","flowmu_m3s","flowav_m3s"
1,13407.9524910148,13407.9524910148,415646.5,30,31,31,6486955003.47637,30031.2559590352,12.395128088086,12.395128088086
2,13407.9524910148,13407.9524910148,415646.5,23.1448297211292,31,31,4119094215.83726,27587.4862840835,12.395128088086,12.395128088086
3,13407.9524910148,13407.9524910148,415646.5,4.50864110792473,31,31,2219131867.30874,58950.6442737135,12.395128088086,12.395128088086
4,13407.9524910148,13407.9524910148,415646.6,6.25356267705212,31,31,1510690775.23491,37660.7147491556,12.395128088086,12.395128088086
5,13407.9524910148,13407.9524910148,415646.6,4.24581556964488,31,31,1236453074.9401,46317.7782225304,12.395128088086,12.395128088086
6,13407.9524910148,13407.9524910148,415646.6,4.14655927801303,31,31,1221885541.05651,47003.6383624848,12.395128088086,12.395128088086
7,13407.9524910148,13407.9524910148,415646.7,4.13526085851232,31,31,1220216011.23417,47084.169886351,12.395128088086,12.395128088086
8,13407.9524910148,13407.9524910148,415646.6,4.13424840201154,31,31,1220066620.86478,47091.4181155756,12.395128088086,12.395128088086
9,13407.9524910148,13407.9524910148,415646.7,4.13416021170465,31,31,1220053607.68158,47092.0496807759,12.395128088086,12.395128088086
