"strata","dload.bi_kgd","dload.ub_kgd","tload_kglenS","degf","lenObs","lenStr","MSE_kglenS","Cl_kglenS","flowmu_m3s","flowav_m3s"
9,17103.5189145367,17103.5189145367,530209.1,5.40457646988814,31,31,384479886.350066,21202.2106748001,11.4862684215054,11.4862684215054
