"strata","dload.bi_kgd","dload.ub_kgd","tload_kglenS","degf","lenObs","lenStr","MSE_kglenS","Cl_kglenS","flowmu_m3s","flowav_m3s"
9,497.504767768444,497.504767768444,15422.6,11.8976459639425,31,31,65798.1545699983,162.185043357299,0.211549332129032,0.211549332129032
