"strata","dload.bi_kgd","dload.ub_kgd","tload_kglenS","degf","lenObs","lenStr","MSE_kglenS","Cl_kglenS","flowmu_m3s","flowav_m3s"
8,944.969558758185,944.969558758185,29294.1,3.82507109171395,31,31,909804.604938479,1378.85223004282,0.523157447225806,0.523157447225806
