"strata","dload.bi_kgd","dload.ub_kgd","tload_kglenS","degf","lenObs","lenStr","MSE_kglenS","Cl_kglenS","flowmu_m3s","flowav_m3s"
1,3161.81445128398,3161.81445128398,98016.2,30,31,31,319728649.150691,6667.20531279076,4.65998920739785,4.65998920739785
2,3161.81445128398,3161.81445128398,98016.3,16.322133437919,31,31,59222308.6161283,4031.57311715879,4.65998920739785,4.65998920739785
3,3161.81445128398,3161.81445128398,98016.3,8.21722786926945,31,31,40206034.3195788,5077.47922969094,4.65998920739785,4.65998920739785
4,3161.81445128398,3161.81445128398,98016.3,4.57937990672808,31,31,26220346.8840712,6324.90236875639,4.65998920739785,4.65998920739785
5,3161.81445128398,3161.81445128398,98016.3,4.56396842896298,31,31,26176154.8685635,6337.38420876926,4.65998920739785,4.65998920739785
6,3161.81445128398,3161.81445128398,98016.2,4.54769979412919,31,31,26129424.2582949,6350.66497845255,4.65998920739785,4.65998920739785
7,3161.81445128398,3161.81445128398,98016.2,4.54263334811186,31,31,26114862.5341197,6354.82412089996,4.65998920739785,4.65998920739785
8,3161.81445128398,3161.81445128398,98016.2,4.54262631986965,31,31,26114842.3371168,6354.82989895344,4.65998920739785,4.65998920739785
9,3161.81445128398,3161.81445128398,98016.2,4.55120555205341,31,31,26139522.5888916,6347.79650037105,4.65998920739785,4.65998920739785
