"strata","dload.bi_kgd","dload.ub_kgd","tload_kglenS","degf","lenObs","lenStr","MSE_kglenS","Cl_kglenS","flowmu_m3s","flowav_m3s"
1,13034.4911892643,12712.2302355947,394079.1,10,11,31,4904322036.26588,49343.7033849148,12.9042597675492,27.7987098206061
2,15384.6605173755,15375.2425134152,476632.5,8.93911190373178,11,31,1739195414.59149,31586.4553233638,12.9042597675492,18.2540521298925
3,15384.6605173755,15375.2425134152,476632.5,7.01402920143276,11,31,1050926453.54961,28932.665764094,12.9042597675492,18.2540521298925
