"strata","dload.bi_kgd","dload.ub_kgd","tload_kglenS","degf","lenObs","lenStr","MSE_kglenS","Cl_kglenS","flowmu_m3s","flowav_m3s"
8,3161.81445128398,3161.81445128398,98016.2,4.54262631986965,31,31,26114842.3371168,6354.82989895344,4.65998920739785,4.65998920739785
