"strata","dload.bi_kgd","dload.ub_kgd","tload_kglenS","degf","lenObs","lenStr","MSE_kglenS","Cl_kglenS","flowmu_m3s","flowav_m3s"
1,16602.5114898286,16602.5114898286,464870.3,27,28,28,3063719178.99531,21856.6742821454,6.9128467219619,6.9128467219619
2,16602.5114898286,16602.5114898286,464870.3,3.58026209604074,28,28,284220417.381766,25924.5383211453,6.9128467219619,6.9128467219619
3,16602.5114898286,16602.5114898286,464870.3,2.18224798917957,28,28,220843459.788897,39997.9021475078,6.9128467219619,6.9128467219619
4,16602.5114898286,16602.5114898286,464870.3,2.08225683365661,28,28,215716303.581775,42176.8147816081,6.9128467219619,6.9128467219619
5,16602.5114898286,16602.5114898286,464870.3,2.07581788370949,28,28,215382411.665876,42328.6840174261,6.9128467219619,6.9128467219619
6,16602.5114898286,16602.5114898286,464870.2,2.07451688611239,28,28,215314892.648127,42359.553057297,6.9128467219619,6.9128467219619
7,16602.5114898286,16602.5114898286,464870.3,2.07483523544408,28,28,215331418.650619,42351.9940354725,6.9128467219619,6.9128467219619
8,16602.5114898286,16602.5114898286,464870.3,2.0760387348158,28,28,215393962.245205,42323.4589116008,6.9128467219619,6.9128467219619
