"strata","dload.bi_kgd","dload.ub_kgd","tload_kglenS","degf","lenObs","lenStr","MSE_kglenS","Cl_kglenS","flowmu_m3s","flowav_m3s"
1,1695.14460055589,1695.49482961686,52560.3,26,27,31,6605658.53797496,1036.08428645285,0.652487408354925,0.637982550333432
2,1757.8318512298,1759.80397323638,54553.9,24.1280881011052,27,31,4305697.87621796,871.618981039793,0.652487408354925,0.628737834161376
3,1753.55498802864,1754.2944682464,54383.1,16.7932542590503,27,31,3264359.34148026,931.07250207859,0.652487408354925,0.603922573946323
4,1757.8318512298,1759.80397323638,54553.8,12.4256844835234,27,31,2630251.59263261,998.644413352746,0.652487408354925,0.628737834161376
5,1757.8318512298,1759.80397323638,54553.8,8.69828001919286,27,31,2278961.74637633,1164.06101018382,0.652487408354925,0.628737834161376
6,1757.8318512298,1759.80397323638,54553.9,8.02924839829427,27,31,2192041.74137466,1204.12546241227,0.652487408354925,0.628737834161376
7,1757.8318512298,1759.80397323638,54553.9,8.00539796289523,27,31,2188773.79460803,1205.64122127932,0.652487408354925,0.628737834161376
8,1757.8318512298,1759.80397323638,54553.9,3.2629677613488,27,31,2234313.29479391,2517.37227175978,0.652487408354925,0.628737834161376
