"strata","dload.bi_kgd","dload.ub_kgd","tload_kglenS","degf","lenObs","lenStr","MSE_kglenS","Cl_kglenS","flowmu_m3s","flowav_m3s"
1,1140.35913140364,1140.59306729292,35358.4,26,27,31,1007513.38974719,404.634063409474,0.373418437187097,0.334043850666667
2,1157.47385522057,1158.06265684181,35899.9,8.75717595982924,27,31,409392.446824535,491.189852504632,0.373418437187097,0.352242390934897
3,1159.74234887963,1160.31883139871,35969.9,7.89740707497331,27,31,388676.873664191,512.737462121539,0.373418437187097,0.351952475896774
4,1153.87800999363,1154.28495961749,35782.9,5.89489761064521,27,31,333860.636994816,584.847478987724,0.373418437187097,0.352464069128258
5,1153.87800999363,1154.28495961749,35782.8,5.87979798109632,27,31,333459.685819444,585.618352826432,0.373418437187097,0.352464069128258
6,1153.87800999363,1154.28495961749,35782.8,5.85610029523549,27,31,332832.020119975,586.838900440083,0.373418437187097,0.352464069128258
7,1153.87800999363,1154.28495961749,35782.9,5.95343112360006,27,31,335627.115399663,582.086062318329,0.373418437187097,0.352464069128258
8,1154.23991498719,1154.5006039612,35789.5,6.48407751160055,27,31,358768.706361536,565.31706091664,0.373418437187097,0.353011661233548
9,1159.10700353082,1160.32434112673,35970,2.35498722502371,27,31,1235767.43799477,2707.17631180797,0.373418437187097,0.360422928997849
