"strata","dload.bi_kgd","dload.ub_kgd","tload_kglenS","degf","lenObs","lenStr","MSE_kglenS","Cl_kglenS","flowmu_m3s","flowav_m3s"
8,8730.39802741644,8730.39802741644,270642.4,3.49403216502722,31,31,277799266.98421,26236.6222558184,5.04660943913979,5.04660943913979
