"strata","dload.bi_kgd","dload.ub_kgd","tload_kglenS","degf","lenObs","lenStr","MSE_kglenS","Cl_kglenS","flowmu_m3s","flowav_m3s"
4,778.416001091584,778.416001091584,23352.4,17.5244680554302,30,30,226566.711153661,239.348663695013,0.3826166016,0.3826166016
