"strata","dload.bi_kgd","dload.ub_kgd","tload_kglenS","degf","lenObs","lenStr","MSE_kglenS","Cl_kglenS","flowmu_m3s","flowav_m3s"
1,3506.31611467033,3506.31611467033,108695.8,30,31,31,83132836.1619163,3399.69026276749,1.93482452524731,1.93482452524731
2,3506.31611467033,3506.31611467033,108695.8,5.20045163475516,31,31,12015156.8886261,3862.4223880974,1.93482452524731,1.93482452524731
3,3506.31611467033,3506.31611467033,108695.7,3.89089374134564,31,31,7990409.0022034,4023.16049721888,1.93482452524731,1.93482452524731
4,3506.31611467033,3506.31611467033,108695.7,3.63899678263046,31,31,7726161.76618145,4208.87705872242,1.93482452524731,1.93482452524731
5,3506.31611467033,3506.31611467033,108695.8,3.61011995135682,31,31,7695413.23034357,4232.2590604151,1.93482452524731,1.93482452524731
6,3506.31611467033,3506.31611467033,108695.8,3.59666142802283,31,31,7681083.19117107,4243.32881873156,1.93482452524731,1.93482452524731
7,3506.31611467033,3506.31611467033,108695.8,3.59345166513627,31,31,7677654.21340338,4245.98215542792,1.93482452524731,1.93482452524731
8,3506.31611467033,3506.31611467033,108695.8,3.59115176824449,31,31,7675196.81970255,4247.88715061482,1.93482452524731,1.93482452524731
9,3506.31611467033,3506.31611467033,108695.7,3.59197039999511,31,31,7676071.72238667,4247.2087646735,1.93482452524731,1.93482452524731
