"strata","dload.bi_kgd","dload.ub_kgd","tload_kglenS","degf","lenObs","lenStr","MSE_kglenS","Cl_kglenS","flowmu_m3s","flowav_m3s"
1,27320.7883431417,27320.7883431417,846944.4,30,31,31,2448197807.46749,18449.1475883766,12.8100925231828,12.8100925231828
2,27320.7883431417,27320.7883431417,846944.4,22.0377374174273,31,31,1066422299.92125,14425.1441660157,12.8100925231828,12.8100925231828
3,27320.7883431417,27320.7883431417,846944.4,15.7492270119345,31,31,888569510.828175,15943.9115064883,12.8100925231828,12.8100925231828
4,27320.7883431417,27320.7883431417,846944.4,11.4625535644959,31,31,606244701.293179,15928.1933046397,12.8100925231828,12.8100925231828
5,27320.7883431417,27320.7883431417,846944.4,6.32597449641539,31,31,407410123.247947,19394.0983573524,12.8100925231828,12.8100925231828
6,27320.7883431417,27320.7883431417,846944.4,4.95765021913461,31,31,357029513.136785,21870.682578932,12.8100925231828,12.8100925231828
7,27320.7883431417,27320.7883431417,846944.4,4.36605481309481,31,31,334136601.764655,23506.4082967109,12.8100925231828,12.8100925231828
8,27320.7883431417,27320.7883431417,846944.4,4.17682416135902,31,31,327584366.246165,24183.1148759476,12.8100925231828,12.8100925231828
9,27320.7883431417,27320.7883431417,846944.4,6.23343568107194,31,31,482193829.725824,21327.2850842009,12.8100925231828,12.8100925231828
