"strata","dload.bi_kgd","dload.ub_kgd","tload_kglenS","degf","lenObs","lenStr","MSE_kglenS","Cl_kglenS","flowmu_m3s","flowav_m3s"
1,1454.21084851313,1454.21084851313,45080.5,30,31,31,338121249.289161,6856.29168339706,0.90556678811871,0.90556678811871
2,1454.21084851313,1454.21084851313,45080.6,3.48657135055668,31,31,5391962.92945174,3662.80398441295,0.90556678811871,0.90556678811871
3,1454.21084851313,1454.21084851313,45080.6,3.38243243554223,31,31,5311825.49560909,3744.77750408973,0.90556678811871,0.90556678811871
4,1454.21084851313,1454.21084851313,45080.5,3.08243682162152,31,31,5068233.43399086,4019.72035701621,0.90556678811871,0.90556678811871
5,1454.21084851313,1454.21084851313,45080.5,3.07526581518941,31,31,5062332.16411362,4027.19124409975,0.90556678811871,0.90556678811871
6,1454.21084851313,1454.21084851313,45080.5,3.07337448832581,31,31,5060774.73225973,4029.16948719619,0.90556678811871,0.90556678811871
7,1454.21084851313,1454.21084851313,45080.4,3.06902844974551,31,31,5057194.85783586,4033.72789158064,0.90556678811871,0.90556678811871
8,1454.21084851313,1454.21084851313,45080.4,3.06910426640331,31,31,5057257.32774367,4033.64822118111,0.90556678811871,0.90556678811871
9,1454.21084851313,1454.21084851313,45080.6,3.07092598726553,31,31,5058759.44598815,4031.7360118284,0.90556678811871,0.90556678811871
