"strata","dload.bi_kgd","dload.ub_kgd","tload_kglenS","degf","lenObs","lenStr","MSE_kglenS","Cl_kglenS","flowmu_m3s","flowav_m3s"
1,16758.3426090537,16758.3426090537,519508.6,30,31,31,1726924761.22059,15494.9350835907,9.18036593393548,9.18036593393548
2,16758.3426090537,16758.3426090537,519508.6,23.4781133186455,31,31,1098441868.25904,14133.7181835706,9.18036593393548,9.18036593393548
3,16758.3426090537,16758.3426090537,519508.6,18.9255241173814,31,31,500805768.83486,10769.6256944543,9.18036593393548,9.18036593393548
4,16758.3426090537,16758.3426090537,519508.6,11.2449892575147,31,31,261173496.629112,10579.1068870793,9.18036593393548,9.18036593393548
5,16758.3426090537,16758.3426090537,519508.6,11.249655803634,31,31,261228333.966751,10577.5002674046,9.18036593393548,9.18036593393548
6,16758.3426090537,16758.3426090537,519508.6,8.26478878301082,31,31,263084953.059932,12938.2474920301,9.18036593393548,9.18036593393548
7,16758.3426090537,16758.3426090537,519508.6,8.17990167612423,31,31,261725874.867676,12994.1907788743,9.18036593393548,9.18036593393548
8,16758.3426090537,16758.3426090537,519508.6,8.17987922943067,31,31,261725523.726903,12994.2059434638,9.18036593393548,9.18036593393548
9,16758.3426090537,16758.3426090537,519508.6,8.18327778310016,31,31,261780361.064543,12991.9524754834,9.18036593393548,9.18036593393548
