"strata","dload.bi_kgd","dload.ub_kgd","tload_kglenS","degf","lenObs","lenStr","MSE_kglenS","Cl_kglenS","flowmu_m3s","flowav_m3s"
7,158.862848249243,158.86348771054,4924.8,17.8452008510125,30,31,37738.9067149663,96.6749568060752,0.0575470451612903,0.0577500329749104
