"strata","dload.bi_kgd","dload.ub_kgd","tload_kglenS","degf","lenObs","lenStr","MSE_kglenS","Cl_kglenS","flowmu_m3s","flowav_m3s"
1,114.46392277471,114.461776952644,3548.3,29,30,31,51073.5005887999,85.8303517330888,0.0506962064516129,0.05097024
2,114.053586420617,114.048615974659,3535.5,8.7279107220719,30,31,31954.2509131189,137.53069084813,0.0506962064516129,0.0508622873900293
3,114.20556394529,114.204401409135,3540.3,7.44660400420948,30,31,29451.1819315227,146.919002649883,0.0506962064516129,0.0506454594982079
4,114.298903987772,114.298436482638,3543.3,7.3679345383211,30,31,29294.5402845235,147.605513880031,0.0506962064516129,0.0504055648093842
5,114.298903987772,114.298436482638,3543.2,7.31001591145286,30,31,29177.9884034645,148.118317631513,0.0506962064516129,0.0504055648093842
6,114.229240443871,114.233780776368,3541.2,7.29115320669485,30,31,29140.2049798395,148.287727023669,0.0506962064516129,0.0506048619354839
7,114.229240443871,114.233780776368,3541.2,7.28196684870182,30,31,29121.8288433779,148.370648237553,0.0506962064516129,0.0506048619354839
8,114.166103114323,114.166103114323,3539.1,7.42133392847494,30,31,29406.3254054284,147.151424065669,0.0506962064516129,0.0502394838709677
9,114.166103114323,114.166103114323,3539.1,4.77401168994102,30,31,31885.9406790106,213.108899226627,0.0506962064516129,0.0502394838709677
