"strata","dload.bi_kgd","dload.ub_kgd","tload_kglenS","degf","lenObs","lenStr","MSE_kglenS","Cl_kglenS","flowmu_m3s","flowav_m3s"
1,9708.47377163644,9708.47377163644,300962.7,30,31,31,2490774620.54321,18608.881431009,5.82793236989247,5.82793236989247
2,9708.47377163644,9708.47377163644,300962.7,8.54484887193055,31,31,137630096.154539,9153.02975032162,5.82793236989247,5.82793236989247
3,9708.47377163644,9708.47377163644,300962.7,4.67891161972621,31,31,62379333.7341395,9583.0567486751,5.82793236989247,5.82793236989247
4,9708.47377163644,9708.47377163644,300962.7,2.70816524114681,31,31,46949244.0416776,14096.2614571927,5.82793236989247,5.82793236989247
5,9708.47377163644,9708.47377163644,300962.7,2.59418999000044,31,31,45980376.7232701,14665.5829253242,5.82793236989247,5.82793236989247
6,9708.47377163644,9708.47377163644,300962.7,2.55274387675899,31,31,45610590.368698,14888.920769458,5.82793236989247,5.82793236989247
7,9708.47377163644,9708.47377163644,300962.7,2.54603327297829,31,31,45550671.3718049,14926.1132745509,5.82793236989247,5.82793236989247
8,9708.47377163644,9708.47377163644,300962.7,2.54736818070193,31,31,45564502.5326642,14919.0040394802,5.82793236989247,5.82793236989247
9,9708.47377163644,9708.47377163644,300962.7,2.55896296268912,31,31,45668593.9664343,14855.1184513047,5.82793236989247,5.82793236989247
