"strata","dload.bi_kgd","dload.ub_kgd","tload_kglenS","degf","lenObs","lenStr","MSE_kglenS","Cl_kglenS","flowmu_m3s","flowav_m3s"
1,1270.76855501491,1270.76855501491,38123.1,29,30,30,2661135.81782265,619.550340118458,0.602899281422222,0.602899281422222
2,1270.76855501491,1270.76855501491,38123.1,22.0662312605277,30,30,2402355.76685842,684.165513223047,0.602899281422222,0.602899281422222
3,1270.76855501491,1270.76855501491,38123.1,21.9332373436198,30,30,2396824.32673956,685.68643265558,0.602899281422222,0.602899281422222
4,1270.76855501491,1270.76855501491,38123.1,20.6841280031712,30,30,2400046.61793001,709.051746657379,0.602899281422222,0.602899281422222
5,1270.76855501491,1270.76855501491,38123.1,18.471584775848,30,30,2442204.11751042,762.526105207345,0.602899281422222,0.602899281422222
6,1270.76855501491,1270.76855501491,38123,15.5266326714195,30,30,2600360.8006027,869.70481014101,0.602899281422222,0.602899281422222
7,1270.76855501491,1270.76855501491,38123,10.9261865029124,30,30,2833139.57644631,1121.69523471276,0.602899281422222,0.602899281422222
8,1270.76855501491,1270.76855501491,38123.1,8.80851847619452,30,30,2894992.1911295,1301.17594326863,0.602899281422222,0.602899281422222
9,1270.76855501491,1270.76855501491,38123,3.26722577042361,30,30,2932355.94177586,2880.13487417868,0.602899281422222,0.602899281422222
