"strata","dload.bi_kgd","dload.ub_kgd","tload_kglenS","degf","lenObs","lenStr","MSE_kglenS","Cl_kglenS","flowmu_m3s","flowav_m3s"
1,2249.07627564744,2249.68054725712,69740.1,23,24,31,3981210.94821118,860.661333554203,0.538514013243871,0.484350840906667
2,2317.99955702012,2317.93090480328,71855.9,15.5203867634799,24,31,1433127.65295244,645.80223439955,0.538514013243871,0.533433088714839
3,2317.99955702012,2317.93090480328,71855.9,10.0674681699626,24,31,1095451.24979917,734.318180737594,0.538514013243871,0.533433088714839
4,2320.56917161574,2320.32371824586,71930.1,9.50110569740646,24,31,800474.513474186,651.371694757174,0.538514013243871,0.537131285630968
5,2320.56917161574,2320.32371824586,71930,9.23384056736652,24,31,796855.736530468,661.983962814777,0.538514013243871,0.537131285630968
6,2320.56917161574,2320.32371824586,71930.1,9.23652999177236,24,31,796972.773918734,661.907637266628,0.538514013243871,0.537131285630968
7,2320.56917161574,2320.32371824586,71930.2,7.88033567452795,24,31,802096.843981073,737.649764790789,0.538514013243871,0.537131285630968
