"strata","dload.bi_kgd","dload.ub_kgd","tload_kglenS","degf","lenObs","lenStr","MSE_kglenS","Cl_kglenS","flowmu_m3s","flowav_m3s"
1,9908.94717613714,9908.94717613714,277450.5,27,28,28,361631342.418957,7509.18206821714,7.12150664761905,7.12150664761905
2,9908.94717613714,9908.94717613714,277450.5,21.362956823597,28,28,301870809.027977,7809.32502598929,7.12150664761905,7.12150664761905
3,9908.94717613714,9908.94717613714,277450.5,20.6066745317588,28,28,151725609.916402,5649.5414193742,7.12150664761905,7.12150664761905
4,9908.94717613714,9908.94717613714,277450.5,7.12353850930875,28,28,85212260.0439469,8149.67838159581,7.12150664761905,7.12150664761905
5,9908.94717613714,9908.94717613714,277450.4,8.06859959763072,28,28,66218988.9934254,6596.44470321008,7.12150664761905,7.12150664761905
6,9908.94717613714,9908.94717613714,277450.4,6.78880386603665,28,28,60494984.8357643,7103.46794583017,7.12150664761905,7.12150664761905
7,9908.94717613714,9908.94717613714,277450.4,6.63163123063411,28,28,59784805.0942056,7180.5552058398,7.12150664761905,7.12150664761905
8,9908.94717613714,9908.94717613714,277450.3,6.61175346750541,28,28,59695007.5508804,7190.60206809946,7.12150664761905,7.12150664761905
