"strata","dload.bi_kgd","dload.ub_kgd","tload_kglenS","degf","lenObs","lenStr","MSE_kglenS","Cl_kglenS","flowmu_m3s","flowav_m3s"
1,9532.8734458501,9532.8734458501,266920.5,27,28,28,825808580.350643,11347.4766594953,3.86843575064762,3.86843575064762
2,9532.8734458501,9532.8734458501,266920.5,10.6260412395916,28,28,274194846.096301,11228.688324511,3.86843575064762,3.86843575064762
3,9532.8734458501,9532.8734458501,266920.4,4.90861231811835,28,28,179356635.555609,15625.9784277387,3.86843575064762,3.86843575064762
4,9532.8734458501,9532.8734458501,266920.4,4.76044918208765,28,28,176614297.936728,15897.4030740903,3.86843575064762,3.86843575064762
5,9532.8734458501,9532.8734458501,266920.3,4.77042534768139,28,28,176800488.791006,15878.5450020508,3.86843575064762,3.86843575064762
6,9532.8734458501,9532.8734458501,266920.3,4.78090442803796,28,28,176997153.060805,15858.8893170681,3.86843575064762,3.86843575064762
7,9532.8734458501,9532.8734458501,266920.3,4.81104948411315,28,28,177563526.586107,15802.9612606817,3.86843575064762,3.86843575064762
8,9532.8734458501,9532.8734458501,266920.3,4.83350186308982,28,28,177999330.841041,15762.4804918363,3.86843575064762,3.86843575064762
