"strata","dload.bi_kgd","dload.ub_kgd","tload_kglenS","degf","lenObs","lenStr","MSE_kglenS","Cl_kglenS","flowmu_m3s","flowav_m3s"
1,14843.4577098983,14843.4577098983,460147.2,30,31,31,652091375.930793,9521.54186055389,7.84116550537634,7.84116550537634
2,14843.4577098983,14843.4577098983,460147.2,15.9112621187641,31,31,347396064.71436,9909.9960234303,7.84116550537634,7.84116550537634
3,14843.4577098983,14843.4577098983,460147.2,15.9132327438238,31,31,151049506.774674,6534.15450507476,7.84116550537634,7.84116550537634
4,14843.4577098983,14843.4577098983,460147.2,8.00346931742057,31,31,66544997.8910632,6648.83996482948,7.84116550537634,7.84116550537634
5,14843.4577098983,14843.4577098983,460147.2,6.61370224793477,31,31,60451496.7840665,7234.49265039581,7.84116550537634,7.84116550537634
6,14843.4577098983,14843.4577098983,460147.3,6.56166110908948,31,31,60212351.7878304,7261.20538957509,7.84116550537634,7.84116550537634
7,14843.4577098983,14843.4577098983,460147.3,6.57241314797379,31,31,60262157.258592,7255.67080228282,7.84116550537634,7.84116550537634
8,14843.4577098983,14843.4577098983,460147.3,6.58592835568578,31,31,60324977.6032412,7248.7559864106,7.84116550537634,7.84116550537634
9,14843.4577098983,14843.4577098983,460147.3,6.62775270092133,31,31,60567537.7543406,7230.43537624368,7.84116550537634,7.84116550537634
