"strata","dload.bi_kgd","dload.ub_kgd","tload_kglenS","degf","lenObs","lenStr","MSE_kglenS","Cl_kglenS","flowmu_m3s","flowav_m3s"
8,1646.74231786862,1646.74231786862,49402.2,4.00804054685343,30,30,2481094.36724256,2182.73573964353,0.888636244444444,0.888636244444444
