"strata","dload.bi_kgd","dload.ub_kgd","tload_kglenS","degf","lenObs","lenStr","MSE_kglenS","Cl_kglenS","flowmu_m3s","flowav_m3s"
1,12097.1206793984,12097.1206793984,362913.6,29,30,30,3187536738.17001,21442.2659843996,10.4473260444444,10.4473260444444
2,12097.1206793984,12097.1206793984,362913.6,22.0219215218733,30,30,710269098.403538,11777.1704851518,10.4473260444444,10.4473260444444
3,12097.1206793984,12097.1206793984,362913.6,11.980602974747,30,30,190564497.643174,8691.19658463577,10.4473260444444,10.4473260444444
4,12097.1206793984,12097.1206793984,362913.6,8.0131228852345,30,30,146459261.816742,9855.84385967356,10.4473260444444,10.4473260444444
5,12097.1206793984,12097.1206793984,362913.6,4.61957559494029,30,30,108633610.179514,12780.7624763902,10.4473260444444,10.4473260444444
6,12097.1206793984,12097.1206793984,362913.6,4.48459824266618,30,30,107027600.312993,13004.6802660029,10.4473260444444,10.4473260444444
7,12097.1206793984,12097.1206793984,362913.7,4.4662475615407,30,30,106808047.102964,13036.3593175308,10.4473260444444,10.4473260444444
8,12097.1206793984,12097.1206793984,362913.7,4.46336260527714,30,30,106773543.830519,13041.3701955904,10.4473260444444,10.4473260444444
9,12097.1206793984,12097.1206793984,362913.7,4.55192402717082,30,30,107917686.684888,12896.2402870512,10.4473260444444,10.4473260444444
