"strata","dload.bi_kgd","dload.ub_kgd","tload_kglenS","degf","lenObs","lenStr","MSE_kglenS","Cl_kglenS","flowmu_m3s","flowav_m3s"
1,728.511768548352,728.511768548352,21855.4,29,30,30,5208312.81701349,866.745528415345,0.3849385792,0.3849385792
2,728.511768548352,728.511768548352,21855.3,13.0940412626166,30,30,1321429.56530931,685.797750654797,0.3849385792,0.3849385792
3,728.511768548352,728.511768548352,21855.3,12.7870414254958,30,30,1318224.33513098,694.821515843473,0.3849385792,0.3849385792
4,728.511768548352,728.511768548352,21855.3,12.6910611087543,30,30,1331564.1759597,701.513042575765,0.3849385792,0.3849385792
5,728.511768548352,728.511768548352,21855.3,12.6418353888507,30,30,1362593.40450196,711.308874965419,0.3849385792,0.3849385792
6,728.511768548352,728.511768548352,21855.3,12.1807908630318,30,30,1384819.21465432,733.43950221909,0.3849385792,0.3849385792
7,728.511768548352,728.511768548352,21855.3,11.1767108456222,30,30,1405925.03724171,779.119544314247,0.3849385792,0.3849385792
8,728.511768548352,728.511768548352,21855.3,9.02153681303472,30,30,1432218.86614246,901.009121160144,0.3849385792,0.3849385792
9,728.511768548352,728.511768548352,21855.3,4.8816240856338,30,30,1491614.19365954,1431.3724999484,0.3849385792,0.3849385792
