"strata","dload.bi_kgd","dload.ub_kgd","tload_kglenS","degf","lenObs","lenStr","MSE_kglenS","Cl_kglenS","flowmu_m3s","flowav_m3s"
7,10299.3777269265,10299.3777269265,319280.7,4.10036103924507,31,31,34466314.6975374,7972.51159499605,5.0717520172043,5.0717520172043
