"strata","dload.bi_kgd","dload.ub_kgd","tload_kglenS","degf","lenObs","lenStr","MSE_kglenS","Cl_kglenS","flowmu_m3s","flowav_m3s"
1,1361.05102635844,1361.05102635844,42192.6,30,31,31,1341059.85640868,431.79452765633,0.719757335845161,0.719757335845161
2,1361.05102635844,1361.05102635844,42192.5,28.3000929221646,31,31,1157294.85684002,414.034883954281,0.719757335845161,0.719757335845161
3,1361.05102635844,1361.05102635844,42192.6,26.5044836688569,31,31,1121007.81387055,422.343869677914,0.719757335845161,0.719757335845161
4,1361.05102635844,1361.05102635844,42192.6,24.0769927072854,31,31,1051752.13462526,431.291046101824,0.719757335845161,0.719757335845161
5,1361.05102635844,1361.05102635844,42192.6,12.1609354332038,31,31,1074133.46403735,646.589292324103,0.719757335845161,0.719757335845161
6,1361.05102635844,1361.05102635844,42192.5,11.6080340916159,31,31,1049131.1835986,657.482909233324,0.719757335845161,0.719757335845161
7,1361.05102635844,1361.05102635844,42192.5,11.5141691045974,31,31,1044831.86205914,659.421579901703,0.719757335845161,0.719757335845161
8,1361.05102635844,1361.05102635844,42192.6,9.09394643358157,31,31,1049234.52563357,767.183721588578,0.719757335845161,0.719757335845161
9,1361.05102635844,1361.05102635844,42192.6,6.57901588160328,31,31,1059512.35858053,961.380243940099,0.719757335845161,0.719757335845161
