"strata","dload.bi_kgd","dload.ub_kgd","tload_kglenS","degf","lenObs","lenStr","MSE_kglenS","Cl_kglenS","flowmu_m3s","flowav_m3s"
1,1199.88382372255,1199.77692757173,35993.3,28,29,30,4452182.78433034,816.815101785109,0.524538609802667,0.516635719657931
2,1206.73631444213,1206.75718676102,36202.7,23.1188421643908,29,30,667363.326033365,351.368825851863,0.524538609802667,0.513310891103704
3,1204.61822824,1204.69702847124,36140.9,18.7367553772746,29,30,518544.319728425,348.524343959893,0.524538609802667,0.517630417055407
4,1205.71852213163,1205.71661590002,36171.5,15.9680301042903,29,30,372269.572882092,323.73543017313,0.524538609802667,0.518815696425956
5,1205.59925259107,1205.61334042999,36168.4,9.76905347134274,29,30,268597.835608348,370.647206390654,0.524538609802667,0.519977147384099
6,1205.22973883575,1205.25324742346,36157.6,7.35511798448639,29,30,248227.310785776,430.186479087554,0.524538609802667,0.5110422377088
7,1205.22973883575,1205.25324742346,36157.6,7.29684621452681,29,30,247238.623938154,431.699984879597,0.524538609802667,0.5110422377088
8,1205.38109332389,1205.42233746176,36162.7,7.47119565338477,29,30,253605.92950101,430.150553459688,0.524538609802667,0.513291648789333
9,1204.46964340088,1204.23723533351,36127.1,8.05238387954924,29,30,316648.949298044,456.767622380005,0.524538609802667,0.522516213458963
