"strata","dload.bi_kgd","dload.ub_kgd","tload_kglenS","degf","lenObs","lenStr","MSE_kglenS","Cl_kglenS","flowmu_m3s","flowav_m3s"
1,903.94234574336,903.94234574336,27118.3,29,30,30,1003433.2897545,380.441015297417,0.3352992288,0.3352992288
2,903.94234574336,903.94234574336,27118.3,17.2582660919221,30,30,511390.9311278,362.766848740576,0.3352992288,0.3352992288
3,903.94234574336,903.94234574336,27118.3,14.3343891697286,30,30,460461.930876188,383.567493068466,0.3352992288,0.3352992288
4,903.94234574336,903.94234574336,27118.3,11.158034242903,30,30,400507.377065062,416.273338873419,0.3352992288,0.3352992288
5,903.94234574336,903.94234574336,27118.4,10.9084538752598,30,30,395903.307964137,419.734764717909,0.3352992288,0.3352992288
6,903.94234574336,903.94234574336,27118.4,10.846109422902,30,30,395105.897138242,420.813065402146,0.3352992288,0.3352992288
7,903.94234574336,903.94234574336,27118.5,10.8003029822194,30,30,394300.066746246,421.49574454299,0.3352992288,0.3352992288
8,903.94234574336,903.94234574336,27118.3,11.2846016095149,30,30,405089.860997834,415.733505201554,0.3352992288,0.3352992288
9,903.94234574336,903.94234574336,27118.3,6.02143660392883,30,30,424476.353087273,649.113062264433,0.3352992288,0.3352992288
