"strata","dload.bi_kgd","dload.ub_kgd","tload_kglenS","degf","lenObs","lenStr","MSE_kglenS","Cl_kglenS","flowmu_m3s","flowav_m3s"
9,1099.76040459973,1099.76040459973,32992.8,2.16324299850587,30,30,2163678.52749324,4006.4094936841,0.974444187269333,0.974444187269333
