"strata","dload.bi_kgd","dload.ub_kgd","tload_kglenS","degf","lenObs","lenStr","MSE_kglenS","Cl_kglenS","flowmu_m3s","flowav_m3s"
3,593.965132957706,594.028795289639,17820.8,11.5770082531342,15,30,152963.42289089,251.465499943793,0.217354003770133,0.142731695635556
