"strata","dload.bi_kgd","dload.ub_kgd","tload_kglenS","degf","lenObs","lenStr","MSE_kglenS","Cl_kglenS","flowmu_m3s","flowav_m3s"
1,298.724138995302,298.724138995302,8961.7,29,30,30,707872.432029269,319.536577388592,0.116122791964444,0.116122791964444
2,298.724138995302,298.724138995302,8961.7,24.034596672318,30,30,77272.3400487001,117.016978576403,0.116122791964444,0.116122791964444
3,298.724138995302,298.724138995302,8961.7,11.4829172742469,30,30,54004.8957360321,150.170239519367,0.116122791964444,0.116122791964444
4,298.724138995302,298.724138995302,8961.7,6.15626660072357,30,30,21308.0458952649,143.075408445832,0.116122791964444,0.116122791964444
5,298.724138995302,298.724138995302,8961.7,5.7101835988575,30,30,20511.1401720558,148.475362114288,0.116122791964444,0.116122791964444
6,298.724138995302,298.724138995302,8961.7,5.66809890580964,30,30,20435.2519601312,149.03379965705,0.116122791964444,0.116122791964444
7,298.724138995302,298.724138995302,8961.7,5.66602447651945,30,30,20431.5117330402,149.061580186555,0.116122791964444,0.116122791964444
8,298.724138995302,298.724138995302,8961.8,5.71678368041481,30,30,20536.6020984475,148.437675119793,0.116122791964444,0.116122791964444
9,298.724138995302,298.724138995302,8961.8,4.30644376820608,30,30,24561.1681347125,203.92333355171,0.116122791964444,0.116122791964444
