"strata","dload.bi_kgd","dload.ub_kgd","tload_kglenS","degf","lenObs","lenStr","MSE_kglenS","Cl_kglenS","flowmu_m3s","flowav_m3s"
1,12018.9521972822,12018.9521972822,372587.5,30,31,31,137044855.316868,4365.00173978537,4.46136162276129,4.46136162276129
2,12018.9521972822,12018.9521972822,372587.5,21.5904173730516,31,31,110327984.342452,4693.23617724293,4.46136162276129,4.46136162276129
3,12018.9521972822,12018.9521972822,372587.5,23.2133276837606,31,31,69482610.1723261,3577.15025857207,4.46136162276129,4.46136162276129
4,12018.9521972822,12018.9521972822,372587.5,21.525275695334,31,31,32376648.6513162,2546.70946162935,4.46136162276129,4.46136162276129
5,12018.9521972822,12018.9521972822,372587.5,18.5366881330651,31,31,27727394.4475717,2564.17649497714,4.46136162276129,4.46136162276129
6,12018.9521972822,12018.9521972822,372587.4,15.4763641993449,31,31,24934295.2004884,2698.21275628562,4.46136162276129,4.46136162276129
7,12018.9521972822,12018.9521972822,372587.4,10.9952386951534,31,31,25781904.3142872,3370.50693475258,4.46136162276129,4.46136162276129
8,12382.0628716812,12382.0628716812,383843.9,10.3910564928376,35,35,28156920.7198214,3649.1699193682,4.59655150663226,4.59655150663226
9,12018.9521972822,12018.9521972822,372587.4,4.79427443573117,31,31,39076068.6518825,7434.54410655459,4.46136162276129,4.46136162276129
