"strata","dload.bi_kgd","dload.ub_kgd","tload_kglenS","degf","lenObs","lenStr","MSE_kglenS","Cl_kglenS","flowmu_m3s","flowav_m3s"
1,15492.5959725673,15251.8122013373,472806.2,12,13,31,3413633799.46909,36748.3433836007,8.55624082580645,11.9174520123077
2,16220.0337474752,16015.9752499167,496495.2,9.21151006580641,13,31,1517752049.54067,28936.0849248964,8.55624082580645,11.6043565820789
3,16598.624370121,16560.7947906015,513384.6,4.09604705239327,13,31,484233829.742403,29910.858353651,8.55624082580645,8.6135442855914
4,16534.8091675495,16483.8470399861,510999.2,3.79348855690912,13,31,465548481.271392,31429.3156069233,8.55624082580645,7.31736560172043
