"strata","dload.bi_kgd","dload.ub_kgd","tload_kglenS","degf","lenObs","lenStr","MSE_kglenS","Cl_kglenS","flowmu_m3s","flowav_m3s"
6,2621.92415186361,2621.75320729452,81274.3,9.00057087657794,28,31,495031.497532728,530.517804292787,0.931718348573936,0.984330556490839
