"strata","dload.bi_kgd","dload.ub_kgd","tload_kglenS","degf","lenObs","lenStr","MSE_kglenS","Cl_kglenS","flowmu_m3s","flowav_m3s"
1,11154.0627715923,11146.6707223366,345546.8,22,23,31,70291133.1323102,3706.98734593811,4.71045400774194,5.46374707942029
2,11224.1158084898,11218.4064644077,347770.6,17.56361045359,23,31,58086419.2888864,3827.49302684604,4.71045400774194,4.89814370449083
3,11261.0049120092,11251.6269169571,348800.4,5.97953613533933,23,31,59685310.929514,7737.10861579674,4.71045400774194,4.74093009060932
4,11309.8710691779,11300.7221939634,350322.4,5.33506680111306,23,31,56808232.7096291,8232.1638925641,4.71045400774194,4.76219898456392
5,11319.1423040087,11310.3675016877,350621.4,5.29720988055409,23,31,56605626.0523993,8263.21688652558,4.71045400774194,4.74255653046595
6,11319.1423040087,11310.3675016877,350621.4,5.30325378016577,23,31,56638220.1498438,8258.24169642676,4.71045400774194,4.74255653046595
7,11319.1423040087,11310.3675016877,350621.4,5.28140195016807,23,31,59013289.9841962,8456.84383441861,4.71045400774194,4.74255653046595
