"strata","dload.bi_kgd","dload.ub_kgd","tload_kglenS","degf","lenObs","lenStr","MSE_kglenS","Cl_kglenS","flowmu_m3s","flowav_m3s"
6,242.870014810839,242.870014810839,7529,15.5689521571534,30,31,45041.9298219589,114.280844104126,0.110526864516129,0.110983587096774
