"strata","dload.bi_kgd","dload.ub_kgd","tload_kglenS","degf","lenObs","lenStr","MSE_kglenS","Cl_kglenS","flowmu_m3s","flowav_m3s"
1,2833.7700063744,2833.7700063744,85013.1,29,30,30,5078844.26403649,855.904929182197,1.05354227555556,1.05354227555556
2,2833.7700063744,2833.7700063744,85013.1,10.7279793915266,30,30,3340562.59229799,1232.00705645862,1.05354227555556,1.05354227555556
3,2833.7700063744,2833.7700063744,85013.1,20.5153711489245,30,30,1690059.11146768,597.749249071954,1.05354227555556,1.05354227555556
4,2833.7700063744,2833.7700063744,85013.1,14.9223344980344,30,30,1504821.16018498,677.167371586975,1.05354227555556,1.05354227555556
5,2833.7700063744,2833.7700063744,85013,9.34311259085792,30,30,1092273.00131822,769.160128449378,1.05354227555556,1.05354227555556
6,2833.7700063744,2833.7700063744,85013,9.43810020887576,30,30,1103985.15553343,768.241337588102,1.05354227555556,1.05354227555556
7,2833.7700063744,2833.7700063744,85013,9.18790032004914,30,30,1128650.04355448,790.391139834245,1.05354227555556,1.05354227555556
8,2833.7700063744,2833.7700063744,85013,9.17587193950403,30,30,1111189.65449055,784.920691066016,1.05354227555556,1.05354227555556
9,2833.7700063744,2833.7700063744,85013,9.06081387962532,30,30,1128582.22266585,797.556796605281,1.05354227555556,1.05354227555556
