"strata","dload.bi_kgd","dload.ub_kgd","tload_kglenS","degf","lenObs","lenStr","MSE_kglenS","Cl_kglenS","flowmu_m3s","flowav_m3s"
8,11250.4493082477,11249.1502952141,348723.8,5.94286057626954,30,31,27544192.081542,5280.17833880807,6.31659660541936,6.48548601863799
