"strata","dload.bi_kgd","dload.ub_kgd","tload_kglenS","degf","lenObs","lenStr","MSE_kglenS","Cl_kglenS","flowmu_m3s","flowav_m3s"
8,9908.94717613714,9908.94717613714,277450.3,6.61175346750541,28,28,59695007.5508804,7190.60206809946,7.12150664761905,7.12150664761905
