"strata","dload.bi_kgd","dload.ub_kgd","tload_kglenS","degf","lenObs","lenStr","MSE_kglenS","Cl_kglenS","flowmu_m3s","flowav_m3s"
6,7817.85891531925,7817.85891531925,234535.8,9.10554495866061,30,30,11001329.7578482,2482.13593533352,2.35809929665778,2.35809929665778
