"strata","dload.bi_kgd","dload.ub_kgd","tload_kglenS","degf","lenObs","lenStr","MSE_kglenS","Cl_kglenS","flowmu_m3s","flowav_m3s"
1,2636.65551359669,2637.0375704463,81748.2,27,28,31,4756878.12196683,861.232905575352,0.931718348573935,1.00282151611486
2,2622.65113486698,2622.64539222774,81302,21.7170312383533,28,31,2310633.62244481,676.979768855211,0.931718348573935,0.985700724232774
3,2622.65113486698,2622.64539222774,81302,18.7034814049996,28,31,807386.720057252,435.331427606975,0.931718348573935,0.985700724232774
4,2622.65113486698,2622.64539222774,81302,9.21660474525477,28,31,500759.999591946,525.410140897162,0.931718348573936,0.985700724232774
5,2621.92415186361,2621.75320729452,81274.3,9.03013370353913,28,31,495749.093259707,529.768065535778,0.931718348573936,0.984330556490839
6,2621.92415186361,2621.75320729452,81274.3,9.00057087657794,28,31,495031.497532728,530.517804292787,0.931718348573936,0.984330556490839
7,2621.92415186361,2621.75320729452,81274.3,9.01683934862199,28,31,495485.842968014,530.136384811846,0.931718348573936,0.984330556490839
8,2621.92415186361,2621.75320729452,81274.3,6.04004742200281,28,31,555541.400411888,740.898572937093,0.931718348573935,0.984330556490839
