"strata","dload.bi_kgd","dload.ub_kgd","tload_kglenS","degf","lenObs","lenStr","MSE_kglenS","Cl_kglenS","flowmu_m3s","flowav_m3s"
3,4287.5821555712,4287.5821555712,128627.5,18.772088282858,30,30,57173784.2824091,3655.72399596633,2.81704965333333,2.81704965333333
