"strata","dload.bi_kgd","dload.ub_kgd","tload_kglenS","degf","lenObs","lenStr","MSE_kglenS","Cl_kglenS","flowmu_m3s","flowav_m3s"
1,1297.60357501638,1297.60357501638,40225.7,30,31,31,751153.959175225,323.159950636455,0.603007778408602,0.603007778408602
2,1297.60357501638,1297.60357501638,40225.7,24.274979028771,31,31,569170.305676388,315.841916933088,0.603007778408602,0.603007778408602
3,1297.60357501638,1297.60357501638,40225.8,17.7226108068017,31,31,358044.602627273,298.952458865307,0.603007778408602,0.603007778408602
4,1297.60357501638,1297.60357501638,40225.7,18.2263753521216,31,31,201684.723464591,220.8054525918,0.603007778408602,0.603007778408602
5,1297.60357501638,1297.60357501638,40225.7,16.6860157790969,31,31,191661.793836225,226.442979220144,0.603007778408602,0.603007778408602
6,1297.60357501638,1297.60357501638,40225.7,16.3391707845102,31,31,192765.765079936,229.871037658093,0.603007778408602,0.603007778408602
7,1297.60357501638,1297.60357501638,40225.8,3.00370410409165,31,31,201713.288804228,824.132115570199,0.603007778408602,0.603007778408602
8,1297.60357501638,1297.60357501638,40225.8,2.94704392293691,31,31,199786.674100647,837.098982657845,0.603007778408602,0.603007778408602
9,1297.60357501638,1297.60357501638,40225.8,2.96379284135812,31,31,200890.645344359,834.302483761984,0.603007778408602,0.603007778408602
