"strata","dload.bi_kgd","dload.ub_kgd","tload_kglenS","degf","lenObs","lenStr","MSE_kglenS","Cl_kglenS","flowmu_m3s","flowav_m3s"
9,9576.55395567484,9576.55395567484,296873.1,10.2422645819143,31,31,18070127.9526684,2950.08300849345,5.49361144086021,5.49361144086021
