"strata","dload.bi_kgd","dload.ub_kgd","tload_kglenS","degf","lenObs","lenStr","MSE_kglenS","Cl_kglenS","flowmu_m3s","flowav_m3s"
9,2662.33150548232,2662.33150548232,82532.3,6.63014060962437,31,31,403173.377988291,589.764221084939,1.03493336774194,1.03493336774194
