"strata","dload.bi_kgd","dload.ub_kgd","tload_kglenS","degf","lenObs","lenStr","MSE_kglenS","Cl_kglenS","flowmu_m3s","flowav_m3s"
1,209.866052910033,209.850464280893,6505.4,26,27,31,29790.6549490622,69.5788189526756,0.0637967151621505,0.0633189517669136
2,211.035451975715,211.015209794058,6541.4,21.1984765843821,27,31,21469.4291280931,66.144402067478,0.0637967151621505,0.0633290689373067
3,212.03518949159,212.027474264828,6572.8,18.2087525848519,27,31,14891.8855579902,60.0327068469621,0.0637967151621505,0.0635828472017204
4,212.03518949159,212.027474264828,6572.8,14.8565452450364,27,31,9393.64633415298,53.6412168726981,0.0637967151621505,0.0635828472017204
5,211.33048401081,211.329323237211,6551.2,11.8349298152614,27,31,6901.48512855319,52.6963595438969,0.0637967151621505,0.063737749232172
6,211.214771117592,211.24745577463,6548.7,11.2367578815956,27,31,6866.20208315457,54.2674784859545,0.0637967151621505,0.0650238952433548
7,211.214771117592,211.24745577463,6548.7,11.4477491528315,27,31,7557.02121157936,56.2812836821794,0.0637967151621505,0.0650238952433548
8,210.817808237061,210.892192181718,6537.7,8.28051986935849,27,31,8407.47177912103,73.0480849494201,0.0637967151621505,0.0639610211105376
