"strata","dload.bi_kgd","dload.ub_kgd","tload_kglenS","degf","lenObs","lenStr","MSE_kglenS","Cl_kglenS","flowmu_m3s","flowav_m3s"
1,3747.42040400196,3747.42040400196,116170,30,31,31,1022011618.03502,11920.1293791163,6.49531440439054,6.49531440439054
2,3747.42040400196,3747.42040400196,116170.1,8.19454557488289,31,31,88276470.5422729,7537.51651239692,6.49531440439054,6.49531440439054
3,3747.42040400196,3747.42040400196,116170.1,7.69342221619806,31,31,85447076.9181201,7738.72298899017,6.49531440439054,6.49531440439054
4,3747.42040400196,3747.42040400196,116170,6.3758626439566,31,31,77568754.5883009,8414.28878847437,6.49531440439054,6.49531440439054
5,3747.42040400196,3747.42040400196,116170.1,5.89728664563941,31,31,74507656.9739263,8734.31685567743,6.49531440439054,6.49531440439054
6,3747.42040400196,3747.42040400196,116170.1,5.80315536136311,31,31,73897602.9833493,8804.05286828007,6.49531440439054,6.49531440439054
7,3747.42040400196,3747.42040400196,116170.1,5.77414825244824,31,31,73712513.0110842,8826.25365541171,6.49531440439054,6.49531440439054
8,3747.42040400196,3747.42040400196,116170.1,5.77189810933332,31,31,73698147.4943488,8827.98628623695,6.49531440439054,6.49531440439054
9,3747.42040400196,3747.42040400196,116170.1,5.77175819779898,31,31,73697254.2580115,8828.09407147106,6.49531440439054,6.49531440439054
