"strata","dload.bi_kgd","dload.ub_kgd","tload_kglenS","degf","lenObs","lenStr","MSE_kglenS","Cl_kglenS","flowmu_m3s","flowav_m3s"
7,5940.80666214487,5940.80666214487,178224.3,3.45346800462441,30,30,11902634.7595193,5492.66449015797,2.92777557784889,2.92777557784889
