"strata","dload.bi_kgd","dload.ub_kgd","tload_kglenS","degf","lenObs","lenStr","MSE_kglenS","Cl_kglenS","flowmu_m3s","flowav_m3s"
8,17896.7574033274,17896.4478988106,554789.9,3.490062137083,30,31,562474521.039079,37374.137779136,11.5808769816774,11.6239632764903
