"strata","dload.bi_kgd","dload.ub_kgd","tload_kglenS","degf","lenObs","lenStr","MSE_kglenS","Cl_kglenS","flowmu_m3s","flowav_m3s"
6,12018.9521972822,12018.9521972822,372587.4,15.4763641993449,31,31,24934295.2004884,2698.21275628562,4.46136162276129,4.46136162276129
