"strata","dload.bi_kgd","dload.ub_kgd","tload_kglenS","degf","lenObs","lenStr","MSE_kglenS","Cl_kglenS","flowmu_m3s","flowav_m3s"
8,21401.262042624,21401.262042624,663439.3,4.58813431362868,31,31,341522921.850489,22790.4458103862,17.7199988043011,17.7199988043011
