"strata","dload.bi_kgd","dload.ub_kgd","tload_kglenS","degf","lenObs","lenStr","MSE_kglenS","Cl_kglenS","flowmu_m3s","flowav_m3s"
8,18832.6267491566,18832.6267491566,527313.4,4.53443470580939,28,28,252708075.426885,19798.2428866627,11.9555889333333,11.9555889333333
