"strata","dload.bi_kgd","dload.ub_kgd","tload_kglenS","degf","lenObs","lenStr","MSE_kglenS","Cl_kglenS","flowmu_m3s","flowav_m3s"
1,683.58062325284,684.962446542495,20548.9,23,24,30,6198102.28281128,1073.87582739883,0.116100814981333,0.0934181260866667
2,780.220261447502,781.318104096342,23439.6,14.9451034767318,24,30,307576.612356303,305.873046909217,0.116100814981333,0.105616964759619
3,790.939680901524,790.620914557269,23718.7,19.0744492938652,24,30,150175.048503636,185.666004179123,0.116100814981333,0.116200490117333
4,790.939680901524,790.620914557269,23718.7,16.9828513650037,24,30,90885.0912094899,154.354366964906,0.116100814981333,0.116200490117333
5,790.939680901524,790.620914557269,23718.7,9.37531791860372,24,30,38625.5972196199,144.318997929495,0.116100814981333,0.116200490117333
6,790.939680901524,790.620914557269,23718.7,9.21264559562538,24,30,39111.9005812882,146.878794450204,0.116100814981333,0.116200490117333
7,790.939680901524,790.620914557269,23718.7,8.6395648462871,24,30,42290.4474446915,159.282027961415,0.116100814981333,0.116200490117333
