"strata","dload.bi_kgd","dload.ub_kgd","tload_kglenS","degf","lenObs","lenStr","MSE_kglenS","Cl_kglenS","flowmu_m3s","flowav_m3s"
6,5926.23412898485,5926.27823641266,165935.8,2.44136617814061,26,28,31439000.3203338,13050.9250830944,3.29043744285714,3.25761186666667
