"strata","dload.bi_kgd","dload.ub_kgd","tload_kglenS","degf","lenObs","lenStr","MSE_kglenS","Cl_kglenS","flowmu_m3s","flowav_m3s"
7,1393.97716213298,1393.97716213298,43213.3,3.52355938276726,31,31,981868.794141713,1547.19719357102,0.590889405935484,0.590889405935484
