"strata","dload.bi_kgd","dload.ub_kgd","tload_kglenS","degf","lenObs","lenStr","MSE_kglenS","Cl_kglenS","flowmu_m3s","flowav_m3s"
1,12442.8233872512,12442.8233872512,373284.7,29,30,30,1348507433.6008,13946.6451759873,4.92735917333333,4.92735917333333
2,12442.8233872512,12442.8233872512,373284.7,6.96641620209805,30,30,162168062.977682,11419.9622816584,4.92735917333333,4.92735917333333
3,12442.8233872512,12442.8233872512,373284.7,5.49048911657024,30,30,143940139.427634,12815.9337967167,4.92735917333333,4.92735917333333
4,12442.8233872512,12442.8233872512,373284.7,5.36546509235863,30,30,142700661.993439,12989.8151334315,4.92735917333333,4.92735917333333
5,12442.8233872512,12442.8233872512,373284.6,5.36303570319001,30,30,142668349.346561,12992.9133081993,4.92735917333333,4.92735917333333
6,12442.8233872512,12442.8233872512,373284.7,5.36220511517787,30,30,142657299.516313,12993.9732076596,4.92735917333333,4.92735917333333
7,12442.8233872512,12442.8233872512,373284.6,5.36197778309065,30,30,142654275.790263,12994.2633986395,4.92735917333333,4.92735917333333
8,12442.8233872512,12442.8233872512,373284.7,5.36200022433265,30,30,142654574.317874,12994.2347526828,4.92735917333333,4.92735917333333
9,12442.8233872512,12442.8233872512,373284.8,5.36266994685064,30,30,142663485.403017,12993.3800838457,4.92735917333333,4.92735917333333
