"strata","dload.bi_kgd","dload.ub_kgd","tload_kglenS","degf","lenObs","lenStr","MSE_kglenS","Cl_kglenS","flowmu_m3s","flowav_m3s"
7,968.367488162532,968.367488162532,30019.4,10.9653374402506,31,31,1206886.51028023,730.477516110888,0.330255641341935,0.330255641341935
