"strata","dload.bi_kgd","dload.ub_kgd","tload_kglenS","degf","lenObs","lenStr","MSE_kglenS","Cl_kglenS","flowmu_m3s","flowav_m3s"
9,18586.6500662419,18586.6500662419,576186.1,5.76832605839506,31,31,183643348.167356,13941.9531795223,8.38072781873548,8.38072781873548
