"strata","dload.bi_kgd","dload.ub_kgd","tload_kglenS","degf","lenObs","lenStr","MSE_kglenS","Cl_kglenS","flowmu_m3s","flowav_m3s"
1,986.38478340096,986.38478340096,30577.9,30,31,31,1200034.30560925,408.460329668593,0.463265892817204,0.463265892817204
2,986.38478340096,986.38478340096,30577.9,2.74583861725334,31,31,730516.554643535,1730.88642357388,0.463265892817204,0.463265892817204
3,986.38478340096,986.38478340096,30577.9,2.72492100200593,31,31,727836.877991432,1742.79421723087,0.463265892817204,0.463265892817204
4,986.38478340096,986.38478340096,30577.8,2.65367004982249,31,31,718669.517386507,1785.41317540295,0.463265892817204,0.463265892817204
5,986.38478340096,986.38478340096,30577.8,2.65098552465934,31,31,718306.525453433,1787.06398348644,0.463265892817204,0.463265892817204
6,986.38478340096,986.38478340096,30577.8,2.65039740830955,31,31,718227.06044754,1787.42637623877,0.463265892817204,0.463265892817204
7,986.38478340096,986.38478340096,30577.9,2.6673602151333,31,31,720667.821054431,1777.25310193125,0.463265892817204,0.463265892817204
8,986.38478340096,986.38478340096,30578,2.6722688592731,31,31,721636.226757776,1774.66742242261,0.463265892817204,0.463265892817204
9,986.38478340096,986.38478340096,30577.9,2.68702831160253,31,31,724678.350330725,1767.13636737209,0.463265892817204,0.463265892817204
