"strata","dload.bi_kgd","dload.ub_kgd","tload_kglenS","degf","lenObs","lenStr","MSE_kglenS","Cl_kglenS","flowmu_m3s","flowav_m3s"
8,3198.920978866,3198.93362543641,99166.9,2.35815610026527,29,31,12874534.5300073,8723.09677681223,1.5728030672172,1.57309080244301
