"strata","dload.bi_kgd","dload.ub_kgd","tload_kglenS","degf","lenObs","lenStr","MSE_kglenS","Cl_kglenS","flowmu_m3s","flowav_m3s"
1,1443.63415663971,1443.63415663971,44752.7,30,31,31,1011095.43095315,374.929080456436,0.406283661247312,0.406283661247312
2,1443.63415663971,1443.63415663971,44752.7,20.1438028128929,31,31,242301.054312401,228.673005883563,0.406283661247312,0.406283661247312
3,1443.63415663971,1443.63415663971,44752.7,15.386902791189,31,31,198618.211421275,241.634393927027,0.406283661247312,0.406283661247312
4,1443.63415663971,1443.63415663971,44752.7,13.4848060443159,31,31,180009.603934876,248.695888263913,0.406283661247312,0.406283661247312
5,1443.63415663971,1443.63415663971,44752.8,11.8706021030956,31,31,168174.824342297,259.650618863966,0.406283661247312,0.406283661247312
6,1443.63415663971,1443.63415663971,44752.8,10.9709619300699,31,31,162360.80915463,267.840118209732,0.406283661247312,0.406283661247312
7,1443.63415663971,1443.63415663971,44752.8,10.9244616618158,31,31,162015.354092143,268.263562122521,0.406283661247312,0.406283661247312
8,1443.63415663971,1443.63415663971,44752.8,10.6822512352914,31,31,165995.640819213,275.367394843964,0.406283661247312,0.406283661247312
9,1443.63415663971,1443.63415663971,44752.8,8.16680612059644,31,31,173793.286147975,335.203497432229,0.406283661247312,0.406283661247312
