"strata","dload.bi_kgd","dload.ub_kgd","tload_kglenS","degf","lenObs","lenStr","MSE_kglenS","Cl_kglenS","flowmu_m3s","flowav_m3s"
8,1078.81244557102,1078.81244557102,32364.3,2.8933101028911,30,30,554679.274986954,1422.95194955122,0.3760895792,0.3760895792
