"strata","dload.bi_kgd","dload.ub_kgd","tload_kglenS","degf","lenObs","lenStr","MSE_kglenS","Cl_kglenS","flowmu_m3s","flowav_m3s"
1,7656.88323817059,7656.88323817059,237363.4,30,31,31,79301383.9241674,3320.42317227027,3.11563965247312,3.11563965247312
2,7656.88323817059,7656.88323817059,237363.4,9.27035582391061,31,31,29652285.5984658,4027.87845713911,3.11563965247312,3.11563965247312
3,7656.88323817059,7656.88323817059,237363.4,5.5156740693575,31,31,20400870.1692189,4807.91178213456,3.11563965247312,3.11563965247312
4,7656.88323817059,7656.88323817059,237363.4,2.17027855109041,31,31,12557665.5645671,9609.30730998989,3.11563965247312,3.11563965247312
5,7656.88323817059,7656.88323817059,237363.4,2.1497193396254,31,31,12497956.0557171,9711.8952434844,3.11563965247312,3.11563965247312
6,7656.88323817059,7656.88323817059,237363.4,2.15000525752717,31,31,12498896.2843247,9710.48932233059,3.11563965247312,3.11563965247312
7,7656.88323817059,7656.88323817059,237363.4,2.14976680259876,31,31,12498476.3597351,9711.80332470091,3.11563965247312,3.11563965247312
8,7656.88323817059,7656.88323817059,237363.5,2.15233906358256,31,31,12505972.270276,9698.80405906475,3.11563965247312,3.11563965247312
9,7656.88323817059,7656.88323817059,237363.5,2.15783690292638,31,31,12522111.7213437,9671.23425426149,3.11563965247312,3.11563965247312
