"strata","dload.bi_kgd","dload.ub_kgd","tload_kglenS","degf","lenObs","lenStr","MSE_kglenS","Cl_kglenS","flowmu_m3s","flowav_m3s"
8,314.240497185551,314.245096990999,9427.3,3.59937276019934,29,30,6051.33778116922,119.017365555996,0.108137139733333,0.1083188392
