"strata","dload.bi_kgd","dload.ub_kgd","tload_kglenS","degf","lenObs","lenStr","MSE_kglenS","Cl_kglenS","flowmu_m3s","flowav_m3s"
1,1190.95698096929,1190.95698096929,36919.7,30,31,31,1725850.32042299,489.840417454509,0.462431612903226,0.462431612903226
2,1190.95698096929,1190.95698096929,36919.6,25.4349823033206,31,31,1643008.85329701,522.995201851629,0.462431612903226,0.462431612903226
3,1190.95698096929,1190.95698096929,36919.6,15.0761482704223,31,31,1131331.31822143,583.624806738688,0.462431612903226,0.462431612903226
4,1190.95698096929,1190.95698096929,36919.7,13.6685245928438,31,31,931357.402579613,561.139069572481,0.462431612903226,0.462431612903226
5,1190.95698096929,1190.95698096929,36919.7,7.95174140487465,31,31,855474.856849874,757.166773596583,0.462431612903226,0.462431612903226
6,1190.95698096929,1190.95698096929,36919.7,8.61164531679874,31,31,780728.353939993,685.840660659417,0.462431612903226,0.462431612903226
7,1190.95698096929,1190.95698096929,36919.7,8.6425543533839,31,31,783047.989124452,685.236875966149,0.462431612903226,0.462431612903226
8,1190.95698096929,1190.95698096929,36919.7,8.67654111764637,31,31,785071.022124739,684.348687197417,0.462431612903226,0.462431612903226
9,1190.95698096929,1190.95698096929,36919.6,8.5768998498643,31,31,790972.448474812,692.171475783208,0.462431612903226,0.462431612903226
