"strata","dload.bi_kgd","dload.ub_kgd","tload_kglenS","degf","lenObs","lenStr","MSE_kglenS","Cl_kglenS","flowmu_m3s","flowav_m3s"
6,336.2139747072,336.2139747072,10086.4,13.9870636453229,29,30,458305.481906126,388.271971158537,0.12317808,0.122234186666667
