"strata","dload.bi_kgd","dload.ub_kgd","tload_kglenS","degf","lenObs","lenStr","MSE_kglenS","Cl_kglenS","flowmu_m3s","flowav_m3s"
8,5170.85930118738,5170.85930118738,155125.6,5.28068267934574,30,30,14436184.2696358,4183.17321980439,2.36102866961778,2.36102866961778
