"strata","dload.bi_kgd","dload.ub_kgd","tload_kglenS","degf","lenObs","lenStr","MSE_kglenS","Cl_kglenS","flowmu_m3s","flowav_m3s"
7,8801.89806574566,8784.37302401218,263531.2,4.50377287348173,29,30,300116608.834868,21698.8424158494,8.57173211991111,8.42174463756444
