"strata","dload.bi_kgd","dload.ub_kgd","tload_kglenS","degf","lenObs","lenStr","MSE_kglenS","Cl_kglenS","flowmu_m3s","flowav_m3s"
7,1361.05102635844,1361.05102635844,42192.5,11.5141691045974,31,31,1044831.86205914,659.421579901703,0.719757335845161,0.719757335845161
