"strata","dload.bi_kgd","dload.ub_kgd","tload_kglenS","degf","lenObs","lenStr","MSE_kglenS","Cl_kglenS","flowmu_m3s","flowav_m3s"
9,4900.54059690371,4900.54059690371,151916.8,3.46190788132093,31,31,13866124.9189556,5914.3626539925,1.51563373163011,1.51563373163011
