"strata","dload.bi_kgd","dload.ub_kgd","tload_kglenS","degf","lenObs","lenStr","MSE_kglenS","Cl_kglenS","flowmu_m3s","flowav_m3s"
6,3849.44198498936,3834.55519600369,118871.2,3.26274769696528,30,31,49448411.0108538,11843.5287768945,2.66962569393548,2.56012729255054
