"strata","dload.bi_kgd","dload.ub_kgd","tload_kglenS","degf","lenObs","lenStr","MSE_kglenS","Cl_kglenS","flowmu_m3s","flowav_m3s"
8,7187.39220955951,7187.39492096687,215621.8,3.08422197842458,29,30,223935963.888202,26703.3882123132,6.65598969244444,6.65410190577778
