"strata","dload.bi_kgd","dload.ub_kgd","tload_kglenS","degf","lenObs","lenStr","MSE_kglenS","Cl_kglenS","flowmu_m3s","flowav_m3s"
1,1393.97716213298,1393.97716213298,43213.3,30,31,31,2772817.31206051,620.88859328238,0.590889405935484,0.590889405935484
2,1393.97716213298,1393.97716213298,43213.3,28.8769398741145,31,31,1192649.93021431,415.722361549714,0.590889405935484,0.590889405935484
3,1393.97716213298,1393.97716213298,43213.3,26.5994969605291,31,31,1177845.04840435,432.070803765287,0.590889405935484,0.590889405935484
4,1393.97716213298,1393.97716213298,43213.3,7.75801822982488,31,31,1074233.01338909,862.773347618289,0.590889405935484,0.590889405935484
5,1393.97716213298,1393.97716213298,43213.3,3.77244448934573,31,31,1016357.42793007,1476.06159012792,0.590889405935484,0.590889405935484
6,1393.97716213298,1393.97716213298,43213.3,3.5240932683742,31,31,981943.172396696,1547.03039151351,0.590889405935484,0.590889405935484
7,1393.97716213298,1393.97716213298,43213.3,3.52355938276726,31,31,981868.794141713,1547.19719357102,0.590889405935484,0.590889405935484
8,1393.97716213298,1393.97716213298,43213.3,3.53259568628526,31,31,983164.366285829,1544.41195075228,0.590889405935484,0.590889405935484
9,1393.97716213298,1393.97716213298,43213.2,3.55493674413399,31,31,986529.407440762,1537.73387449716,0.590889405935484,0.590889405935484
