"strata","dload.bi_kgd","dload.ub_kgd","tload_kglenS","degf","lenObs","lenStr","MSE_kglenS","Cl_kglenS","flowmu_m3s","flowav_m3s"
7,10543.3798734381,10543.3798734381,316301.5,2.54991555553003,30,30,31501437.4598112,12390.0131478595,5.08760410184889,5.08760410184889
