"strata","dload.bi_kgd","dload.ub_kgd","tload_kglenS","degf","lenObs","lenStr","MSE_kglenS","Cl_kglenS","flowmu_m3s","flowav_m3s"
8,9803.28206825099,9803.28206825099,303901.7,4.22334675317264,31,31,39818131.4939283,8350.23984342477,4.1020076986357,4.1020076986357
