"strata","dload.bi_kgd","dload.ub_kgd","tload_kglenS","degf","lenObs","lenStr","MSE_kglenS","Cl_kglenS","flowmu_m3s","flowav_m3s"
6,1701.50385031015,1701.73218208641,52753.7,3.67591312964458,30,31,946194.923641298,1458.98645926557,0.860964691956989,0.869544606236559
