"strata","dload.bi_kgd","dload.ub_kgd","tload_kglenS","degf","lenObs","lenStr","MSE_kglenS","Cl_kglenS","flowmu_m3s","flowav_m3s"
6,22483.5134252508,21630.1081657068,605643.1,3.61111792216671,21,28,11131240631.2436,160921.579556686,14.7188231824762,18.0929033397778
