"strata","dload.bi_kgd","dload.ub_kgd","tload_kglenS","degf","lenObs","lenStr","MSE_kglenS","Cl_kglenS","flowmu_m3s","flowav_m3s"
7,4807.46162395551,4806.51156390819,144195.4,4.30323353373669,27,30,21190537.4400405,5993.65939693494,4.13368701685181,3.873786095392
