"strata","dload.bi_kgd","dload.ub_kgd","tload_kglenS","degf","lenObs","lenStr","MSE_kglenS","Cl_kglenS","flowmu_m3s","flowav_m3s"
1,4229.35859100077,4229.35859100077,131110.1,30,31,31,3334240.68849648,680.850132452282,1.50444418064516,1.50444418064516
2,4229.35859100077,4229.35859100077,131110.1,13.5932751208983,31,31,2615387.59315876,943.43207232132,1.50444418064516,1.50444418064516
3,4229.35859100077,4229.35859100077,131110.1,10.6511546473044,31,31,2268551.28675323,1019.83830499764,1.50444418064516,1.50444418064516
4,4229.35859100077,4229.35859100077,131110.1,6.01487986733751,31,31,2100757.5643293,1445.21492096036,1.50444418064516,1.50444418064516
5,4229.35859100077,4229.35859100077,131110,5.75757457947117,31,31,2054249.9615558,1476.63680756786,1.50444418064516,1.50444418064516
6,4229.35859100077,4229.35859100077,131110,5.7445493224739,31,31,2053385.51022703,1478.85189117723,1.50444418064516,1.50444418064516
7,4229.35859100077,4229.35859100077,131110,5.7151431245198,31,31,2046789.91699956,1482.21359624139,1.50444418064516,1.50444418064516
8,4229.35859100077,4229.35859100077,131110,5.70219733926111,31,31,2045925.46567078,1484.44665215582,1.50444418064516,1.50444418064516
9,4229.35859100077,4229.35859100077,131110.1,5.81228786156794,31,31,2065934.1659987,1470.32133958104,1.50444418064516,1.50444418064516
