"strata","dload.bi_kgd","dload.ub_kgd","tload_kglenS","degf","lenObs","lenStr","MSE_kglenS","Cl_kglenS","flowmu_m3s","flowav_m3s"
5,2833.7700063744,2833.7700063744,85013,9.34311259085792,30,30,1092273.00131822,769.160128449378,1.05354227555556,1.05354227555556
