"strata","dload.bi_kgd","dload.ub_kgd","tload_kglenS","degf","lenObs","lenStr","MSE_kglenS","Cl_kglenS","flowmu_m3s","flowav_m3s"
1,4295.56867626537,4295.56867626537,133162.6,30,31,31,15297759.2827073,1458.36745559879,1.33947370090323,1.33947370090323
2,4295.56867626537,4295.56867626537,133162.6,21.1242822152937,31,31,4090675.36699561,914.815830501326,1.33947370090323,1.33947370090323
3,4295.56867626537,4295.56867626537,133162.5,7.26147642919535,31,31,1736852.69544276,1148.07305102414,1.33947370090323,1.33947370090323
4,4295.56867626537,4295.56867626537,133162.6,11.81161718546,31,31,898913.278900698,602.133682707916,1.33947370090323,1.33947370090323
5,4295.56867626537,4295.56867626537,133162.6,6.99003733122363,31,31,664828.899566609,729.462262815451,1.33947370090323,1.33947370090323
6,4295.56867626537,4295.56867626537,133162.6,6.16753543804874,31,31,623213.937390328,772.730432881029,1.33947370090323,1.33947370090323
7,4295.56867626537,4295.56867626537,133162.6,5.82599338979237,31,31,605417.093813343,794.534790088031,1.33947370090323,1.33947370090323
8,4295.56867626537,4295.56867626537,133162.7,5.83355036747597,31,31,605814.303518094,794.022320499644,1.33947370090323,1.33947370090323
9,4295.56867626537,4295.56867626537,133162.7,5.84223043419277,31,31,606292.3552091,793.449874842362,1.33947370090323,1.33947370090323
