"strata","dload.bi_kgd","dload.ub_kgd","tload_kglenS","degf","lenObs","lenStr","MSE_kglenS","Cl_kglenS","flowmu_m3s","flowav_m3s"
7,16881.13960704,16881.13960704,472671.9,5.35309151673376,28,28,956739514.898116,33695.0293557821,12.7722252190476,12.7722252190476
