"strata","dload.bi_kgd","dload.ub_kgd","tload_kglenS","degf","lenObs","lenStr","MSE_kglenS","Cl_kglenS","flowmu_m3s","flowav_m3s"
1,4400.46996821747,4400.46996821747,132014.1,29,30,30,4825577.79575864,834.29134896404,1.60253014535111,1.60253014535111
2,4400.46996821747,4400.46996821747,132014.1,17.8204950072565,30,30,2553954.84288626,795.9216765885,1.60253014535111,1.60253014535111
3,4400.46996821747,4400.46996821747,132014.2,9.32159417144506,30,30,1787448.53654802,985.406030243462,1.60253014535111,1.60253014535111
4,4400.46996821747,4400.46996821747,132014.1,4.42261982516018,30,30,1060446.22001547,1309.80989763533,1.60253014535111,1.60253014535111
5,4400.46996821747,4400.46996821747,132014.1,4.12896827313834,30,30,1023768.48781041,1365.64788477525,1.60253014535111,1.60253014535111
6,4400.46996821747,4400.46996821747,132014.1,3.97261581705911,30,30,1003973.72281944,1399.56662337968,1.60253014535111,1.60253014535111
7,4400.46996821747,4400.46996821747,132014.1,3.83236314576846,30,30,985393.468980637,1432.48670451313,1.60253014535111,1.60253014535111
8,4400.46996821747,4400.46996821747,132014.1,3.68158515939873,30,30,965598.703989662,1471.74156779187,1.60253014535111,1.60253014535111
9,4400.46996821747,4400.46996821747,132014.1,3.71271747313813,30,30,969997.199079243,1463.52447966441,1.60253014535111,1.60253014535111
