"strata","dload.bi_kgd","dload.ub_kgd","tload_kglenS","degf","lenObs","lenStr","MSE_kglenS","Cl_kglenS","flowmu_m3s","flowav_m3s"
6,677.328905172787,677.328905172787,20319.9,11.0632298637556,30,30,7134.29780109243,55.853322722373,0.356869079253333,0.356869079253333
