"strata","dload.bi_kgd","dload.ub_kgd","tload_kglenS","degf","lenObs","lenStr","MSE_kglenS","Cl_kglenS","flowmu_m3s","flowav_m3s"
9,17981.6230087099,17963.5550483469,556870.4,9.21821539735631,29,31,386289697.993311,14591.1993488052,20.7828495474581,21.3365635622194
