"strata","dload.bi_kgd","dload.ub_kgd","tload_kglenS","degf","lenObs","lenStr","MSE_kglenS","Cl_kglenS","flowmu_m3s","flowav_m3s"
6,2085.29445888,2085.29445888,62558.8,13.1643941888806,30,30,760741.443693195,518.6745731271,0.692817706666667,0.692817706666667
