"strata","dload.bi_kgd","dload.ub_kgd","tload_kglenS","degf","lenObs","lenStr","MSE_kglenS","Cl_kglenS","flowmu_m3s","flowav_m3s"
1,4428.96534569181,4325.71369231323,129771.4,5,6,30,136906671.529255,13451.1290160933,4.22583156158499,3.41676502522667
