"strata","dload.bi_kgd","dload.ub_kgd","tload_kglenS","degf","lenObs","lenStr","MSE_kglenS","Cl_kglenS","flowmu_m3s","flowav_m3s"
1,3782.80568534267,3782.80568534267,113484.2,29,30,30,18929189.5541732,1652.37680354507,0.781639988583111,0.781639988583111
2,3782.80568534267,3782.80568534267,113484.2,27.5511029143409,30,30,3337520.20519573,713.473148740015,0.781639988583111,0.781639988583111
3,3782.80568534267,3782.80568534267,113484.2,21.6910594548915,30,30,1962975.23077025,624.392913138584,0.781639988583111,0.781639988583111
4,3782.80568534267,3782.80568534267,113484.2,14.48774129172,30,30,1529087.91754984,694.592606238897,0.781639988583111,0.781639988583111
5,3782.80568534267,3782.80568534267,113484.2,8.94120634270796,30,30,1029085.29479416,768.220495102029,0.781639988583111,0.781639988583111
6,3782.80568534267,3782.80568534267,113484.2,8.33306584596224,30,30,996770.319778819,792.030311806581,0.781639988583111,0.781639988583111
7,3782.80568534267,3782.80568534267,113484.2,8.16933067329621,30,30,986843.960099048,798.594567270174,0.781639988583111,0.781639988583111
8,3782.80568534267,3782.80568534267,113484.2,8.04766652003788,30,30,982925.372201244,805.077697042103,0.781639988583111,0.781639988583111
9,3782.80568534267,3782.80568534267,113484.2,8.05386854849326,30,30,983310.895172194,804.818305937973,0.781639988583111,0.781639988583111
