"strata","dload.bi_kgd","dload.ub_kgd","tload_kglenS","degf","lenObs","lenStr","MSE_kglenS","Cl_kglenS","flowmu_m3s","flowav_m3s"
1,19623.4614684664,19623.4614684664,608327.3,30,31,31,1669908600.2038,15236.9977521188,7.49711821226667,7.49711821226667
2,19623.4614684664,19623.4614684664,608327.3,9.96247702847005,31,31,826510645.670639,20305.0740861318,7.49711821226667,7.49711821226667
3,19623.4614684664,19623.4614684664,608327.2,4.29222929803056,31,31,520092595.310825,29759.0463132782,7.49711821226667,7.49711821226667
4,19623.4614684664,19623.4614684664,608327.3,3.89478770488955,31,31,494540950.785727,31622.0199968665,7.49711821226667,7.49711821226667
5,19623.4614684664,19623.4614684664,608327.3,3.76478209772874,31,31,486751378.769995,32363.1821182418,7.49711821226667,7.49711821226667
6,19623.4614684664,19623.4614684664,608327.3,3.42396375773352,31,31,463479743.991126,34563.1763230538,7.49711821226667,7.49711821226667
7,19623.4614684664,19623.4614684664,608327.3,3.40328276909869,31,31,462074002.203298,34716.305838294,7.49711821226667,7.49711821226667
8,19623.4614684664,19623.4614684664,608327.3,3.38912606562592,31,31,461111373.051411,34822.587101879,7.49711821226667,7.49711821226667
9,19623.4614684664,19623.4614684664,608327.3,3.38374900036822,31,31,460745134.433262,34863.2511599919,7.49711821226667,7.49711821226667
