"strata","dload.bi_kgd","dload.ub_kgd","tload_kglenS","degf","lenObs","lenStr","MSE_kglenS","Cl_kglenS","flowmu_m3s","flowav_m3s"
9,8015.30668710689,8015.30668710689,248474.5,2.73009611442885,31,31,5145781.73835831,4623.9809885823,3.11822926950538,3.11822926950538
