"strata","dload.bi_kgd","dload.ub_kgd","tload_kglenS","degf","lenObs","lenStr","MSE_kglenS","Cl_kglenS","flowmu_m3s","flowav_m3s"
9,8861.98363644697,8861.98363644697,274721.6,2.25853822386775,31,31,153791657.462096,31880.9479929101,4.97553579354839,4.97553579354839
