"strata","dload.bi_kgd","dload.ub_kgd","tload_kglenS","degf","lenObs","lenStr","MSE_kglenS","Cl_kglenS","flowmu_m3s","flowav_m3s"
6,80.2747316062786,80.2747316062786,2488.5,8.38110631825779,31,31,13105.7531943631,90.4718257126176,0.0291577632877419,0.0291577632877419
