"strata","dload.bi_kgd","dload.ub_kgd","tload_kglenS","degf","lenObs","lenStr","MSE_kglenS","Cl_kglenS","flowmu_m3s","flowav_m3s"
7,15484.1576789517,15480.5884106166,479898.2,2.44873116297064,26,31,98833020.3703555,23053.6910058239,4.78604844567742,4.62300122472258
