"strata","dload.bi_kgd","dload.ub_kgd","tload_kglenS","degf","lenObs","lenStr","MSE_kglenS","Cl_kglenS","flowmu_m3s","flowav_m3s"
8,12147.6083938188,12147.6083938188,376575.8,4.54616188046542,31,31,75677467.4060919,10810.8678608061,8.60168472258065,8.60168472258065
