"strata","dload.bi_kgd","dload.ub_kgd","tload_kglenS","degf","lenObs","lenStr","MSE_kglenS","Cl_kglenS","flowmu_m3s","flowav_m3s"
9,9162.00076113693,9162.00076113693,274860.1,4.02200140528709,30,30,52351112.0151067,9995.27162887985,5.88362474584889,5.88362474584889
