"strata","dload.bi_kgd","dload.ub_kgd","tload_kglenS","degf","lenObs","lenStr","MSE_kglenS","Cl_kglenS","flowmu_m3s","flowav_m3s"
9,4559.25979735123,4559.25979735123,141337.1,3.35131149088622,31,31,6871702.8510653,4298.38773613065,2.54912096344086,2.54912096344086
