"strata","dload.bi_kgd","dload.ub_kgd","tload_kglenS","degf","lenObs","lenStr","MSE_kglenS","Cl_kglenS","flowmu_m3s","flowav_m3s"
1,17599.9971696847,17569.7817589744,544663.2,24,25,31,1116958104.63259,14079.9518418486,8.93418485092473,7.69877347178667
2,16992.7349168693,16966.5652380942,525963.5,10.6427837519639,25,31,532921014.34018,15638.761313926,8.93418485092473,8.66959009747018
3,18332.3838017701,18327.0114005619,568137.4,7.35794005758128,25,31,418183818.732816,17652.2627355008,8.93418485092473,6.8695133347957
4,18332.3838017701,18327.0114005619,568137.4,6.66782106153813,25,31,393295621.643535,18345.6047934208,8.93418485092473,6.8695133347957
5,18332.3838017701,18327.0114005619,568137.3,6.25682890554041,25,31,380820286.087997,18901.4472943402,8.93418485092473,6.8695133347957
6,18332.3838017701,18327.0114005619,568137.4,6.20390165434313,25,31,379201543.401839,18978.880605608,8.93418485092473,6.8695133347957
7,18332.3838017701,18327.0114005619,568137.3,6.05204068519479,25,31,378577620.535764,19312.5801169034,8.93418485092473,6.8695133347957
