"strata","strata.n","dload.bi_kgd","dload.ub_kgd","tload_kglenS","degf","lenObs","lenStr","MSE_kglenS","Cl_kglenS","flowmu_m3s","flowav_m3s"
1,1,27160.6420016576,26592.3893634701,824364.1,8,9,31,7900613662.67356,72467.8707358476,11.8860733642028,7.30433429155556
2,1,35740.0256269649,34895.4482400614,593222.6,3,4,17,14307811.7532091,118150.615304256,16.8841180584874,12.370902
2,2,16272.5351577528,16233.8970804996,227274.6,4,5,14,166536.644729522,7931.25725074643,5.81701909257143,3.2510801248
