"strata","dload.bi_kgd","dload.ub_kgd","tload_kglenS","degf","lenObs","lenStr","MSE_kglenS","Cl_kglenS","flowmu_m3s","flowav_m3s"
1,11997.3287422618,11997.3287422618,335925.2,27,28,28,1685962896.01364,16213.7550995464,5.76240137904762,5.76240137904762
2,11997.3287422618,11997.3287422618,335925.2,7.05578356525208,28,28,447618963.749959,18803.9080596096,5.76240137904762,5.76240137904762
3,11997.3287422618,11997.3287422618,335925.1,4.66236042240513,28,28,358063556.103274,23026.910176226,5.76240137904762,5.76240137904762
4,11997.3287422618,11997.3287422618,335925.3,4.24117129165558,28,28,340941262.455569,24345.0505522646,5.76240137904762,5.76240137904762
5,11997.3287422618,11997.3287422618,335925.3,3.71434392358957,28,28,318703772.766616,26517.4039958565,5.76240137904762,5.76240137904762
6,11997.3287422618,11997.3287422618,335925.1,3.33412510738548,28,28,301636771.204943,28624.1971086629,5.76240137904762,5.76240137904762
7,11997.3287422618,11997.3287422618,335925.2,3.30350236830888,28,28,300240802.168878,28822.0005679695,5.76240137904762,5.76240137904762
8,11997.3287422618,11997.3287422618,335925.1,3.3306326380822,28,28,301498875.690087,28647.5160048084,5.76240137904762,5.76240137904762
