"strata","dload.bi_kgd","dload.ub_kgd","tload_kglenS","degf","lenObs","lenStr","MSE_kglenS","Cl_kglenS","flowmu_m3s","flowav_m3s"
3,1440.39431938065,1440.43081095852,44653.3,18.8225693883029,30,31,136862.645478214,178.588871780889,0.660496972043011,0.670773230107527
