"strata","dload.bi_kgd","dload.ub_kgd","tload_kglenS","degf","lenObs","lenStr","MSE_kglenS","Cl_kglenS","flowmu_m3s","flowav_m3s"
1,3794.39670386168,3794.39670386168,117626.3,30,31,31,129678289.059907,4246.06549430533,3.35828113548387,3.35828113548387
2,3794.39670386168,3794.39670386168,117626.3,4.834431834273,31,31,58910133.6031381,9066.55784474192,3.35828113548387,3.35828113548387
3,3794.39670386168,3794.39670386168,117626.3,4.345279652082,31,31,55851268.2032809,9649.67058661293,3.35828113548387,3.35828113548387
4,3794.39670386168,3794.39670386168,117626.3,4.31924770875761,31,31,55693839.3242325,9685.8485466144,3.35828113548387,3.35828113548387
5,3794.39670386168,3794.39670386168,117626.3,4.31818377545149,31,31,55686979.0877054,9687.30180477853,3.35828113548387,3.35828113548387
6,3794.39670386168,3794.39670386168,117626.2,4.31767423391593,31,31,55683693.3984664,9687.99810939518,3.35828113548387,3.35828113548387
7,3794.39670386168,3794.39670386168,117626.2,4.31743085852954,31,31,55682123.9570706,9688.33075624624,3.35828113548387,3.35828113548387
8,3794.39670386168,3794.39670386168,117626.2,4.31770327787907,31,31,55683880.9510242,9687.95843758999,3.35828113548387,3.35828113548387
9,3794.39670386168,3794.39670386168,117626.3,4.31842987662217,31,31,55688567.1456889,9686.96567150182,3.35828113548387,3.35828113548387
