"strata","dload.bi_kgd","dload.ub_kgd","tload_kglenS","degf","lenObs","lenStr","MSE_kglenS","Cl_kglenS","flowmu_m3s","flowav_m3s"
1,4593.40654058819,4595.22634796355,142452,26,27,31,113808702.109668,4300.55753562057,2.01236840739785,1.93251147911111
2,4429.52571910499,4426.21375604392,137212.6,24.8783288727414,27,31,7853777.41832784,1157.46089706042,2.01236840739785,1.93465453630787
3,4424.79729971604,4420.04383043325,137021.3,18.0860553518636,27,31,7355100.23317616,1339.31955338661,2.01236840739785,2.20464989587776
4,4508.96539694925,4506.57293760012,139703.7,17.026102639143,27,31,7100512.47749227,1362.32586394445,2.01236840739785,1.95390909059857
5,4512.65163772782,4510.48306052773,139824.8,3.92541761626916,27,31,6966570.82533571,3726.63695708741,2.01236840739785,1.88786786179211
6,4513.5440985878,4511.4096741977,139853.6,3.91877780618449,27,31,6960674.53256058,3730.76517358894,2.01236840739785,1.88483552833835
7,4510.34933794843,4508.22818608173,139755,3.91671873879247,27,31,6958852.32206375,3732.05076686422,2.01236840739785,1.88977543977061
8,4510.34933794843,4508.22818608173,139755,3.91635702281064,27,31,6958530.97150325,3732.27645548403,2.01236840739785,1.88977543977061
