"strata","dload.bi_kgd","dload.ub_kgd","tload_kglenS","degf","lenObs","lenStr","MSE_kglenS","Cl_kglenS","flowmu_m3s","flowav_m3s"
1,13421.6610240958,13421.6610240958,416071.5,30,31,31,240492811.428247,5782.34636438024,4.22743090504946,4.22743090504946
2,13421.6610240958,13421.6610240958,416071.5,27.2686731698591,31,31,116015601.914572,4230.26430034167,4.22743090504946,4.22743090504946
3,13421.6610240958,13421.6610240958,416071.5,25.1021314565094,31,31,109017720.101658,4291.14891444582,4.22743090504946,4.22743090504946
4,13421.6610240958,13421.6610240958,416071.4,8.32953960559297,31,31,87602363.6848753,7427.19172252616,4.22743090504946,4.22743090504946
5,13421.6610240958,13421.6610240958,416071.5,6.85008663423911,31,31,78409363.3868245,8035.77846928921,4.22743090504946,4.22743090504946
6,13421.6610240958,13421.6610240958,416071.5,5.81231388848372,31,31,71411481.5739105,8644.43437194155,4.22743090504946,4.22743090504946
7,13421.6610240958,13421.6610240958,416071.5,5.80840638154578,31,31,71391627.4710188,8647.60310094453,4.22743090504946,4.22743090504946
8,13421.6610240958,13421.6610240958,416071.5,5.84285948509379,31,31,71616263.4910113,8622.81772808499,4.22743090504946,4.22743090504946
9,13421.6610240958,13421.6610240958,416071.5,5.84948089796818,31,31,74173627.3008073,8767.97440110141,4.22743090504946,4.22743090504946
