"strata","dload.bi_kgd","dload.ub_kgd","tload_kglenS","degf","lenObs","lenStr","MSE_kglenS","Cl_kglenS","flowmu_m3s","flowav_m3s"
1,80.2747316062786,80.2747316062786,2488.5,30,31,31,17642.7618881721,49.5263519069012,0.0291577632877419,0.0291577632877419
2,80.2747316062786,80.2747316062786,2488.5,24.8920980330315,31,31,14163.0553544303,49.1375068647527,0.0291577632877419,0.0291577632877419
3,80.2747316062786,80.2747316062786,2488.5,19.9590924384736,31,31,13269.7663461081,53.7929056307942,0.0291577632877419,0.0291577632877419
4,80.2747316062786,80.2747316062786,2488.5,8.7096491929243,31,31,13217.8789335897,88.5757200888933,0.0291577632877419,0.0291577632877419
5,80.2747316062786,80.2747316062786,2488.5,8.47384027605161,31,31,13117.1531907218,89.8521279796265,0.0291577632877419,0.0291577632877419
6,80.2747316062786,80.2747316062786,2488.5,8.38110631825779,31,31,13105.7531943631,90.4718257126176,0.0291577632877419,0.0291577632877419
7,80.2747316062786,80.2747316062786,2488.5,8.39291654934033,31,31,13115.1451660346,90.4195251112829,0.0291577632877419,0.0291577632877419
8,80.2747316062786,80.2747316062786,2488.6,8.24201159761424,31,31,13186.9765704096,91.7699987320799,0.0291577632877419,0.0291577632877419
9,80.2747316062786,80.2747316062786,2488.6,5.43623807146764,31,31,13560.1504032891,125.347336980699,0.0291577632877419,0.0291577632877419
