"strata","dload.bi_kgd","dload.ub_kgd","tload_kglenS","degf","lenObs","lenStr","MSE_kglenS","Cl_kglenS","flowmu_m3s","flowav_m3s"
1,13965.8049221906,13965.8049221906,418974.1,29,30,30,605549579.433674,9345.83120420139,6.32069958794667,6.32069958794667
2,13965.8049221906,13965.8049221906,418974.2,9.4057486678275,30,30,278780053.031475,12235.1269566241,6.32069958794667,6.32069958794667
3,13965.8049221906,13965.8049221906,418974.1,7.80101489092217,30,30,89410956.3900893,7841.72151937809,6.32069958794667,6.32069958794667
4,13965.8049221906,13965.8049221906,418974.1,5.40961599267556,30,30,74308791.1674593,9314.3196288477,6.32069958794667,6.32069958794667
5,13965.8049221906,13965.8049221906,418974.1,5.35217206028889,30,30,73912644.8537632,9366.69424132151,6.32069958794667,6.32069958794667
6,13965.8049221906,13965.8049221906,418974.1,5.33802547221542,30,30,73814818.3676187,9379.78202556781,6.32069958794667,6.32069958794667
7,13965.8049221906,13965.8049221906,418974.1,5.33793173729689,30,30,73814170.3044104,9379.86902977185,6.32069958794667,6.32069958794667
8,13965.8049221906,13965.8049221906,418974.1,5.33791924551954,30,30,73814084.4621951,9379.88065808922,6.32069958794667,6.32069958794667
9,13965.8049221906,13965.8049221906,418974,3.51597065930185,30,30,81641961.6043075,14137.6321373918,6.32069958794667,6.32069958794667
