"strata","dload.bi_kgd","dload.ub_kgd","tload_kglenS","degf","lenObs","lenStr","MSE_kglenS","Cl_kglenS","flowmu_m3s","flowav_m3s"
1,704.583992603631,704.583992603631,21842.1,30,31,31,376711.695618727,228.853524201468,0.263142907107097,0.263142907107097
2,704.583992603631,704.583992603631,21842.1,15.7086824265725,31,31,202000.228887917,240.756215136113,0.263142907107097,0.263142907107097
3,704.583992603631,704.583992603631,21842,14.5021291316015,31,31,195827.019634259,248.425250431338,0.263142907107097,0.263142907107097
4,704.583992603631,704.583992603631,21842.1,12.9392587366227,31,31,180669.300148296,255.401024154536,0.263142907107097,0.263142907107097
5,704.583992603631,704.583992603631,21842.1,9.26318275080632,31,31,160499.307999418,296.48418714976,0.263142907107097,0.263142907107097
6,704.583992603631,704.583992603631,21842.1,9.07130916333843,31,31,158863.8212504,299.00615426286,0.263142907107097,0.263142907107097
7,704.583992603631,704.583992603631,21842,9.04636274633784,31,31,158716.61735233,299.404134303335,0.263142907107097,0.263142907107097
8,704.583992603631,704.583992603631,21842,9.12293283198447,31,31,159878.798607243,298.854372350096,0.263142907107097,0.263142907107097
9,704.583992603631,704.583992603631,21842,9.17750250658874,31,31,162710.453124404,300.323499667201,0.263142907107097,0.263142907107097
