"strata","dload.bi_kgd","dload.ub_kgd","tload_kglenS","degf","lenObs","lenStr","MSE_kglenS","Cl_kglenS","flowmu_m3s","flowav_m3s"
7,646.585445821936,646.585445821936,20044.2,14.4033260028107,31,31,115465.379925708,191.530946428816,0.216486503225806,0.216486503225806
