"strata","dload.bi_kgd","dload.ub_kgd","tload_kglenS","degf","lenObs","lenStr","MSE_kglenS","Cl_kglenS","flowmu_m3s","flowav_m3s"
7,3881.54490772645,3881.54490772645,120327.9,6.13294753331891,31,31,1289960.40747839,1116.33364368089,1.14043628387097,1.14043628387097
