"strata","dload.bi_kgd","dload.ub_kgd","tload_kglenS","degf","lenObs","lenStr","MSE_kglenS","Cl_kglenS","flowmu_m3s","flowav_m3s"
5,2320.56917161574,2320.32371824586,71930,9.23384056736652,24,31,796855.736530468,661.983962814777,0.538514013243871,0.537131285630968
