"strata","dload.bi_kgd","dload.ub_kgd","tload_kglenS","degf","lenObs","lenStr","MSE_kglenS","Cl_kglenS","flowmu_m3s","flowav_m3s"
4,3794.48016068732,3794.46042589412,113833.8,3.04845715469473,29,30,21784768.731363,8431.41939534568,1.52062421037156,1.52776527078089
