"strata","dload.bi_kgd","dload.ub_kgd","tload_kglenS","degf","lenObs","lenStr","MSE_kglenS","Cl_kglenS","flowmu_m3s","flowav_m3s"
7,2099.75210967248,2100.00972355512,63000.3,2.26973541701613,28,30,1375504.79226552,2995.52731411064,0.73765264,0.737888613333333
