"strata","dload.bi_kgd","dload.ub_kgd","tload_kglenS","degf","lenObs","lenStr","MSE_kglenS","Cl_kglenS","flowmu_m3s","flowav_m3s"
7,1302.42064137421,1302.42064137421,39072.7,4.69668862815408,30,30,222385.703398708,570.39852051182,0.514137125511111,0.514137125511111
