"strata","dload.bi_kgd","dload.ub_kgd","tload_kglenS","degf","lenObs","lenStr","MSE_kglenS","Cl_kglenS","flowmu_m3s","flowav_m3s"
1,13699.212713675,13697.4207621527,424620,29,30,31,2523654421.19432,19079.1060314137,5.21969502659097,4.968460914144
2,13460.9097666597,13460.9829867764,417290.5,26.0384679628209,30,31,2080269628.84079,18371.4982407007,5.21969502659097,5.19092150401032
3,13588.2185763872,13584.9472578792,421133.3,2.86295419942253,30,31,1654570516.6356,78620.3052280556,5.21969502659097,4.95953442659097
4,13460.9097666597,13460.9829867764,417290.4,2.48323616584455,30,31,1539146192.93897,89426.1992715415,5.21969502659097,5.19092150401032
5,14850.9096453322,14850.9828654489,460380.4,2.48125726414846,34,35,1538477287.03964,89493.9165939498,5.74949322013935,5.72071969755871
6,13460.9097666597,13460.9829867764,417290.5,2.4976462735802,30,31,1543957419.59162,88936.3221192446,5.21969502659097,5.19092150401032
7,14238.9352943521,14239.0085144687,441409.3,2.50217960274527,34,35,1545567327.30892,88786.7604109445,5.57411174917161,5.54533822659097
8,13496.806857993,13493.5981860727,418301.6,2.53381576855058,30,31,1556794530.88116,87765.4768854882,5.21969502659097,5.15940764594581
9,13496.806857993,13493.5981860727,418301.6,2.5380305035669,30,31,1559028524.28659,87653.0945161051,5.21969502659097,5.15940764594581
