"strata","dload.bi_kgd","dload.ub_kgd","tload_kglenS","degf","lenObs","lenStr","MSE_kglenS","Cl_kglenS","flowmu_m3s","flowav_m3s"
5,181.714307975668,181.537534453592,5627.7,9.70259881858867,23,31,10624.7193912824,74.0396516299095,0.0730756129032258,0.0605918623655914
