"strata","dload.bi_kgd","dload.ub_kgd","tload_kglenS","degf","lenObs","lenStr","MSE_kglenS","Cl_kglenS","flowmu_m3s","flowav_m3s"
1,474.847489598248,474.878785370511,14721.2,20,21,31,59383.2723415104,113.664215561106,0.124555098580645,0.096843456
2,468.198153686177,468.028439864792,14508.9,17.9841319455347,21,31,34706.9804038922,92.2998680668463,0.124555098580645,0.0910941246907021
3,475.073821358189,474.883945842507,14721.4,14.9525454536607,21,31,25081.3795862014,87.3199066005445,0.124555098580645,0.0872206625508685
4,474.15254378032,473.852295335356,14689.4,13.0006127901315,21,31,31469.1807587967,106.288577214671,0.124555098580645,0.0863429886686217
5,572.380525495048,571.848857692584,17727.3,10.8989133137452,26,41,53212.7771336066,153.966115384244,0.150789243612903,0.110747360028674
6,480.753194815378,479.889862220825,14876.5,6.23656365446331,21,31,110089.051008128,322.134603113583,0.124555098580645,0.085799904
7,480.187816592852,476.457586266647,14770.1,2.09839059581646,21,31,541658.519971561,2090.68326939449,0.124555098580645,0.085799904
