"strata","dload.bi_kgd","dload.ub_kgd","tload_kglenS","degf","lenObs","lenStr","MSE_kglenS","Cl_kglenS","flowmu_m3s","flowav_m3s"
1,7817.85891531925,7817.85891531925,234535.8,29,30,30,70126511.7290038,3180.41796363335,2.35809929665778,2.35809929665778
2,7817.85891531925,7817.85891531925,234535.8,20.1100285169491,30,30,53481895.746203,3400.56782453681,2.35809929665778,2.35809929665778
3,7817.85891531925,7817.85891531925,234535.8,10.4283742817139,30,30,11803651.297106,2357.37883383578,2.35809929665778,2.35809929665778
4,7817.85891531925,7817.85891531925,234535.8,9.84497331646049,30,30,11455512.8799205,2408.62963520599,2.35809929665778,2.35809929665778
5,7817.85891531925,7817.85891531925,234535.8,9.23661455032882,30,30,11081149.7225606,2468.11552721231,2.35809929665778,2.35809929665778
6,7817.85891531925,7817.85891531925,234535.8,9.10554495866061,30,30,11001329.7578482,2482.13593533352,2.35809929665778,2.35809929665778
7,7817.85891531925,7817.85891531925,234535.7,9.37726961849936,30,30,12085182.3879499,2552.43177421731,2.35809929665778,2.35809929665778
8,7817.85891531925,7817.85891531925,234535.7,7.10176922329709,30,30,12871364.9529341,3174.17525817607,2.35809929665778,2.35809929665778
9,7817.85891531925,7817.85891531925,234535.7,5.99704485555923,30,30,12960691.7627952,3597.62294657673,2.35809929665778,2.35809929665778
