"strata","dload.bi_kgd","dload.ub_kgd","tload_kglenS","degf","lenObs","lenStr","MSE_kglenS","Cl_kglenS","flowmu_m3s","flowav_m3s"
1,12171.228626516,12171.228626516,365136.9,29,30,30,1319108006.19708,13793.7788117703,6.48233062382222,6.48233062382222
2,12171.228626516,12171.228626516,365136.9,9.68175115295788,30,30,576319890.898269,17267.7444986679,6.48233062382222,6.48233062382222
3,12171.228626516,12171.228626516,365136.9,10.5087487616496,30,30,150870373.593122,8387.38029284279,6.48233062382222,6.48233062382222
4,12171.228626516,12171.228626516,365136.9,6.53153775321807,30,30,121800033.710289,10361.591287462,6.48233062382222,6.48233062382222
5,12171.228626516,12171.228626516,365136.9,5.68553491066315,30,30,106863203.780077,10752.1880326355,6.48233062382222,6.48233062382222
6,12171.228626516,12171.228626516,365136.9,4.829332119278,30,30,98236653.7600384,11718.0956195689,6.48233062382222,6.48233062382222
7,12171.228626516,12171.228626516,365137,4.68464063876438,30,30,96728075.2992374,11921.2351582102,6.48233062382222,6.48233062382222
8,12171.228626516,12171.228626516,365136.8,4.45317656169866,30,30,94284812.350047,12278.6635079353,6.48233062382222,6.48233062382222
9,12171.228626516,12171.228626516,365136.8,4.3991650664704,30,30,93708842.9801554,12368.4972909911,6.48233062382222,6.48233062382222
