"strata","dload.bi_kgd","dload.ub_kgd","tload_kglenS","degf","lenObs","lenStr","MSE_kglenS","Cl_kglenS","flowmu_m3s","flowav_m3s"
1,1422.0740747798,1421.49116509988,44066.2,28,29,31,4291511.07807755,801.940938835314,0.779118483096774,0.805119857103448
2,1429.45675335728,1429.4035511363,44311.5,25.8938541035001,29,31,844439.794749745,371.275552160558,0.779118483096774,0.78996107716129
3,1429.45675335728,1429.4035511363,44311.6,22.232676228103,29,31,701428.709710295,368.141364557359,0.779118483096774,0.78996107716129
4,1445.37040559104,1445.38499040296,44806.9,13.57107085068,29,31,455320.366946714,394.026077914382,0.779118483096774,0.778099991741936
5,1445.37040559104,1445.38499040296,44807,9.88465099099075,29,31,312309.281907264,396.681022933532,0.779118483096774,0.778099991741935
6,1445.37040559104,1445.38499040296,44807.1,7.86397970870201,29,31,274199.438154177,431.898017556959,0.779118483096774,0.778099991741935
7,1445.37040559104,1445.38499040296,44806.9,3.44989963251584,29,31,261372.096146594,814.757387508225,0.779118483096774,0.778099991741935
8,1445.37040559104,1445.38499040296,44807,3.22252356422134,29,31,252413.054540216,856.871570669615,0.779118483096774,0.778099991741935
9,1445.37040559104,1445.38499040296,44806.9,3.2610067592826,29,31,254183.424941213,849.595826334584,0.779118483096774,0.778099991741935
