"strata","dload.bi_kgd","dload.ub_kgd","tload_kglenS","degf","lenObs","lenStr","MSE_kglenS","Cl_kglenS","flowmu_m3s","flowav_m3s"
1,1230.5201066876,1230.5201066876,38146.1,30,31,31,157602832.845363,4680.96142861625,0.743290545328172,0.743290545328172
2,1230.5201066876,1230.5201066876,38146.1,3.05692781651494,31,31,4804772.43743576,3948.12869419941,0.743290545328172,0.743290545328172
3,1230.5201066876,1230.5201066876,38146.2,3.03358088103858,31,31,4786375.3265499,3972.56591401349,0.743290545328172,0.743290545328172
4,1230.5201066876,1230.5201066876,38146.1,3.03330956226171,31,31,4786162.54273678,3972.85346639292,0.743290545328172,0.743290545328172
5,1230.5201066876,1230.5201066876,38146.2,3.04187950180045,31,31,4792926.06368599,3963.82350587537,0.743290545328172,0.743290545328172
6,1230.5201066876,1230.5201066876,38146.2,3.04936897165164,31,31,4798845.29124546,3955.99443458054,0.743290545328172,0.743290545328172
7,1230.5201066876,1230.5201066876,38146.2,3.05065547357812,31,31,4799857.75466068,3954.65330923011,0.743290545328172,0.743290545328172
8,1230.5201066876,1230.5201066876,38146.2,3.05977431659802,31,31,4807078.97529812,3945.21146495785,0.743290545328172,0.743290545328172
9,1230.5201066876,1230.5201066876,38146.1,3.0729381334916,31,31,4817509.65038765,3931.72372524508,0.743290545328172,0.743290545328172
