"strata","dload.bi_kgd","dload.ub_kgd","tload_kglenS","degf","lenObs","lenStr","MSE_kglenS","Cl_kglenS","flowmu_m3s","flowav_m3s"
1,636.604711762042,636.604711762042,19734.7,30,31,31,339817.022319645,217.357994240022,0.266929685367742,0.266929685367742
2,636.604711762042,636.604711762042,19734.7,28.0024523108972,31,31,276116.427286245,203.405483852343,0.266929685367742,0.266929685367742
3,636.604711762042,636.604711762042,19734.7,23.7946672092152,31,31,261155.882082225,216.320063052592,0.266929685367742,0.266929685367742
4,636.604711762042,636.604711762042,19734.7,22.9235832041225,31,31,263338.534637377,221.760752410774,0.266929685367742,0.266929685367742
5,636.604711762042,636.604711762042,19734.8,19.1845062315233,31,31,260843.350667239,243.89684059762,0.266929685367742,0.266929685367742
6,636.604711762042,636.604711762042,19734.7,19.4026304639974,31,31,262442.846666163,243.081378191988,0.266929685367742,0.266929685367742
7,636.604711762042,636.604711762042,19734.8,13.8800994703275,31,31,264643.57762304,296.394796783985,0.266929685367742,0.266929685367742
8,636.604711762042,636.604711762042,19734.9,12.3938032527847,31,31,271030.83907827,321.069271210272,0.266929685367742,0.266929685367742
9,636.604711762042,636.604711762042,19734.8,10.1497432527544,31,31,278299.425153678,368.216353970475,0.266929685367742,0.266929685367742
