"strata","dload.bi_kgd","dload.ub_kgd","tload_kglenS","degf","lenObs","lenStr","MSE_kglenS","Cl_kglenS","flowmu_m3s","flowav_m3s"
1,15200.3140618157,15200.3140618157,471209.7,30,31,31,363076201.561503,7104.80142944948,5.37060082580645,5.37060082580645
2,15200.3140618157,15200.3140618157,471209.7,14.4009683718541,31,31,47225262.4802987,3873.84523900579,5.37060082580645,5.37060082580645
3,15200.3140618157,15200.3140618157,471209.8,11.2922548139202,31,31,40700915.7159628,4165.42477020483,5.37060082580645,5.37060082580645
4,15200.3140618157,15200.3140618157,471209.8,10.023866712832,31,31,38342515.0423193,4356.37003814189,5.37060082580645,5.37060082580645
5,15200.3140618157,15200.3140618157,471209.8,9.66435982097084,31,31,37667849.4837212,4419.66605095186,5.37060082580645,5.37060082580645
6,15200.3140618157,15200.3140618157,471209.7,9.70482489014934,31,31,37750251.1030584,4412.67332107903,5.37060082580645,5.37060082580645
7,15200.3140618157,15200.3140618157,471209.7,7.70207412824039,31,31,38288128.9013878,5176.30598932291,5.37060082580645,5.37060082580645
8,15200.3140618157,15200.3140618157,471209.6,7.73411570428845,31,31,38370530.5207251,5167.23731613434,5.37060082580645,5.37060082580645
9,15200.3140618157,15200.3140618157,471209.7,5.92711231979072,31,31,41178440.8629867,6468.85835510784,5.37060082580645,5.37060082580645
