"strata","dload.bi_kgd","dload.ub_kgd","tload_kglenS","degf","lenObs","lenStr","MSE_kglenS","Cl_kglenS","flowmu_m3s","flowav_m3s"
9,8802.0940136704,8802.0940136704,264062.8,8.11320420347381,30,30,37001179.8769181,4912.6730812703,5.61018734222222,5.61018734222222
