"strata","dload.bi_kgd","dload.ub_kgd","tload_kglenS","degf","lenObs","lenStr","MSE_kglenS","Cl_kglenS","flowmu_m3s","flowav_m3s"
1,3682.89245205837,3682.89245205837,114169.7,30,31,31,22440347.1444431,1766.31370344477,1.1217960651871,1.1217960651871
2,3682.89245205837,3682.89245205837,114169.6,6.88408258704989,31,31,11184227.3802678,3024.31074035756,1.1217960651871,1.1217960651871
3,3682.89245205837,3682.89245205837,114169.6,5.92578824120865,31,31,10390593.0699769,3250.01404482305,1.1217960651871,1.1217960651871
4,3682.89245205837,3682.89245205837,114169.6,5.46155574348771,31,31,9952321.75538781,3383.67169689661,1.1217960651871,1.1217960651871
5,3682.89245205837,3682.89245205837,114169.7,5.21031708500331,31,31,9803964.32792355,3483.76143612413,1.1217960651871,1.1217960651871
6,3682.89245205837,3682.89245205837,114169.7,5.21121754832355,31,31,9805081.99766683,3483.48663654003,1.1217960651871,1.1217960651871
7,3682.89245205837,3682.89245205837,114169.7,5.16366942999089,31,31,9759976.78774231,3500.6539064148,1.1217960651871,1.1217960651871
8,3682.89245205837,3682.89245205837,114169.7,5.14320178009553,31,31,9740603.3475111,3508.16935552582,1.1217960651871,1.1217960651871
9,3682.89245205837,3682.89245205837,114169.7,5.14236413105977,31,31,9740042.09625637,3508.52018299528,1.1217960651871,1.1217960651871
