"strata","dload.bi_kgd","dload.ub_kgd","tload_kglenS","degf","lenObs","lenStr","MSE_kglenS","Cl_kglenS","flowmu_m3s","flowav_m3s"
1,3918.580158144,3918.580158144,117557.4,29,30,30,7882592.07297341,1066.29557179504,1.30579776888889,1.30579776888889
2,3918.580158144,3918.580158144,117557.4,27.9883380128059,30,30,7077430.3036476,1030.08646191851,1.30579776888889,1.30579776888889
3,3918.580158144,3918.580158144,117557.4,14.5375862349545,30,30,5208538.96244249,1279.35614644615,1.30579776888889,1.30579776888889
4,3918.580158144,3918.580158144,117557.4,13.0936834403307,30,30,5144518.35950505,1353.17366940557,1.30579776888889,1.30579776888889
5,3918.580158144,3918.580158144,117557.4,13.1232479048027,30,30,5150604.15173346,1352.14056315926,1.30579776888889,1.30579776888889
6,4104.8458032,4104.8458032,123145.4,13.1729587984281,34,34,5160386.97303654,1350.35517706985,1.38508480888889,1.38508480888889
7,3918.580158144,3918.580158144,117557.4,5.29214035858943,30,30,5192111.85922194,2504.47153956457,1.30579776888889,1.30579776888889
8,3918.580158144,3918.580158144,117557.5,5.25279190827701,30,30,5216417.76447645,2525.02640402768,1.30579776888889,1.30579776888889
9,3918.580158144,3918.580158144,117557.4,5.54919045769364,30,30,5395529.52161385,2461.11572909134,1.30579776888889,1.30579776888889
