"strata","dload.bi_kgd","dload.ub_kgd","tload_kglenS","degf","lenObs","lenStr","MSE_kglenS","Cl_kglenS","flowmu_m3s","flowav_m3s"
1,19970.5208457842,19970.5208457842,599115.6,29,30,30,2864089493.80086,20325.2722535407,11.9023490231556,11.9023490231556
2,19970.5208457842,19970.5208457842,599115.7,9.15878185127931,30,30,640985977.112439,18874.7696468749,11.9023490231556,11.9023490231556
3,19970.5208457842,19970.5208457842,599115.6,7.91310895644115,30,30,614221501.645744,20355.4029134892,11.9023490231556,11.9023490231556
4,19970.5208457842,19970.5208457842,599115.6,6.5261474535464,30,30,538006243.697711,21789.8612235652,11.9023490231556,11.9023490231556
5,19970.5208457842,19970.5208457842,599115.7,5.13291843860274,30,30,471711694.832164,24451.9560660644,11.9023490231556,11.9023490231556
6,19970.5208457842,19970.5208457842,599115.7,4.0027225630332,30,30,410956826.749274,28125.0275461006,11.9023490231556,11.9023490231556
7,19970.5208457842,19970.5208457842,599115.7,3.98283338810806,30,30,409933847.718881,28215.549317768,11.9023490231556,11.9023490231556
8,19970.5208457842,19970.5208457842,599115.7,3.97930435909644,30,30,409752076.839543,28231.7248028032,11.9023490231556,11.9023490231556
9,19970.5208457842,19970.5208457842,599115.6,3.97923421821015,30,30,409748465.81708,28232.0467348568,11.9023490231556,11.9023490231556
