"strata","dload.bi_kgd","dload.ub_kgd","tload_kglenS","degf","lenObs","lenStr","MSE_kglenS","Cl_kglenS","flowmu_m3s","flowav_m3s"
7,14678.3164926658,14678.421236082,455031.1,6.57801049340832,25,31,94927052.9441615,9100.91000084405,4.7490805587957,4.69993720911828
