"strata","dload.bi_kgd","dload.ub_kgd","tload_kglenS","degf","lenObs","lenStr","MSE_kglenS","Cl_kglenS","flowmu_m3s","flowav_m3s"
1,4470.37703536998,4470.37703536998,134111.3,29,30,30,3684989.99885077,729.056583838972,2.12519251544889,2.12519251544889
2,4470.37703536998,4470.37703536998,134111.3,14.0532879089464,30,30,2598485.78066084,921.936129040808,2.12519251544889,2.12519251544889
3,4470.37703536998,4470.37703536998,134111.3,11.6248653637405,30,30,2350513.96126496,983.250204166031,2.12519251544889,2.12519251544889
4,4470.37703536998,4470.37703536998,134111.3,6.82984050791749,30,30,2029909.89672608,1295.66506439079,2.12519251544889,2.12519251544889
5,4470.37703536998,4470.37703536998,134111.2,5.51871313577066,30,30,1792275.59796055,1424.46218700371,2.12519251544889,2.12519251544889
6,4470.37703536998,4470.37703536998,134111.2,4.99104978730948,30,30,1702263.63063004,1502.04581682212,2.12519251544889,2.12519251544889
7,4470.37703536998,4470.37703536998,134111.2,4.98881302210443,30,30,1703404.84831644,1503.08915805841,2.12519251544889,2.12519251544889
8,4470.37703536998,4470.37703536998,134111.2,4.88605902521116,30,30,1685557.90795353,1520.46720378186,2.12519251544889,2.12519251544889
9,4470.37703536998,4470.37703536998,134111.2,4.84941252939892,30,30,1679202.62818806,1526.88775461242,2.12519251544889,2.12519251544889
