"strata","dload.bi_kgd","dload.ub_kgd","tload_kglenS","degf","lenObs","lenStr","MSE_kglenS","Cl_kglenS","flowmu_m3s","flowav_m3s"
1,26161.3817815747,26133.9898434796,810153.7,28,29,31,5116499243.01243,27690.0489045074,14.9272415399484,15.7911558177269
2,26292.043439862,26283.9241782017,814801.6,16.9449000833211,29,31,986526205.788334,16102.2620159833,14.9272415399484,15.6899434654108
3,26302.5966082669,26299.4877731619,815284.1,3.82674360512365,29,31,614497466.208728,35820.337743936,14.9272415399484,15.2554194581457
4,26310.4150853846,26310.1023835479,815613.1,3.38147667468034,29,31,577208746.979385,39047.3522914829,14.9272415399484,15.0996162635688
5,26303.150752576,26303.6381866537,815412.7,3.22783809939267,29,31,563808863.838838,40429.5280158558,14.9272415399484,15.1174839664557
6,26296.3058578648,26295.524189419,815161.2,3.2004194498799,29,31,561441887.849461,40696.5575250885,14.9272415399484,15.0221391644089
7,26309.3876774718,26308.7646576291,815571.6,3.18232438078978,29,31,559849985.427654,40875.2180028603,14.9272415399484,14.9375924873789
8,26309.3876774718,26308.7646576291,815571.7,3.17886185672577,29,31,559545333.38962,40909.7277037802,14.9272415399484,14.9375924873789
9,26306.0898321847,26306.2457358145,815493.6,3.17836756010832,29,31,559501916.713685,40914.6654650684,14.9272415399484,14.9733565905548
