"strata","dload.bi_kgd","dload.ub_kgd","tload_kglenS","degf","lenObs","lenStr","MSE_kglenS","Cl_kglenS","flowmu_m3s","flowav_m3s"
1,10207.0461645463,10146.4112782602,304392.3,19,20,30,1755386529.81097,20117.9534906573,10.88886015328,14.6570819733867
2,10740.5702428591,10729.2940267184,321878.8,4.20359620743732,20,30,1267970265.36818,47313.3980537377,10.88886015328,10.7005941255704
3,10863.5520032222,10857.590635898,325727.8,3.08443098705314,20,30,1236815615.00374,62751.7930566499,10.88886015328,10.4922318181826
4,10945.0045738346,10933.4374917557,328003.2,3.10257294049746,20,30,1240468800.46586,62460.7902460919,10.88886015328,10.44364360192
5,11041.5522978342,11016.0685743425,330482.1,3.15747145927633,20,30,1251515239.67224,61608.5234879144,10.88886015328,10.3959311872863
6,11066.1149502015,11015.3248698401,330459.8,2.21139240930943,20,30,1288742700.49825,94911.0157020368,10.88886015328,10.4354043570133
