"strata","dload.bi_kgd","dload.ub_kgd","tload_kglenS","degf","lenObs","lenStr","MSE_kglenS","Cl_kglenS","flowmu_m3s","flowav_m3s"
1,3751.27681253574,3751.27681253574,116289.6,30,31,31,27813972.6385373,1966.45749846456,1.82506343225806,1.82506343225806
2,3751.27681253574,3751.27681253574,116289.5,26.7652003516543,31,31,11875664.022794,1367.29897330023,1.82506343225806,1.82506343225806
3,3751.27681253574,3751.27681253574,116289.6,12.634530709028,31,31,6689717.13592714,1576.63361801206,1.82506343225806,1.82506343225806
4,3751.27681253574,3751.27681253574,116289.6,3.65444573546167,31,31,3033262.32528075,2626.67126957085,1.82506343225806,1.82506343225806
5,3751.27681253574,3751.27681253574,116289.6,3.41927079795506,31,31,2933041.13250529,2753.21717773702,1.82506343225806,1.82506343225806
6,3751.27681253574,3751.27681253574,116289.6,3.39252006072689,31,31,2921531.42606765,2769.07976320333,1.82506343225806,1.82506343225806
7,3751.27681253574,3751.27681253574,116289.6,3.39100134822045,31,31,2920878.89337406,2769.99101885634,1.82506343225806,1.82506343225806
8,3751.27681253574,3751.27681253574,116289.6,3.39520915025743,31,31,2922693.36869897,2767.4720899678,1.82506343225806,1.82506343225806
9,3751.27681253574,3751.27681253574,116289.6,3.40008584897742,31,31,2924891.94154262,2764.60859944822,1.82506343225806,1.82506343225806
