"strata","dload.bi_kgd","dload.ub_kgd","tload_kglenS","degf","lenObs","lenStr","MSE_kglenS","Cl_kglenS","flowmu_m3s","flowav_m3s"
5,5966.4041736587,5960.28524091596,184768.8,4.9326000594556,24,31,12546477.7836484,4116.62863741663,2.1142708271828,2.46055118923011
