"strata","dload.bi_kgd","dload.ub_kgd","tload_kglenS","degf","lenObs","lenStr","MSE_kglenS","Cl_kglenS","flowmu_m3s","flowav_m3s"
9,3157.641480832,3157.641480832,94729.3,3.54871401432694,30,30,3077186.19291694,2720.39049699334,0.963400462222222,0.963400462222222
