"strata","dload.bi_kgd","dload.ub_kgd","tload_kglenS","degf","lenObs","lenStr","MSE_kglenS","Cl_kglenS","flowmu_m3s","flowav_m3s"
1,13669.0336818099,13661.5270108016,423507.3,29,30,31,1607387226.86072,15226.6139155312,12.0023542807742,12.2181847781333
2,13735.1958831078,13721.2544987323,425358.9,27.0818794443685,30,31,1421877580.35159,14865.2340976375,12.0023542807742,12.0826461104516
3,13640.9365121813,13623.9091782359,422341.2,18.4635880786846,30,31,537918581.754624,11319.549819653,12.0023542807742,12.6886212807127
4,13703.0218530763,13689.1557673526,424363.9,24.8771121128177,30,31,356891078.730799,7802.73006367305,12.0023542807742,12.1745386936774
5,13703.0218530763,13689.1557673526,424363.9,7.2523668393124,30,31,356397701.62719,16460.161771711,12.0023542807742,12.1745386936774
6,13703.0218530763,13689.1557673526,424363.9,6.20263182489744,30,31,328940731.709709,17679.0755149692,12.0023542807742,12.1745386936774
7,13703.0218530763,13689.1557673526,424363.9,6.15819303190173,30,31,327993726.889838,17747.0451893955,12.0023542807742,12.1745386936774
8,13703.0218530763,13689.1557673526,424363.8,6.13432893506982,30,31,327569848.296094,17786.3064489571,12.0023542807742,12.1745386936774
9,13703.0218530763,13689.1557673526,424363.8,6.13121772856375,30,31,327486745.16177,17790.6941063983,12.0023542807742,12.1745386936774
