"strata","dload.bi_kgd","dload.ub_kgd","tload_kglenS","degf","lenObs","lenStr","MSE_kglenS","Cl_kglenS","flowmu_m3s","flowav_m3s"
1,10164.8412266365,10069.6534232833,312159.3,20,21,31,1365514877.26295,17236.1360785849,7.10935136481541,6.34642100554268
2,9897.49703562873,9881.17800808885,306316.6,3.30319814270992,21,31,77855354.9175118,14678.2247555807,7.10935136481541,7.84968757759611
3,9792.67052181801,9790.71764329882,303512.2,2.73467840074155,21,31,52352040.3479885,14720.7023489776,7.10935136481541,8.19956234297566
4,9818.07707961058,9813.51065906307,304218.8,2.54370095261284,21,31,50472362.2371274,15729.0842264357,7.10935136481541,8.58980763664688
5,9751.07136471138,9748.10315300635,302191.2,2.39958297733434,21,31,49014114.3432248,16649.8690335765,7.10935136481541,8.29364496578237
6,9732.97618731824,9730.93579184401,301658.9,2.39515594792166,21,31,48968786.0426935,16680.7993503382,7.10935136481541,8.25985297548559
7,9755.02033636257,9752.49595520506,302327.3,2.43706972505955,21,31,49398860.8748469,16395.05942502,7.10935136481541,8.33436939588989
