"strata","dload.bi_kgd","dload.ub_kgd","tload_kglenS","degf","lenObs","lenStr","MSE_kglenS","Cl_kglenS","flowmu_m3s","flowav_m3s"
1,176.012949462482,175.940392993178,5454.2,27,28,31,90719.6015284623,118.935134932955,0.054409338196129,0.0581604317428571
2,176.41465821386,176.408814247047,5468.7,25.518943833298,28,31,50889.9145600375,91.8770055102057,0.054409338196129,0.0571073272757677
3,176.001150559264,176.001232647096,5456.1,12.778148848398,28,31,49199.4934848276,134.289252578411,0.054409338196129,0.0557306411891613
4,176.001150559264,176.001232647096,5456.1,11.6946600568086,28,31,39447.0087442702,126.90896133566,0.054409338196129,0.0557306411891613
5,175.662606111779,175.620852866464,5444.3,11.1394727149848,28,31,38488.7265256697,129.178000999768,0.054409338196129,0.0549522084423963
6,175.662606111779,175.620852866464,5444.3,8.35925400416615,28,31,38598.7010395623,155.533211600539,0.054409338196129,0.0549522084423963
7,175.803666453674,175.675916175827,5445.9,8.48366931806437,28,31,38918.780176564,154.651589723236,0.054409338196129,0.054887854055914
8,175.803666453674,175.675916175827,5445.9,8.58217636617629,28,31,39344.7125194655,154.311999522736,0.054409338196129,0.054887854055914
9,175.817034514762,175.666538906562,5445.6,8.7548230052706,28,31,40387.5727361313,154.305018035265,0.054409338196129,0.0548579387268817
