"strata","dload.bi_kgd","dload.ub_kgd","tload_kglenS","degf","lenObs","lenStr","MSE_kglenS","Cl_kglenS","flowmu_m3s","flowav_m3s"
1,5265.212199936,5265.212199936,157956.4,29,30,30,263826511.642233,6168.82282602096,2.51925130666667,2.51925130666667
2,5265.212199936,5265.212199936,157956.4,11.9793655399234,30,30,112500564.613807,6678.26027541493,2.51925130666667,2.51925130666667
3,5265.212199936,5265.212199936,157956.4,9.19472568380677,30,30,53766114.5459136,5452.6480947749,2.51925130666667,2.51925130666667
4,5265.212199936,5265.212199936,157956.3,7.26271809120928,30,30,43861027.6636919,5768.67234376506,2.51925130666667,2.51925130666667
5,5265.212199936,5265.212199936,157956.4,5.00492814218932,30,30,35091514.3546663,6804.6369162158,2.51925130666667,2.51925130666667
6,5265.212199936,5265.212199936,157956.3,4.54403841265517,30,30,32720788.2352892,7111.46457871485,2.51925130666667,2.51925130666667
7,5265.212199936,5265.212199936,157956.3,4.54358954812676,30,30,32719172.1087519,7111.87732225054,2.51925130666667,2.51925130666667
8,5265.212199936,5265.212199936,157956.4,4.54154830369116,30,30,32711820.7702496,7113.75538363678,2.51925130666667,2.51925130666667
9,5265.212199936,5265.212199936,157956.3,4.5428611417422,30,30,32716549.7290417,7112.54735413525,2.51925130666667,2.51925130666667
