"strata","dload.bi_kgd","dload.ub_kgd","tload_kglenS","degf","lenObs","lenStr","MSE_kglenS","Cl_kglenS","flowmu_m3s","flowav_m3s"
6,624.145010418358,624.145010418358,19348.5,11.6750738686736,31,31,199299.321242062,285.552038926988,0.161550997780645,0.161550997780645
