"strata","dload.bi_kgd","dload.ub_kgd","tload_kglenS","degf","lenObs","lenStr","MSE_kglenS","Cl_kglenS","flowmu_m3s","flowav_m3s"
8,531.395125369897,531.395125369897,15941.8,7.09576349303944,30,30,153494.470176012,346.834246381558,0.385903615744,0.385903615744
