"strata","dload.bi_kgd","dload.ub_kgd","tload_kglenS","degf","lenObs","lenStr","MSE_kglenS","Cl_kglenS","flowmu_m3s","flowav_m3s"
8,12506.8186771884,12506.8186771884,375204.6,3.49314953373234,30,30,86154245.327781,14614.5946319897,6.45560234910756,6.45560234910756
