"strata","dload.bi_kgd","dload.ub_kgd","tload_kglenS","degf","lenObs","lenStr","MSE_kglenS","Cl_kglenS","flowmu_m3s","flowav_m3s"
5,2169.31541289618,2169.65736005019,67259.2,5.15849644530955,24,31,405743.16713855,714.322121713052,0.694126978064516,0.7008408
