"strata","dload.bi_kgd","dload.ub_kgd","tload_kglenS","degf","lenObs","lenStr","MSE_kglenS","Cl_kglenS","flowmu_m3s","flowav_m3s"
5,7027.31808880865,7030.17562171611,196844.9,6.77493001856635,17,28,2217902.65932939,1362.11255503058,2.22843102857143,2.38821868571429
