"strata","dload.bi_kgd","dload.ub_kgd","tload_kglenS","degf","lenObs","lenStr","MSE_kglenS","Cl_kglenS","flowmu_m3s","flowav_m3s"
5,4339.04618105575,4339.03048234916,134509.9,3.46545545703403,26,31,10098440.4169006,5042.26121530811,1.96105258064516,1.8552451827957
