"strata","dload.bi_kgd","dload.ub_kgd","tload_kglenS","degf","lenObs","lenStr","MSE_kglenS","Cl_kglenS","flowmu_m3s","flowav_m3s"
1,7174.47851382932,7170.4586480354,215113.8,28,29,30,465632582.452796,8353.31669324528,6.65598969244444,6.87173875494253
2,7171.43523159888,7165.37382533697,214961.3,18.8998419363562,29,30,406720663.53207,9712.90294553871,6.65598969244444,6.81552549487407
3,7171.91666686885,7167.5770174694,215027.3,5.17992002602916,29,30,292018278.982954,19100.8755111171,6.65598969244444,6.85368716788889
4,7179.60244168759,7178.78367176302,215363.5,3.53987598464336,29,30,243956996.739596,24280.0043574498,6.65598969244444,6.67446771540741
5,7179.60244168759,7178.78367176302,215363.5,3.15053914767125,29,30,226335017.851505,26259.2655237209,6.65598969244444,6.67446771540741
6,7183.33286683655,7183.15012520497,215494.4,3.08753394281621,29,30,224056180.690676,26680.5928458876,6.65598969244444,6.66330136987654
7,7187.39220955951,7187.39492096687,215621.8,3.08489036813153,29,30,223960228.506872,26698.7825091264,6.65598969244444,6.65410190577778
8,7187.39220955951,7187.39492096687,215621.8,3.08422197842458,29,30,223935963.888202,26703.3882123132,6.65598969244444,6.65410190577778
9,7187.39220955951,7187.39492096687,215621.8,3.0949265750039,29,30,224335282.906449,26630.5986754077,6.65598969244444,6.65410190577778
