"strata","dload.bi_kgd","dload.ub_kgd","tload_kglenS","degf","lenObs","lenStr","MSE_kglenS","Cl_kglenS","flowmu_m3s","flowav_m3s"
1,14329.4860794047,14271.6003303984,442419.6,24,25,31,3069120063.57263,23339.3988978918,4.7490805587957,5.13178192810667
2,14547.6430522779,14529.3982785317,450411.3,17.987385453153,25,31,197018839.486411,6953.47066416523,4.7490805587957,5.14392309551423
3,14098.8732175272,14059.0733164237,435831.3,15.1166536904312,25,31,135879238.179782,6386.04483051745,4.7490805587957,5.28374526577103
4,14680.8976400466,14681.0920384167,455113.8,17.374036585773,25,31,98032470.8331328,5003.42491071002,4.7490805587957,4.73770816653763
5,14680.8976400466,14681.0920384167,455113.9,14.1185137232962,25,31,97513560.1903259,5632.2279456315,4.7490805587957,4.73770816653763
6,14678.3164926658,14678.421236082,455031.1,6.64384548507453,25,31,95403228.8718554,9058.83471514136,4.7490805587957,4.69993720911828
7,14678.3164926658,14678.421236082,455031.1,6.57801049340832,25,31,94927052.9441615,9100.91000084405,4.7490805587957,4.69993720911828
