"strata","dload.bi_kgd","dload.ub_kgd","tload_kglenS","degf","lenObs","lenStr","MSE_kglenS","Cl_kglenS","flowmu_m3s","flowav_m3s"
1,10828.0059810084,10828.0059810084,335668.2,30,31,31,2769264763.08134,19621.6395118397,9.75996805025376,9.75996805025376
2,10828.0059810084,10828.0059810084,335668.2,12.715051474714,31,31,1393169912.81966,22665.2834280107,9.75996805025376,9.75996805025376
3,10828.0059810084,10828.0059810084,335668.2,5.54880041757593,31,31,361359352.75924,20142.2519708856,9.75996805025376,9.75996805025376
4,10828.0059810084,10828.0059810084,335668.2,3.82943248414616,31,31,193236328.405097,20074.0257151792,9.75996805025376,9.75996805025376
5,10828.0059810084,10828.0059810084,335668.3,2.89174703309782,31,31,167317804.21156,24728.4440393076,9.75996805025376,9.75996805025376
6,10828.0059810084,10828.0059810084,335668.3,2.43112658972953,31,31,153153622.573613,28955.6850856096,9.75996805025376,9.75996805025376
7,10828.0059810084,10828.0059810084,335668.3,2.36698044929242,31,31,151115201.149446,29743.9531178844,9.75996805025376,9.75996805025376
8,10828.0059810084,10828.0059810084,335668.3,2.35930115818379,31,31,150869596.960685,29842.668844876,9.75996805025376,9.75996805025376
9,10828.0059810084,10828.0059810084,335668.3,2.37881703120248,31,31,151545204.757604,29598.7655724626,9.75996805025376,9.75996805025376
