"strata","dload.bi_kgd","dload.ub_kgd","tload_kglenS","degf","lenObs","lenStr","MSE_kglenS","Cl_kglenS","flowmu_m3s","flowav_m3s"
7,8616.8408641152,8616.8408641152,258505.3,7.13969653133087,30,30,73343737.2594071,7548.90065092459,5.29854522666667,5.29854522666667
