"strata","dload.bi_kgd","dload.ub_kgd","tload_kglenS","degf","lenObs","lenStr","MSE_kglenS","Cl_kglenS","flowmu_m3s","flowav_m3s"
1,531.395125369897,531.395125369897,15941.9,29,30,30,1210298.90096846,417.820167628559,0.385903615744,0.385903615744
2,531.395125369897,531.395125369897,15941.8,25.6270276124597,30,30,306776.344091517,225.05737052626,0.385903615744,0.385903615744
3,531.395125369897,531.395125369897,15941.9,25.3233172878014,30,30,190639.508750467,178.580900158295,0.385903615744,0.385903615744
4,531.395125369897,531.395125369897,15941.8,20.9289121801268,30,30,168739.681051031,186.770298687793,0.385903615744,0.385903615744
5,531.395125369897,531.395125369897,15941.9,12.1248780281234,30,30,156978.406578957,247.631186144897,0.385903615744,0.385903615744
6,531.395125369897,531.395125369897,15941.9,12.0152119547401,30,30,156249.561602733,248.42919405677,0.385903615744,0.385903615744
7,531.395125369897,531.395125369897,15941.9,8.49612835310375,30,30,154183.962888843,307.519020270394,0.385903615744,0.385903615744
8,531.395125369897,531.395125369897,15941.8,7.09576349303944,30,30,153494.470176012,346.834246381558,0.385903615744,0.385903615744
9,531.395125369897,531.395125369897,15941.8,2.8599501480437,30,30,163812.349905119,783.190459698657,0.385903615744,0.385903615744
