"strata","dload.bi_kgd","dload.ub_kgd","tload_kglenS","degf","lenObs","lenStr","MSE_kglenS","Cl_kglenS","flowmu_m3s","flowav_m3s"
8,13624.7115129315,13624.7115129315,422366,3.99178735697702,31,31,196579864.313537,19499.675061743,7.80398828731183,7.80398828731183
