"strata","dload.bi_kgd","dload.ub_kgd","tload_kglenS","degf","lenObs","lenStr","MSE_kglenS","Cl_kglenS","flowmu_m3s","flowav_m3s"
9,19623.4614684664,19623.4614684664,608327.3,3.38374900036822,31,31,460745134.433262,34863.2511599919,7.49711821226667,7.49711821226667
