"strata","dload.bi_kgd","dload.ub_kgd","tload_kglenS","degf","lenObs","lenStr","MSE_kglenS","Cl_kglenS","flowmu_m3s","flowav_m3s"
5,6820.33492633116,6820.33492633116,211430.4,15.2672100194894,31,31,128656245.603427,6178.01632627065,3.75471959778802,3.75471959778802
