"strata","dload.bi_kgd","dload.ub_kgd","tload_kglenS","degf","lenObs","lenStr","MSE_kglenS","Cl_kglenS","flowmu_m3s","flowav_m3s"
7,1523.81572793242,1523.81572793242,45714.4,2.44743114082282,30,30,2124029.69983655,3381.85209251688,0.722048510044444,0.722048510044444
