"strata","dload.bi_kgd","dload.ub_kgd","tload_kglenS","degf","lenObs","lenStr","MSE_kglenS","Cl_kglenS","flowmu_m3s","flowav_m3s"
1,3685.80030894182,3685.80030894182,110574,29,30,30,58605050.0254936,2907.43892167656,2.27418828053333,2.27418828053333
2,3685.80030894182,3685.80030894182,110574,27.9999091349243,30,30,43957118.1650365,2566.56720104589,2.27418828053333,2.27418828053333
3,3685.80030894182,3685.80030894182,110574,11.6597454771421,30,30,27443831.4014101,3353.55371070125,2.27418828053333,2.27418828053333
4,3685.80030894182,3685.80030894182,110574,4.53478480946566,30,30,13569526.2654813,4587.44975778347,2.27418828053333,2.27418828053333
5,3685.80030894182,3685.80030894182,110574,4.17416687662939,30,30,13016217.6475855,4823.19309896066,2.27418828053333,2.27418828053333
6,3685.80030894182,3685.80030894182,110574,4.12975442019292,30,30,12950239.8738112,4856.28389021143,2.27418828053333,2.27418828053333
7,3685.80030894182,3685.80030894182,110574,4.12478162791189,30,30,12942438.234502,4859.96805808003,2.27418828053333,2.27418828053333
8,3685.80030894182,3685.80030894182,110574.1,4.12556453614973,30,30,12943669.9575617,4859.38791921579,2.27418828053333,2.27418828053333
9,3685.80030894182,3685.80030894182,110574.1,4.12650850072515,30,30,12945151.340772,4858.68811375814,2.27418828053333,2.27418828053333
