"strata","dload.bi_kgd","dload.ub_kgd","tload_kglenS","degf","lenObs","lenStr","MSE_kglenS","Cl_kglenS","flowmu_m3s","flowav_m3s"
7,533.50222683103,533.50222683103,16538.6,14.8626701233907,31,31,35375.2012843206,104.070040774349,0.228458724473118,0.228458724473118
