"strata","dload.bi_kgd","dload.ub_kgd","tload_kglenS","degf","lenObs","lenStr","MSE_kglenS","Cl_kglenS","flowmu_m3s","flowav_m3s"
5,866.951275379861,866.951275379861,26875.4,3.4925180992234,31,31,3303826.27940343,2862.41720861471,0.784870142795699,0.784870142795699
