"strata","dload.bi_kgd","dload.ub_kgd","tload_kglenS","degf","lenObs","lenStr","MSE_kglenS","Cl_kglenS","flowmu_m3s","flowav_m3s"
1,17906.8416827822,17906.8416827822,537205.3,29,30,30,971531525.645791,11837.8144497734,12.9699816597333,12.9699816597333
2,17906.8416827822,17906.8416827822,537205.3,20.4689872751306,30,30,559246222.032814,10887.3592627219,12.9699816597333,12.9699816597333
3,17906.8416827822,17906.8416827822,537205.2,15.0103321650283,30,30,232005496.298781,8379.20866963785,12.9699816597333,12.9699816597333
4,17906.8416827822,17906.8416827822,537205.2,11.5141910723723,30,30,190398664.881447,8901.66795610422,12.9699816597333,12.9699816597333
5,17906.8416827822,17906.8416827822,537205.2,8.77990648156703,30,30,165987280.094754,9873.63954724471,12.9699816597333,12.9699816597333
6,17906.8416827822,17906.8416827822,537205.2,6.9854913867435,30,30,145923075.816448,10812.0620431091,12.9699816597333,12.9699816597333
7,17906.8416827822,17906.8416827822,537205.2,6.08103399532552,30,30,135935815.014991,11531.7521009121,12.9699816597333,12.9699816597333
8,17906.8416827822,17906.8416827822,537205.2,6.08105731510791,30,30,135936075.859367,11531.7305010484,12.9699816597333,12.9699816597333
9,17906.8416827822,17906.8416827822,537205.1,6.41688439233451,30,30,140337896.862033,11265.2858854907,12.9699816597333,12.9699816597333
