"strata","dload.bi_kgd","dload.ub_kgd","tload_kglenS","degf","lenObs","lenStr","MSE_kglenS","Cl_kglenS","flowmu_m3s","flowav_m3s"
2,10453.0019126908,10300.4902995754,319315.2,2.27678248884698,8,31,691749953.083197,66904.1795998258,5.52163898322581,3.51114618322581
