"strata","dload.bi_kgd","dload.ub_kgd","tload_kglenS","degf","lenObs","lenStr","MSE_kglenS","Cl_kglenS","flowmu_m3s","flowav_m3s"
6,9644.59046620882,9644.59046620882,298982.3,19.3320972803498,31,31,36221323.7281112,2861.62156617994,2.97496970659785,2.97496970659785
