"strata","dload.bi_kgd","dload.ub_kgd","tload_kglenS","degf","lenObs","lenStr","MSE_kglenS","Cl_kglenS","flowmu_m3s","flowav_m3s"
1,8861.98363644697,8861.98363644697,274721.5,30,31,31,1064870178.8263,12167.5008509305,4.97553579354839,4.97553579354839
2,8861.98363644697,8861.98363644697,274721.5,7.02891518504439,31,31,397570565.128352,17769.002131232,4.97553579354839,4.97553579354839
3,8861.98363644697,8861.98363644697,274721.5,4.08304718829684,31,31,224437449.081091,20420.6271123817,4.97553579354839,4.97553579354839
4,8861.98363644697,8861.98363644697,274721.5,2.4561482848234,31,31,160396119.148168,29259.4470763191,4.97553579354839,4.97553579354839
5,8861.98363644697,8861.98363644697,274721.5,2.29042347718872,31,31,154874034.5982,31411.0300898243,4.97553579354839,4.97553579354839
6,8861.98363644697,8861.98363644697,274721.5,2.2707429996552,31,31,154206714.987346,31698.6754853858,4.97553579354839,4.97553579354839
7,8861.98363644697,8861.98363644697,274721.6,2.26326912673516,31,31,153952691.012072,31809.9378597275,4.97553579354839,4.97553579354839
8,8861.98363644697,8861.98363644697,274721.6,2.25922382835588,31,31,153814999.917285,31870.6283766738,4.97553579354839,4.97553579354839
9,8861.98363644697,8861.98363644697,274721.6,2.25853822386775,31,31,153791657.462096,31880.9479929101,4.97553579354839,4.97553579354839
