"strata","dload.bi_kgd","dload.ub_kgd","tload_kglenS","degf","lenObs","lenStr","MSE_kglenS","Cl_kglenS","flowmu_m3s","flowav_m3s"
1,4330.160881792,4330.160881792,129904.8,29,30,30,365380690.92175,7259.65322159617,2.37924990115556,2.37924990115556
2,4330.160881792,4330.160881792,129904.8,11.225232360735,30,30,109093111.760415,6844.72504721284,2.37924990115556,2.37924990115556
3,4330.160881792,4330.160881792,129904.8,8.00089446383138,30,30,89672910.0419832,7719.92340715624,2.37924990115556,2.37924990115556
4,4330.160881792,4330.160881792,129904.8,4.52565262172646,30,30,67506212.5312278,10249.3219272513,2.37924990115556,2.37924990115556
5,4330.160881792,4330.160881792,129904.9,4.28633593997519,30,30,65675831.2473981,10587.5588487211,2.37924990115556,2.37924990115556
6,4330.160881792,4330.160881792,129904.8,4.20692624451215,30,30,64846337.2171757,10692.3417170165,2.37924990115556,2.37924990115556
7,4330.160881792,4330.160881792,129904.8,4.20632530912205,30,30,64841705.1675336,10693.2898602139,2.37924990115556,2.37924990115556
8,4330.160881792,4330.160881792,129904.8,4.20392699179697,30,30,64823214.4175939,10697.0769616295,2.37924990115556,2.37924990115556
9,4330.160881792,4330.160881792,129904.8,4.20520556206014,30,30,64833074.0169829,10695.0574909423,2.37924990115556,2.37924990115556
