"strata","dload.bi_kgd","dload.ub_kgd","tload_kglenS","degf","lenObs","lenStr","MSE_kglenS","Cl_kglenS","flowmu_m3s","flowav_m3s"
7,1454.21084851313,1454.21084851313,45080.4,3.06902844974551,31,31,5057194.85783586,4033.72789158064,0.90556678811871,0.90556678811871
