"strata","dload.bi_kgd","dload.ub_kgd","tload_kglenS","degf","lenObs","lenStr","MSE_kglenS","Cl_kglenS","flowmu_m3s","flowav_m3s"
1,79.8177984414962,79.8162129532602,2474.3,29,30,31,11807.78838063,41.2693244720214,0.0404134237788018,0.0406818026666667
2,79.427437043259,79.4274741775574,2462.2,23.1946644203492,30,31,6155.43995278808,33.6839081822669,0.0404134237788018,0.0409933889605735
3,79.3434418459134,79.3392303508907,2459.5,21.7114206175893,30,31,5931.20083389721,34.3039526796658,0.0404134237788018,0.0408309987096774
4,79.3891841969127,79.3885764255778,2461,12.0072041962166,30,31,4307.99187326291,41.2674386515186,0.0404134237788018,0.040968015483871
5,79.427437043259,79.4274741775574,2462.2,9.93095131144132,30,31,3829.95743194356,43.7978967532795,0.0404134237788018,0.0409933889605735
6,79.3434418459134,79.3392303508907,2459.5,8.8816904753515,30,31,3605.71831305269,45.6723553452218,0.0404134237788018,0.0408309987096774
7,79.3705007014341,79.3692419681955,2460.5,7.97057939614883,30,31,3480.49973004668,48.2186490066737,0.0404134237788018,0.0409353924423963
8,79.3374287669088,79.3294150127206,2459.3,7.86543973283254,30,31,3456.92668909495,48.4884605088399,0.0404134237788018,0.0407396541935484
9,79.3374287669088,79.3294150127206,2459.3,7.88518983149596,30,31,3461.43393038341,48.4377290000235,0.0404134237788018,0.0407396541935484
