"strata","dload.bi_kgd","dload.ub_kgd","tload_kglenS","degf","lenObs","lenStr","MSE_kglenS","Cl_kglenS","flowmu_m3s","flowav_m3s"
9,19970.5208457842,19970.5208457842,599115.6,3.97923421821015,30,30,409748465.81708,28232.0467348568,11.9023490231556,11.9023490231556
