"strata","dload.bi_kgd","dload.ub_kgd","tload_kglenS","degf","lenObs","lenStr","MSE_kglenS","Cl_kglenS","flowmu_m3s","flowav_m3s"
1,17414.1292259716,17414.1292259716,487595.6,27,28,28,4124374967.5267,25359.3824699747,9.48184845504762,9.48184845504762
2,17414.1292259716,17414.1292259716,487595.6,9.41213497588192,28,28,1245905757.64019,25854.1391775198,9.48184845504762,9.48184845504762
3,17414.1292259716,17414.1292259716,487595.5,3.82810319077913,28,28,442548257.260835,30388.4509398742,9.48184845504762,9.48184845504762
4,17414.1292259716,17414.1292259716,487595.7,3.43591287296266,28,28,287231764.451924,27116.6205408664,9.48184845504762,9.48184845504762
5,17414.1292259716,17414.1292259716,487595.7,3.22789860136225,28,28,278470149.797815,28412.7833392995,9.48184845504762,9.48184845504762
6,17414.1292259716,17414.1292259716,487595.7,3.25371410516932,28,28,279594865.995429,28241.319184753,9.48184845504762,9.48184845504762
7,17414.1292259716,17414.1292259716,487595.7,3.14773078304648,28,28,274990248.217438,28971.099845727,9.48184845504762,9.48184845504762
8,17414.1292259716,17414.1292259716,487595.7,3.14759126380846,28,28,274984153.731435,28972.1042745096,9.48184845504762,9.48184845504762
