"strata","dload.bi_kgd","dload.ub_kgd","tload_kglenS","degf","lenObs","lenStr","MSE_kglenS","Cl_kglenS","flowmu_m3s","flowav_m3s"
7,3494.55298652546,3494.55298652546,108331.2,4.97445052716078,31,31,706166.652121686,970.026795022134,1.37013957737634,1.37013957737634
