"strata","dload.bi_kgd","dload.ub_kgd","tload_kglenS","degf","lenObs","lenStr","MSE_kglenS","Cl_kglenS","flowmu_m3s","flowav_m3s"
8,2484.74145185075,2484.74145185075,74542.3,2.76248135704615,30,30,1958836.85296989,2815.03558731059,0.678148031111111,0.678148031111111
