"strata","dload.bi_kgd","dload.ub_kgd","tload_kglenS","degf","lenObs","lenStr","MSE_kglenS","Cl_kglenS","flowmu_m3s","flowav_m3s"
8,8467.50126385837,8455.43101851387,253663,3.02388409452704,28,30,30881899.9824634,10124.9307307425,3.08086626684445,3.90220291662222
