"strata","dload.bi_kgd","dload.ub_kgd","tload_kglenS","degf","lenObs","lenStr","MSE_kglenS","Cl_kglenS","flowmu_m3s","flowav_m3s"
8,3915.03665908751,3914.73270637333,121356.7,5.63563245884339,29,31,1413404.36506552,1244.87025903023,1.68233374366452,1.70597256263226
