"strata","dload.bi_kgd","dload.ub_kgd","tload_kglenS","degf","lenObs","lenStr","MSE_kglenS","Cl_kglenS","flowmu_m3s","flowav_m3s"
1,356.294272043757,356.264846688202,11044.2,27,28,31,420501.408754269,256.060936888994,0.125123718193548,0.124725390857143
2,350.159928339683,350.153624171269,10854.8,25.5519066593347,28,31,56194.9310519449,96.4786972724113,0.125123718193548,0.12521003876129
3,349.187353756526,349.177884401156,10824.5,20.4029365827511,28,31,22491.6162797225,69.1705382983842,0.125123718193548,0.125155688774194
4,348.554733891453,348.54603324016,10804.9,16.1077445537961,28,31,18440.5923259776,71.6886638495869,0.125123718193548,0.125534768516129
5,351.140790261184,351.151895490159,10885.7,8.1502201852161,28,31,16427.4822076476,103.197530306332,0.125123718193548,0.125512283712159
6,351.490823599178,351.501515435662,10896.5,8.06283688936255,28,31,16370.1895770941,103.765782322152,0.125123718193548,0.125699188645161
7,351.490823599178,351.501515435662,10896.5,7.59966114233508,28,31,15875.7390012587,106.371709149358,0.125123718193548,0.125699188645161
8,351.490823599178,351.501515435662,10896.5,7.87495137823916,28,31,16187.6542948074,104.840663926798,0.125123718193548,0.125699188645161
9,350.646693516207,350.602139763614,10868.7,7.66725199356783,28,31,19631.2820834826,117.572224813925,0.125123718193548,0.125315541677419
