"strata","dload.bi_kgd","dload.ub_kgd","tload_kglenS","degf","lenObs","lenStr","MSE_kglenS","Cl_kglenS","flowmu_m3s","flowav_m3s"
4,11017.0768519788,11017.2193483346,319499.3,5.11589679712042,24,29,298407619.168423,19499.4729421621,5.7174499702069,5.66413830514942
