"strata","dload.bi_kgd","dload.ub_kgd","tload_kglenS","degf","lenObs","lenStr","MSE_kglenS","Cl_kglenS","flowmu_m3s","flowav_m3s"
1,738.060549685683,738.049743905168,22141.5,26,27,30,29164.7903660378,68.844057166312,0.234200387022222,0.228114547358025
2,734.667969299118,734.658859387992,22039.8,22.9944765765118,27,30,10723.8861972925,44.6743993336697,0.234200387022222,0.232464803155556
3,734.667969299118,734.658859387992,22039.8,12.0453629907918,27,30,6981.29916144346,52.4320375527362,0.234200387022222,0.232464803155556
4,733.633225389257,733.63510224453,22009,8.64905643719739,27,30,5657.2045450948,58.214623181771,0.234200387022222,0.235215072355556
5,733.633225389257,733.63510224453,22009,7.59018069223425,27,30,5228.91885562052,61.099305158833,0.234200387022222,0.235215072355556
6,733.633225389257,733.63510224453,22009,5.15730966715308,27,30,4189.32845576628,72.5971583056763,0.234200387022222,0.235215072355556
7,733.633225389257,733.63510224453,22009,4.70021261545691,27,30,3990.62132442796,76.3619081995682,0.234200387022222,0.235215072355556
8,733.633225389257,733.63510224453,22009,5.34659673863659,27,30,4304.46629410349,71.5382907071709,0.234200387022222,0.235215072355556
