"strata","dload.bi_kgd","dload.ub_kgd","tload_kglenS","degf","lenObs","lenStr","MSE_kglenS","Cl_kglenS","flowmu_m3s","flowav_m3s"
1,10332.3444012511,10332.3444012511,320302.7,30,31,31,192303938.022584,5170.67381460068,5.5663064516129,5.5663064516129
2,10332.3444012511,10332.3444012511,320302.7,23.8652394158438,31,31,99805116.0605132,4221.93599822687,5.5663064516129,5.5663064516129
3,10332.3444012511,10332.3444012511,320302.6,25.7527907443101,31,31,83109531.781133,3694.36595414096,5.5663064516129,5.5663064516129
4,10332.3444012511,10332.3444012511,320302.6,4.60326935653476,31,31,101065983.343059,12363.8614125862,5.5663064516129,5.5663064516129
5,10332.3444012511,10332.3444012511,320302.6,3.96325978906701,31,31,93699267.7060631,13549.4103864379,5.5663064516129,5.5663064516129
6,10332.3444012511,10332.3444012511,320302.7,3.928496370324,31,31,93285920.8634469,13627.2428735088,5.5663064516129,5.5663064516129
7,10332.3444012511,10332.3444012511,320302.6,3.89891020057387,31,31,92933704.2037308,13694.8806346931,5.5663064516129,5.5663064516129
8,10332.3444012511,10332.3444012511,320302.7,3.8970163042631,31,31,92911124.7314202,13699.2535844293,5.5663064516129,5.5663064516129
9,10332.3444012511,10332.3444012511,320302.8,3.89652327594473,31,31,92905247.8537468,13700.3929658581,5.5663064516129,5.5663064516129
