"strata","dload.bi_kgd","dload.ub_kgd","tload_kglenS","degf","lenObs","lenStr","MSE_kglenS","Cl_kglenS","flowmu_m3s","flowav_m3s"
5,177.600850632074,177.558573584939,5326.8,9.76228469710752,25,30,35349.3159300369,134.521711322062,0.0561616533333333,0.0563189688888889
