"strata","dload.bi_kgd","dload.ub_kgd","tload_kglenS","degf","lenObs","lenStr","MSE_kglenS","Cl_kglenS","flowmu_m3s","flowav_m3s"
8,12973.8094870016,12973.8094870016,389214.4,2.84616839911952,30,30,246473525.730079,30541.7354800423,7.38816775111111,7.38816775111111
