"strata","dload.bi_kgd","dload.ub_kgd","tload_kglenS","degf","lenObs","lenStr","MSE_kglenS","Cl_kglenS","flowmu_m3s","flowav_m3s"
5,11319.1423040087,11310.3675016877,350621.4,5.29720988055409,23,31,56605626.0523993,8263.21688652558,4.71045400774194,4.74255653046595
