"strata","dload.bi_kgd","dload.ub_kgd","tload_kglenS","degf","lenObs","lenStr","MSE_kglenS","Cl_kglenS","flowmu_m3s","flowav_m3s"
6,781.332345327484,781.332345327484,24221.4,16.3639518722509,31,31,137943.311796344,194.28455350234,0.364921341935484,0.364921341935484
