"strata","dload.bi_kgd","dload.ub_kgd","tload_kglenS","degf","lenObs","lenStr","MSE_kglenS","Cl_kglenS","flowmu_m3s","flowav_m3s"
6,942.443333099621,942.438276950933,29215.6,14.7666546359705,29,31,413472.203451666,357.153770451078,0.327616415102968,0.326473254925626
