"strata","dload.bi_kgd","dload.ub_kgd","tload_kglenS","degf","lenObs","lenStr","MSE_kglenS","Cl_kglenS","flowmu_m3s","flowav_m3s"
7,10764.9481000904,10757.1888380772,301201.3,10.4381193096844,26,28,59165722.508397,5274.73922882038,3.31452324099048,3.32900871688571
