"strata","dload.bi_kgd","dload.ub_kgd","tload_kglenS","degf","lenObs","lenStr","MSE_kglenS","Cl_kglenS","flowmu_m3s","flowav_m3s"
1,434.929134967827,434.618274788925,13473.2,25,26,31,301369.848334706,226.125646441397,0.225033740092166,0.259752184615385
2,436.103027446496,436.096410388672,13518.9,6.08578256344753,26,31,214771.970095601,458.106856323758,0.225033740092166,0.242291329032258
3,436.103027446496,436.096410388672,13518.9,5.37344609600224,26,31,145719.60110273,414.617716478109,0.225033740092166,0.242291329032258
4,435.406894133088,435.406894133088,13497.6,5.22551283339077,26,31,143718.92622969,420.833806320519,0.225033740092166,0.226991122580645
5,435.406894133088,435.406894133088,13497.6,5.19277582553802,26,31,143356.129980477,422.384702734549,0.225033740092166,0.226991122580645
6,435.406894133088,435.406894133088,13497.6,5.10482253849474,26,31,142074.200946253,426.208268755905,0.225033740092166,0.226991122580645
7,435.17539059141,435.17539059141,13490.3,5.12553625911839,26,31,142426.90911666,425.36934840048,0.225033740092166,0.226991122580645
8,435.17539059141,435.17539059141,13490.4,5.19669133356711,26,31,143967.582896834,423.033404219137,0.225033740092166,0.226991122580645
