"strata","dload.bi_kgd","dload.ub_kgd","tload_kglenS","degf","lenObs","lenStr","MSE_kglenS","Cl_kglenS","flowmu_m3s","flowav_m3s"
1,13624.7115129315,13624.7115129315,422366.1,30,31,31,2127709135.43751,17199.2370372061,7.80398828731183,7.80398828731183
2,13624.7115129315,13624.7115129315,422366.1,10.1096373079362,31,31,1103891168.39411,23248.7473277924,7.80398828731183,7.80398828731183
3,13624.7115129315,13624.7115129315,422366.1,8.99257939751663,31,31,299668413.880617,13060.3781053771,7.80398828731183,7.80398828731183
4,13624.7115129315,13624.7115129315,422366.1,4.5514690104592,31,31,210062028.054696,17993.9665730497,7.80398828731183,7.80398828731183
5,13624.7115129315,13624.7115129315,422366.1,4.01357234057731,31,31,197115411.772041,19431.4347611153,7.80398828731183,7.80398828731183
6,13624.7115129315,13624.7115129315,422366,4.0000760560088,31,31,196782860.610164,19473.5596371433,7.80398828731183,7.80398828731183
7,13624.7115129315,13624.7115129315,422366,3.99583051322403,31,31,196679888.032851,19486.9683687417,7.80398828731183,7.80398828731183
8,13624.7115129315,13624.7115129315,422366,3.99178735697702,31,31,196579864.313537,19499.675061743,7.80398828731183,7.80398828731183
9,13624.7115129315,13624.7115129315,422366.1,3.99481401450283,31,31,196655982.104268,19490.221356317,7.80398828731183,7.80398828731183
