"strata","dload.bi_kgd","dload.ub_kgd","tload_kglenS","degf","lenObs","lenStr","MSE_kglenS","Cl_kglenS","flowmu_m3s","flowav_m3s"
1,14706.5411968795,14694.8848107462,455541.4,29,30,31,2670098377.04938,19624.8664915028,4.93025174967742,4.99336091466667
2,14793.3167828033,14791.2073859667,458527.4,21.1218970033377,30,31,297352988.285042,7800.09343645405,4.93025174967742,4.91998564100358
3,14731.3924026234,14729.5820244726,456617,8.0704309097067,30,31,136863463.268763,9481.91696538904,4.93025174967742,4.9836948162212
4,14731.3924026234,14729.5820244726,456617.1,5.25405856498633,30,31,107898674.566991,11481.6881959976,4.93025174967742,4.9836948162212
5,14731.3924026234,14729.5820244726,456617.1,5.13692006480299,30,31,106842474.267069,11629.992182763,4.93025174967742,4.9836948162212
6,14728.0513095433,14728.3020997423,456577.4,4.95533370776002,30,31,106848859.325309,11969.0148145856,4.93025174967742,4.91860532387097
7,14728.0513095433,14728.3020997423,456577.4,5.01867404162973,30,31,107703905.971483,11895.0643854581,4.93025174967742,4.91860532387097
8,14731.893039818,14731.9671377627,456691,4.80054675233082,30,31,108711346.869626,12387.194738577,4.93025174967742,4.92987114752688
9,14731.893039818,14731.9671377627,456691,4.86159481935502,30,31,109566393.515799,12308.6369134752,4.93025174967742,4.92987114752688
