"strata","dload.bi_kgd","dload.ub_kgd","tload_kglenS","degf","lenObs","lenStr","MSE_kglenS","Cl_kglenS","flowmu_m3s","flowav_m3s"
6,692.633190833726,692.633190833726,20779,6.81429275153527,30,30,121666.987950543,317.718362715464,0.226280303914667,0.226280303914667
