"strata","dload.bi_kgd","dload.ub_kgd","tload_kglenS","degf","lenObs","lenStr","MSE_kglenS","Cl_kglenS","flowmu_m3s","flowav_m3s"
2,18358.1677420066,18354.7310791876,568996.6,10.5473684559968,26,31,5106292079.18314,48682.9214219366,5.11830148710538,4.59785954107312
