"strata","dload.bi_kgd","dload.ub_kgd","tload_kglenS","degf","lenObs","lenStr","MSE_kglenS","Cl_kglenS","flowmu_m3s","flowav_m3s"
1,18820.3326748477,18755.8314663487,525163.3,21,22,28,3744182644.6116,27768.445328115,11.5660126353714,11.7354388991273
2,18018.40846267,17826.9230088492,499153.8,19.9171063853465,22,28,3573638569.98032,27948.9034607436,11.5660126353714,11.2257412461752
3,20322.0473228544,20312.7445198746,568756.8,10.6075874897813,22,28,2784031245.16188,35818.6852735515,11.5660126353714,9.57316380229388
4,19727.6121497771,19700.4715059794,551613.2,10.295032090661,22,28,2742711071.60162,36227.1393805147,11.5660126353714,9.62804320542857
5,19727.6121497771,19700.4715059794,551613.2,3.61013501201945,22,28,2725055215.29639,79642.0089530761,11.5660126353714,9.62804320542857
6,19727.6121497771,19700.4715059794,551613.2,3.56612152262557,22,28,2708352732.8408,80329.4903178111,11.5660126353714,9.62804320542857
