"strata","dload.bi_kgd","dload.ub_kgd","tload_kglenS","degf","lenObs","lenStr","MSE_kglenS","Cl_kglenS","flowmu_m3s","flowav_m3s"
8,3223.14838033221,3219.42573961172,99802.2,2.78943927720512,25,31,5816763.39985891,4798.23154432454,6.62042078017524,7.65423163255742
