"strata","dload.bi_kgd","dload.ub_kgd","tload_kglenS","degf","lenObs","lenStr","MSE_kglenS","Cl_kglenS","flowmu_m3s","flowav_m3s"
4,326.408155515871,326.408155515871,10118.7,17.5963821866861,31,31,67184.7184671855,130.031345005388,0.125141987096774,0.125141987096774
