"strata","dload.bi_kgd","dload.ub_kgd","tload_kglenS","degf","lenObs","lenStr","MSE_kglenS","Cl_kglenS","flowmu_m3s","flowav_m3s"
8,10803.3588386653,10793.8056229748,334607.9,7.41333455097676,29,31,47286508.1284828,5905.21549814341,5.01916345686022,5.14555321004731
