"strata","dload.bi_kgd","dload.ub_kgd","tload_kglenS","degf","lenObs","lenStr","MSE_kglenS","Cl_kglenS","flowmu_m3s","flowav_m3s"
7,4413.72396759583,4413.28710814096,136811.9,9.45879016239863,30,31,1294441.15505894,830.700375044685,1.78502408602151,1.79217940645161
