"strata","dload.bi_kgd","dload.ub_kgd","tload_kglenS","degf","lenObs","lenStr","MSE_kglenS","Cl_kglenS","flowmu_m3s","flowav_m3s"
9,10641.4588768256,10641.4588768256,319243.8,5.1126806176134,30,30,60932166.3139872,8815.71903277636,6.92031128888889,6.92031128888889
