"strata","dload.bi_kgd","dload.ub_kgd","tload_kglenS","degf","lenObs","lenStr","MSE_kglenS","Cl_kglenS","flowmu_m3s","flowav_m3s"
6,13362.3210917429,13362.3210917429,387507.4,5.16432737281084,29,29,94384269.8286351,10885.0621677266,5.58361728735632,5.58361728735632
