"strata","strata.n","dload.bi_kgd","dload.ub_kgd","tload_kglenS","degf","lenObs","lenStr","MSE_kglenS","Cl_kglenS","flowmu_m3s","flowav_m3s"
1,1,9176.76320324917,9020.06643822324,279622.1,7,8,31,1003665918.27916,28314.4224786731,5.52163898322581,3.9422295
2,1,4302.46917542893,4237.90144499055,46616.9,4,5,11,364971.779304491,9225.31965096662,2.78984836363636,4.54059888
2,2,13835.7949181849,13634.9141695971,272698.3,2,3,20,1618970.91946838,77423.1464713158,7.024123824,2.9449472
