"strata","dload.bi_kgd","dload.ub_kgd","tload_kglenS","degf","lenObs","lenStr","MSE_kglenS","Cl_kglenS","flowmu_m3s","flowav_m3s"
7,8083.86737483739,8083.86737483739,226348.5,3.00078360689127,28,28,1241881570.39421,64732.0977197812,4.55617986209524,4.55617986209524
