"strata","dload.bi_kgd","dload.ub_kgd","tload_kglenS","degf","lenObs","lenStr","MSE_kglenS","Cl_kglenS","flowmu_m3s","flowav_m3s"
7,1097.29749358387,1097.29749358387,32918.8,11.5368688506132,30,30,533051.383932789,470.432877925107,0.420054557511111,0.420054557511111
