"strata","dload.bi_kgd","dload.ub_kgd","tload_kglenS","degf","lenObs","lenStr","MSE_kglenS","Cl_kglenS","flowmu_m3s","flowav_m3s"
6,347.605136245475,347.249364541393,10417.5,13.7758594160648,28,30,76027.5688589701,159.578236484808,0.158102133333333,0.171841025185185
