"strata","dload.bi_kgd","dload.ub_kgd","tload_kglenS","degf","lenObs","lenStr","MSE_kglenS","Cl_kglenS","flowmu_m3s","flowav_m3s"
1,23697.055721916,23664.5419400442,709936.3,27,28,30,5588555917.30771,29519.5275844008,15.3447228970667,13.2713155611429
2,24531.2414841605,24523.772388583,735713.1,6.98620846812433,28,30,1475023047.48672,34372.77513323,15.3447228970667,12.9144699084231
3,23505.8189208577,23482.5622457683,704476.8,4.67913296443589,28,30,1184356345.59053,41754.9458690931,15.3447228970667,13.2243609130667
4,23562.6937374361,23541.3263424917,706239.8,2.96594629231046,28,30,933995985.453341,56843.0420458226,15.3447228970667,13.0904224490667
5,23505.8189208577,23482.5622457683,704476.8,2.88094153657007,28,30,922464362.462768,58301.5065291281,15.3447228970667,13.2243609130667
6,23505.8189208577,23482.5622457683,704476.9,2.81603548327771,28,30,911666174.02749,59436.6249325124,15.3447228970667,13.2243609130667
7,23505.8189208577,23482.5622457683,704476.9,2.8089524947468,28,30,910518220.218648,59566.1389089347,15.3447228970667,13.2243609130667
8,23505.8189208577,23482.5622457683,704476.8,2.80698886254585,28,30,910200373.281024,59602.2267589526,15.3447228970667,13.2243609130667
9,23505.8189208577,23482.5622457683,704476.8,2.81570168199566,28,30,911625016.408672,59443.1291490158,15.3447228970667,13.2243609130667
