"strata","dload.bi_kgd","dload.ub_kgd","tload_kglenS","degf","lenObs","lenStr","MSE_kglenS","Cl_kglenS","flowmu_m3s","flowav_m3s"
5,16949.7171696683,16949.7171696683,474592.1,6.30626201940413,28,28,149988996.545594,11794.2560685855,11.3633312626667,11.3633312626667
