"strata","dload.bi_kgd","dload.ub_kgd","tload_kglenS","degf","lenObs","lenStr","MSE_kglenS","Cl_kglenS","flowmu_m3s","flowav_m3s"
3,15660.575329667,15660.6039866626,469818.1,5.71443206312919,12,30,100458643.051653,10385.0525838266,6.96684500548571,6.50405432888889
