"strata","dload.bi_kgd","dload.ub_kgd","tload_kglenS","degf","lenObs","lenStr","MSE_kglenS","Cl_kglenS","flowmu_m3s","flowav_m3s"
7,5288.92980793344,5288.92980793344,163956.8,4.80723798694149,31,31,36400300.5378018,7159.69722602454,2.96909716765591,2.96909716765591
