"strata","dload.bi_kgd","dload.ub_kgd","tload_kglenS","degf","lenObs","lenStr","MSE_kglenS","Cl_kglenS","flowmu_m3s","flowav_m3s"
1,9026.25247699518,9004.49579767627,279139.4,25,26,31,308924732.990932,7239.7948770245,4.59087751152074,5.24813769230769
2,9008.98446530319,8987.45789599368,278611.2,18.4635357190667,26,31,164644834.473728,6262.46971277726,4.59087751152074,5.44470406451613
3,9226.40757676842,9225.97191314482,286005.1,6.47051994632849,26,31,69042059.8391295,7854.12381336975,4.59087751152074,4.50861307526882
4,9226.40757676842,9225.97191314482,286005.1,3.71803385588395,26,31,47973061.9586674,10278.6061634348,4.59087751152074,4.50861307526882
5,9211.87101030625,9210.89265278678,285537.7,4.26429862911075,26,31,44361730.0598521,8740.37837248171,4.59087751152074,4.50168611612903
6,9211.87101030625,9210.89265278678,285537.7,3.95897407527545,26,31,42663166.5768837,9151.6908447823,4.59087751152074,4.50168611612903
7,9179.17832464945,9178.40731130514,284530.6,3.76975728411317,26,31,41623635.2748884,9452.29477646105,4.59087751152074,4.54324787096774
8,9179.17832464945,9178.40731130514,284530.6,3.76256528021186,26,31,41583884.3023948,9464.48140715645,4.59087751152074,4.54324787096774
