"strata","dload.bi_kgd","dload.ub_kgd","tload_kglenS","degf","lenObs","lenStr","MSE_kglenS","Cl_kglenS","flowmu_m3s","flowav_m3s"
1,2085.29445888,2085.29445888,62558.8,29,30,30,2228730.83989329,566.985419541183,0.692817706666667,0.692817706666667
2,2085.29445888,2085.29445888,62558.8,15.8001360366751,30,30,1363422.82774968,623.373027356311,0.692817706666667,0.692817706666667
3,2085.29445888,2085.29445888,62558.9,16.0266373683835,30,30,876200.482899363,495.608034169951,0.692817706666667,0.692817706666667
4,2085.29445888,2085.29445888,62558.9,14.6299881254333,30,30,804158.236538206,500.81968922506,0.692817706666667,0.692817706666667
5,2085.29445888,2085.29445888,62558.8,13.7670349328777,30,30,778902.126071214,510.969849299094,0.692817706666667,0.692817706666667
6,2085.29445888,2085.29445888,62558.8,13.1643941888806,30,30,760741.443693195,518.6745731271,0.692817706666667,0.692817706666667
7,2085.29445888,2085.29445888,62558.8,13.1753365871653,30,30,761551.214408097,518.691808735055,0.692817706666667,0.692817706666667
8,2085.29445888,2085.29445888,62558.8,5.54913395025384,30,30,826024.756227266,962.974789560271,0.692817706666667,0.692817706666667
9,2085.29445888,2085.29445888,62558.8,5.5574406171208,30,30,826834.526942168,962.34414669194,0.692817706666667,0.692817706666667
