"strata","dload.bi_kgd","dload.ub_kgd","tload_kglenS","degf","lenObs","lenStr","MSE_kglenS","Cl_kglenS","flowmu_m3s","flowav_m3s"
7,9463.19175737807,9463.19175737807,293358.9,8.30997610481031,31,31,124762435.081155,8877.47189897666,7.51369541505376,7.51369541505376
