"strata","dload.bi_kgd","dload.ub_kgd","tload_kglenS","degf","lenObs","lenStr","MSE_kglenS","Cl_kglenS","flowmu_m3s","flowav_m3s"
6,9611.05511432879,9605.46057711602,297769.2,8.31022057016152,30,31,81559939.3391229,7177.56796836551,5.17552441147527,5.29036030129893
