"strata","dload.bi_kgd","dload.ub_kgd","tload_kglenS","degf","lenObs","lenStr","MSE_kglenS","Cl_kglenS","flowmu_m3s","flowav_m3s"
8,10828.0059810084,10828.0059810084,335668.3,2.35930115818379,31,31,150869596.960685,29842.668844876,9.75996805025376,9.75996805025376
