"strata","dload.bi_kgd","dload.ub_kgd","tload_kglenS","degf","lenObs","lenStr","MSE_kglenS","Cl_kglenS","flowmu_m3s","flowav_m3s"
1,24390.9219715977,24390.9219715977,731727.7,29,30,30,1199267599.51039,13152.2825366295,16.5252318831467,16.5252318831467
2,24390.9219715977,24390.9219715977,731727.7,14.8661609866091,30,30,1233829383.62745,19433.1790664425,16.5252318831467,16.5252318831467
3,24390.9219715977,24390.9219715977,731727.7,7.62828315593277,30,30,827644069.405033,24225.0164162962,16.5252318831467,16.5252318831467
4,24390.9219715977,24390.9219715977,731727.6,7.00317474436841,30,30,787565117.868149,25073.6745582171,16.5252318831467,16.5252318831467
5,24390.9219715977,24390.9219715977,731727.6,8.27062098947356,30,30,827772058.045085,22939.200309272,16.5252318831467,16.5252318831467
6,24390.9219715977,24390.9219715977,731727.6,6.87108813515553,30,30,789029206.340393,25436.0685162275,16.5252318831467,16.5252318831467
7,24390.9219715977,24390.9219715977,731727.6,6.86287833792487,30,30,788557540.377618,25449.9747377853,16.5252318831467,16.5252318831467
8,24390.9219715977,24390.9219715977,731727.6,6.86150860450917,30,30,788478835.08894,25452.2983269602,16.5252318831467,16.5252318831467
9,24390.9219715977,24390.9219715977,731727.6,5.30906027650157,30,30,916686428.010926,33194.9795137877,16.5252318831467,16.5252318831467
