"strata","dload.bi_kgd","dload.ub_kgd","tload_kglenS","degf","lenObs","lenStr","MSE_kglenS","Cl_kglenS","flowmu_m3s","flowav_m3s"
1,2655.58934803948,2655.58934803948,82323.3,30,31,31,16145966.7749325,1498.25273797321,1.31503584578065,1.31503584578065
2,2655.58934803948,2655.58934803948,82323.3,19.6551367982505,31,31,8858595.26028727,1401.97357823946,1.31503584578065,1.31503584578065
3,2655.58934803948,2655.58934803948,82323.2,18.9818438396126,31,31,8515137.00194982,1401.93848493666,1.31503584578065,1.31503584578065
4,2655.58934803948,2655.58934803948,82323.4,20.7920431393333,31,31,2680491.48450538,747.146714769373,1.31503584578065,1.31503584578065
5,2655.58934803948,2655.58934803948,82323.4,20.0046546079801,31,31,1751804.29983858,617.273284561669,1.31503584578065,1.31503584578065
6,2655.58934803948,2655.58934803948,82323.3,14.8839472210132,31,31,1391952.67154643,652.263761293182,1.31503584578065,1.31503584578065
7,2655.58934803948,2655.58934803948,82323.3,12.1865272187659,31,31,1424838.76662057,743.748451163953,1.31503584578065,1.31503584578065
8,2655.58934803948,2655.58934803948,82323.3,12.4730745023691,31,31,1463420.79791681,743.180140105646,1.31503584578065,1.31503584578065
9,2655.58934803948,2655.58934803948,82323.3,12.6745924521725,31,31,1543495.41779639,755.871936286717,1.31503584578065,1.31503584578065
