"strata","dload.bi_kgd","dload.ub_kgd","tload_kglenS","degf","lenObs","lenStr","MSE_kglenS","Cl_kglenS","flowmu_m3s","flowav_m3s"
6,3638.95369464774,3638.95369464774,112807.6,3.09559076773907,31,31,40037584.5472387,11247.8317814452,1.23200916129032,1.23200916129032
