"strata","dload.bi_kgd","dload.ub_kgd","tload_kglenS","degf","lenObs","lenStr","MSE_kglenS","Cl_kglenS","flowmu_m3s","flowav_m3s"
5,7656.88323817059,7656.88323817059,237363.4,2.1497193396254,31,31,12497956.0557171,9711.8952434844,3.11563965247312,3.11563965247312
