"strata","dload.bi_kgd","dload.ub_kgd","tload_kglenS","degf","lenObs","lenStr","MSE_kglenS","Cl_kglenS","flowmu_m3s","flowav_m3s"
1,14165.7847780562,14112.1414295604,437476.4,20,21,31,1620704268.41413,18777.7513546684,4.09471227094194,2.64286694864762
2,13009.207597851,13012.4713356503,403386.7,18.9989392411173,21,31,87786615.2972017,4499.09678788808,4.09471227094194,3.14624868220903
3,12969.5407350702,12972.0031005322,402132.2,17.5576664574413,21,31,77876690.4820783,4432.66762163025,4.09471227094194,3.14623077868387
4,12969.5407350702,12972.0031005322,402132.2,13.3769654132501,21,31,91446271.522918,5632.34805217542,4.09471227094194,3.14623077868387
5,12969.5407350702,12972.0031005322,402132.2,8.16086416485926,21,31,112746502.336957,8541.91810711269,4.09471227094194,3.14623077868387
6,12969.5407350702,12972.0031005322,402132.2,2.95658116781345,21,31,157624379.314529,23431.1306750157,4.09471227094194,3.14623077868387
