"strata","dload.bi_kgd","dload.ub_kgd","tload_kglenS","degf","lenObs","lenStr","MSE_kglenS","Cl_kglenS","flowmu_m3s","flowav_m3s"
1,11226.436114572,11199.3969998261,347181.3,23,24,31,445353011.252013,9102.83967700699,8.21387459149935,10.0309360348133
2,11399.8927229386,11389.6043939287,353077.8,13.8698396989563,24,31,267353403.515645,9424.83474461029,8.21387459149935,8.5583226669776
3,11399.8927229386,11389.6043939287,353077.8,12.1573025578663,24,31,149465346.659822,7628.66785143267,8.21387459149935,8.5583226669776
4,11436.612531568,11430.6016652761,354348.6,10.5829942166146,24,31,130914012.565138,7778.53594114915,8.21387459149935,8.42272403549626
5,11436.612531568,11430.6016652761,354348.6,8.03697533155811,24,31,95044930.9045922,7923.74635425708,8.21387459149935,8.42272403549626
6,11489.7539795039,11489.8212495928,356184.4,7.04854375409342,24,31,88771383.9043095,8379.97870183323,8.21387459149935,8.21644635067871
7,11510.0393823595,11509.7723736349,356802.9,7.0298685792999,24,31,88653684.5010683,8390.01984026044,8.21387459149935,8.2321319091957
