"strata","dload.bi_kgd","dload.ub_kgd","tload_kglenS","degf","lenObs","lenStr","MSE_kglenS","Cl_kglenS","flowmu_m3s","flowav_m3s"
7,1842.63686712986,1842.63686712986,55279.2,9.93367162375575,30,30,1524255.16651926,873.593514984678,0.463470504533333,0.463470504533333
