"strata","dload.bi_kgd","dload.ub_kgd","tload_kglenS","degf","lenObs","lenStr","MSE_kglenS","Cl_kglenS","flowmu_m3s","flowav_m3s"
1,17103.5189145367,17103.5189145367,530209.1,30,31,31,3560249884.91646,22248.1187193634,11.4862684215054,11.4862684215054
2,17103.5189145367,17103.5189145367,530209.1,28.4023070687609,31,31,1691460042.30842,15797.6789653658,11.4862684215054,11.4862684215054
3,17103.5189145367,17103.5189145367,530209.1,15.7167337379128,31,31,944771191.281099,16460.2030829475,11.4862684215054,11.4862684215054
4,17103.5189145367,17103.5189145367,530209.1,6.64530449997859,31,31,427133192.003011,19164.7981613064,11.4862684215054,11.4862684215054
5,17103.5189145367,17103.5189145367,530209.1,6.20677205431183,31,31,412373066.443483,19784.8802548788,11.4862684215054,11.4862684215054
6,17103.5189145367,17103.5189145367,530209.1,6.00580265070332,31,31,405423154.012534,20099.5051380121,11.4862684215054,11.4862684215054
7,17103.5189145367,17103.5189145367,530209.1,5.59843394958235,31,31,391382370.942704,20820.1051255367,11.4862684215054,11.4862684215054
8,17103.5189145367,17103.5189145367,530209.1,5.40958896397651,31,31,384583241.639814,21189.8506593871,11.4862684215054,11.4862684215054
9,17103.5189145367,17103.5189145367,530209.1,5.40457646988814,31,31,384479886.350066,21202.2106748001,11.4862684215054,11.4862684215054
