"strata","dload.bi_kgd","dload.ub_kgd","tload_kglenS","degf","lenObs","lenStr","MSE_kglenS","Cl_kglenS","flowmu_m3s","flowav_m3s"
1,26788.3285323563,26753.5488426105,829360,23,24,31,2076535628.31152,19655.9659311067,14.7048700901505,16.9008486504444
2,28042.676712104,28034.619066712,869073.2,19.0827731360755,24,31,1345367030.64717,17568.9732935109,14.7048700901505,14.4995181028387
3,28150.30489774,28140.6326899088,872359.7,17.8765524135395,24,31,782057266.638872,13902.8023430839,14.7048700901505,14.6041453802867
4,28150.30489774,28140.6326899088,872359.7,13.5823350988629,24,31,520150435.4846,13311.1569440324,14.7048700901505,14.6041453802867
5,28253.7213589738,28249.2019688389,875725.3,9.77631197190482,24,31,281444878.418752,11992.2318280472,14.7048700901505,14.4687001758065
6,28335.7302683858,28330.6917197375,878251.4,6.76205522866995,24,31,221227928.431695,13622.2504661599,14.7048700901505,14.4545008610753
7,28205.4586635768,28164.4798068743,873098.8,4.91680744022933,24,31,412279091.727826,23659.1624771385,14.7048700901505,14.6664962589247
