"strata","dload.bi_kgd","dload.ub_kgd","tload_kglenS","degf","lenObs","lenStr","MSE_kglenS","Cl_kglenS","flowmu_m3s","flowav_m3s"
5,9743.20384629311,9743.08954203561,292292.6,5.9324649082561,26,30,43273219.769253,6626.89273799091,5.58164580571429,5.68412565333333
