"strata","dload.bi_kgd","dload.ub_kgd","tload_kglenS","degf","lenObs","lenStr","MSE_kglenS","Cl_kglenS","flowmu_m3s","flowav_m3s"
7,5644.49338933685,5643.95497954489,169318.6,8.01493227134513,25,30,8086831.39864574,2315.57327106653,3.24155010576,3.26561938576
