"strata","dload.bi_kgd","dload.ub_kgd","tload_kglenS","degf","lenObs","lenStr","MSE_kglenS","Cl_kglenS","flowmu_m3s","flowav_m3s"
7,4168.60329903276,4168.8277043148,125064.6,5.87746409462318,29,30,4122271.66454684,2059.6353301781,3.4907110448,3.78097502512593
