"strata","dload.bi_kgd","dload.ub_kgd","tload_kglenS","degf","lenObs","lenStr","MSE_kglenS","Cl_kglenS","flowmu_m3s","flowav_m3s"
1,590.159998941007,590.491770621597,17714.8,14,15,30,243078.479041579,282.613785786193,0.217354003770133,0.189279817393067
2,595.783842181981,595.885978248867,17876.5,12.7955247855779,15,30,233931.116043857,292.582791294895,0.217354003770133,0.1776184093352
3,593.965132957706,594.028795289639,17820.8,11.5770082531342,15,30,152963.42289089,251.465499943793,0.217354003770133,0.142731695635556
4,594.189678704033,594.223112469547,17826.6,7.50711519330693,15,30,177135.370696699,358.311809437859,0.217354003770133,0.146752357165511
5,594.529098212478,594.39270758212,17831.7,2.94367590855842,15,30,215007.016319929,869.472395141309,0.217354003770133,0.158814341755378
