"strata","dload.bi_kgd","dload.ub_kgd","tload_kglenS","degf","lenObs","lenStr","MSE_kglenS","Cl_kglenS","flowmu_m3s","flowav_m3s"
8,3851.352110592,3851.352110592,115540.6,8.30604190868711,30,30,377473.54343955,488.458613581031,1.64567802666667,1.64567802666667
