"strata","dload.bi_kgd","dload.ub_kgd","tload_kglenS","degf","lenObs","lenStr","MSE_kglenS","Cl_kglenS","flowmu_m3s","flowav_m3s"
7,2570.99260302187,2570.99260302187,79700.9,5.02950092589594,31,31,1182878.55753612,1244.43814299693,0.921698138322581,0.921698138322581
