"strata","dload.bi_kgd","dload.ub_kgd","tload_kglenS","degf","lenObs","lenStr","MSE_kglenS","Cl_kglenS","flowmu_m3s","flowav_m3s"
5,4480.75866570908,4480.67214342675,125458.8,2.14646682994162,20,28,19370652.8739951,12115.9939766951,0.934373758514499,0.95537512152381
