"strata","dload.bi_kgd","dload.ub_kgd","tload_kglenS","degf","lenObs","lenStr","MSE_kglenS","Cl_kglenS","flowmu_m3s","flowav_m3s"
1,12667.669992704,12667.669992704,380030.1,29,30,30,1640352976.14284,15381.9620297505,8.86819249777778,8.86819249777778
2,12667.669992704,12667.669992704,380030.1,26.0711379287301,30,30,630134086.179994,10104.2136930429,8.86819249777778,8.86819249777778
3,12667.669992704,12667.669992704,380030.1,7.07891347763933,30,30,273817645.890763,14673.3385418771,8.86819249777778,8.86819249777778
4,12667.669992704,12667.669992704,380030.1,5.26675691456515,30,30,225307433.715015,16560.1582037287,8.86819249777778,8.86819249777778
5,12667.669992704,12667.669992704,380030.1,5.2014049840998,30,30,223903482.526888,16671.0448246166,8.86819249777778,8.86819249777778
6,12667.669992704,12667.669992704,380030.1,5.18978345673709,30,30,223652477.318158,16691.0657052522,8.86819249777778,8.86819249777778
7,12667.669992704,12667.669992704,380030.1,5.18730607862832,30,30,223599078.845033,16695.3516103909,8.86819249777778,8.86819249777778
8,12667.669992704,12667.669992704,380030.1,5.18443925219754,30,30,223537275.843792,16700.3170427819,8.86819249777778,8.86819249777778
9,12667.669992704,12667.669992704,380030,5.18439840275947,30,30,223536395.300745,16700.3878463652,8.86819249777778,8.86819249777778
