"strata","dload.bi_kgd","dload.ub_kgd","tload_kglenS","degf","lenObs","lenStr","MSE_kglenS","Cl_kglenS","flowmu_m3s","flowav_m3s"
1,7736.31272494159,7736.31272494159,224353.1,28,29,29,338014009.995525,7117.12537329836,6.85684642905379,6.85684642905379
2,7736.3127249416,7736.3127249416,224353.1,16.6263742061277,29,29,192972088.634565,7200.07394301565,6.85684642905379,6.85684642905379
3,7736.31272494159,7736.31272494159,224353.1,11.6018355901619,29,29,99326885.524696,6399.49420313117,6.85684642905379,6.85684642905379
4,7736.3127249416,7736.3127249416,224353.1,8.50927864860663,29,29,79416717.9479304,6972.0961974072,6.85684642905379,6.85684642905379
5,7736.31272494159,7736.31272494159,224353,7.02652073122919,29,29,75448216.0481995,7742.55433035028,6.85684642905379,6.85684642905379
6,7736.31272494159,7736.31272494159,224353.1,6.4810194652656,29,29,71376701.3254724,7976.47245249457,6.85684642905379,6.85684642905379
7,7736.31272494159,7736.31272494159,224353.2,6.34840053546663,29,29,70639958.3400153,8054.91450415299,6.85684642905379,6.85684642905379
8,7736.31272494159,7736.31272494159,224353.1,6.32216081563771,29,29,70491397.4658507,8070.72223673248,6.85684642905379,6.85684642905379
9,7736.31272494159,7736.31272494159,224353.1,6.06986484810057,29,29,71482171.1498864,8373.69525879064,6.85684642905379,6.85684642905379
