"strata","dload.bi_kgd","dload.ub_kgd","tload_kglenS","degf","lenObs","lenStr","MSE_kglenS","Cl_kglenS","flowmu_m3s","flowav_m3s"
7,8247.351817728,8247.351817728,255667.9,7.13967511801381,31,31,89693799.0818716,8348.03595616871,6.4329375483871,6.4329375483871
