"strata","dload.bi_kgd","dload.ub_kgd","tload_kglenS","degf","lenObs","lenStr","MSE_kglenS","Cl_kglenS","flowmu_m3s","flowav_m3s"
1,1852.80834251148,1852.80834251148,57437.1,30,31,31,2199749.05063845,553.018452067687,0.974189264516129,0.974189264516129
2,1852.80834251148,1852.80834251148,57437,25.4188060689727,31,31,1909712.37088596,564.04485647899,0.974189264516129,0.974189264516129
3,1852.80834251148,1852.80834251148,57437.1,26.068383352581,31,31,1176964.2627844,436.709707145127,0.974189264516129,0.974189264516129
4,1852.80834251148,1852.80834251148,57437,25.1003373188387,31,31,1195638.26647138,449.409273310561,0.974189264516129,0.974189264516129
5,1852.80834251148,1852.80834251148,57437.1,4.20542695469089,31,31,923773.842225592,1276.57911573651,0.974189264516129,0.974189264516129
6,1852.80834251148,1852.80834251148,57437.2,3.72523165196902,31,31,868284.799180487,1380.33483727761,0.974189264516129,0.974189264516129
7,1852.80834251148,1852.80834251148,57437.2,3.66402896560446,31,31,861070.215917125,1396.04836317885,0.974189264516129,0.974189264516129
8,1852.80834251148,1852.80834251148,57437.3,3.60957853445198,31,31,854587.29856789,1410.57515535719,0.974189264516129,0.974189264516129
9,1852.80834251148,1852.80834251148,57437.2,3.69180221307401,31,31,864542.078100002,1388.99087294071,0.974189264516129,0.974189264516129
