"strata","dload.bi_kgd","dload.ub_kgd","tload_kglenS","degf","lenObs","lenStr","MSE_kglenS","Cl_kglenS","flowmu_m3s","flowav_m3s"
1,8802.0940136704,8802.0940136704,264062.8,29,30,30,432825796.214994,7901.31994418421,5.61018734222222,5.61018734222222
2,8802.0940136704,8802.0940136704,264062.9,7.23953282052348,30,30,190374085.327397,12044.9514906822,5.61018734222222,5.61018734222222
3,8802.0940136704,8802.0940136704,264062.8,19.9849148323546,30,30,47141787.788631,3203.90465349499,5.61018734222222,5.61018734222222
4,8802.0940136704,8802.0940136704,264062.7,17.6443741925715,30,30,45436953.121093,3376.28606370675,5.61018734222222,5.61018734222222
5,8802.0940136704,8802.0940136704,264062.8,14.4293398314209,30,30,43419628.9425745,3710.16346763321,5.61018734222222,5.61018734222222
6,8802.0940136704,8802.0940136704,264062.9,8.51382731334069,30,30,37914376.5607157,4815.65815039031,5.61018734222222,5.61018734222222
7,8802.0940136704,8802.0940136704,264062.8,8.47469523729709,30,30,37826886.5856448,4824.8055652189,5.61018734222222,5.61018734222222
8,8802.0940136704,8802.0940136704,264062.9,8.15150648457995,30,30,37088669.851989,4902.96148781965,5.61018734222222,5.61018734222222
9,8802.0940136704,8802.0940136704,264062.8,8.11320420347381,30,30,37001179.8769181,4912.6730812703,5.61018734222222,5.61018734222222
