"strata","dload.bi_kgd","dload.ub_kgd","tload_kglenS","degf","lenObs","lenStr","MSE_kglenS","Cl_kglenS","flowmu_m3s","flowav_m3s"
7,21669.2264691476,21650.9243368267,606226,6.37044796635957,27,28,177446940.329807,12734.3304841591,14.7756101651429,14.9686110689524
