"strata","dload.bi_kgd","dload.ub_kgd","tload_kglenS","degf","lenObs","lenStr","MSE_kglenS","Cl_kglenS","flowmu_m3s","flowav_m3s"
1,470.805201234581,470.805201234581,14595,30,31,31,68786.0101609404,97.7919514353095,0.178578529032258,0.178578529032258
2,470.805201234581,470.805201234581,14595,27.6649567201422,31,31,30104.7557157868,67.6092084085392,0.178578529032258,0.178578529032258
3,470.805201234581,470.805201234581,14594.9,21.7265498200213,31,31,22097.0717631141,66.1867675541456,0.178578529032258,0.178578529032258
4,470.805201234581,470.805201234581,14594.9,15.7084976484892,31,31,20661.4818079601,76.9990357906069,0.178578529032258,0.178578529032258
5,470.805201234581,470.805201234581,14595,15.1606240471022,31,31,20251.1457810265,77.8288689559007,0.178578529032258,0.178578529032258
6,470.805201234581,470.805201234581,14594.9,13.6470211817009,31,31,19676.0508230773,81.6373811472685,0.178578529032258,0.178578529032258
7,470.805201234581,470.805201234581,14595,13.1417709142197,31,31,19265.7147961438,82.6261374850273,0.178578529032258,0.178578529032258
8,470.805201234581,470.805201234581,14595,7.89995871512396,31,31,19082.5730105481,113.585852171938,0.178578529032258,0.178578529032258
9,470.805201234581,470.805201234581,14595,7.76335698484547,31,31,18956.163321466,114.556434029341,0.178578529032258,0.178578529032258
