"strata","dload.bi_kgd","dload.ub_kgd","tload_kglenS","degf","lenObs","lenStr","MSE_kglenS","Cl_kglenS","flowmu_m3s","flowav_m3s"
6,1353.8674372608,1353.8674372608,40615.9,13.7333425831069,30,30,215331.416054494,269.055209415857,0.44882128,0.44882128
