"strata","dload.bi_kgd","dload.ub_kgd","tload_kglenS","degf","lenObs","lenStr","MSE_kglenS","Cl_kglenS","flowmu_m3s","flowav_m3s"
3,9457.1398478398,9390.01601907106,272310.5,8.36522105335625,17,29,314949524.461716,14042.7128587912,5.72586071076782,8.20772668086437
