"strata","dload.bi_kgd","dload.ub_kgd","tload_kglenS","degf","lenObs","lenStr","MSE_kglenS","Cl_kglenS","flowmu_m3s","flowav_m3s"
1,2397.31313997612,2397.31313997612,71919.4,29,30,30,2688215.29408245,622.694605405913,0.70846793008,0.70846793008
2,2397.31313997612,2397.31313997612,71919.4,19.8850661419391,30,30,1703905.08921317,610.839089798448,0.70846793008,0.70846793008
3,2397.31313997612,2397.31313997612,71919.4,5.1316887842534,30,30,290386.241641929,606.800129289367,0.70846793008,0.70846793008
4,2397.31313997612,2397.31313997612,71919.4,4.83721678613429,30,30,282169.577592113,627.19006529644,0.70846793008,0.70846793008
5,2397.31313997612,2397.31313997612,71919.3,4.89417936455434,30,30,284560.812092373,623.89199040358,0.70846793008,0.70846793008
6,2397.31313997612,2397.31313997612,71919.4,4.75400776219614,30,30,280328.611444129,634.05766447597,0.70846793008,0.70846793008
7,2397.31313997612,2397.31313997612,71919.4,4.7875788499533,30,30,282945.998928758,633.353717969926,0.70846793008,0.70846793008
8,2397.31313997612,2397.31313997612,71919.4,4.6993721768231,30,30,285998.846952378,646.550793190765,0.70846793008,0.70846793008
9,2397.31313997612,2397.31313997612,71919.5,4.78195043020066,30,30,289395.433240732,641.147287355149,0.70846793008,0.70846793008
