"strata","dload.bi_kgd","dload.ub_kgd","tload_kglenS","degf","lenObs","lenStr","MSE_kglenS","Cl_kglenS","flowmu_m3s","flowav_m3s"
6,11581.2086648691,11581.2086648691,359017.4,20.5470679536067,31,31,9275593.47000557,1399.14233101712,4.13972129169892,4.13972129169892
