"strata","dload.bi_kgd","dload.ub_kgd","tload_kglenS","degf","lenObs","lenStr","MSE_kglenS","Cl_kglenS","flowmu_m3s","flowav_m3s"
1,5817.30457769472,5817.30457769472,174519.1,29,30,30,89214825.1950795,3587.24958441457,2.03317770311111,2.03317770311111
