"strata","dload.bi_kgd","dload.ub_kgd","tload_kglenS","degf","lenObs","lenStr","MSE_kglenS","Cl_kglenS","flowmu_m3s","flowav_m3s"
1,10641.4588768256,10641.4588768256,319243.8,29,30,30,1202122313.35849,13167.926954194,6.92031128888889,6.92031128888889
2,10641.4588768256,10641.4588768256,319243.8,20.3148680344647,30,30,674524273.619501,12007.9023346452,6.92031128888889,6.92031128888889
3,10641.4588768256,10641.4588768256,319243.8,9.95057147995758,30,30,85806596.0691843,6547.43320713536,6.92031128888889,6.92031128888889
4,10641.4588768256,10641.4588768256,319243.8,7.70833769841863,30,30,74414226.2560607,7212.32366188162,6.92031128888889,6.92031128888889
5,10641.4588768256,10641.4588768256,319243.8,7.51974332601995,30,30,73510999.1517609,7290.93489684454,6.92031128888889,6.92031128888889
6,10641.4588768256,10641.4588768256,319243.8,5.96679064592089,30,30,64627410.9685611,8063.85119316088,6.92031128888889,6.92031128888889
7,10641.4588768256,10641.4588768256,319243.7,5.84695825100444,30,30,64290764.3267994,8165.6219771508,6.92031128888889,6.92031128888889
8,10641.4588768256,10641.4588768256,319243.8,5.18007554627455,30,30,61333831.6773102,8753.62675782143,6.92031128888889,6.92031128888889
9,10641.4588768256,10641.4588768256,319243.8,5.1126806176134,30,30,60932166.3139872,8815.71903277636,6.92031128888889,6.92031128888889
