"strata","dload.bi_kgd","dload.ub_kgd","tload_kglenS","degf","lenObs","lenStr","MSE_kglenS","Cl_kglenS","flowmu_m3s","flowav_m3s"
1,24494.7289347807,23925.51985297,669914.6,20,21,28,49716420155.3218,104001.98320456,14.7188231824762,12.2309068871111
2,22603.8451475179,21994.891159762,615856.9,4.09869919542131,21,28,14443330228.6449,163262.632721877,14.7188231824762,19.1368975443333
3,22508.0579177677,21657.5172254649,606410.5,3.62787742682114,21,28,11157050685.3177,160403.574707205,14.7188231824762,18.1063678096254
4,22490.1768687815,21636.7654278712,605829.5,3.61140994685199,21,28,11131690539.6901,160912.499845752,14.7188231824762,18.0934570343492
5,22484.8585147817,21631.4726358079,605681.3,3.61114290814514,21,28,11131279140.9203,160920.802717195,14.7188231824762,18.0935311973968
6,22483.5134252508,21630.1081657068,605643.1,3.61111792216671,21,28,11131240631.2436,160921.579556686,14.7188231824762,18.0929033397778
7,22486.0154839398,21632.6097518166,605713,3.61142824854913,21,28,11131719616.2655,160911.937230379,14.7188231824762,18.094972320254
