"strata","dload.bi_kgd","dload.ub_kgd","tload_kglenS","degf","lenObs","lenStr","MSE_kglenS","Cl_kglenS","flowmu_m3s","flowav_m3s"
9,1445.60413821988,1445.60413821988,44813.6,2.63154234579892,31,31,2758146.0696413,3532.01384219398,0.803176801754839,0.803176801754839
