"strata","dload.bi_kgd","dload.ub_kgd","tload_kglenS","degf","lenObs","lenStr","MSE_kglenS","Cl_kglenS","flowmu_m3s","flowav_m3s"
9,3577.1097924864,3577.1097924864,107313.2,5.61428507578823,30,30,454725.118977709,708.142167344291,1.49559898666667,1.49559898666667
