"strata","dload.bi_kgd","dload.ub_kgd","tload_kglenS","degf","lenObs","lenStr","MSE_kglenS","Cl_kglenS","flowmu_m3s","flowav_m3s"
3,12969.5407350702,12972.0031005322,402132.2,17.5576664574413,21,31,77876690.4820783,4432.66762163025,4.09471227094194,3.14623077868387
