"strata","dload.bi_kgd","dload.ub_kgd","tload_kglenS","degf","lenObs","lenStr","MSE_kglenS","Cl_kglenS","flowmu_m3s","flowav_m3s"
7,2046.1877891625,2046.1877891625,61385.6,11.1003631818792,30,30,115793.252115991,224.549083811466,0.819211316622222,0.819211316622222
