"strata","dload.bi_kgd","dload.ub_kgd","tload_kglenS","degf","lenObs","lenStr","MSE_kglenS","Cl_kglenS","flowmu_m3s","flowav_m3s"
1,18590.9279827008,18590.9279827008,557727.8,29,30,30,751840849.726848,10413.7234148397,11.0112236533333,11.0112236533333
2,18590.9279827008,18590.9279827008,557727.8,27.8888436433715,30,30,427804779.543376,8024.20162794234,11.0112236533333,11.0112236533333
3,18590.9279827008,18590.9279827008,557727.9,17.7982087684792,30,30,263459357.403225,8089.68613373492,11.0112236533333,11.0112236533333
4,18590.9279827008,18590.9279827008,557727.8,16.4346138627659,30,30,171429502.334778,6831.98565101283,11.0112236533333,11.0112236533333
5,18590.9279827008,18590.9279827008,557727.7,14.1100202823483,30,30,144332661.991696,6854.64555181118,11.0112236533333,11.0112236533333
6,18590.9279827008,18590.9279827008,557727.7,10.2318881423716,30,30,137980199.301054,8157.18383826005,11.0112236533333,11.0112236533333
7,18590.9279827008,18590.9279827008,557727.8,9.60298048589311,30,30,133485027.876394,8354.00616389301,11.0112236533333,11.0112236533333
8,18590.9279827008,18590.9279827008,557727.8,9.54061904861364,30,30,133070051.986714,8375.98847153065,11.0112236533333,11.0112236533333
9,18590.9279827008,18590.9279827008,557727.8,9.93487138880755,30,30,136052142.634401,8252.77243309357,11.0112236533333,11.0112236533333
