"strata","dload.bi_kgd","dload.ub_kgd","tload_kglenS","degf","lenObs","lenStr","MSE_kglenS","Cl_kglenS","flowmu_m3s","flowav_m3s"
1,3806.06546360255,3806.06546360255,114182,29,30,30,42711534.8025549,2482.07938972448,1.06890945682133,1.06890945682133
2,3806.06546360255,3806.06546360255,114181.9,3.16180582226223,30,30,8711154.70136894,5132.71543768149,1.06890945682133,1.06890945682133
3,3806.06546360255,3806.06546360255,114182,3.06248863023089,30,30,8572943.93577238,5263.68364736588,1.06890945682133,1.06890945682133
4,3806.06546360255,3806.06546360255,114182,3.05352564669062,30,30,8560378.58333624,5276.06919942878,1.06890945682133,1.06890945682133
5,3806.06546360255,3806.06546360255,114181.9,3.04112882969724,30,30,8542975.48289888,5293.36331972062,1.06890945682133,1.06890945682133
6,3806.06546360255,3806.06546360255,114181.9,3.04116186073232,30,30,8543021.89154291,5293.31698583465,1.06890945682133,1.06890945682133
7,3806.06546360255,3806.06546360255,114181.9,3.04182202603213,30,30,8543956.10073809,5292.39331425509,1.06890945682133,1.06890945682133
8,3806.06546360255,3806.06546360255,114181.8,3.0469946986244,30,30,8551265.12965856,5285.17225364313,1.06890945682133,1.06890945682133
9,3806.06546360255,3806.06546360255,114181.9,3.05297241027935,30,30,8559724.33601548,5276.8744745291,1.06890945682133,1.06890945682133
