"strata","dload.bi_kgd","dload.ub_kgd","tload_kglenS","degf","lenObs","lenStr","MSE_kglenS","Cl_kglenS","flowmu_m3s","flowav_m3s"
1,1078.81244557102,1078.81244557102,32364.4,29,30,30,1230712.89506098,421.329099403616,0.3760895792,0.3760895792
2,1078.81244557102,1078.81244557102,32364.4,20.6715788414292,30,30,924012.342770739,440.103756398631,0.3760895792,0.3760895792
3,1078.81244557102,1078.81244557102,32364.4,14.5039298897741,30,30,672861.710668281,460.458511184219,0.3760895792,0.3760895792
4,1078.81244557102,1078.81244557102,32364.4,8.62374182725514,30,30,632057.937759805,616.523061649942,0.3760895792,0.3760895792
5,1078.81244557102,1078.81244557102,32364.3,3.31390665523453,30,30,594065.147850412,1278.03036836944,0.3760895792,0.3760895792
6,1078.81244557102,1078.81244557102,32364.3,2.98005178648726,30,30,562955.087096816,1388.45623699314,0.3760895792,0.3760895792
7,1078.81244557102,1078.81244557102,32364.3,2.92616429107546,30,30,557820.951815291,1409.54889012789,0.3760895792,0.3760895792
8,1078.81244557102,1078.81244557102,32364.3,2.8933101028911,30,30,554679.274986954,1422.95194955122,0.3760895792,0.3760895792
9,1078.81244557102,1078.81244557102,32364.2,2.89610255558532,30,30,554951.961504051,1421.80290599499,0.3760895792,0.3760895792
