"strata","dload.bi_kgd","dload.ub_kgd","tload_kglenS","degf","lenObs","lenStr","MSE_kglenS","Cl_kglenS","flowmu_m3s","flowav_m3s"
8,8872.30221421162,8872.30221421162,257296.8,7.4453540637519,29,29,17644226.3150847,3596.48404857376,4.73576184588506,4.73576184588506
