"strata","dload.bi_kgd","dload.ub_kgd","tload_kglenS","degf","lenObs","lenStr","MSE_kglenS","Cl_kglenS","flowmu_m3s","flowav_m3s"
7,351.490823599178,351.501515435662,10896.5,7.59966114233508,28,31,15875.7390012587,106.371709149358,0.125123718193548,0.125699188645161
