"strata","dload.bi_kgd","dload.ub_kgd","tload_kglenS","degf","lenObs","lenStr","MSE_kglenS","Cl_kglenS","flowmu_m3s","flowav_m3s"
9,256.159607573465,256.159607573465,7940.8,7.56631470941225,31,31,2654.81528632351,43.6299297907677,0.113327807086452,0.113327807086452
