"strata","dload.bi_kgd","dload.ub_kgd","tload_kglenS","degf","lenObs","lenStr","MSE_kglenS","Cl_kglenS","flowmu_m3s","flowav_m3s"
7,3226.7739464512,3226.7739464512,96803.1,3.87950266211227,30,30,3140285.31899501,2528.85897673468,1.91822722666667,1.91822722666667
