"strata","dload.bi_kgd","dload.ub_kgd","tload_kglenS","degf","lenObs","lenStr","MSE_kglenS","Cl_kglenS","flowmu_m3s","flowav_m3s"
1,12559.3529094927,12542.0567566194,376261.7,23,24,30,842090740.785122,12517.1121467377,13.3918044440889,16.0686119991111
2,12429.7977737151,12417.8522641102,372535.6,13.722299168665,24,30,153895861.714779,7196.30136685034,13.3918044440889,17.5546918215111
3,12401.7834148269,12356.0702312827,370682.1,11.3126206739061,24,30,156211073.445684,8151.34288810952,13.3918044440889,16.6771148606222
4,12429.7977737151,12417.8522641102,372535.6,12.7428097298535,24,30,149894049.243827,7424.70608778599,13.3918044440889,17.5546918215111
5,12401.7834148269,12356.0702312827,370682.1,10.5580421864252,24,30,152209260.974732,8399.79339420879,13.3918044440889,16.6771148606222
6,12401.7834148269,12356.0702312827,370682,10.9567840270374,24,30,161516174.716387,8454.59105896388,13.3918044440889,16.6771148606222
7,12401.7834148269,12356.0702312827,370682.1,12.8164239900572,24,30,182888692.889788,8172.79478619615,13.3918044440889,16.6771148606222
