"strata","dload.bi_kgd","dload.ub_kgd","tload_kglenS","degf","lenObs","lenStr","MSE_kglenS","Cl_kglenS","flowmu_m3s","flowav_m3s"
7,365.935884119301,365.920624678367,11343.5,4.62913957898433,28,31,13804.9776237517,143.829060259468,0.141392176516129,0.140836801858065
