"strata","dload.bi_kgd","dload.ub_kgd","tload_kglenS","degf","lenObs","lenStr","MSE_kglenS","Cl_kglenS","flowmu_m3s","flowav_m3s"
1,12092.2895863959,12092.2895863959,362768.7,29,30,30,231699497.905245,5781.03536106422,7.40761352693333,7.40761352693333
2,12092.2895863959,12092.2895863959,362768.7,20.2596553036322,30,30,115875947.779158,4984.60353293903,7.40761352693333,7.40761352693333
3,12092.2895863959,12092.2895863959,362768.7,4.53308388709665,30,30,49293189.2285052,8746.19255534486,7.40761352693333,7.40761352693333
4,12092.2895863959,12092.2895863959,362768.7,2.79054786741008,30,30,37247153.8432999,12136.5048215132,7.40761352693333,7.40761352693333
5,12092.2895863959,12092.2895863959,362768.7,2.71233513377233,30,30,36720018.7062587,12444.4693248328,7.40761352693333,7.40761352693333
6,12092.2895863959,12092.2895863959,362768.7,2.69502976599249,30,30,36602570.0207142,12516.0612120344,7.40761352693333,7.40761352693333
7,12092.2895863959,12092.2895863959,362768.7,2.68848019618556,30,30,36562729.3337293,12544.3049547024,7.40761352693333,7.40761352693333
8,12092.2895863959,12092.2895863959,362768.7,2.68408265466596,30,30,36532801.7293929,12562.8369826251,7.40761352693333,7.40761352693333
9,12092.2895863959,12092.2895863959,362768.7,2.68161554298926,30,30,36516031.4197228,12573.2768233064,7.40761352693333,7.40761352693333
