"strata","dload.bi_kgd","dload.ub_kgd","tload_kglenS","degf","lenObs","lenStr","MSE_kglenS","Cl_kglenS","flowmu_m3s","flowav_m3s"
1,2708.18071121088,2708.18071121088,81245.4,29,30,30,5099408.43596114,857.635952486954,0.738134497546667,0.738134497546667
2,2708.18071121088,2708.18071121088,81245.4,24.4061433429992,30,30,4878142.32631572,921.899763767881,0.738134497546667,0.738134497546667
3,2708.18071121088,2708.18071121088,81245.4,14.6352556790413,30,30,3348492.31144974,1021.74644457544,0.738134497546667,0.738134497546667
4,2708.18071121088,2708.18071121088,81245.4,14.1941252349863,30,30,3307210.28802659,1033.96006623857,0.738134497546667,0.738134497546667
5,2708.18071121088,2708.18071121088,81245.4,14.1932798285671,30,30,3307113.70730492,1033.98145385217,0.738134497546667,0.738134497546667
6,3047.11904116846,3047.11904116846,91413.6,14.2024158623733,34,34,3308179.09339424,1033.75384504354,0.810614178826667,0.810614178826667
7,2708.18071121088,2708.18071121088,81245.5,7.44965997417817,30,30,3375823.94152657,1572.51125481208,0.738134497546667,0.738134497546667
8,2708.18071121088,2708.18071121088,81245.4,3.68315244838023,30,30,3437508.18022133,2775.75994006781,0.738134497546667,0.738134497546667
9,2708.18071121088,2708.18071121088,81245.4,4.40697841143356,30,30,3784423.17825658,2481.82372117195,0.738134497546667,0.738134497546667
