"strata","dload.bi_kgd","dload.ub_kgd","tload_kglenS","degf","lenObs","lenStr","MSE_kglenS","Cl_kglenS","flowmu_m3s","flowav_m3s"
1,9855.4429238285,9765.70722044934,302736.9,21,22,31,1332343227.85545,16564.6060646266,5.66839399628387,7.17808741410909
2,10067.5970117892,10013.0509218699,310404.6,13.794032534985,22,31,633531096.889412,14555.6360025404,5.66839399628387,6.55581418367665
3,10244.983723513,10221.5291197652,316867.4,4.85533385793231,22,31,124211254.827542,13119.153535628,5.66839399628387,6.05613553270824
4,10555.3630486469,10555.1683680854,327210.2,3.01933041008793,22,31,94644337.0988274,17753.3989441092,5.66839399628387,5.42393239766882
5,10524.2458311291,10524.9160387266,326272.4,2.8889383442351,22,31,92567365.0739161,18412.6401289652,5.66839399628387,5.46246121009032
6,10524.2458311291,10524.9160387266,326272.3,2.89124181882407,22,31,92604413.3278165,18400.2826160395,5.66839399628387,5.46246121009032
7,10268.7500022037,10266.1874900336,318251.8,3.76111174953235,22,31,257392729.782304,23555.2509390296,5.66839399628387,6.14944557983656
