"strata","dload.bi_kgd","dload.ub_kgd","tload_kglenS","degf","lenObs","lenStr","MSE_kglenS","Cl_kglenS","flowmu_m3s","flowav_m3s"
1,247.036640107355,247.036640107355,7658.1,30,31,31,228003.189801277,178.042430469341,0.0803831741935484,0.0803831741935484
2,247.036640107355,247.036640107355,7658.1,14.0753943852584,31,31,69225.025929849,150.337452196769,0.0803831741935484,0.0803831741935484
3,247.036640107355,247.036640107355,7658.1,6.66252167233989,31,31,46237.9120577427,199.029890399988,0.0803831741935484,0.0803831741935484
4,247.036640107355,247.036640107355,7658.2,6.33135527358097,31,31,44979.5384854996,203.653769080352,0.0803831741935484,0.0803831741935484
5,247.036640107355,247.036640107355,7658.2,5.22964092016864,31,31,40518.6606874737,223.311911218975,0.0803831741935484,0.0803831741935484
6,247.036640107355,247.036640107355,7658.1,4.97985485833678,31,31,39513.3219645686,229.257471617712,0.0803831741935484,0.0803831741935484
7,247.036640107355,247.036640107355,7658.2,4.84004581367685,31,31,38925.9012631115,232.839691573397,0.0803831741935484,0.0803831741935484
8,247.036640107355,247.036640107355,7658.2,4.87060540598214,31,31,39254.991173481,232.630547805582,0.0803831741935484,0.0803831741935484
9,247.036640107355,247.036640107355,7658.1,5.97656561341023,31,31,44452.9351185846,211.230011051905,0.0803831741935484,0.0803831741935484
