"strata","dload.bi_kgd","dload.ub_kgd","tload_kglenS","degf","lenObs","lenStr","MSE_kglenS","Cl_kglenS","flowmu_m3s","flowav_m3s"
3,15384.6605173755,15375.2425134152,476632.5,7.01402920143276,11,31,1050926453.54961,28932.665764094,12.9042597675492,18.2540521298925
