"strata","dload.bi_kgd","dload.ub_kgd","tload_kglenS","degf","lenObs","lenStr","MSE_kglenS","Cl_kglenS","flowmu_m3s","flowav_m3s"
1,8258.26394926693,8258.26394926693,256006.2,30,31,31,1860459259.13859,16082.8545712568,8.8579220756129,8.8579220756129
2,8258.26394926693,8258.26394926693,256006.2,28.4650382241396,31,31,832955729.810881,11072.6561778901,8.8579220756129,8.8579220756129
3,8258.26394926693,8258.26394926693,256006.2,11.9720991434597,31,31,442908713.36999,13255.7452472402,8.8579220756129,8.8579220756129
4,8258.26394926693,8258.26394926693,256006.2,7.57399406985306,31,31,377977395.444847,16451.2287356271,8.8579220756129,8.8579220756129
5,8258.26394926693,8258.26394926693,256006.2,3.88989074967947,31,31,350711275.237066,26659.9541641574,8.8579220756129,8.8579220756129
6,8258.26394926693,8258.26394926693,256006.2,3.77784465758313,31,31,345593699.534554,27182.5606274817,8.8579220756129,8.8579220756129
7,8258.26394926693,8258.26394926693,256006.2,3.73357662845297,31,31,343546688.467668,27399.4844778379,8.8579220756129,8.8579220756129
8,8258.26394926693,8258.26394926693,256006.1,3.72915675201376,31,31,343351870.079899,27421.8995437637,8.8579220756129,8.8579220756129
9,8258.26394926693,8258.26394926693,256006.1,3.72906349865882,31,31,343347577.193638,27422.365940767,8.8579220756129,8.8579220756129
