"strata","dload.bi_kgd","dload.ub_kgd","tload_kglenS","degf","lenObs","lenStr","MSE_kglenS","Cl_kglenS","flowmu_m3s","flowav_m3s"
6,408.142643569079,408.142643569079,12652.4,6.82628124875649,31,31,214856.056092488,421.685420109111,0.197416175186065,0.197416175186065
