"strata","dload.bi_kgd","dload.ub_kgd","tload_kglenS","degf","lenObs","lenStr","MSE_kglenS","Cl_kglenS","flowmu_m3s","flowav_m3s"
1,7144.2796186866,7144.2796186866,221472.7,30,31,31,337253664.734524,6847.48976184209,3.12831096375054,3.12831096375054
2,7144.2796186866,7144.2796186866,221472.6,19.3328951229977,31,31,146547836.736791,5755.85168552247,3.12831096375054,3.12831096375054
3,7144.2796186866,7144.2796186866,221472.6,18.2215084665866,31,31,18377771.5146238,2108.07429181196,3.12831096375054,3.12831096375054
4,7144.2796186866,7144.2796186866,221472.6,9.16443865930943,31,31,11804155.0323116,2560.35803935336,3.12831096375054,3.12831096375054
5,7144.2796186866,7144.2796186866,221472.7,9.07767805169292,31,31,11748013.4706992,2570.10817121462,3.12831096375054,3.12831096375054
6,7144.2796186866,7144.2796186866,221472.7,9.04275112748087,31,31,11725347.8478912,2574.08249236614,3.12831096375054,3.12831096375054
7,7144.2796186866,7144.2796186866,221472.6,9.04322285346955,31,31,11725655.8820934,2574.02880616329,3.12831096375054,3.12831096375054
8,7144.2796186866,7144.2796186866,221472.7,9.21953040370732,31,31,12764254.3003906,2652.11275746542,3.12831096375054,3.12831096375054
9,7144.2796186866,7144.2796186866,221472.6,8.14226909746976,31,31,14030396.4819016,3017.88720854894,3.12831096375054,3.12831096375054
