"strata","dload.bi_kgd","dload.ub_kgd","tload_kglenS","degf","lenObs","lenStr","MSE_kglenS","Cl_kglenS","flowmu_m3s","flowav_m3s"
4,21001.3047538738,20997.3016391924,608921.8,9.28367075129064,21,29,135615258.042055,8605.93446488653,7.95453347832644,7.84975890977103
