"strata","dload.bi_kgd","dload.ub_kgd","tload_kglenS","degf","lenObs","lenStr","MSE_kglenS","Cl_kglenS","flowmu_m3s","flowav_m3s"
1,4743.60274150482,4746.54656498705,147142.9,14,15,31,16999540.5884687,2363.40788420677,1.63732000344086,2.79178477511111
2,4694.91474524292,4694.87706245199,145541.1,7.09142442702154,15,31,12558689.3326291,3138.58307342478,1.63732000344086,1.74004343643625
3,4705.52130293387,4706.35874791845,145897.1,2.35237001805695,15,31,11928569.3951171,8422.82068941037,1.63732000344086,1.82423118222222
4,4695.35371101005,4695.34987692118,145555.8,2.3282548401457,15,31,11867066.784401,8512.5956546382,1.63732000344086,1.70747259182796
