"strata","dload.bi_kgd","dload.ub_kgd","tload_kglenS","degf","lenObs","lenStr","MSE_kglenS","Cl_kglenS","flowmu_m3s","flowav_m3s"
1,781.332345327484,781.332345327484,24221.3,30,31,31,338970.667174014,217.087147383406,0.364921341935484,0.364921341935484
2,781.332345327484,781.332345327484,24221.3,28.1955802777126,31,31,210990.707368994,177.14207505818,0.364921341935484,0.364921341935484
3,781.332345327484,781.332345327484,24221.3,22.0542889185316,31,31,151623.583576276,171.932128945174,0.364921341935484,0.364921341935484
4,781.332345327484,781.332345327484,24221.3,20.1982162701632,31,31,142160.998323444,174.890923004123,0.364921341935484,0.364921341935484
5,781.332345327484,781.332345327484,24221.3,16.6695055604895,31,31,139256.235633531,193.128693860301,0.364921341935484,0.364921341935484
6,781.332345327484,781.332345327484,24221.4,16.3639518722509,31,31,137943.311796344,194.28455350234,0.364921341935484,0.364921341935484
7,781.332345327484,781.332345327484,24221.4,16.523318978963,31,31,138731.270950678,193.748502547532,0.364921341935484,0.364921341935484
8,818.062486792258,818.062486792258,25360,15.7800934931186,35,35,143465.214431051,202.361131543792,0.38319024516129,0.38319024516129
9,781.332345327484,781.332345327484,24221.4,11.2351339102875,31,31,150283.481051154,253.907682812829,0.364921341935484,0.364921341935484
