"strata","dload.bi_kgd","dload.ub_kgd","tload_kglenS","degf","lenObs","lenStr","MSE_kglenS","Cl_kglenS","flowmu_m3s","flowav_m3s"
1,866.951275379861,866.951275379861,26875.5,30,31,31,35816514.3649767,2231.48880280976,0.784870142795699,0.784870142795699
2,866.951275379861,866.951275379861,26875.5,12.5908198279034,31,31,13849944.1384121,2273.32527581224,0.784870142795699,0.784870142795699
3,866.951275379861,866.951275379861,26875.4,4.80672279785626,31,31,3908059.2813088,2346.17657108365,0.784870142795699,0.784870142795699
4,866.951275379861,866.951275379861,26875.4,3.4978537390495,31,31,3306350.78175664,2859.28950952153,0.784870142795699,0.784870142795699
5,866.951275379861,866.951275379861,26875.4,3.4925180992234,31,31,3303826.27940343,2862.41720861471,0.784870142795699,0.784870142795699
6,866.951275379861,866.951275379861,26875.5,3.49384450064483,31,31,3304454.33182559,2861.63868527836,0.784870142795699,0.784870142795699
7,866.951275379861,866.951275379861,26875.5,3.49602996607406,31,31,3305491.42689275,2860.35866744608,0.784870142795699,0.784870142795699
8,866.951275379861,866.951275379861,26875.5,3.58844890316084,31,31,3365851.03228002,2815.05336293934,0.784870142795699,0.784870142795699
9,866.951275379861,866.951275379861,26875.5,3.50995002767633,31,31,3377033.32653098,2880.08094092089,0.784870142795699,0.784870142795699
