"strata","dload.bi_kgd","dload.ub_kgd","tload_kglenS","degf","lenObs","lenStr","MSE_kglenS","Cl_kglenS","flowmu_m3s","flowav_m3s"
9,1.7609717304762,1.74176153164618,635.6,20.5937592111523,44,365,4244.84432974397,29.8928755672007,2.15967002472955,2.56145141994521
