"strata","dload.bi_kgd","dload.ub_kgd","tload_kglenS","degf","lenObs","lenStr","MSE_kglenS","Cl_kglenS","flowmu_m3s","flowav_m3s"
14,111.210327185074,111.213136625053,40592.9,44.4568637687242,342,365,185880.327537258,130.279334448821,4.32613079861187,4.19796301399087
