"strata","dload.bi_kgd","dload.ub_kgd","tload_kglenS","degf","lenObs","lenStr","MSE_kglenS","Cl_kglenS","flowmu_m3s","flowav_m3s"
1,27.8040453393295,27.622739401698,828.7,2,3,30,1270.18062617166,108.431143937473,0.756852571369963,0.664500906666667
