"strata","strata.n","dload.bi_kgd","dload.ub_kgd","tload_kglenS","degf","lenObs","lenStr","MSE_kglenS","Cl_kglenS","flowmu_m3s","flowav_m3s"
1,1,3.25463149649829,3.25463149649829,91.1,27,28,28,6.39565591886838,0.998624342285724,0.367309348571429,0.367309348571429
2,1,1.181449387008,1.181449387008,8.3,6,7,7,0.00295778767984981,0.380298171252667,0.1557424,0.1557424
2,2,3.94569219966171,3.94569219966171,82.9,20,21,21,0.0118390037675534,1.06578246394822,0.437831664761905,0.437831664761905
3,1,1.1960798846976,1.1960798846976,6,4,5,5,0.00354841866218026,0.413472402139942,0.162538432,0.162538432
3,2,7.086922557696,7.086922557696,21.3,2,3,3,0.0210345888839238,1.3237609521967,0.806556853333333,0.806556853333333
3,3,3.1944257402688,3.1944257402688,63.9,19,20,20,0.0126220010905161,1.07892565856665,0.352614952,0.352614952
