"strata","strata.n","dload.bi_kgd","dload.ub_kgd","tload_kglenS","degf","lenObs","lenStr","MSE_kglenS","Cl_kglenS","flowmu_m3s","flowav_m3s"
1,1,18.2658085642138,18.2658085642138,548,29,30,30,47.9166884370442,2.62897512863255,0.473645674666667,0.473645674666667
2,1,24.6092415706697,24.6092415706697,344.5,13,14,14,0.0356609110574772,1.58409215932284,0.6088112,0.6088112
2,2,12.7153046835648,12.7153046835648,203.4,15,16,16,0.0307427692332948,1.54390616862162,0.35537584,0.35537584
3,1,25.3245182628628,25.3245182628628,329.2,12,13,13,0.0385637317714212,1.60569176455418,0.625147815384615,0.625147815384615
3,2,16.619912030016,16.619912030016,133,7,8,8,0.0224647861263065,1.0716531639948,0.4442198,0.4442198
3,3,9.5329136965632,9.5329136965632,85.8,8,9,9,0.00575837831738099,0.556810856883049,0.280965582222222,0.280965582222222
