"strata","dload.bi_kgd","dload.ub_kgd","tload_kglenS","degf","lenObs","lenStr","MSE_kglenS","Cl_kglenS","flowmu_m3s","flowav_m3s"
1,35.3453716255468,35.0819695511807,1087.5,3,4,31,1503.65876394476,71.2483977838945,1.00880883612903,0.79499416
