"strata","dload.bi_kgd","dload.ub_kgd","tload_kglenS","degf","lenObs","lenStr","MSE_kglenS","Cl_kglenS","flowmu_m3s","flowav_m3s"
3,1.8286929408384,1.8286929408384,54.9,18.6524512222256,30,30,0.413010201291643,0.311842035158391,0.0561144586666667,0.0561144586666667
