"strata","dload.bi_kgd","dload.ub_kgd","tload_kglenS","degf","lenObs","lenStr","MSE_kglenS","Cl_kglenS","flowmu_m3s","flowav_m3s"
1,62.6364354635396,62.6364354635396,1941.7,30,31,31,779.003582034325,10.4069335162286,7.68481414193548,7.68481414193548
2,62.6364354635396,62.6364354635396,1941.7,27.3009919227491,31,31,309.625181439264,6.9063156265288,7.68481414193548,7.68481414193548
3,62.6364354635396,62.6364354635396,1941.7,25.052914528842,31,31,256.502452963886,6.58931167209443,7.68481414193548,7.68481414193548
