"strata","dload.bi_kgd","dload.ub_kgd","tload_kglenS","degf","lenObs","lenStr","MSE_kglenS","Cl_kglenS","flowmu_m3s","flowav_m3s"
1,7.98102171191808,7.98102171191808,239.4,29,30,30,25.2046388459114,1.90670418126779,0.407856309333333,0.407856309333333
2,7.98102171191808,7.98102171191808,239.5,27.4212739127533,30,30,15.6119234949933,1.54708361589382,0.407856309333333,0.407856309333333
3,7.98102171191808,7.98102171191808,239.5,24.7659406357883,30,30,13.6856642183029,1.53173493022843,0.407856309333333,0.407856309333333
