"strata","dload.bi_kgd","dload.ub_kgd","tload_kglenS","degf","lenObs","lenStr","MSE_kglenS","Cl_kglenS","flowmu_m3s","flowav_m3s"
1,9.4194513726374,9.42653655081414,292.2,19,20,31,97.9482663489582,4.75221188208646,0.359418452031386,0.050828656
2,8.80785387513866,8.81011033989439,273.2,14.0232718178634,20,31,96.3526999508933,5.62113173086503,0.359418452031386,0.0483334283010753
3,8.74570274995062,8.74788722639549,271.1,13.0088811032069,20,31,110.601356695846,6.29880240095424,0.359418452031386,0.0480080678341014
