"strata","dload.bi_kgd","dload.ub_kgd","tload_kglenS","degf","lenObs","lenStr","MSE_kglenS","Cl_kglenS","flowmu_m3s","flowav_m3s"
1,0.989802336896826,0.989802336896826,30.7,30,31,31,1.17421616199782,0.404042527941007,0.140031143225806,0.140031143225806
2,0.989802336896826,0.989802336896826,30.7,6.89761709635002,31,31,0.517820350569599,0.649845916171241,0.140031143225806,0.140031143225806
3,0.989802336896826,0.989802336896826,30.7,5.11103683398646,31,31,0.471208762048971,0.775446507315954,0.140031143225806,0.140031143225806
