"strata","dload.bi_kgd","dload.ub_kgd","tload_kglenS","degf","lenObs","lenStr","MSE_kglenS","Cl_kglenS","flowmu_m3s","flowav_m3s"
1,5.6991823377408,5.6991823377408,171,29,30,30,6.50026154713058,0.96829679692615,0.144462874666667,0.144462874666667
2,5.6991823377408,5.6991823377408,171,20.2350170976921,30,30,4.69516197756494,1.00405370109491,0.144462874666667,0.144462874666667
3,5.6991823377408,5.6991823377408,171,18.9677794460825,30,30,4.17122875640127,0.981630203225272,0.144462874666667,0.144462874666667
