"strata","dload.bi_kgd","dload.ub_kgd","tload_kglenS","degf","lenObs","lenStr","MSE_kglenS","Cl_kglenS","flowmu_m3s","flowav_m3s"
1,102.677139781603,101.983302923118,3059.5,3,4,30,6209.17322216242,144.78292473167,3.68845467550476,3.951892608
