"strata","dload.bi_kgd","dload.ub_kgd","tload_kglenS","degf","lenObs","lenStr","MSE_kglenS","Cl_kglenS","flowmu_m3s","flowav_m3s"
1,9.12988356864991,9.12988356864991,283,30,31,31,47.1175223796055,2.55943600750855,0.35870991483871,0.35870991483871
2,9.12988356864991,9.12988356864991,283,28.6247824732654,31,31,24.0932459142534,1.87743961886172,0.35870991483871,0.35870991483871
3,9.12988356864991,9.12988356864991,283,24.5818789969669,31,31,11.6066478581063,1.41641495204219,0.35870991483871,0.35870991483871
