"strata","dload.bi_kgd","dload.ub_kgd","tload_kglenS","degf","lenObs","lenStr","MSE_kglenS","Cl_kglenS","flowmu_m3s","flowav_m3s"
3,2.5503561032832,2.5503561032832,76.5,24.5170265770676,30,30,0.807264168777199,0.374091522813511,0.0966074826666667,0.0966074826666667
