"strata","strata.n","dload.bi_kgd","dload.ub_kgd","tload_kglenS","degf","lenObs","lenStr","MSE_kglenS","Cl_kglenS","flowmu_m3s","flowav_m3s"
1,1,5.5153774043359,5.5153774043359,171,30,31,31,15.0993506941606,1.4488792368635,0.122630012903226,0.122630012903226
2,1,7.895460926304,7.895460926304,94.7,11,12,12,0.0381266181351056,1.55494903866057,0.16034388,0.16034388
2,2,4.01216675888236,4.01216675888236,76.2,18,19,19,0.00235532065928858,0.456617241720035,0.0988107284210526,0.0988107284210526
3,1,8.04203349696,8.04203349696,32.2,3,4,4,0.0342708525726586,1.36057630487732,0.14795528,0.14795528
3,2,7.822174640976,7.822174640976,62.6,7,8,8,0.0240055436875002,1.10779367101633,0.16653818,0.16653818
3,3,4.01216675888236,4.01216675888236,76.2,18,19,19,0.00235532065928858,0.456617241720035,0.0988107284210526,0.0988107284210526
