"strata","dload.bi_kgd","dload.ub_kgd","tload_kglenS","degf","lenObs","lenStr","MSE_kglenS","Cl_kglenS","flowmu_m3s","flowav_m3s"
1,13.8354490532597,13.8335094788798,401.2,27,28,29,1489.47387591559,15.239687018033,1.05924360827586,1.02714135428571
2,14.1073400216578,14.1126707210251,409.3,24.9822236889818,28,29,574.996403347349,9.88103899745425,1.05924360827586,1.03133365885057
3,13.7003685644518,13.703059516114,397.5,8.19272159258981,28,29,331.246659303682,14.6031406258736,1.05924360827586,1.02823388573503
