"strata","dload.bi_kgd","dload.ub_kgd","tload_kglenS","degf","lenObs","lenStr","MSE_kglenS","Cl_kglenS","flowmu_m3s","flowav_m3s"
1,3.25463149649829,3.25463149649829,91.1,27,28,28,6.39565591886838,0.998624342285724,0.367309348571429,0.367309348571429
2,3.25463149649829,3.25463149649829,91.2,21.0716609384066,28,28,5.36593225780367,1.04921860903022,0.367309348571429,0.367309348571429
3,3.25463149649829,3.25463149649829,91.2,20.8412236634828,28,28,5.32682220271627,1.05185698732532,0.367309348571429,0.367309348571429
