"strata","strata.n","dload.bi_kgd","dload.ub_kgd","tload_kglenS","degf","lenObs","lenStr","MSE_kglenS","Cl_kglenS","flowmu_m3s","flowav_m3s"
1,1,113.15079621982,113.158688094131,3507.9,27,28,31,71318.0117397434,105.453067210525,9.09106296774194,8.83029068571429
2,1,236.264066072064,236.264066072064,945.1,3,4,4,423.962625436971,151.329722373769,12.2753328,12.2753328
2,2,92.7537766242558,92.7609942700919,2504.5,23,24,27,25.1030735346759,58.351484673249,8.61931928888889,8.256117
3,1,236.264066072064,236.264066072064,945.1,3,4,4,423.962625436971,151.329722373769,12.2753328,12.2753328
3,2,142.588026210829,142.597535752524,2139,11,12,15,19.5687651147751,44.0345681007566,11.8581319466667,11.9414305333333
3,3,34.100956070784,34.100956070784,409.2,11,12,12,0.91279953427241,7.60833668421732,4.57080346666667,4.57080346666667
