"strata","dload.bi_kgd","dload.ub_kgd","tload_kglenS","degf","lenObs","lenStr","MSE_kglenS","Cl_kglenS","flowmu_m3s","flowav_m3s"
3,5.91067800542764,5.91070148768411,183.3,2.59509109978794,30,31,11.0003900917042,7.17032533775767,0.171392760430108,0.172149812707722
