"strata","dload.bi_kgd","dload.ub_kgd","tload_kglenS","degf","lenObs","lenStr","MSE_kglenS","Cl_kglenS","flowmu_m3s","flowav_m3s"
1,62.8262123934103,65.6240089210286,1968.7,3,4,30,171274.520657682,760.408281249852,1.65015680053333,1.60131504
