"strata","dload.bi_kgd","dload.ub_kgd","tload_kglenS","degf","lenObs","lenStr","MSE_kglenS","Cl_kglenS","flowmu_m3s","flowav_m3s"
1,50.8675549598877,50.8675549598877,1576.9,30,31,31,4817.44660814554,25.8798352806355,3.73567100387097,3.73567100387097
2,50.8675549598877,50.8675549598877,1576.9,5.59815146200291,31,31,1302.54078036406,37.9834730865607,3.73567100387097,3.73567100387097
3,50.8675549598877,50.8675549598877,1577,4.3588232872639,31,31,1145.14290994651,43.5782072462629,3.73567100387097,3.73567100387097
