"strata","strata.n","dload.bi_kgd","dload.ub_kgd","tload_kglenS","degf","lenObs","lenStr","MSE_kglenS","Cl_kglenS","flowmu_m3s","flowav_m3s"
1,1,14.9911264092672,14.9911264092672,449.7,29,30,30,220.112057467817,5.63462471895108,0.487804074666667,0.487804074666667
2,1,17.9863328100628,17.9863328100628,233.8,12,13,13,0.895367252773218,7.73701174965376,0.524949907692308,0.524949907692308
2,2,12.7006744557176,12.7006744557176,215.9,16,17,17,0.0701361992518702,2.3860333204508,0.459398437647059,0.459398437647059
3,1,16.3633370164992,16.3633370164992,163.6,9,10,10,1.38855766215968,8.88553289578437,0.45873216,0.45873216
3,2,22.667423968512,22.667423968512,90.7,3,4,4,0.0765611459140217,2.0335959176798,0.7291576,0.7291576
3,3,12.214420389936,12.214420389936,195.4,15,16,16,0.0696499634872042,2.32385944242448,0.44563564,0.44563564
