"strata","strata.n","dload.bi_kgd","dload.ub_kgd","tload_kglenS","degf","lenObs","lenStr","MSE_kglenS","Cl_kglenS","flowmu_m3s","flowav_m3s"
1,1,95.6678481313363,95.6678481313363,2965.7,30,31,31,99349.0362451784,117.526250821296,4.64815704774194,4.64815704774194
2,1,65.6084334116825,65.6084334116825,1705.8,25,26,26,4.71366184080803,23.2515806159964,3.91055008,3.91055008
2,2,251.976804673536,251.976804673536,1259.9,4,5,5,2134.55331701942,320.687921942236,8.48371328,8.48371328
3,1,157.266595934208,157.266595934208,629.1,3,4,4,9.13276855576916,22.2106707798229,8.530436,8.530436
3,2,48.9433129530415,48.9433129530415,1076.8,21,22,22,2.87796271800857,16.9370712814952,3.07057082181818,3.07057082181818
3,3,251.976804673536,251.976804673536,1259.9,4,5,5,2134.55331701942,320.687921942236,8.48371328,8.48371328
