"strata","dload.bi_kgd","dload.ub_kgd","tload_kglenS","degf","lenObs","lenStr","MSE_kglenS","Cl_kglenS","flowmu_m3s","flowav_m3s"
1,93.2447461018474,93.7487273438084,2718.7,2,3,29,2883.66663141118,163.378093338925,6.36826140122167,4.572596864
