"strata","strata.n","dload.bi_kgd","dload.ub_kgd","tload_kglenS","degf","lenObs","lenStr","MSE_kglenS","Cl_kglenS","flowmu_m3s","flowav_m3s"
1,1,0.989802336896826,0.989802336896826,30.7,30,31,31,1.17421616199782,0.404042527941007,0.140031143225806,0.140031143225806
2,1,1.550147715072,1.550147715072,7.8,4,5,5,0.0156422455496729,0.868117776548573,0.17556416,0.17556416
2,2,0.882043610324677,0.882043610324677,22.9,25,26,26,0.000187521023413871,0.146655465212724,0.133197870769231,0.133197870769231
3,1,1.625991432192,1.625991432192,6.5,3,4,4,0.0224168946385044,1.10039389986311,0.17981168,0.17981168
3,2,1.137737309184,1.137737309184,3.4,2,3,3,0.00211533912832784,0.419790449187636,0.151966826666667,0.151966826666667
3,3,0.8652789494784,0.8652789494784,20.8,23,24,24,0.000162327075829776,0.131895938254897,0.131909093333333,0.131909093333333
