"strata","dload.bi_kgd","dload.ub_kgd","tload_kglenS","degf","lenObs","lenStr","MSE_kglenS","Cl_kglenS","flowmu_m3s","flowav_m3s"
3,61.4766066658188,61.4766066658188,1905.7,11.0197207542287,31,31,124.102772877612,7.38461310379388,1.58528407741935,1.58528407741935
