"strata","dload.bi_kgd","dload.ub_kgd","tload_kglenS","degf","lenObs","lenStr","MSE_kglenS","Cl_kglenS","flowmu_m3s","flowav_m3s"
3,7.98102171191808,7.98102171191808,239.5,24.7659406357883,30,30,13.6856642183029,1.53173493022843,0.407856309333333,0.407856309333333
