"strata","strata.n","dload.bi_kgd","dload.ub_kgd","tload_kglenS","degf","lenObs","lenStr","MSE_kglenS","Cl_kglenS","flowmu_m3s","flowav_m3s"
1,1,515.334989810707,515.346126164831,15460.4,28,29,30,349767.484845539,228.942796150644,17.0718054311111,16.8424746114943
2,1,331.61986494429,331.61986494429,6300.8,18,19,19,62.3338905581041,74.2829944857625,9.81003244912281,9.81003244912281
2,2,827.846376694418,827.909156556846,9107,9,10,11,1385.61384645267,308.755933144322,29.6148678545455,30.20411472
3,1,331.61986494429,331.61986494429,6300.8,18,19,19,62.3338905581041,74.2829944857625,9.81003244912281,9.81003244912281
3,2,743.77951201179,744.060654248589,5208.4,5,6,7,232.864653581953,122.799403811614,26.2102323428571,26.6248712
3,3,977.47622184384,977.47622184384,3909.9,3,4,4,9510.73230598975,716.749548191182,35.57298,35.57298
