"strata","strata.n","dload.bi_kgd","dload.ub_kgd","tload_kglenS","degf","lenObs","lenStr","MSE_kglenS","Cl_kglenS","flowmu_m3s","flowav_m3s"
1,1,9.4194513726374,9.42653655081414,292.2,19,20,31,97.9482663489582,4.75221188208646,0.359418452031386,0.050828656
2,1,2.1309882596352,2.1309882596352,10.7,4,5,5,0.00320396622391598,0.392891890129551,0.071924672,0.071924672
2,2,10.0918664935047,10.0945568937904,262.5,14,15,26,0.142415089933869,5.62433835821377,0.414705717422037,0.0437966506666667
3,1,1.4138084395008,1.4138084395008,4.2,2,3,3,0.000121760571328027,0.100715402056508,0.0462507733333333,0.0462507733333333
3,2,2.6353082022912,2.6353082022912,7.9,2,3,3,0.00407819488974846,0.582876492102716,0.0925015466666667,0.0925015466666667
3,3,10.3587774129237,10.3614861637154,259,13,14,25,0.176901691354714,6.30031397316908,0.429028602118919,0.0428797257142857
