"strata","dload.bi_kgd","dload.ub_kgd","tload_kglenS","degf","lenObs","lenStr","MSE_kglenS","Cl_kglenS","flowmu_m3s","flowav_m3s"
1,36.539750847521,36.539750847521,1132.7,30,31,31,2704.53373453674,19.3909574885668,1.68256598709677,1.68256598709677
2,36.539750847521,36.539750847521,1132.7,27.2458948683226,31,31,1098.36634591591,13.0221049812118,1.68256598709677,1.68256598709677
3,36.539750847521,36.539750847521,1132.7,23.8245175038438,31,31,367.155230315745,8.10532550197664,1.68256598709677,1.68256598709677
