"strata","strata.n","dload.bi_kgd","dload.ub_kgd","tload_kglenS","degf","lenObs","lenStr","MSE_kglenS","Cl_kglenS","flowmu_m3s","flowav_m3s"
1,1,49.5353357710336,49.5353357710336,1486.1,29,30,30,709.617436897087,10.1170808067067,1.49732945777778,1.49732945777778
2,1,26.9626569103511,26.9626569103511,458.4,16,17,17,0.956122788825744,8.80972243213998,0.88337311372549,0.88337311372549
2,2,79.0534542811569,79.0534542811569,1027.7,12,13,13,0.98601472835013,8.11922084060647,2.30019544615385,2.30019544615385
3,1,32.935492650048,32.935492650048,263.5,7,8,8,0.807983384630005,6.42694112342651,0.971030266666667,0.971030266666667
3,2,22.695253719552,22.695253719552,181.6,7,8,8,0.479180509542632,4.94940142336795,0.8548134,0.8548134
3,3,74.3581501553006,74.3581501553006,1041,13,14,14,0.864376653630988,7.79894291326086,2.16522388571429,2.16522388571429
