"strata","dload.bi_kgd","dload.ub_kgd","tload_kglenS","degf","lenObs","lenStr","MSE_kglenS","Cl_kglenS","flowmu_m3s","flowav_m3s"
3,513.90463017998,513.970230035233,15419.1,4.45489086901497,29,30,186084.619412827,545.310789252984,17.0718054311111,17.1685544977778
