"strata","dload.bi_kgd","dload.ub_kgd","tload_kglenS","degf","lenObs","lenStr","MSE_kglenS","Cl_kglenS","flowmu_m3s","flowav_m3s"
3,38.8748474930787,38.8748474930787,1205.1,20.9776498991536,31,31,92.2734687317059,4.3618515608555,1.08928335483871,1.08928335483871
