"strata","dload.bi_kgd","dload.ub_kgd","tload_kglenS","degf","lenObs","lenStr","MSE_kglenS","Cl_kglenS","flowmu_m3s","flowav_m3s"
3,14.9911264092672,14.9911264092672,449.7,11.5229654127886,30,30,157.911135203317,8.10292899748185,0.487804074666667,0.487804074666667
