"strata","strata.n","dload.bi_kgd","dload.ub_kgd","tload_kglenS","degf","lenObs","lenStr","MSE_kglenS","Cl_kglenS","flowmu_m3s","flowav_m3s"
1,1,59.0215705783494,59.0215705783494,1829.7,30,31,31,8421.3636736203,34.2171839143248,4.88114646021505,4.88114646021505
2,1,51.7965102200553,51.7965102200553,569.8,10,11,11,3.21031185032304,13.8870035841492,5.22187534545455,5.22187534545455
2,2,62.9953537754112,62.9953537754112,1259.9,19,20,20,5.39616997236618,22.3084925750914,4.69374557333333,4.69374557333333
3,1,51.7965102200553,51.7965102200553,569.8,10,11,11,3.21031185032304,13.8870035841492,5.22187534545455,5.22187534545455
3,2,200.19299129472,200.19299129472,800.8,3,4,4,49.6598641874532,51.7920632720652,14.5064606666667,14.5064606666667
3,3,28.695944395584,28.695944395584,459.1,15,16,16,3.7317676448639,17.0100937555845,2.2405668,2.2405668
