"strata","strata.n","dload.bi_kgd","dload.ub_kgd","tload_kglenS","degf","lenObs","lenStr","MSE_kglenS","Cl_kglenS","flowmu_m3s","flowav_m3s"
1,1,2.9439022918111,2.9439022918111,91.3,30,31,31,0.419785207074752,0.241583137877098,0.0768664103225806,0.0768664103225806
2,1,3.41287391438147,3.41287391438147,64.8,18,19,19,0.000403608721516217,0.189019912025772,0.0877075621052632,0.0877075621052632
2,2,2.201363889408,2.201363889408,26.4,11,12,12,0.000755915642796339,0.218946841338477,0.0597012533333333,0.0597012533333333
3,1,3.407569521984,3.407569521984,68.2,19,20,20,0.000397202016811242,0.191396123424385,0.087711288,0.087711288
3,2,2.10160493568,2.10160493568,10.5,4,5,5,0.000190209222284727,0.0957293003421437,0.058898944,0.058898944
3,3,2.100259321344,2.100259321344,12.6,5,6,6,0.0018373543399066,0.295661068689771,0.0556897066666667,0.0556897066666667
