"strata","dload.bi_kgd","dload.ub_kgd","tload_kglenS","degf","lenObs","lenStr","MSE_kglenS","Cl_kglenS","flowmu_m3s","flowav_m3s"
3,420.117028788926,420.117028788926,13023.6,18.6069588807606,31,31,21236.4820891336,70.8107353069547,13.4430201978495,13.4430201978495
