"strata","dload.bi_kgd","dload.ub_kgd","tload_kglenS","degf","lenObs","lenStr","MSE_kglenS","Cl_kglenS","flowmu_m3s","flowav_m3s"
1,1181.74641599813,1182.63085432361,36661.6,26,27,31,2324587.55828714,614.624660659818,10.444934848,7.18309119288889
2,1191.70799796318,1192.63266949754,36971.6,17.0565412664011,27,31,1971597.7387977,717.131022497059,10.444934848,7.56184852251374
3,1190.17504894445,1191.25750335384,36929,23.2856492259884,27,31,1346999.92492996,497.202747853603,10.444934848,9.50213764886021
4,1190.17504894445,1191.25750335384,36929.1,13.7568502904629,27,31,943291.54696818,562.559184764258,10.444934848,9.50213764886021
5,1190.17504894445,1191.25750335384,36929,8.38127558911533,27,31,701613.893152744,661.950657480517,10.444934848,9.50213764886021
6,1190.17504894445,1191.25750335384,36929.1,8.0089746274361,27,31,658768.06714386,661.230974626182,10.444934848,9.50213764886021
7,1190.17504894445,1191.25750335384,36929.1,7.64877986433735,27,31,643385.174822318,674.188496602706,10.444934848,9.50213764886021
8,1190.17504894445,1191.25750335384,36929,7.63765718470198,27,31,642916.750222269,674.613524451809,10.444934848,9.50213764886021
