"strata","dload.bi_kgd","dload.ub_kgd","tload_kglenS","degf","lenObs","lenStr","MSE_kglenS","Cl_kglenS","flowmu_m3s","flowav_m3s"
8,1634.97221398472,1635.75728594542,50708.4,2.94388492895148,30,31,3488374.80495432,3501.93243383694,11.5759087099478,11.6596585820215
