"strata","dload.bi_kgd","dload.ub_kgd","tload_kglenS","degf","lenObs","lenStr","MSE_kglenS","Cl_kglenS","flowmu_m3s","flowav_m3s"
1,321.099067600189,321.434117247538,9964.5,29,30,31,2554180.06695248,606.972248638092,2.66962569393548,2.35502645191111
2,333.76702814001,335.618785767822,10404.2,3.6253747058627,30,31,1058475.34170234,1563.37450856976,2.66962569393548,2.56012729255054
3,333.76702814001,335.618785767822,10404.2,3.29567120727633,30,31,1009249.84553149,1675.02294667425,2.66962569393548,2.56012729255054
4,333.76702814001,335.618785767822,10404.2,3.29048526150127,30,31,1008455.27415334,1677.0092210198,2.66962569393548,2.56012729255054
5,333.76702814001,335.618785767822,10404.3,3.28606407083395,30,31,1007777.46006419,1678.70908067249,2.66962569393548,2.56012729255054
6,333.76702814001,335.618785767822,10404.2,3.28593834907294,30,31,1007758.18841559,1678.75751293456,2.66962569393548,2.56012729255054
7,333.76702814001,335.618785767822,10404.2,3.28601416233912,30,31,1007769.8182495,1678.72831362702,2.66962569393548,2.56012729255054
8,333.76702814001,335.618785767822,10404.2,3.28619699043841,30,31,1007797.88364574,1678.65792159378,2.66962569393548,2.56012729255054
9,333.76702814001,335.618785767822,10404.1,3.40257416614652,30,31,1026185.48923841,1636.36244439485,2.66962569393548,2.56012729255054
