"strata","dload.bi_kgd","dload.ub_kgd","tload_kglenS","degf","lenObs","lenStr","MSE_kglenS","Cl_kglenS","flowmu_m3s","flowav_m3s"
8,1490.34547933305,1490.34547933305,44710.3,8.20522913295272,30,30,5030042.43218182,1797.68221682657,10.6797173025778,10.6797173025778
