"strata","dload.bi_kgd","dload.ub_kgd","tload_kglenS","degf","lenObs","lenStr","MSE_kglenS","Cl_kglenS","flowmu_m3s","flowav_m3s"
6,11.0214024806903,11.0300048906143,330.9,2.05090864594276,27,30,119.142720937128,32.0263276333684,0.234200387022222,0.235215072355556
