"strata","dload.bi_kgd","dload.ub_kgd","tload_kglenS","degf","lenObs","lenStr","MSE_kglenS","Cl_kglenS","flowmu_m3s","flowav_m3s"
7,19.0404197014208,19.0663399885318,591,5.80173583840543,28,31,125.452003914619,11.473242598147,0.264979662637419,0.288194566929892
