"strata","dload.bi_kgd","dload.ub_kgd","tload_kglenS","degf","lenObs","lenStr","MSE_kglenS","Cl_kglenS","flowmu_m3s","flowav_m3s"
1,1459.49658837433,1459.60618577379,40869,26,27,28,2434869.28151124,629.035060418865,14.7756101651429,15.0631794423704
2,1452.63807753075,1453.29814708975,40692.4,24.9742510159854,27,28,1946023.60084424,574.93724828234,14.7756101651429,14.9686110689524
3,1452.63807753075,1453.29814708975,40692.3,17.9861051824426,27,28,1178235.6896003,537.751349660493,14.7756101651429,14.9686110689524
4,1452.63807753075,1453.29814708975,40692.3,11.1996182587219,27,28,838785.331274819,601.031650415859,14.7756101651429,14.9686110689524
5,1452.63807753075,1453.29814708975,40692.3,12.5580579752986,27,28,591030.963822532,470.357106006094,14.7756101651429,14.9686110689524
6,1452.63807753075,1453.29814708975,40692.3,12.8468175143439,27,28,603465.688039472,468.79508766548,14.7756101651429,14.9686110689524
7,1452.63807753075,1453.29814708975,40692.3,11.4021112484403,27,28,564715.588735458,487.723867501849,14.7756101651429,14.9686110689524
8,1452.63807753075,1453.29814708975,40692.3,11.4620406335705,27,28,569826.055765223,488.343796517509,14.7756101651429,14.9686110689524
