"strata","dload.bi_kgd","dload.ub_kgd","tload_kglenS","degf","lenObs","lenStr","MSE_kglenS","Cl_kglenS","flowmu_m3s","flowav_m3s"
7,120.89305016064,120.89305016064,3626.8,3.80392095877723,30,30,4852.95218279364,101.217998871878,1.64567802666667,1.64567802666667
