"strata","dload.bi_kgd","dload.ub_kgd","tload_kglenS","degf","lenObs","lenStr","MSE_kglenS","Cl_kglenS","flowmu_m3s","flowav_m3s"
5,332.257620750886,332.253803371311,9303.2,9.27140987222995,26,28,73798.9619261954,200.927983923723,3.29043744285714,3.28442701818182
