"strata","dload.bi_kgd","dload.ub_kgd","tload_kglenS","degf","lenObs","lenStr","MSE_kglenS","Cl_kglenS","flowmu_m3s","flowav_m3s"
1,574.611072968267,577.391158345109,17899.1,13,14,31,3032508.78927499,1043.4153601922,6.31659660541936,3.43273779047619
2,571.807718681244,580.035921267066,17981.1,6.81906135536967,14,31,2984227.44894224,1572.73841209448,6.31659660541935,3.91309757706093
3,593.740468672171,601.67334588986,18651.9,6.72758165171545,14,31,3160977.38280265,1634.25227442925,6.31659660541936,3.99422292544803
4,649.765469662642,654.876335007421,20301.1,5.61093263837133,14,31,3692579.50296086,2018.87125426862,6.31659660541935,3.80274832688172
