"strata","dload.bi_kgd","dload.ub_kgd","tload_kglenS","degf","lenObs","lenStr","MSE_kglenS","Cl_kglenS","flowmu_m3s","flowav_m3s"
1,605.623557728206,605.623557728206,18774.3,30,31,31,9064250.41205775,1122.58439362078,4.45852583225806,4.45852583225806
2,605.623557728206,605.623557728206,18774.3,13.0501073676146,31,31,5766329.32053297,1435.49295438146,4.45852583225806,4.45852583225806
3,605.623557728206,605.623557728206,18774.3,3.22717327117187,31,31,3050316.31095857,2974.37697678452,4.45852583225806,4.45852583225806
4,605.623557728206,605.623557728206,18774.3,2.57370735898343,31,31,2719267.57008216,3600.14614678283,4.45852583225806,4.45852583225806
5,605.623557728206,605.623557728206,18774.3,2.52236284926376,31,31,2691970.60423076,3669.56296694995,4.45852583225806,4.45852583225806
6,605.623557728206,605.623557728206,18774.3,2.4636213413254,31,31,2664254.65035859,3756.93202787434,4.45852583225806,4.45852583225806
7,605.623557728206,605.623557728206,18774.4,2.43228578721803,31,31,2647267.45510266,3804.62667630241,4.45852583225806,4.45852583225806
8,605.623557728206,605.623557728206,18774.3,2.41020284238592,31,31,2635176.39401998,3839.30846759239,4.45852583225806,4.45852583225806
9,605.623557728206,605.623557728206,18774.3,2.41015076147406,31,31,2635147.92461802,3839.39146171113,4.45852583225806,4.45852583225806
