"strata","dload.bi_kgd","dload.ub_kgd","tload_kglenS","degf","lenObs","lenStr","MSE_kglenS","Cl_kglenS","flowmu_m3s","flowav_m3s"
4,950.761924334192,951.925056643966,29509.6,10.7443484022884,23,31,1141529.32987161,719.503439935748,7.77058143594323,8.84577335802309
