"strata","dload.bi_kgd","dload.ub_kgd","tload_kglenS","degf","lenObs","lenStr","MSE_kglenS","Cl_kglenS","flowmu_m3s","flowav_m3s"
5,11.8915657620254,11.8915657620254,356.7,5.04154908388863,30,30,4151.10354195255,73.5792844211519,0.175985136426667,0.175985136426667
