"strata","dload.bi_kgd","dload.ub_kgd","tload_kglenS","degf","lenObs","lenStr","MSE_kglenS","Cl_kglenS","flowmu_m3s","flowav_m3s"
1,145.416190328591,145.416190328591,4507.9,30,31,31,228096.509765927,178.078862445557,1.04921532642409,1.04921532642409
2,145.416190328591,145.416190328591,4507.9,4.2240136816817,31,31,126331.234295607,470.277602544382,1.04921532642409,1.04921532642409
3,145.416190328591,145.416190328591,4507.9,5.66383611134539,31,31,55116.0079331053,244.896026032834,1.04921532642409,1.04921532642409
4,145.416190328591,145.416190328591,4507.9,5.36727405326277,31,31,53638.6919594054,251.7766162737,1.04921532642409,1.04921532642409
5,145.416190328591,145.416190328591,4507.9,5.18729275428946,31,31,52724.7013139429,256.370770023518,1.04921532642409,1.04921532642409
6,145.416190328591,145.416190328591,4507.8,5.07354160030853,31,31,52141.3976332357,259.463588691331,1.04921532642409,1.04921532642409
7,145.416190328591,145.416190328591,4507.8,5.07396850277125,31,31,52143.610156447,259.451725909031,1.04921532642409,1.04921532642409
8,145.416190328591,145.416190328591,4507.8,5.07623334821444,31,31,52155.3376368262,259.388804322187,1.04921532642409,1.04921532642409
9,145.416190328591,145.416190328591,4507.8,5.10684464001022,31,31,52313.1165232615,258.543191099877,1.04921532642409,1.04921532642409
