"strata","dload.bi_kgd","dload.ub_kgd","tload_kglenS","degf","lenObs","lenStr","MSE_kglenS","Cl_kglenS","flowmu_m3s","flowav_m3s"
7,841.189585249172,841.189585249172,23553.4,7.02357637162568,28,28,234185.57918851,431.486892531187,9.50866648727619,9.50866648727619
