"strata","dload.bi_kgd","dload.ub_kgd","tload_kglenS","degf","lenObs","lenStr","MSE_kglenS","Cl_kglenS","flowmu_m3s","flowav_m3s"
5,218.76467784192,218.76467784192,6562.9,2.04135364320752,30,30,1152286.94488549,3170.68963935628,1.03891192888889,1.03891192888889
