"strata","dload.bi_kgd","dload.ub_kgd","tload_kglenS","degf","lenObs","lenStr","MSE_kglenS","Cl_kglenS","flowmu_m3s","flowav_m3s"
7,1213.35930953534,1213.3533629426,37613.9,10.3686762739964,30,31,298479.283784921,376.225816444702,12.0023542807742,12.6855389470108
