"strata","dload.bi_kgd","dload.ub_kgd","tload_kglenS","degf","lenObs","lenStr","MSE_kglenS","Cl_kglenS","flowmu_m3s","flowav_m3s"
1,9.33182568714604,9.33182568714604,289.3,30,31,31,652.545836280223,9.52485919439214,0.113327807086452,0.113327807086452
2,9.33182568714604,9.33182568714604,289.3,21.8214519094515,31,31,425.264297209449,9.15958684111739,0.113327807086452,0.113327807086452
3,9.33182568714604,9.33182568714604,289.3,6.08014367500103,31,31,184.236777809526,13.4265206808111,0.113327807086452,0.113327807086452
4,9.33182568714604,9.33182568714604,289.3,5.31523710024091,31,31,178.120052966216,14.619233808483,0.113327807086452,0.113327807086452
5,9.33182568714604,9.33182568714604,289.3,5.24022582553943,31,31,176.85573133184,14.7300700606983,0.113327807086452,0.113327807086452
6,9.33182568714604,9.33182568714604,289.3,5.23087799624126,31,31,176.697771037243,14.7441331214037,0.113327807086452,0.113327807086452
7,9.33182568714604,9.33182568714604,289.3,5.22736897231931,31,31,176.638700701646,14.7494371780963,0.113327807086452,0.113327807086452
8,9.33182568714604,9.33182568714604,289.3,5.22795192883258,31,31,176.648655040016,14.7485613029106,0.113327807086452,0.113327807086452
9,9.33182568714604,9.33182568714604,289.3,5.22884793660648,31,31,176.663960975734,14.7472157878896,0.113327807086452,0.113327807086452
