"strata","dload.bi_kgd","dload.ub_kgd","tload_kglenS","degf","lenObs","lenStr","MSE_kglenS","Cl_kglenS","flowmu_m3s","flowav_m3s"
1,682.568510888745,682.568510888745,21159.6,30,31,31,3817808.12548589,728.551240090005,5.82793236989247,5.82793236989247
2,682.568510888745,682.568510888745,21159.6,19.4034048863468,31,31,2326466.07682691,723.723821817818,5.82793236989247,5.82793236989247
3,682.568510888745,682.568510888745,21159.7,15.3426478388282,31,31,2199962.96488204,805.542620845287,5.82793236989247,5.82793236989247
4,682.568510888745,682.568510888745,21159.7,5.52539360866093,31,31,625033.564700373,840.421352381916,5.82793236989247,5.82793236989247
5,682.568510888745,682.568510888745,21159.7,4.74043461827036,31,31,576872.716440914,911.70303035023,5.82793236989247,5.82793236989247
6,682.568510888745,682.568510888745,21159.6,4.53278372844682,31,31,564955.676658494,936.390237445579,5.82793236989247,5.82793236989247
7,682.568510888745,682.568510888745,21159.6,4.5130306819547,31,31,563724.47325758,938.804653465015,5.82793236989247,5.82793236989247
8,682.568510888745,682.568510888745,21159.6,4.49963024644533,31,31,562886.415079043,940.455342771839,5.82793236989247,5.82793236989247
9,682.568510888745,682.568510888745,21159.6,4.49973767305872,31,31,562893.137451036,940.442064144026,5.82793236989247,5.82793236989247
