"strata","dload.bi_kgd","dload.ub_kgd","tload_kglenS","degf","lenObs","lenStr","MSE_kglenS","Cl_kglenS","flowmu_m3s","flowav_m3s"
4,671.101485975183,671.837025464252,19483.3,3.94910058983214,17,29,912324.387266468,1341.29868063159,5.72586071076782,6.01347230019678
