"strata","dload.bi_kgd","dload.ub_kgd","tload_kglenS","degf","lenObs","lenStr","MSE_kglenS","Cl_kglenS","flowmu_m3s","flowav_m3s"
6,362.714916907408,362.734976067999,11244.7,6.10860738254997,26,31,208648.930805699,450.283904117755,3.05837882012903,2.91487293150968
