"strata","dload.bi_kgd","dload.ub_kgd","tload_kglenS","degf","lenObs","lenStr","MSE_kglenS","Cl_kglenS","flowmu_m3s","flowav_m3s"
1,214.0776131456,214.0776131456,6422.3,29,30,30,119568.82558541,131.326406661025,1.43456055111111,1.43456055111111
2,214.0776131456,214.0776131456,6422.4,13.0014830465148,30,30,111633.57898922,200.181440097843,1.43456055111111,1.43456055111111
3,214.0776131456,214.0776131456,6422.3,9.47004524430831,30,30,77049.5237883102,202.514243743502,1.43456055111111,1.43456055111111
4,214.0776131456,214.0776131456,6422.4,6.68101508849391,30,30,64180.8931635618,234.024992185396,1.43456055111111,1.43456055111111
5,214.0776131456,214.0776131456,6422.4,6.68064427828423,30,30,64179.1121134511,234.03101835138,1.43456055111111,1.43456055111111
6,214.0776131456,214.0776131456,6422.4,6.68053342046656,30,30,64178.5796143285,234.032820024756,1.43456055111111,1.43456055111111
7,214.0776131456,214.0776131456,6422.4,6.68052440256724,30,30,64178.5362982268,234.032966589183,1.43456055111111,1.43456055111111
8,214.0776131456,214.0776131456,6422.4,6.68068463659285,30,30,64179.3059847297,234.030362483303,1.43456055111111,1.43456055111111
9,214.0776131456,214.0776131456,6422.4,7.28955744332766,30,30,67701.2413511346,226.059699860975,1.43456055111111,1.43456055111111
