"strata","dload.bi_kgd","dload.ub_kgd","tload_kglenS","degf","lenObs","lenStr","MSE_kglenS","Cl_kglenS","flowmu_m3s","flowav_m3s"
9,94.7728285290161,94.7728285290161,2843.1,2.61461464391902,30,30,34010.224103816,395.18818392943,0.705097570154667,0.705097570154667
