"strata","dload.bi_kgd","dload.ub_kgd","tload_kglenS","degf","lenObs","lenStr","MSE_kglenS","Cl_kglenS","flowmu_m3s","flowav_m3s"
1,841.189585249172,841.189585249172,23553.3,27,28,28,646146.001895966,317.413163381899,9.50866648727619,9.50866648727619
2,841.189585249172,841.189585249172,23553.3,24.9986594280652,28,28,346656.658944958,242.52835462936,9.50866648727619,9.50866648727619
3,841.189585249172,841.189585249172,23553.3,16.7328991797655,28,28,300912.591200784,283.274477238377,9.50866648727619,9.50866648727619
4,841.189585249172,841.189585249172,23553.3,14.5268862719134,28,28,278632.151360984,296.031424854015,9.50866648727619,9.50866648727619
5,841.189585249172,841.189585249172,23553.3,14.3389384486515,28,28,264655.087809805,290.739170067984,9.50866648727619,9.50866648727619
6,841.189585249172,841.189585249172,23553.3,10.8444585118356,28,28,248992.392541396,334.092515238961,9.50866648727619,9.50866648727619
7,841.189585249172,841.189585249172,23553.4,7.02357637162568,28,28,234185.57918851,431.486892531187,9.50866648727619,9.50866648727619
8,841.189585249172,841.189585249172,23553.5,7.02462853156409,28,28,234203.152942329,431.457715178974,9.50866648727619,9.50866648727619
