"strata","dload.bi_kgd","dload.ub_kgd","tload_kglenS","degf","lenObs","lenStr","MSE_kglenS","Cl_kglenS","flowmu_m3s","flowav_m3s"
6,26.8421845537858,26.9110696289394,834.3,2.13121258933871,27,31,2392.99674959014,135.995353733821,0.334549290322581,0.303111552688172
