"strata","dload.bi_kgd","dload.ub_kgd","tload_kglenS","degf","lenObs","lenStr","MSE_kglenS","Cl_kglenS","flowmu_m3s","flowav_m3s"
1,1207.31224820201,1207.31224820201,37426.7,30,31,31,19698820.7269505,1654.90537571405,7.34661259337634,7.34661259337634
2,1207.31224820201,1207.31224820201,37426.7,8.55245232210573,31,31,6204845.76928842,1942.30818896513,7.34661259337634,7.34661259337634
3,1207.31224820201,1207.31224820201,37426.6,6.21736451201199,31,31,5234328.74654428,2226.26131337011,7.34661259337634,7.34661259337634
4,1207.31224820201,1207.31224820201,37426.6,5.50716305477945,31,31,4920901.35932149,2364.11966967774,7.34661259337634,7.34661259337634
5,1207.31224820201,1207.31224820201,37426.7,5.50299701611266,31,31,4921072.30421316,2365.53559394003,7.34661259337634,7.34661259337634
6,1207.31224820201,1207.31224820201,37426.5,5.51413583016077,31,31,4924106.51603564,2362.59269089321,7.34661259337634,7.34661259337634
7,1207.31224820201,1207.31224820201,37426.6,5.5099644355865,31,31,4924277.46092731,2364.00698313067,7.34661259337634,7.34661259337634
8,1207.31224820201,1207.31224820201,37426.6,5.55662891284523,31,31,5064340.78115561,2381.94162946867,7.34661259337634,7.34661259337634
9,1207.31224820201,1207.31224820201,37426.6,5.59026624352343,31,31,5085712.02576786,2375.97618429417,7.34661259337634,7.34661259337634
