"strata","dload.bi_kgd","dload.ub_kgd","tload_kglenS","degf","lenObs","lenStr","MSE_kglenS","Cl_kglenS","flowmu_m3s","flowav_m3s"
1,699.264784636483,706.976670768445,20502.3,16,17,29,6286426.80375294,1328.79627120814,5.72586071076782,6.5586683673098
2,671.101485975183,671.837025464252,19483.3,12.9196650139789,17,29,3090430.74879587,1057.27102942063,5.72586071076782,6.01347230019678
3,671.101485975183,671.837025464252,19483.3,4.17625813623003,17,29,938406.717297233,1294.48687404168,5.72586071076782,6.01347230019678
4,671.101485975183,671.837025464252,19483.3,3.94910058983214,17,29,912324.387266468,1341.29868063159,5.72586071076782,6.01347230019678
5,687.832601830182,688.712459464493,19972.7,4.39855665787158,17,29,1172621.7430095,1383.74716050135,5.72586071076782,5.7805980616092
