"strata","dload.bi_kgd","dload.ub_kgd","tload_kglenS","degf","lenObs","lenStr","MSE_kglenS","Cl_kglenS","flowmu_m3s","flowav_m3s"
1,19.3333234401612,19.3582757333949,600.1,25,26,31,3332.68364114919,23.7791850453599,0.373418437187097,0.333626359384615
2,20.0599356624158,20.1639789469564,625,4.119239699476,26,31,1971.26789124991,60.0498688839201,0.373418437187097,0.350225140222427
3,20.1578278514438,20.263935382987,628.1,4.06268559850119,26,31,1957.66488217992,60.5778211792722,0.373418437187097,0.351699832189247
4,20.1615916902918,20.2677250570134,628.2,4.06290201875749,26,31,1957.71751840176,60.5757736646579,0.373418437187097,0.352629506226237
5,20.1624219312294,20.2685357324584,628.2,4.06000373188373,26,31,1957.01915517851,60.6033184641102,0.373418437187097,0.352796862429002
6,20.1624219312294,20.2685357324584,628.2,4.0611421957463,26,31,1957.29416565867,60.5925033291224,0.373418437187097,0.352796862429002
7,20.1598027121401,20.2659650065721,628.2,4.06418873117571,26,31,1958.03034524715,60.5636042803178,0.373418437187097,0.352814478871398
8,20.1499930253167,20.2564058758392,627.9,4.06736087539718,26,31,1958.8008503661,60.5336344437751,0.373418437187097,0.352937793968172
