"strata","dload.bi_kgd","dload.ub_kgd","tload_kglenS","degf","lenObs","lenStr","MSE_kglenS","Cl_kglenS","flowmu_m3s","flowav_m3s"
1,1490.34547933305,1490.34547933305,44710.4,29,30,30,9362166.97665049,1162.06727402637,10.6797173025778,10.6797173025778
2,1490.34547933305,1490.34547933305,44710.4,25.3489407175455,30,30,6936662.99773272,1076.61959218198,10.6797173025778,10.6797173025778
3,1490.34547933305,1490.34547933305,44710.3,11.7876897580872,30,30,6238957.06870184,1588.29015277328,10.6797173025778,10.6797173025778
4,1490.34547933305,1490.34547933305,44710.3,10.0118914535055,30,30,5427458.20857813,1640.25932110712,10.6797173025778,10.6797173025778
5,1490.34547933305,1490.34547933305,44710.3,9.18385470689218,30,30,5283478.67910322,1710.59234374832,10.6797173025778,10.6797173025778
6,1490.34547933305,1490.34547933305,44710.3,8.29655499009744,30,30,5050244.2913712,1788.01731932224,10.6797173025778,10.6797173025778
7,1490.34547933305,1490.34547933305,44710.3,8.21195241494916,30,30,5032103.45026199,1797.06540711563,10.6797173025778,10.6797173025778
8,1490.34547933305,1490.34547933305,44710.3,8.20522913295272,30,30,5030042.43218182,1797.68221682657,10.6797173025778,10.6797173025778
9,1490.34547933305,1490.34547933305,44710.3,8.20528806545309,30,30,5030060.50845595,1797.67680733365,10.6797173025778,10.6797173025778
