"strata","dload.bi_kgd","dload.ub_kgd","tload_kglenS","degf","lenObs","lenStr","MSE_kglenS","Cl_kglenS","flowmu_m3s","flowav_m3s"
6,658.928141000733,658.928141000733,20426.9,11.3665726371049,31,31,392425.760385122,407.35685829614,5.44804879621505,5.44804879621505
