"strata","dload.bi_kgd","dload.ub_kgd","tload_kglenS","degf","lenObs","lenStr","MSE_kglenS","Cl_kglenS","flowmu_m3s","flowav_m3s"
2,20.8497709880982,20.7544000273332,622.6,9.00153525759335,13,30,4987.67831437338,53.2478905326419,0.300856314710507,0.267874237904
