"strata","dload.bi_kgd","dload.ub_kgd","tload_kglenS","degf","lenObs","lenStr","MSE_kglenS","Cl_kglenS","flowmu_m3s","flowav_m3s"
1,45.4983381058065,45.4983381058065,1410.4,30,31,31,54115.9019362725,86.7392181824011,0.437540232258064,0.437540232258064
2,45.4983381058065,45.4983381058065,1410.4,3.17306318023636,31,31,50183.5699187831,388.153414403103,0.437540232258064,0.437540232258064
3,45.4983381058065,45.4983381058065,1410.4,3.04117514047217,31,31,49127.5329769293,401.404852110514,0.437540232258064,0.437540232258064
4,45.4983381058065,45.4983381058065,1410.4,3.03583593228751,31,31,49084.4050822183,401.974248775162,0.437540232258064,0.437540232258064
5,45.4983381058065,45.4983381058065,1410.4,3.03326871011309,31,31,49063.6449568269,402.24894791511,0.437540232258064,0.437540232258064
6,45.4983381058065,45.4983381058065,1410.4,3.03120465731668,31,31,49046.9465225894,402.470256680592,0.437540232258064,0.437540232258064
7,45.4983381058065,45.4983381058065,1410.4,3.03085415670977,31,31,49044.1106792712,402.507879060753,0.437540232258064,0.437540232258064
8,45.4983381058065,45.4983381058065,1410.4,3.03101617279344,31,31,49045.4215707978,402.490487068911,0.437540232258064,0.437540232258064
9,45.4983381058065,45.4983381058065,1410.5,3.03148824019303,31,31,49049.2442975615,402.439839984178,0.437540232258064,0.437540232258064
