"strata","dload.bi_kgd","dload.ub_kgd","tload_kglenS","degf","lenObs","lenStr","MSE_kglenS","Cl_kglenS","flowmu_m3s","flowav_m3s"
1,5.18754714624,5.18754714624,155.6,29,30,30,310.312187098376,6.69025229433059,0.0566336,0.0566336
2,5.18754714624,5.18754714624,155.7,21.1737685673329,30,30,286.651055301054,7.64792144676924,0.0566336,0.0566336
3,5.18754714624,5.18754714624,155.6,22.3903318826446,30,30,204.923911067192,6.2677181135648,0.0566336,0.0566336
4,5.18754714624,5.18754714624,155.6,20.1530555097603,30,30,201.127587806222,6.58659052786697,0.0566336,0.0566336
5,5.18754714624,5.18754714624,155.6,16.440093493658,30,30,153.276833828125,6.45890062289779,0.0566336,0.0566336
6,5.18754714624,5.18754714624,155.6,14.339698997621,30,30,146.25926243585,6.83457461051281,0.0566336,0.0566336
7,5.18754714624,5.18754714624,155.6,12.7642841539926,30,30,134.318666085435,7.02123850707391,0.0566336,0.0566336
8,5.18754714624,5.18754714624,155.6,10.3954893332832,30,30,121.676009360314,7.58380770163446,0.0566336,0.0566336
9,5.18754714624,5.18754714624,155.7,11.5116204141386,30,30,143.19360626955,7.72077673563577,0.0566336,0.0566336
