"strata","dload.bi_kgd","dload.ub_kgd","tload_kglenS","degf","lenObs","lenStr","MSE_kglenS","Cl_kglenS","flowmu_m3s","flowav_m3s"
1,710.635829257886,712.024060250755,21360.7,26,27,30,3376474.68490238,740.745080653782,5.17989641882667,5.6519588173037
2,706.229553788083,706.575354015427,21197.2,4.48706200705052,27,30,1599847.79101073,1589.24218660314,5.17989641882667,5.24992052056116
3,703.436401607033,703.441674471758,21103.3,3.54686547661475,27,30,1419728.7153769,1848.73114570292,5.17989641882667,5.18826922464
4,703.436401607033,703.441674471758,21103.3,3.06082495167733,27,30,1316741.9825822,2064.06426228801,5.17989641882667,5.18826922464
5,703.10267434592,703.120589063461,21093.6,3.05688518941152,27,30,1315894.05482218,2066.19698839124,5.17989641882667,5.19207807021333
6,702.642274444802,702.648159631421,21079.5,3.05306539135406,27,30,1315071.49177395,2068.27186874934,5.17989641882667,5.17367745961333
7,703.115774213444,703.13274319463,21094,3.05264101229689,27,30,1314980.09808553,2068.50283661375,5.17989641882667,5.17997429002667
8,703.059410865901,703.073011845105,21092.2,3.05251260969471,27,30,1314952.44137985,2068.57273431901,5.17989641882667,5.17225764739556
