"strata","dload.bi_kgd","dload.ub_kgd","tload_kglenS","degf","lenObs","lenStr","MSE_kglenS","Cl_kglenS","flowmu_m3s","flowav_m3s"
1,512.360898412775,512.360898412775,15883.2,30,31,31,1607849.92156853,472.798192074482,5.3914620864,5.3914620864
2,512.360898412775,512.360898412775,15883.2,28.1759781219768,31,31,648490.865215682,310.675157205342,5.3914620864,5.3914620864
3,512.360898412775,512.360898412775,15883.3,16.977885470138,31,31,518934.634574841,368.89444666392,5.3914620864,5.3914620864
4,512.360898412775,512.360898412775,15883.2,12.9464114539085,31,31,306560.811123935,332.578563341137,5.3914620864,5.3914620864
5,512.360898412775,512.360898412775,15883.1,6.2447518559259,31,31,263571.850067796,497.964043948621,5.3914620864,5.3914620864
6,512.360898412775,512.360898412775,15883.1,5.92346815901137,31,31,256626.639910334,510.908129550671,5.3914620864,5.3914620864
7,512.360898412775,512.360898412775,15883.2,5.57242139083505,31,31,249832.633652517,527.899814449341,5.3914620864,5.3914620864
8,512.360898412775,512.360898412775,15883.2,5.5792711867431,31,31,249987.427338971,527.567802418774,5.3914620864,5.3914620864
9,512.360898412775,512.360898412775,15883.1,8.53065782178798,31,31,284821.608450304,416.842810578772,5.3914620864,5.3914620864
