"strata","dload.bi_kgd","dload.ub_kgd","tload_kglenS","degf","lenObs","lenStr","MSE_kglenS","Cl_kglenS","flowmu_m3s","flowav_m3s"
1,9.95589102101677,9.95589102101677,308.6,30,31,31,966.970696631198,11.5947051580965,0.161550997780645,0.161550997780645
2,9.95589102101677,9.95589102101677,308.6,23.4481922319912,31,31,938.012058811632,13.0701034411694,0.161550997780645,0.161550997780645
3,9.95589102101677,9.95589102101677,308.6,20.3950852273351,31,31,928.687313659076,14.0585215619135,0.161550997780645,0.161550997780645
4,9.95589102101677,9.95589102101677,308.6,6.62979526559745,31,31,919.274367929097,28.16250401668,0.161550997780645,0.161550997780645
5,9.95589102101677,9.95589102101677,308.7,6.36609614102168,31,31,900.584658415887,28.7024938970725,0.161550997780645,0.161550997780645
6,9.95589102101677,9.95589102101677,308.7,6.36259162077239,31,31,900.428659662995,28.711488306719,0.161550997780645,0.161550997780645
7,9.95589102101677,9.95589102101677,308.7,6.36494783076754,31,31,900.596956660822,28.7064505132116,0.161550997780645,0.161550997780645
8,9.95589102101677,9.95589102101677,308.7,6.37301954393081,31,31,901.207661727899,28.6897686645105,0.161550997780645,0.161550997780645
9,9.95589102101677,9.95589102101677,308.6,3.26875612096099,31,31,916.437730962015,50.8921814792039,0.161550997780645,0.161550997780645
