"strata","dload.bi_kgd","dload.ub_kgd","tload_kglenS","degf","lenObs","lenStr","MSE_kglenS","Cl_kglenS","flowmu_m3s","flowav_m3s"
1,369.510240734949,369.729132269582,10722.1,26,27,29,688948.187267734,334.603367836889,3.81013740527816,3.99731450315062
2,369.996687972067,370.240071441914,10737,20.2385709015083,27,29,538438.399429886,339.982608448948,3.81013740527816,4.01962464220515
3,368.638994546688,368.818146272458,10695.6,12.4578646161551,27,29,185720.021749949,264.94771878199,3.81013740527816,3.94452956989317
4,367.702235666743,367.748356107715,10664.7,5.66434358412812,27,29,110359.378200545,346.511725971512,3.81013740527816,3.94961401423295
5,367.702235666743,367.748356107715,10664.8,5.07194213023177,27,29,104272.805908113,367.011410336319,3.81013740527816,3.94961401423295
6,367.252311376587,367.266882874096,10650.8,4.58013879155755,27,29,98974.5408993188,388.540520523035,3.81013740527816,3.93170830345287
7,366.975878650566,366.9828116029,10642.6,4.55944068858274,27,29,98750.2941817784,389.571014460617,3.81013740527816,3.91486843268506
8,366.311658717712,366.435175872353,10626.7,4.75891181651349,27,29,102934.706125599,383.892008254134,3.81013740527816,3.80993170162759
