"strata","dload.bi_kgd","dload.ub_kgd","tload_kglenS","degf","lenObs","lenStr","MSE_kglenS","Cl_kglenS","flowmu_m3s","flowav_m3s"
1,1456.77478873344,1456.77478873344,43703.2,29,30,30,5140972.41186341,861.124045088511,11.0112236533333,11.0112236533333
2,1456.77478873344,1456.77478873344,43703.3,21.9997261021768,30,30,4219084.23647073,908.20303001545,11.0112236533333,11.0112236533333
3,1456.77478873344,1456.77478873344,43703.2,14.4269053092469,30,30,2292679.36206321,852.638516195444,11.0112236533333,11.0112236533333
4,1456.77478873344,1456.77478873344,43703.2,12.6168371590294,30,30,2157835.6413968,896.198594830509,11.0112236533333,11.0112236533333
5,1456.77478873344,1456.77478873344,43703.2,10.654795913599,30,30,1975911.23829729,951.585355926259,11.0112236533333,11.0112236533333
6,1456.77478873344,1456.77478873344,43703.2,9.13289412016836,30,30,1841067.51763088,1013.42344480544,11.0112236533333,11.0112236533333
7,1456.77478873344,1456.77478873344,43703.2,8.65958196592892,30,30,1791112.38704988,1035.00950272587,11.0112236533333,11.0112236533333
8,1456.77478873344,1456.77478873344,43703.2,8.62497638032621,30,30,1786869.77952469,1036.51671122392,11.0112236533333,11.0112236533333
9,1456.77478873344,1456.77478873344,43703.2,8.34877270256824,30,30,1850210.55539541,1077.73038478011,11.0112236533333,11.0112236533333
