"strata","dload.bi_kgd","dload.ub_kgd","tload_kglenS","degf","lenObs","lenStr","MSE_kglenS","Cl_kglenS","flowmu_m3s","flowav_m3s"
8,343.656572422606,343.656572422606,10653.2,7.70233541682004,31,31,58751.9982393065,202.763204681917,3.48509777204301,3.48509777204301
