"strata","dload.bi_kgd","dload.ub_kgd","tload_kglenS","degf","lenObs","lenStr","MSE_kglenS","Cl_kglenS","flowmu_m3s","flowav_m3s"
1,269.290468068275,269.290468068275,8078.7,29,30,30,683013.185753163,313.875648831991,2.35809929665778,2.35809929665778
2,269.290468068275,269.290468068275,8078.7,14.8009322331083,30,30,403837.690744653,352.486871566263,2.35809929665778,2.35809929665778
3,269.290468068275,269.290468068275,8078.7,13.9222698397979,30,30,391237.536521163,359.730175826171,2.35809929665778,2.35809929665778
4,269.290468068275,269.290468068275,8078.7,4.18055121053638,30,30,238453.039829694,651.949006809295,2.35809929665778,2.35809929665778
5,269.290468068275,269.290468068275,8078.7,3.75708932030917,30,30,225852.885606205,698.445760756023,2.35809929665778,2.35809929665778
6,269.290468068275,269.290468068275,8078.7,3.73451843078779,30,30,225172.138600101,701.301920256626,2.35809929665778,2.35809929665778
7,269.290468068275,269.290468068275,8078.6,3.64372040263471,30,30,222535.215067858,713.431724456863,2.35809929665778,2.35809929665778
8,269.290468068275,269.290468068275,8078.6,3.62150406012875,30,30,221854.468061755,716.465895346425,2.35809929665778,2.35809929665778
9,269.290468068275,269.290468068275,8078.6,3.62039444866577,30,30,221820.509349395,716.618812754546,2.35809929665778,2.35809929665778
