"strata","dload.bi_kgd","dload.ub_kgd","tload_kglenS","degf","lenObs","lenStr","MSE_kglenS","Cl_kglenS","flowmu_m3s","flowav_m3s"
6,14.3529008015499,14.3522738925329,444.8,5.8792805737182,23,31,40.5306030813273,6.45673763731275,0.197492933505376,0.178039596387097
