"strata","dload.bi_kgd","dload.ub_kgd","tload_kglenS","degf","lenObs","lenStr","MSE_kglenS","Cl_kglenS","flowmu_m3s","flowav_m3s"
1,189.635094312502,189.757220916618,5882.5,29,30,31,677160.390759435,312.527942613438,1.78502408602151,1.79119491555556
2,190.561579791911,190.795845495342,5914.7,16.2468558112014,30,31,417588.528965241,339.445510811625,1.78502408602151,1.80669937849462
3,188.605710653929,188.615191902734,5847.2,6.96175419847928,30,31,49758.474798741,200.13368273335,1.78502408602151,1.77803271728701
4,188.915380918737,188.918390852544,5856.5,6.12810809363928,30,31,46527.435399845,212.135247829747,1.78502408602151,1.78324794265233
5,188.915380918737,188.918390852544,5856.4,5.67037310195313,30,31,45581.2740305037,222.513189742784,1.78502408602151,1.78324794265233
6,188.915380918737,188.918390852544,5856.4,4.97420456134897,30,31,44935.9995351223,244.705971845751,1.78502408602151,1.78324794265233
7,188.915380918737,188.918390852544,5856.4,4.9549870976078,30,31,44848.9346442373,245.230199032796,1.78502408602151,1.78324794265233
8,189.007480571647,189.00820313662,5859.2,5.01361824190113,30,31,45184.4506711246,243.834744449289,1.78502408602151,1.78730769892473
9,188.927622279552,188.906876561148,5856,5.25820241278634,30,31,46860.8522996979,239.130276509703,1.78502408602151,1.79217940645161
