"strata","dload.bi_kgd","dload.ub_kgd","tload_kglenS","degf","lenObs","lenStr","MSE_kglenS","Cl_kglenS","flowmu_m3s","flowav_m3s"
7,1453.86386879787,1453.86386879787,43616,12.7058880007887,30,30,2835343.27961321,1022.94221212848,9.03156155591111,9.03156155591111
