"strata","dload.bi_kgd","dload.ub_kgd","tload_kglenS","degf","lenObs","lenStr","MSE_kglenS","Cl_kglenS","flowmu_m3s","flowav_m3s"
1,7.92239969906359,7.92239969906359,237.7,29,30,30,519.15138407964,8.65346591958331,0.0830702588693333,0.0830702588693333
2,7.92239969906359,7.92239969906359,237.7,3.17060377513709,30,30,342.102256683336,32.0735074403207,0.0830702588693333,0.0830702588693333
3,7.92239969906359,7.92239969906359,237.7,3.13440379004478,30,30,340.144418259227,32.3625362223261,0.0830702588693333,0.0830702588693333
4,7.92239969906359,7.92239969906359,237.7,3.08351424138764,30,30,337.361133290875,32.7835698888334,0.0830702588693333,0.0830702588693333
5,7.92239969906359,7.92239969906359,237.7,3.07936999034341,30,30,337.134235351853,32.8187122522119,0.0830702588693333,0.0830702588693333
6,7.92239969906359,7.92239969906359,237.6,3.06871607136621,30,30,336.549295123413,32.9095918275885,0.0830702588693333,0.0830702588693333
7,7.92239969906359,7.92239969906359,237.6,3.06809003238451,30,30,336.515052272413,32.91496614079,0.0830702588693333,0.0830702588693333
8,7.92239969906359,7.92239969906359,237.6,3.06502751717065,30,30,336.346993161541,32.9412747235536,0.0830702588693333,0.0830702588693333
9,7.92239969906359,7.92239969906359,237.6,3.06588160603973,30,30,336.393928998465,32.9339334432498,0.0830702588693333,0.0830702588693333
