"strata","dload.bi_kgd","dload.ub_kgd","tload_kglenS","degf","lenObs","lenStr","MSE_kglenS","Cl_kglenS","flowmu_m3s","flowav_m3s"
1,920.505424020368,920.505424020368,28535.7,30,31,31,5807975.88431533,898.598015210057,5.17552441147527,5.17552441147527
2,920.505424020368,920.505424020368,28535.7,11.2971985918929,31,31,4063312.47029919,1315.76927324143,5.17552441147527,5.17552441147527
3,920.505424020368,920.505424020368,28535.7,9.87252229057941,31,31,3606099.95627922,1348.98689427173,5.17552441147527,5.17552441147527
4,920.505424020368,920.505424020368,28535.7,9.79288436259306,31,31,3591586.33037414,1353.24540999326,5.17552441147527,5.17552441147527
5,920.505424020368,920.505424020368,28535.7,9.66895496490572,31,31,3568632.74508491,1359.94921234001,5.17552441147527,5.17552441147527
6,920.505424020368,920.505424020368,28535.7,9.67006617153506,31,31,3568838.09565012,1359.88820910114,5.17552441147527,5.17552441147527
7,920.505424020368,920.505424020368,28535.7,9.67089783413322,31,31,3568991.629951,1359.84253216916,5.17552441147527,5.17552441147527
8,920.505424020368,920.505424020368,28535.7,9.90018083929796,31,31,3612307.73329405,1347.7425007658,5.17552441147527,5.17552441147527
9,920.505424020368,920.505424020368,28535.7,7.51313612204476,31,31,3674843.17755176,1631.13037075985,5.17552441147527,5.17552441147527
