"strata","dload.bi_kgd","dload.ub_kgd","tload_kglenS","degf","lenObs","lenStr","MSE_kglenS","Cl_kglenS","flowmu_m3s","flowav_m3s"
1,512.932226387946,514.044938555576,15935.4,25,26,31,791963.550134775,366.566285326995,4.59087751152074,5.24813769230769
2,514.230620529849,515.026444581174,15965.8,17.8014328204858,26,31,218556.253209267,232.976136431098,4.59087751152074,5.44470406451613
3,505.137430376162,505.218061508658,15661.7,6.50490850527851,26,31,82876.8890615202,271.079782031403,4.59087751152074,4.50861307526882
4,504.238885098293,504.291173672781,15633,7.04248879799705,26,31,44029.1953850286,186.740497614593,4.59087751152074,4.49882121994135
5,506.038273753491,506.105347431465,15689.2,6.58273118187392,26,31,42546.7889356154,192.574867922285,4.59087751152074,4.55847195698925
6,506.038273753491,506.105347431465,15689.2,6.26037887212631,26,31,41590.5749532869,197.447878858445,4.59087751152074,4.55847195698925
7,506.038273753491,506.105347431465,15689.2,6.24741694859561,26,31,41547.4668080399,197.644728392532,4.59087751152074,4.55847195698925
8,506.038273753491,506.105347431465,15689.2,5.22742703694087,26,31,42269.9399536171,228.162646239826,4.59087751152074,4.55847195698925
