"strata","dload.bi_kgd","dload.ub_kgd","tload_kglenS","degf","lenObs","lenStr","MSE_kglenS","Cl_kglenS","flowmu_m3s","flowav_m3s"
1,1966.4796013248,1966.4796013248,55061.4,27,28,28,16152423.9395374,1587.00558436775,15.4415892761905,15.4415892761905
2,1966.4796013248,1966.4796013248,55061.5,14.179471110445,28,28,2885820.50743347,966.436462160278,15.4415892761905,15.4415892761905
3,1966.4796013248,1966.4796013248,55061.5,12.4860628677798,28,28,2684857.79008711,1005.99562776527,15.4415892761905,15.4415892761905
4,1966.4796013248,1966.4796013248,55061.5,10.5641694744393,28,28,2438816.17383287,1062.86832170847,15.4415892761905,15.4415892761905
5,1966.4796013248,1966.4796013248,55061.5,9.06160945840332,28,28,2241909.72578497,1124.03347212988,15.4415892761905,15.4415892761905
6,1966.4796013248,1966.4796013248,55061.5,8.06690237669937,28,28,2098998.95341357,1174.58972528478,15.4415892761905,15.4415892761905
7,1966.4796013248,1966.4796013248,55061.4,8.14465012983977,28,28,2116657.42801358,1171.94752598107,15.4415892761905,15.4415892761905
8,1966.4796013248,1966.4796013248,55061.4,6.620463202591,28,28,2272974.89495615,1401.79342466886,15.4415892761905,15.4415892761905
