"strata","dload.bi_kgd","dload.ub_kgd","tload_kglenS","degf","lenObs","lenStr","MSE_kglenS","Cl_kglenS","flowmu_m3s","flowav_m3s"
8,183.074906504165,184.524658424679,5720.2,2.79601891028549,29,31,235504.90667963,962.929422787115,1.26792733221677,1.35760716051039
