"strata","dload.bi_kgd","dload.ub_kgd","tload_kglenS","degf","lenObs","lenStr","MSE_kglenS","Cl_kglenS","flowmu_m3s","flowav_m3s"
7,203.760177791936,208.02955267886,6449,2.00390298786,29,31,1090124.58366908,3167.56601066186,1.95645353158793,1.64524211033692
