"strata","dload.bi_kgd","dload.ub_kgd","tload_kglenS","degf","lenObs","lenStr","MSE_kglenS","Cl_kglenS","flowmu_m3s","flowav_m3s"
1,887.807137877884,887.807137877884,27522,30,31,31,2429242.94572309,581.150382411297,4.77457785806452,4.77457785806452
2,887.807137877884,887.807137877884,27522,8.3519412376284,31,31,721504.868352921,672.836370400673,4.77457785806452,4.77457785806452
3,887.807137877884,887.807137877884,27522,9.38124201844351,31,31,356432.750255648,438.225450141172,4.77457785806452,4.77457785806452
4,887.807137877884,887.807137877884,27522,5.55866570928771,31,31,269185.929022742,549.002134707596,4.77457785806452,4.77457785806452
5,887.807137877884,887.807137877884,27522.1,5.03588716208585,31,31,255920.064460976,578.249656533422,4.77457785806452,4.77457785806452
6,887.807137877884,887.807137877884,27522.1,5.02304138498057,31,31,255597.141690371,579.064744390811,4.77457785806452,4.77457785806452
7,887.807137877884,887.807137877884,27522.1,5.0092199513499,31,31,255245.051903951,579.942135566087,4.77457785806452,4.77457785806452
8,887.807137877884,887.807137877884,27522.1,5.00994960703171,31,31,255263.654263407,579.895686620948,4.77457785806452,4.77457785806452
9,887.807137877884,887.807137877884,27522,5.12128695134131,31,31,258024.906669946,572.909877856018,4.77457785806452,4.77457785806452
