"strata","dload.bi_kgd","dload.ub_kgd","tload_kglenS","degf","lenObs","lenStr","MSE_kglenS","Cl_kglenS","flowmu_m3s","flowav_m3s"
1,936.774961588935,943.614672564005,29252.1,21,22,31,10110012.9328324,1442.94211142528,7.28720516490323,9.47688127767273
2,917.176386336299,919.315565391002,28498.8,6.08884426262763,22,31,5437784.90572941,2304.24006879938,7.28720516490323,7.63038793925807
3,911.088862956267,912.604067800298,28290.7,4.01063731267544,22,31,2190704.13145644,2049.84076433499,7.28720516490323,7.38193454342194
4,909.50846253434,910.316897266581,28219.8,3.19150133175484,22,31,1950186.80628566,2405.37009869568,7.28720516490323,7.41494237657061
5,909.482821822343,910.305059652023,28219.4,3.18850576564403,22,31,1949271.04155166,2407.11708400156,7.28720516490323,7.41660603931756
6,909.180640597793,910.015070449826,28210.4,3.18608677107616,22,31,1948531.33329801,2408.53104002486,7.28720516490323,7.42306541602867
7,908.805537061057,909.559894213267,28196.3,3.18493012306058,22,31,1948177.62479319,2409.20817730801,7.28720516490323,7.42272043823943
