"strata","dload.bi_kgd","dload.ub_kgd","tload_kglenS","degf","lenObs","lenStr","MSE_kglenS","Cl_kglenS","flowmu_m3s","flowav_m3s"
3,726.472245917283,726.472245917283,21794.2,23.0485658753713,30,30,16201917.1047775,1734.20019398141,5.88362474584889,5.88362474584889
