"strata","dload.bi_kgd","dload.ub_kgd","tload_kglenS","degf","lenObs","lenStr","MSE_kglenS","Cl_kglenS","flowmu_m3s","flowav_m3s"
2,289.860002368581,289.477963314893,8973.9,12.8923733250283,15,31,640940.282695751,482.101954927293,1.63732000344086,1.89235389247312
