"strata","dload.bi_kgd","dload.ub_kgd","tload_kglenS","degf","lenObs","lenStr","MSE_kglenS","Cl_kglenS","flowmu_m3s","flowav_m3s"
1,498.394600186425,498.394600186425,15450.2,30,31,31,871833.722565324,348.152793779602,4.1020076986357,4.1020076986357
2,498.394600186425,498.394600186425,15450.3,14.0267154226812,31,31,787678.544805771,508.162982164892,4.1020076986357,4.1020076986357
3,498.394600186425,498.394600186425,15450.2,18.1251055786989,31,31,753202.034558141,428.065851279628,4.1020076986357,4.1020076986357
4,498.394600186425,498.394600186425,15450.2,8.71888318882346,31,31,718865.358936024,652.761829939122,4.1020076986357,4.1020076986357
5,498.394600186425,498.394600186425,15450.2,7.16570862487061,31,31,651191.162675699,709.503282220385,4.1020076986357,4.1020076986357
6,498.394600186425,498.394600186425,15450.2,7.13803455393047,31,31,649928.514400566,710.73152588639,4.1020076986357,4.1020076986357
7,498.394600186425,498.394600186425,15450.2,7.13549951055442,31,31,649813.103194464,710.844707389083,4.1020076986357,4.1020076986357
8,498.394600186425,498.394600186425,15450.3,7.09385213670538,31,31,650338.645856652,714.047727684668,4.1020076986357,4.1020076986357
9,498.394600186425,498.394600186425,15450.3,6.95567092170181,31,31,659580.385295586,729.101247500024,4.1020076986357,4.1020076986357
