"strata","dload.bi_kgd","dload.ub_kgd","tload_kglenS","degf","lenObs","lenStr","MSE_kglenS","Cl_kglenS","flowmu_m3s","flowav_m3s"
1,258.471144937887,261.579826640946,8109,25,26,31,7969948.67800409,1162.86067502943,1.96105258064516,1.85965138461538
2,235.542807258597,235.622145869068,7304.3,3.3629166720298,26,31,547731.095670343,1209.40000430372,1.96105258064516,1.77924585337243
3,235.746798239355,235.83804162067,7311,3.36946812633434,26,31,548292.327170891,1207.69284639637,1.96105258064516,1.79732354499151
4,236.100290677152,236.20291932921,7322.3,3.37122227765295,26,31,548469.566703804,1207.26698281548,1.96105258064516,1.82018220967742
5,237.365040398661,237.533267658266,7363.5,3.38919357499293,26,31,550144.213450558,1202.78463718116,1.96105258064516,1.89032401433692
6,237.365040398661,237.533267658266,7363.5,3.38937587350756,26,31,550159.012847049,1202.73711159163,1.96105258064516,1.89032401433692
7,237.706607820364,237.909732702156,7375.2,3.41943849616571,26,31,552821.625668524,1195.23429510191,1.96105258064516,1.93715620276498
8,238.596852571816,238.893649550273,7405.7,3.53655419497927,26,31,563774.801332813,1168.25074573814,1.96105258064516,2.0444044516129
