"strata","dload.bi_kgd","dload.ub_kgd","tload_kglenS","degf","lenObs","lenStr","MSE_kglenS","Cl_kglenS","flowmu_m3s","flowav_m3s"
6,989.007362827479,989.007362827479,28681.3,10.441590246775,29,29,773936.28200797,603.153226147855,6.85684642905379,6.85684642905379
