"strata","dload.bi_kgd","dload.ub_kgd","tload_kglenS","degf","lenObs","lenStr","MSE_kglenS","Cl_kglenS","flowmu_m3s","flowav_m3s"
7,9.33182568714604,9.33182568714604,289.3,5.22736897231931,31,31,176.638700701646,14.7494371780963,0.113327807086452,0.113327807086452
