"strata","dload.bi_kgd","dload.ub_kgd","tload_kglenS","degf","lenObs","lenStr","MSE_kglenS","Cl_kglenS","flowmu_m3s","flowav_m3s"
1,243.732610886928,243.732610886928,7312,29,30,30,2586175.46493299,610.762090796051,1.83571852140444,1.83571852140444
2,243.732610886928,243.732610886928,7312,14.4554694780313,30,30,957727.546692111,550.435997293977,1.83571852140444,1.83571852140444
3,243.732610886928,243.732610886928,7312,3.18148014352718,30,30,422154.893033715,1122.73758352215,1.83571852140444,1.83571852140444
4,243.732610886928,243.732610886928,7311.9,2.23951730724145,30,30,352933.14519937,1544.41668901703,1.83571852140444,1.83571852140444
5,243.732610886928,243.732610886928,7312,2.18422833584796,30,30,348541.849911219,1587.04426003999,1.83571852140444,1.83571852140444
6,243.732610886928,243.732610886928,7311.9,2.17297350208688,30,30,347642.193582688,1596.13976816489,1.83571852140444,1.83571852140444
7,243.732610886928,243.732610886928,7311.9,2.1729313986163,30,30,347638.863379361,1596.17416144654,1.83571852140444,1.83571852140444
8,243.732610886928,243.732610886928,7312,2.17225506185733,30,30,347584.750219922,1596.72552102615,1.83571852140444,1.83571852140444
9,243.732610886928,243.732610886928,7312,2.17276582465748,30,30,347625.6611406,1596.30919214923,1.83571852140444,1.83571852140444
