"strata","dload.bi_kgd","dload.ub_kgd","tload_kglenS","degf","lenObs","lenStr","MSE_kglenS","Cl_kglenS","flowmu_m3s","flowav_m3s"
1,1055.34590972672,1055.34590972672,31660.4,29,30,30,7570986.15064058,1045.00725457116,8.28061889777778,8.28061889777778
2,1055.34590972672,1055.34590972672,31660.4,13.9411390116068,30,30,5883609.52826237,1393.89144325507,8.28061889777778,8.28061889777778
3,1055.34590972672,1055.34590972672,31660.4,22.2784541277297,30,30,2089129.0379421,634.611092381722,8.28061889777778,8.28061889777778
4,1055.34590972672,1055.34590972672,31660.3,18.5133751237986,30,30,1453025.63180476,587.409939957634,8.28061889777778,8.28061889777778
5,1055.34590972672,1055.34590972672,31660.3,17.9928528259994,30,30,1463008.22894961,599.09497033163,8.28061889777778,8.28061889777778
6,1055.34590972672,1055.34590972672,31660.3,16.3885338624902,30,30,1437612.08939343,626.658841021147,8.28061889777778,8.28061889777778
7,1055.34590972672,1055.34590972672,31660.2,15.5644476658647,30,30,1393257.36022955,635.702576173991,8.28061889777778,8.28061889777778
8,1055.34590972672,1055.34590972672,31660.2,12.7253698086102,30,30,1501768.15894968,743.785562957366,8.28061889777778,8.28061889777778
9,1055.34590972672,1055.34590972672,31660.3,12.1736425403147,30,30,1496084.11585024,762.607478191268,8.28061889777778,8.28061889777778
