"strata","dload.bi_kgd","dload.ub_kgd","tload_kglenS","degf","lenObs","lenStr","MSE_kglenS","Cl_kglenS","flowmu_m3s","flowav_m3s"
7,196.081625411303,196.081625411303,6078.5,4.43950755059967,31,31,475987.831538582,874.698406900818,1.10975975053763,1.10975975053763
