"strata","dload.bi_kgd","dload.ub_kgd","tload_kglenS","degf","lenObs","lenStr","MSE_kglenS","Cl_kglenS","flowmu_m3s","flowav_m3s"
6,510.46588888832,510.46588888832,15313.9,2.21908656650812,30,30,1431790.41173495,3148.8736786961,2.07105928888889,2.07105928888889
