"strata","dload.bi_kgd","dload.ub_kgd","tload_kglenS","degf","lenObs","lenStr","MSE_kglenS","Cl_kglenS","flowmu_m3s","flowav_m3s"
6,2444.97543907037,2450.92365113014,73527.8,9.05084841906774,24,30,3661640.85306723,1437.62030561302,13.3918044440889,15.6090759566222
