"strata","dload.bi_kgd","dload.ub_kgd","tload_kglenS","degf","lenObs","lenStr","MSE_kglenS","Cl_kglenS","flowmu_m3s","flowav_m3s"
1,356.8956592896,356.8956592896,11063.8,30,31,31,517152.597705981,268.140495789727,2.54912096344086,2.54912096344086
2,356.8956592896,356.8956592896,11063.8,28.1660061837438,31,31,289806.783208379,207.726840757857,2.54912096344086,2.54912096344086
3,356.8956592896,356.8956592896,11063.8,24.7981649560553,31,31,264631.104321231,212.843241521853,2.54912096344086,2.54912096344086
4,356.8956592896,356.8956592896,11063.8,22.5079649254512,31,31,201223.846349082,195.832983935717,2.54912096344086,2.54912096344086
5,356.8956592896,356.8956592896,11063.7,18.7494576442142,31,31,175393.442639285,202.618680354593,2.54912096344086,2.54912096344086
6,356.8956592896,356.8956592896,11063.7,10.8309468571883,31,31,136714.700106807,247.753151055459,2.54912096344086,2.54912096344086
7,356.8956592896,356.8956592896,11063.7,7.93535701601672,31,31,111539.02121966,273.782954034025,2.54912096344086,2.54912096344086
8,356.8956592896,356.8956592896,11063.7,6.6232960973009,31,31,103091.457943332,298.445467515327,2.54912096344086,2.54912096344086
9,356.8956592896,356.8956592896,11063.7,6.12975112033631,31,31,99007.4768380134,309.39018601268,2.54912096344086,2.54912096344086
