"strata","dload.bi_kgd","dload.ub_kgd","tload_kglenS","degf","lenObs","lenStr","MSE_kglenS","Cl_kglenS","flowmu_m3s","flowav_m3s"
1,504.92235851148,507.443542576,15730.7,23,24,31,3876520.69479559,849.269936463461,3.89896455053763,4.18852666666667
2,498.960087631025,503.558685443827,15610.4,14.2622659745037,24,31,1381943.48975683,666.478737848511,3.89896455053763,4.37817791384267
3,496.645042318436,501.307264058265,15540.6,11.293395560202,24,31,1161121.33043473,703.507726306407,3.89896455053763,4.4910191065233
4,507.97485372262,515.231123548995,15972.2,6.45046435135702,24,31,1188298.61330425,1032.70813406941,3.89896455053763,4.664954289319
5,507.97485372262,515.231123548995,15972.2,6.40227018105416,24,31,1183852.79832155,1036.38458429552,3.89896455053763,4.664954289319
6,507.97485372262,515.231123548995,15972.2,6.40158534335371,24,31,1183789.49644595,1036.43722713363,3.89896455053763,4.664954289319
7,507.97485372262,515.231123548995,15972.2,6.40235509201267,24,31,1183860.8573793,1036.37815028266,3.89896455053763,4.664954289319
