"strata","dload.bi_kgd","dload.ub_kgd","tload_kglenS","degf","lenObs","lenStr","MSE_kglenS","Cl_kglenS","flowmu_m3s","flowav_m3s"
1,3.54471413372778,3.54591223698693,109.9,27,28,31,56.6099973364039,2.97102406699605,0.054409338196129,0.0581604317428571
2,3.55982479820783,3.56179766602381,110.4,24.9196503469099,28,31,28.8927629622981,2.21801510956659,0.054409338196129,0.0575512355909678
3,3.54616932075869,3.54644391398144,110,19.0538565573735,28,31,24.418841807999,2.36898454466465,0.054409338196129,0.0559038562726882
4,3.53592007136298,3.53594566218336,109.7,9.08396532774768,28,31,21.4053244451365,3.46764289284394,0.054409338196129,0.0555796571859908
5,3.51957073383707,3.51884154108581,109.1,8.38459356401555,28,31,20.524532475102,3.57930607193961,0.054409338196129,0.0548880291329032
6,3.52162201720136,3.52112491029714,109.2,8.18515386141807,28,31,20.2722767642999,3.61485174687382,0.054409338196129,0.0549522084423963
7,3.51990345860695,3.51901226060495,109.1,8.12619371920264,28,31,20.1982974349687,3.62577759690401,0.054409338196129,0.0547977579148387
8,3.51990345860695,3.51901226060495,109.1,6.93208653755853,28,31,20.9560015576963,4.11952851494187,0.054409338196129,0.0547977579148387
9,3.51990345860695,3.51901226060495,109,8.04815211682092,28,31,22.8711254206357,3.88332427626093,0.054409338196129,0.0547977579148387
