"strata","dload.bi_kgd","dload.ub_kgd","tload_kglenS","degf","lenObs","lenStr","MSE_kglenS","Cl_kglenS","flowmu_m3s","flowav_m3s"
1,5.29356524544,5.29356524544,158.8,29,30,30,154.370443243061,4.71873029156632,0.0660725333333333,0.0660725333333333
2,5.29356524544,5.29356524544,158.8,8.33496101501436,30,30,151.950731440201,9.77754578687034,0.0660725333333333,0.0660725333333333
3,5.29356524544,5.29356524544,158.7,8.33122256092338,30,30,151.918648454323,9.77943598359651,0.0660725333333333,0.0660725333333333
4,5.29356524544,5.29356524544,158.7,8.30293899535248,30,30,151.663339861591,9.79338964076773,0.0660725333333333,0.0660725333333333
5,5.29356524544,5.29356524544,158.7,8.26852774398785,30,30,151.349696166175,9.81040791853578,0.0660725333333333,0.0660725333333333
6,5.29356524544,5.29356524544,158.6,8.27344713209017,30,30,151.394888293304,9.80797706901391,0.0660725333333333,0.0660725333333333
7,5.29356524544,5.29356524544,158.5,8.28025405716081,30,30,151.466804381385,9.80492242237644,0.0660725333333333,0.0660725333333333
8,5.29356524544,5.29356524544,158.8,8.4087752664358,30,30,152.668936450303,9.74329963455021,0.0660725333333333,0.0660725333333333
9,5.29356524544,5.29356524544,158.8,6.44617164118358,30,30,159.194973666276,11.9588239566385,0.0660725333333333,0.0660725333333333
