"strata","dload.bi_kgd","dload.ub_kgd","tload_kglenS","degf","lenObs","lenStr","MSE_kglenS","Cl_kglenS","flowmu_m3s","flowav_m3s"
7,458.365912174428,460.461992344216,14274.4,3.64678456856309,30,31,542363.359567459,1112.8948993674,3.59218027844129,3.43947751945634
