"strata","dload.bi_kgd","dload.ub_kgd","tload_kglenS","degf","lenObs","lenStr","MSE_kglenS","Cl_kglenS","flowmu_m3s","flowav_m3s"
7,136.341511684955,136.341511684955,4226.6,4.82742957325019,31,31,44870.3460346251,250.518154325002,0.897612111827957,0.897612111827957
