"strata","dload.bi_kgd","dload.ub_kgd","tload_kglenS","degf","lenObs","lenStr","MSE_kglenS","Cl_kglenS","flowmu_m3s","flowav_m3s"
6,221.996660056323,222.005375580823,6882.2,7.21782577965631,28,31,34906.2850930834,163.440555125927,2.4615063483871,2.4303578683871
