"strata","dload.bi_kgd","dload.ub_kgd","tload_kglenS","degf","lenObs","lenStr","MSE_kglenS","Cl_kglenS","flowmu_m3s","flowav_m3s"
1,7.70531915891613,7.70531915891613,238.9,30,31,31,224.161325374212,5.58255995122307,0.0730756129032258,0.0730756129032258
2,7.70531915891613,7.70531915891613,238.9,26.8410816657185,31,31,47.5128550676059,2.73065838856732,0.0730756129032258,0.0730756129032258
3,7.70531915891613,7.70531915891613,238.9,26.6248166699044,31,31,37.0045382788757,2.42053912065091,0.0730756129032258,0.0730756129032258
4,7.70531915891613,7.70531915891613,239,18.1741018344906,31,31,30.4537432546753,2.71772603043749,0.0730756129032258,0.0730756129032258
5,7.70531915891613,7.70531915891613,238.9,18.4461277587868,31,31,28.6518233501538,2.61385289050797,0.0730756129032258,0.0730756129032258
6,7.70531915891613,7.70531915891613,238.8,14.999506461037,31,31,28.0978035781006,2.91725237935214,0.0730756129032258,0.0730756129032258
7,7.70531915891613,7.70531915891613,238.9,13.7028088400215,31,31,28.3369622474118,3.09058280244478,0.0730756129032258,0.0730756129032258
8,7.70531915891613,7.70531915891613,238.9,13.6983538693998,31,31,29.5537656402585,3.15685272239554,0.0730756129032258,0.0730756129032258
9,7.70531915891613,7.70531915891613,238.9,10.3025049242331,31,31,30.5520353715013,3.82177555826358,0.0730756129032258,0.0730756129032258
