"strata","dload.bi_kgd","dload.ub_kgd","tload_kglenS","degf","lenObs","lenStr","MSE_kglenS","Cl_kglenS","flowmu_m3s","flowav_m3s"
1,1083.39319968958,1083.39319968958,32501.8,29,30,30,4340839.65090058,791.279567062007,8.82425268995556,8.82425268995556
2,1083.39319968958,1083.39319968958,32501.8,17.3808798587342,30,30,3555527.05995909,952.65613022902,8.82425268995556,8.82425268995556
3,1083.39319968958,1083.39319968958,32501.8,9.7645731957715,30,30,2496135.19755608,1130.24048737794,8.82425268995555,8.82425268995555
4,1083.39319968958,1083.39319968958,32501.9,7.03778812923221,30,30,2042450.3652498,1272.46920154869,8.82425268995556,8.82425268995556
5,1083.39319968958,1083.39319968958,32501.9,4.650752416884,30,30,1635887.46180444,1559.65430356162,8.82425268995556,8.82425268995556
6,1083.39319968958,1083.39319968958,32501.9,4.31643708476024,30,30,1575511.58429699,1630.00058267645,8.82425268995556,8.82425268995556
7,1083.39319968958,1083.39319968958,32501.9,4.31504278316281,30,30,1575257.5626285,1630.32172273245,8.82425268995556,8.82425268995556
8,1083.39319968958,1083.39319968958,32502,4.31365347686787,30,30,1575003.90466136,1630.64169102394,8.82425268995556,8.82425268995556
9,1083.39319968958,1083.39319968958,32501.9,3.57250135073785,30,30,1763410.95313593,2046.2486814087,8.82425268995556,8.82425268995556
