"strata","dload.bi_kgd","dload.ub_kgd","tload_kglenS","degf","lenObs","lenStr","MSE_kglenS","Cl_kglenS","flowmu_m3s","flowav_m3s"
1,1175.27364214379,1177.95560482442,36516.6,22,23,31,5080773.90828652,996.634153937638,6.90747230967742,8.58122156521739
2,1166.11370258988,1167.70948058826,36199,20.8372184060819,23,31,1965401.50894631,638.991523837159,6.90747230967742,8.14956542478778
3,1169.75680408093,1171.04921600274,36302.5,16.6580984963404,23,31,1428566.21374038,618.815874036637,6.90747230967742,8.41648371612903
4,1171.42607980764,1173.41780115069,36376,13.5410457849155,23,31,1215831.7910013,644.729544579947,6.90747230967742,8.43109883870968
5,1121.00956934819,1121.0334126336,34752,12.777461416437,23,31,1172083.2783061,655.47220160425,6.90747230967742,6.67119449462366
6,1121.00956934819,1121.0334126336,34752.1,9.86212594562765,23,31,985497.760150401,705.680977013976,6.90747230967742,6.67119449462366
7,1121.00956934819,1121.0334126336,34752,9.31187052645123,23,31,1398057.29755654,872.075391045042,6.90747230967742,6.67119449462366
