"strata","dload.bi_kgd","dload.ub_kgd","tload_kglenS","degf","lenObs","lenStr","MSE_kglenS","Cl_kglenS","flowmu_m3s","flowav_m3s"
7,632.072738712774,632.072738712774,19594.3,8.12261159158349,31,31,171315.055570452,334.018130403943,5.37060082580645,5.37060082580645
