"strata","dload.bi_kgd","dload.ub_kgd","tload_kglenS","degf","lenObs","lenStr","MSE_kglenS","Cl_kglenS","flowmu_m3s","flowav_m3s"
8,543.779118329574,543.779118329574,16857.3,5.14552429617675,31,31,1349112.9842782,1305.13893494005,3.1442243963871,3.1442243963871
