"strata","dload.bi_kgd","dload.ub_kgd","tload_kglenS","degf","lenObs","lenStr","MSE_kglenS","Cl_kglenS","flowmu_m3s","flowav_m3s"
1,8.30280455673872,8.30244042105953,257.4,27,28,31,101.504696805125,3.97834710293138,0.125123718193548,0.124725390857143
2,8.25672399231068,8.25630770557958,255.9,25.489953172184,28,31,67.3648054693102,3.34486692749507,0.125123718193548,0.124788920684432
3,8.24486205305351,8.24447316467177,255.6,24.7071493991917,28,31,46.4456260347922,2.8254791097265,0.125123718193548,0.124939342800993
4,8.15770860026396,8.15713534942832,252.8,20.2639356676043,28,31,28.8187712225703,2.48553582188956,0.125123718193548,0.125869836809384
5,8.17922810187316,8.17831907935545,253.5,14.4438844881061,28,31,24.4623768246066,2.78317703981288,0.125123718193548,0.126018894451613
6,8.15318745775845,8.15304217360972,252.7,14.6990505728883,28,31,19.0991991975807,2.43395773831145,0.125123718193548,0.126306629677419
7,8.15318745775845,8.15304217360972,252.7,13.1545750000482,28,31,17.7357281472516,2.50550612309693,0.125123718193548,0.126306629677419
8,8.15318745775845,8.15304217360972,252.7,11.7254875203702,28,31,21.7127995235069,2.97263283154847,0.125123718193548,0.126306629677419
9,8.23033598295899,8.22924463631532,255,12.3189341208373,28,31,34.348122084888,3.62776631986461,0.125123718193548,0.125315541677419
