"strata","dload.bi_kgd","dload.ub_kgd","tload_kglenS","degf","lenObs","lenStr","MSE_kglenS","Cl_kglenS","flowmu_m3s","flowav_m3s"
8,662.37976691456,662.37976691456,19871.4,6.32804366278242,30,30,815589.623985517,867.53330170314,3.73514323555556,3.73514323555556
