"strata","dload.bi_kgd","dload.ub_kgd","tload_kglenS","degf","lenObs","lenStr","MSE_kglenS","Cl_kglenS","flowmu_m3s","flowav_m3s"
1,11.8915657620254,11.8915657620254,356.7,29,30,30,4203.62436413201,24.6237974324107,0.175985136426667,0.175985136426667
2,11.8915657620254,11.8915657620254,356.8,13.1258729621156,30,30,4166.80190606929,38.4540432877257,0.175985136426667,0.175985136426667
3,11.8915657620254,11.8915657620254,356.8,13.0543352539288,30,30,4155.40411045422,38.5277280918013,0.175985136426667,0.175985136426667
4,11.8915657620254,11.8915657620254,356.8,13.0560381494898,30,30,4155.67595909208,38.5259670851107,0.175985136426667,0.175985136426667
5,11.8915657620254,11.8915657620254,356.7,5.04154908388863,30,30,4151.10354195255,73.5792844211519,0.175985136426667,0.175985136426667
6,11.8915657620254,11.8915657620254,356.7,5.04220865269469,30,30,4151.3753905904,73.5740146859171,0.175985136426667,0.175985136426667
7,11.8915657620254,11.8915657620254,356.6,5.0424058515146,30,30,4151.45702864471,73.5724426509026,0.175985136426667,0.175985136426667
8,11.8915657620254,11.8915657620254,356.6,5.0435091044599,30,30,4151.91220734375,73.5636366808055,0.175985136426667,0.175985136426667
9,11.8915657620254,11.8915657620254,356.6,4.0348129621498,30,30,4158.08083179452,88.8275174945769,0.175985136426667,0.175985136426667
