"strata","dload.bi_kgd","dload.ub_kgd","tload_kglenS","degf","lenObs","lenStr","MSE_kglenS","Cl_kglenS","flowmu_m3s","flowav_m3s"
1,841.369636761637,842.937506159068,26131.1,23,24,31,2231140.12501499,644.299984036844,8.21387459149935,10.0309360348133
2,830.222441325312,830.591682966296,25748.3,14.0384274656096,24,31,1664434.830519,738.323608449109,8.21387459149935,8.42272403549626
3,830.222441325312,830.591682966295,25748.3,10.6885800344107,24,31,1169820.23571025,730.739736364855,8.21387459149935,8.42272403549626
4,827.951236893585,827.983968859666,25667.4,6.63516089693343,24,31,853620.222657343,857.688476195994,8.21387459149935,8.31809170669649
5,827.951236893585,827.983968859666,25667.5,4.06847511118817,24,31,628416.287055151,1083.97656556707,8.21387459149935,8.31809170669649
6,834.633477055148,835.017788587036,25885.6,4.04694803977583,24,31,627273.732007592,1088.10182578401,8.21387459149935,8.2321319091957
7,834.633477055148,835.017788587036,25885.5,3.87422528615554,24,31,612435.664537477,1118.17096043001,8.21387459149935,8.2321319091957
