"strata","dload.bi_kgd","dload.ub_kgd","tload_kglenS","degf","lenObs","lenStr","MSE_kglenS","Cl_kglenS","flowmu_m3s","flowav_m3s"
4,19.1112711406802,19.1112711406802,573.4,9.00019753409651,30,30,91.5027870528793,7.2129423594389,0.3352992288,0.3352992288
