"strata","dload.bi_kgd","dload.ub_kgd","tload_kglenS","degf","lenObs","lenStr","MSE_kglenS","Cl_kglenS","flowmu_m3s","flowav_m3s"
9,69.2785537573683,69.2785537573683,2078.2,4.3671607452172,30,30,6992.3874132374,107.508556873172,0.883175821511111,0.883175821511111
