"strata","dload.bi_kgd","dload.ub_kgd","tload_kglenS","degf","lenObs","lenStr","MSE_kglenS","Cl_kglenS","flowmu_m3s","flowav_m3s"
8,167.391160636371,167.391160636371,5189.1,8.23462793676839,31,31,13874.4950208562,94.1882786936257,2.23589924746667,2.23589924746667
