"strata","dload.bi_kgd","dload.ub_kgd","tload_kglenS","degf","lenObs","lenStr","MSE_kglenS","Cl_kglenS","flowmu_m3s","flowav_m3s"
8,786.075807438892,786.075807438892,24368.3,7.02292572754938,31,31,1011741.99085945,896.91371041418,4.75468180452473,4.75468180452473
