"strata","dload.bi_kgd","dload.ub_kgd","tload_kglenS","degf","lenObs","lenStr","MSE_kglenS","Cl_kglenS","flowmu_m3s","flowav_m3s"
2,1830.3398573338,1830.3398573338,56740.6,26.2221618159637,31,31,23767612.2003663,1956.15464399396,13.1195080654108,13.1195080654108
