"strata","dload.bi_kgd","dload.ub_kgd","tload_kglenS","degf","lenObs","lenStr","MSE_kglenS","Cl_kglenS","flowmu_m3s","flowav_m3s"
6,69.3862809723871,69.3862809723871,2150.9,2.84214019144343,31,31,6328.17408597634,154.998638837623,0.838542658064516,0.838542658064516
