"strata","dload.bi_kgd","dload.ub_kgd","tload_kglenS","degf","lenObs","lenStr","MSE_kglenS","Cl_kglenS","flowmu_m3s","flowav_m3s"
9,2836.77824293269,2836.57302131141,87933.7,5.34643893984512,29,31,4552547.21523564,2326.56987853606,20.7828495474581,21.3090676246389
