"strata","dload.bi_kgd","dload.ub_kgd","tload_kglenS","degf","lenObs","lenStr","MSE_kglenS","Cl_kglenS","flowmu_m3s","flowav_m3s"
1,204.773892836748,204.773892836748,6348,30,31,31,694713.488042729,310.782043670288,2.09407303225806,2.09407303225806
2,204.773892836748,204.773892836748,6348,5.82643526528396,31,31,238914.154087116,499.093352405216,2.09407303225806,2.09407303225806
3,204.773892836748,204.773892836748,6347.9,5.35799927517366,31,31,228766.584258667,520.662131208974,2.09407303225806,2.09407303225806
4,204.773892836748,204.773892836748,6348,4.67609094773853,31,31,214038.038158061,561.623750574784,2.09407303225806,2.09407303225806
5,204.773892836748,204.773892836748,6348,4.46178806561623,31,31,208647.708686118,576.670429611047,2.09407303225806,2.09407303225806
6,204.773892836748,204.773892836748,6348,3.91253422022134,31,31,195058.48641625,625.433729919206,2.09407303225806,2.09407303225806
7,204.773892836748,204.773892836748,6347.9,3.88188677426182,31,31,194721.473442652,629.367546598075,2.09407303225806,2.09407303225806
8,204.773892836748,204.773892836748,6348,3.87134072381851,31,31,194458.416778603,630.501097976311,2.09407303225806,2.09407303225806
9,204.773892836748,204.773892836748,6348,3.86198101033911,31,31,194223.023609492,631.510792878079,2.09407303225806,2.09407303225806
