"strata","dload.bi_kgd","dload.ub_kgd","tload_kglenS","degf","lenObs","lenStr","MSE_kglenS","Cl_kglenS","flowmu_m3s","flowav_m3s"
1,52.71026205312,52.71026205312,1581.3,29,30,30,30942.0822570991,66.8063658722236,0.58686568,0.58686568
2,52.71026205312,52.71026205312,1581.4,19.3464694136309,30,30,11715.6910988468,51.4435800044934,0.58686568,0.58686568
3,52.71026205312,52.71026205312,1581.3,13.6217974298906,30,30,8852.46811932946,54.819058146949,0.58686568,0.58686568
4,52.71026205312,52.71026205312,1581.3,5.84084324307535,30,30,5806.32497092091,77.6616264422786,0.58686568,0.58686568
5,52.71026205312,52.71026205312,1581.4,5.36037061248257,30,30,5559.67429883461,81.1400136382096,0.58686568,0.58686568
6,52.71026205312,52.71026205312,1581.3,5.55041726982974,30,30,5514.33587192754,78.6661867690939,0.58686568,0.58686568
7,52.71026205312,52.71026205312,1581.3,5.53321688144268,30,30,5505.77526914323,78.792238760277,0.58686568,0.58686568
8,52.71026205312,52.71026205312,1581.3,5.53312592448892,30,30,5505.73037644216,78.7929104930909,0.58686568,0.58686568
9,52.71026205312,52.71026205312,1581.3,5.54134930436429,30,30,5509.82745875787,78.7325588929835,0.58686568,0.58686568
