"strata","strata.n","dload.bi_kgd","dload.ub_kgd","tload_kglenS","degf","lenObs","lenStr","MSE_kglenS","Cl_kglenS","flowmu_m3s","flowav_m3s"
1,1,76.4242675241317,76.3842312726059,2291.5,7,8,30,2199.89289131047,41.9192870373423,1.47151929080373,0.8955188
2,1,39.2593176576,39.2593176576,117.8,2,3,3,1.8624432224548,12.4561569882854,0.745675733333333,0.745675733333333
2,2,80.1098822145508,80.0431698290367,2161.2,4,5,27,4.680982613547,81.0944950076443,1.55216857496711,0.98542464
