"strata","dload.bi_kgd","dload.ub_kgd","tload_kglenS","degf","lenObs","lenStr","MSE_kglenS","Cl_kglenS","flowmu_m3s","flowav_m3s"
1,119.745222155815,119.774813969386,3713,29,30,31,45470.8130427613,80.9859049363265,1.0497007311828,1.04551918222222
2,119.838568744836,119.876288884267,3716.2,21.437432661219,30,31,40441.3133888984,90.2131074043923,1.0497007311828,1.05344447233627
3,119.928538579629,119.977525662266,3719.3,16.7683158232392,30,31,36881.3515991225,99.0513718612419,1.0497007311828,1.05840532624921
4,119.83687498151,119.89246541605,3716.7,14.8923230524419,30,31,33081.0924425198,100.521120682516,1.0497007311828,1.04130845376344
5,120.087105058693,120.172230342869,3725.3,9.23713549371143,30,31,25769.5986685573,119.01755571281,1.0497007311828,1.05889227311828
6,120.087105058693,120.172230342869,3725.3,9.0245241002012,30,31,25468.044016457,120.123655959138,1.0497007311828,1.05889227311828
7,120.087105058693,120.172230342869,3725.3,9.08914138394865,30,31,25570.2538313758,119.806387610702,1.0497007311828,1.05889227311828
8,119.091425192769,119.082425451271,3691.6,3.92241803877515,30,31,28874.3220515752,240.084166284139,1.0497007311828,1.03782594408602
9,119.091425192769,119.082425451271,3691.6,4.20783753483785,30,31,29557.7672939386,228.235932875513,1.0497007311828,1.03782594408602
