"strata","dload.bi_kgd","dload.ub_kgd","tload_kglenS","degf","lenObs","lenStr","MSE_kglenS","Cl_kglenS","flowmu_m3s","flowav_m3s"
1,303.48140194496,303.48140194496,9104.4,29,30,30,2214005.97111884,565.109324575766,1.32420368888889,1.32420368888889
2,303.48140194496,303.48140194496,9104.4,3.0011936519472,30,30,1660200.93523581,2366.44650111889,1.32420368888889,1.32420368888889
3,303.48140194496,303.48140194496,9104.4,3.00050169167934,30,30,1660009.53169022,2366.89154794317,1.32420368888889,1.32420368888889
4,303.48140194496,303.48140194496,9104.4,3.00042376829355,30,30,1659987.97600153,2366.94168323957,1.32420368888889,1.32420368888889
5,303.48140194496,303.48140194496,9104.4,3.00034656088908,30,30,1659966.61829361,2366.99136148764,1.32420368888889,1.32420368888889
6,303.48140194496,303.48140194496,9104.5,3.00031043473684,30,30,1659956.62453752,2367.01460752627,1.32420368888889,1.32420368888889
7,303.48140194496,303.48140194496,9104.5,3.00016942697594,30,30,1659917.61674946,2367.10534913177,1.32420368888889,1.32420368888889
8,303.48140194496,303.48140194496,9104.5,3.00017502320792,30,30,1659919.16490351,2367.1017476269,1.32420368888889,1.32420368888889
9,303.48140194496,303.48140194496,9104.4,3.00019527051817,30,30,1659924.7661112,2367.08871741251,1.32420368888889,1.32420368888889
