"strata","dload.bi_kgd","dload.ub_kgd","tload_kglenS","degf","lenObs","lenStr","MSE_kglenS","Cl_kglenS","flowmu_m3s","flowav_m3s"
1,1705.21406360777,1705.21406360777,47746,27,28,28,9568559.08217913,1221.47019438742,12.7722252190476,12.7722252190476
2,1705.21406360777,1705.21406360777,47746,5.18567041657078,28,28,7618657.84523157,3082.53285546644,12.7722252190476,12.7722252190476
3,1705.21406360777,1705.21406360777,47746,5.84237225079791,28,28,3031058.86551508,1774.05764638675,12.7722252190476,12.7722252190476
4,1705.21406360777,1705.21406360777,47746,5.8397473545068,28,28,3030377.82900028,1774.4564161508,12.7722252190476,12.7722252190476
5,1705.21406360777,1705.21406360777,47746,5.83850353985852,28,28,3030055.06096004,1774.64550401363,12.7722252190476,12.7722252190476
6,1705.21406360777,1705.21406360777,47746,5.83845414400723,28,28,3030042.24312103,1774.65301533138,12.7722252190476,12.7722252190476
7,1705.21406360777,1705.21406360777,47746,5.83831685442312,28,28,3030006.61734022,1774.67389281967,12.7722252190476,12.7722252190476
8,1705.21406360777,1705.21406360777,47746,5.83861118032207,28,28,3030083.00485659,1774.62913984095,12.7722252190476,12.7722252190476
