"strata","dload.bi_kgd","dload.ub_kgd","tload_kglenS","degf","lenObs","lenStr","MSE_kglenS","Cl_kglenS","flowmu_m3s","flowav_m3s"
1,1031.15071822474,1031.15071822474,31965.7,30,31,31,5040964.75794378,837.162725853935,8.8579220756129,8.8579220756129
2,1031.15071822474,1031.15071822474,31965.7,27.0050252596637,31,31,1330323.33001798,455.401034716079,8.8579220756129,8.8579220756129
3,1031.15071822474,1031.15071822474,31965.7,16.2410057091327,31,31,808782.247091125,472.500535904533,8.8579220756129,8.8579220756129
4,1031.15071822474,1031.15071822474,31965.7,13.1940539046372,31,31,731368.424522782,507.876299973017,8.8579220756129,8.8579220756129
5,1031.15071822474,1031.15071822474,31965.7,13.5339979602521,31,31,731741.035043704,500.327732619941,8.8579220756129,8.8579220756129
6,1031.15071822474,1031.15071822474,31965.6,13.0619338455368,31,31,728345.346958209,509.898246257595,8.8579220756129,8.8579220756129
7,1031.15071822474,1031.15071822474,31965.6,12.7018872494732,31,31,729986.042642391,519.144425728712,8.8579220756129,8.8579220756129
8,1031.15071822474,1031.15071822474,31965.5,8.81356861402979,31,31,754704.18149472,664.105974393022,8.8579220756129,8.8579220756129
9,1031.15071822474,1031.15071822474,31965.5,4.35609658929714,31,31,826679.262964319,1171.49496674374,8.8579220756129,8.8579220756129
