"strata","dload.bi_kgd","dload.ub_kgd","tload_kglenS","degf","lenObs","lenStr","MSE_kglenS","Cl_kglenS","flowmu_m3s","flowav_m3s"
1,186.736918522839,186.736918522839,5602.1,29,30,30,262565.570670486,194.60857315797,1.34684139733333,1.34684139733333
2,186.736918522839,186.736918522839,5602.1,16.3287260546413,30,30,245030.156621301,259.26267851846,1.34684139733333,1.34684139733333
3,186.736918522839,186.736918522839,5602.1,5.5010158991417,30,30,171903.074648869,442.243643215849,1.34684139733333,1.34684139733333
4,186.736918522839,186.736918522839,5602.2,2.34826263619483,30,30,108148.651663398,803.788705405626,1.34684139733333,1.34684139733333
5,186.736918522839,186.736918522839,5602.2,2.32342195070413,30,30,107574.343050801,812.653166959723,1.34684139733333,1.34684139733333
6,186.736918522839,186.736918522839,5602.2,2.30306259466669,30,30,107100.513238211,820.13218142623,1.34684139733333,1.34684139733333
7,186.736918522839,186.736918522839,5602.2,2.30574702636832,30,30,107167.758417973,819.152337754757,1.34684139733333,1.34684139733333
8,186.736918522839,186.736918522839,5602.2,2.31292559392838,30,30,107338.032467825,816.513396330368,1.34684139733333,1.34684139733333
9,186.736918522839,186.736918522839,5602.2,2.32673631926208,30,30,107680.143733548,811.563142720751,1.34684139733333,1.34684139733333
