"strata","dload.bi_kgd","dload.ub_kgd","tload_kglenS","degf","lenObs","lenStr","MSE_kglenS","Cl_kglenS","flowmu_m3s","flowav_m3s"
8,84.9964573758617,84.9964573758617,2635,5.17749850196977,31,31,2598.42396234576,56.9984924316099,1.03317270219355,1.03317270219355
