"strata","dload.bi_kgd","dload.ub_kgd","tload_kglenS","degf","lenObs","lenStr","MSE_kglenS","Cl_kglenS","flowmu_m3s","flowav_m3s"
7,1102.43304474907,1102.43304474907,31970.6,2.82470386580761,29,29,3325237.93489337,3577.3624850544,7.95453347832644,7.95453347832644
