"strata","dload.bi_kgd","dload.ub_kgd","tload_kglenS","degf","lenObs","lenStr","MSE_kglenS","Cl_kglenS","flowmu_m3s","flowav_m3s"
1,3.17596228125465,3.17596228125465,98.5,30,31,31,17.7855035509376,1.57248363938258,0.0555722223948387,0.0555722223948387
2,3.17596228125465,3.17596228125465,98.5,9.48444437085878,31,31,11.854668751736,2.50951875288966,0.0555722223948387,0.0555722223948387
3,3.17596228125465,3.17596228125465,98.5,7.82010373488755,31,31,10.669189511777,2.70433949838632,0.0555722223948387,0.0555722223948387
4,3.17596228125465,3.17596228125465,98.4,7.87332177750602,31,31,10.6694970161801,2.69197265411764,0.0555722223948387,0.0555722223948387
5,3.17596228125465,3.17596228125465,98.4,6.38051541409476,31,31,9.56483601511201,2.95313194257509,0.0555722223948387,0.0555722223948387
6,3.17596228125465,3.17596228125465,98.4,6.31682363751937,31,31,9.58222151432266,2.97745033116017,0.0555722223948387,0.0555722223948387
7,3.17596228125465,3.17596228125465,98.4,5.89559904894986,31,31,9.48495453198917,3.11701588842889,0.0555722223948387,0.0555722223948387
8,3.17596228125465,3.17596228125465,98.3,5.9244194817686,31,31,9.51012648656752,3.10980429498509,0.0555722223948387,0.0555722223948387
9,3.17596228125465,3.17596228125465,98.2,6.03269520499733,31,31,9.77535243986163,3.11070306646465,0.0555722223948387,0.0555722223948387
