"strata","dload.bi_kgd","dload.ub_kgd","tload_kglenS","degf","lenObs","lenStr","MSE_kglenS","Cl_kglenS","flowmu_m3s","flowav_m3s"
7,20.8273692376113,20.8273692376113,624.7,6.2070362720755,30,30,218.996378880507,14.4176074225833,0.385903615744,0.385903615744
