"strata","dload.bi_kgd","dload.ub_kgd","tload_kglenS","degf","lenObs","lenStr","MSE_kglenS","Cl_kglenS","flowmu_m3s","flowav_m3s"
4,74.2325841823502,74.2322029560478,2226.9,2.23398688651184,28,30,42562.3092095762,538.091434849888,0.73765264,0.723408431515151
