"strata","dload.bi_kgd","dload.ub_kgd","tload_kglenS","degf","lenObs","lenStr","MSE_kglenS","Cl_kglenS","flowmu_m3s","flowav_m3s"
8,606.80808571771,606.80808571771,18811.1,4.06289451590171,31,31,1270833.85345919,1543.36644923217,4.86962182709677,4.86962182709677
