"strata","dload.bi_kgd","dload.ub_kgd","tload_kglenS","degf","lenObs","lenStr","MSE_kglenS","Cl_kglenS","flowmu_m3s","flowav_m3s"
1,1149.4944610474,1149.4944610474,35634.3,30,31,31,15561781.8694923,1470.89853201629,7.26803042855914,7.26803042855914
2,1149.4944610474,1149.4944610474,35634.3,20.641458758904,31,31,9495162.59177946,1411.96281269359,7.26803042855914,7.26803042855914
3,1149.4944610474,1149.4944610474,35634.3,10.6193624528017,31,31,5128759.46404784,1536.30235254481,7.26803042855914,7.26803042855914
4,1149.4944610474,1149.4944610474,35634.3,6.69575316787594,31,31,3935479.97072743,1829.68054905565,7.26803042855914,7.26803042855914
5,1149.4944610474,1149.4944610474,35634.3,6.14034914873909,31,31,3429309.6220973,1818.54305321915,7.26803042855914,7.26803042855914
6,1149.4944610474,1149.4944610474,35634.3,5.71536405782008,31,31,3309248.18674269,1884.63010954075,7.26803042855914,7.26803042855914
7,1149.4944610474,1149.4944610474,35634.4,5.5652163203459,31,31,3260819.98215659,1909.06174561065,7.26803042855914,7.26803042855914
8,1149.4944610474,1149.4944610474,35634.4,5.54968462186577,31,31,3256262.65147428,1911.81163971844,7.26803042855914,7.26803042855914
9,1149.4944610474,1149.4944610474,35634.3,6.07545058129692,31,31,3431157.21034087,1833.34153525227,7.26803042855914,7.26803042855914
