"strata","dload.bi_kgd","dload.ub_kgd","tload_kglenS","degf","lenObs","lenStr","MSE_kglenS","Cl_kglenS","flowmu_m3s","flowav_m3s"
9,199.197025132181,199.197025132181,6175.1,3.01475467523265,31,31,849799.682610711,1684.96834989723,1.23200916129032,1.23200916129032
