"strata","dload.bi_kgd","dload.ub_kgd","tload_kglenS","degf","lenObs","lenStr","MSE_kglenS","Cl_kglenS","flowmu_m3s","flowav_m3s"
1,149.851852637245,149.851852637245,4495.6,29,30,30,461364.516056299,257.967606553824,1.543690352,1.543690352
2,149.851852637245,149.851852637245,4495.6,22.0057354225309,30,30,436382.935015059,292.039465515341,1.543690352,1.543690352
3,149.851852637245,149.851852637245,4495.6,2.04955187269466,30,30,191596.298977679,1285.51517322759,1.543690352,1.543690352
4,149.851852637245,149.851852637245,4495.6,2.03518961004691,30,30,190923.494565841,1296.24576475443,1.543690352,1.543690352
5,149.851852637245,149.851852637245,4495.6,2.02443934923329,30,30,190418.415174257,1304.43917657497,1.543690352,1.543690352
6,149.851852637245,149.851852637245,4495.6,2.02136974383423,30,30,190273.979667642,1306.80469954201,1.543690352,1.543690352
7,149.851852637245,149.851852637245,4495.6,2.02004779424356,30,30,190211.74615949,1307.82702473112,1.543690352,1.543690352
8,149.851852637245,149.851852637245,4495.5,2.01955287270131,30,30,190188.44182031,1308.21032930027,1.543690352,1.543690352
9,149.851852637245,149.851852637245,4495.5,2.02024664668865,30,30,190221.109805378,1307.67310777626,1.543690352,1.543690352
