"strata","dload.bi_kgd","dload.ub_kgd","tload_kglenS","degf","lenObs","lenStr","MSE_kglenS","Cl_kglenS","flowmu_m3s","flowav_m3s"
7,544.998206027148,544.998206027148,16895,3.02860585655547,31,31,132727.484022898,662.678024201668,6.4329375483871,6.4329375483871
