"strata","dload.bi_kgd","dload.ub_kgd","tload_kglenS","degf","lenObs","lenStr","MSE_kglenS","Cl_kglenS","flowmu_m3s","flowav_m3s"
1,2025.92158818835,2025.92158818835,60777.6,29,30,30,24926041.3749851,1896.13709801098,10.2976163813689,10.2976163813689
2,2025.92158818835,2025.92158818835,60777.6,24.7239678592266,30,30,5135386.61306942,939.16809943858,10.2976163813689,10.2976163813689
3,2025.92158818835,2025.92158818835,60777.7,5.28821013344185,30,30,4079595.88617885,2221.28717488728,10.2976163813689,10.2976163813689
4,2025.92158818835,2025.92158818835,60777.7,5.26247212720184,30,30,4069647.27761431,2227.05944281066,10.2976163813689,10.2976163813689
5,2025.92158818835,2025.92158818835,60777.7,5.26285183996861,30,30,4069794.19261115,2226.97383160092,10.2976163813689,10.2976163813689
6,2025.92158818835,2025.92158818835,60777.7,4.68672082273847,30,30,4600699.80430209,2598.94944293007,10.2976163813689,10.2976163813689
7,2025.92158818835,2025.92158818835,60777.7,4.66648738557369,30,30,4590751.19573755,2605.43183699598,10.2976163813689,10.2976163813689
8,2025.92158818835,2025.92158818835,60777.8,4.66539621860402,30,30,4590214.39845724,2605.78332552649,10.2976163813689,10.2976163813689
9,2025.92158818835,2025.92158818835,60777.8,4.66569471366985,30,30,4590361.31345407,2605.68717370414,10.2976163813689,10.2976163813689
