"strata","dload.bi_kgd","dload.ub_kgd","tload_kglenS","degf","lenObs","lenStr","MSE_kglenS","Cl_kglenS","flowmu_m3s","flowav_m3s"
7,7.70172822329806,7.70172822329806,238.8,4.22719158022554,30,31,736.26645981457,35.8783701032348,0.114271989677419,0.114271989677419
