"strata","dload.bi_kgd","dload.ub_kgd","tload_kglenS","degf","lenObs","lenStr","MSE_kglenS","Cl_kglenS","flowmu_m3s","flowav_m3s"
6,29.4679197334273,29.4679197334273,913.5,6.74413982125978,31,31,1540.38118642172,36.01326417473,0.330255641341935,0.330255641341935
