"strata","dload.bi_kgd","dload.ub_kgd","tload_kglenS","degf","lenObs","lenStr","MSE_kglenS","Cl_kglenS","flowmu_m3s","flowav_m3s"
1,245.87344150793,247.63202425548,6933.7,16,17,28,673902.231704197,435.065771132267,2.22843102857143,3.00824357647059
2,239.466401041438,240.50586950337,6734.2,10.3924385901808,17,28,419944.977319218,445.616557335895,2.22843102857143,2.86045189142857
3,239.466401041438,240.50586950337,6734.2,8.80058572016821,17,28,190629.477707908,334.090506770105,2.22843102857143,2.86045189142857
4,222.232391121787,222.212137448451,6222,5.28578810760936,17,28,126649.078186491,391.518796823858,2.22843102857143,2.07117165714286
5,222.232391121787,222.212137448451,6222,3.5574967884108,17,28,114477.658214403,523.464869153794,2.22843102857143,2.07117165714286
