"strata","dload.bi_kgd","dload.ub_kgd","tload_kglenS","degf","lenObs","lenStr","MSE_kglenS","Cl_kglenS","flowmu_m3s","flowav_m3s"
1,1400.5771917462,1409.94118661835,42298.2,23,24,30,146740779.717519,5225.16619500035,7.61957893333333,6.38838806666667
2,1213.71543926295,1213.74677703338,36412.4,2.79996744202789,24,30,21178607.2205939,9117.11939645308,7.61957893333333,6.03565849904762
3,1175.00420112461,1176.10484506108,35283.1,2.18869808533252,24,30,18695174.2757368,11591.1287284915,7.61957893333333,5.99086322509804
4,1191.80029168094,1191.47127230808,35744.2,2.13899548189735,24,30,18481686.0482377,11891.5979120878,7.61957893333333,6.86352037333333
5,1203.40672363279,1203.78889252275,36113.7,2.08659128412824,24,30,18252978.3075568,12232.860781201,7.61957893333333,6.99188986666667
6,1203.40672363279,1203.78889252275,36113.7,2.08643439620282,24,30,18252292.0804305,12233.9244281291,7.61957893333333,6.99188986666667
7,1203.40672363279,1203.78889252275,36113.7,2.08643799591833,24,30,18252307.8266295,12233.9000206793,7.61957893333333,6.99188986666667
