"strata","dload.bi_kgd","dload.ub_kgd","tload_kglenS","degf","lenObs","lenStr","MSE_kglenS","Cl_kglenS","flowmu_m3s","flowav_m3s"
9,19.4215436690227,19.4215436690227,582.8,2.08847946302546,30,30,1254.69254688523,101.292576223411,0.275362002133333,0.275362002133333
