"strata","dload.bi_kgd","dload.ub_kgd","tload_kglenS","degf","lenObs","lenStr","MSE_kglenS","Cl_kglenS","flowmu_m3s","flowav_m3s"
6,14.3189544291097,14.3189544291097,444,9.08567406486159,31,31,316.404213490422,13.3303460523106,0.178578529032258,0.178578529032258
