"strata","dload.bi_kgd","dload.ub_kgd","tload_kglenS","degf","lenObs","lenStr","MSE_kglenS","Cl_kglenS","flowmu_m3s","flowav_m3s"
6,63.1211032678468,63.1211032678468,1956.7,2.39830143798857,31,31,21276.9445809918,347.133097710831,0.803176801754839,0.803176801754839
