"strata","dload.bi_kgd","dload.ub_kgd","tload_kglenS","degf","lenObs","lenStr","MSE_kglenS","Cl_kglenS","flowmu_m3s","flowav_m3s"
8,453.31819429176,453.31819429176,14052.9,4.65323254103115,31,31,985936.875540679,1210.27613923404,2.96909716765591,2.96909716765591
