"strata","dload.bi_kgd","dload.ub_kgd","tload_kglenS","degf","lenObs","lenStr","MSE_kglenS","Cl_kglenS","flowmu_m3s","flowav_m3s"
1,47.8069832356137,47.8069832356137,1482,30,31,31,8103.12851933307,33.5644408232732,0.590889405935484,0.590889405935484
2,47.8069832356137,47.8069832356137,1482,21.0863863290654,31,31,5182.8060791109,32.5953595863272,0.590889405935484,0.590889405935484
3,47.8069832356137,47.8069832356137,1482,19.0830693493197,31,31,2529.61468614189,24.0906963974724,0.590889405935484,0.590889405935484
4,47.8069832356137,47.8069832356137,1482,7.79426067192016,31,31,1735.98886132258,34.5736326612598,0.590889405935484,0.590889405935484
5,47.8069832356137,47.8069832356137,1482,6.8573129619478,31,31,1666.0910657688,37.014279150728,0.590889405935484,0.590889405935484
6,47.8069832356137,47.8069832356137,1482,6.86100065812033,31,31,1666.5741527826,37.0055659966635,0.590889405935484,0.590889405935484
7,47.8069832356137,47.8069832356137,1482,6.86816237790893,31,31,1667.46840951097,36.9881876592774,0.590889405935484,0.590889405935484
8,47.8069832356137,47.8069832356137,1481.9,6.89177270350182,31,31,1670.3868240051,36.9308559661146,0.590889405935484,0.590889405935484
9,47.8069832356137,47.8069832356137,1482,6.59386149609645,31,31,1676.4107889493,38.179486349526,0.590889405935484,0.590889405935484
