"strata","dload.bi_kgd","dload.ub_kgd","tload_kglenS","degf","lenObs","lenStr","MSE_kglenS","Cl_kglenS","flowmu_m3s","flowav_m3s"
1,1268.6803088128,1268.6803088128,38060.4,29,30,30,56185642.0331211,2846.79210983749,5.61018734222222,5.61018734222222
2,1268.6803088128,1268.6803088128,38060.4,5.22190822665319,30,30,43729327.7313354,7344.72314735606,5.61018734222222,5.61018734222222
3,1268.6803088128,1268.6803088128,38060.4,2.14869706482043,30,30,27794271.294445,14492.5732628896,5.61018734222222,5.61018734222222
4,1268.6803088128,1268.6803088128,38060.4,2.09855534287346,30,30,27467396.4912078,14886.2903125882,5.61018734222222,5.61018734222222
5,1268.6803088128,1268.6803088128,38060.4,2.07107258838544,30,30,27286787.0721886,15115.1033466504,5.61018734222222,5.61018734222222
6,1268.6803088128,1268.6803088128,38060.4,2.04743448163003,30,30,27130443.9334919,15319.8096270736,5.61018734222222,5.61018734222222
7,1268.6803088128,1268.6803088128,38060.4,2.04571875337522,30,30,27119073.1753537,15334.9677017332,5.61018734222222,5.61018734222222
8,1268.6803088128,1268.6803088128,38060.4,2.0446980050117,30,30,27112320.240447,15344.0092264232,5.61018734222222,5.61018734222222
9,1268.6803088128,1268.6803088128,38060.4,2.04468450097968,30,30,27112230.7095079,15344.1288876822,5.61018734222222,5.61018734222222
