"strata","dload.bi_kgd","dload.ub_kgd","tload_kglenS","degf","lenObs","lenStr","MSE_kglenS","Cl_kglenS","flowmu_m3s","flowav_m3s"
1,7.29278448061021,7.29866703971911,219,23,24,30,241.63104369583,6.70503519996088,0.116100814981333,0.0934181260866667
2,7.30141682302907,7.30799523398644,219.2,20.0306545659821,24,30,246.981347405481,7.32400437027815,0.116100814981333,0.095258989456
3,7.29160140773842,7.2998909567037,219,17.03778170451,24,30,253.900382209405,8.14322229455708,0.116100814981333,0.0979327403697778
4,7.15560609745747,7.16962484670457,215.2,13.1430458605505,24,30,265.495840065356,9.69903329901917,0.116100814981333,0.0999228405790476
5,7.21671968789047,7.23543618450842,217.2,10.1138094724774,24,30,295.45636036372,12.0245687976796,0.116100814981333,0.101546726315152
6,7.25062922502836,7.28106831299077,218.5,7.09206333413938,24,30,390.29129744092,17.4955873298238,0.116100814981333,0.103348662665333
7,7.26687379542664,7.30895590090281,219.1,5.58810259066749,24,30,476.415290794034,23.0031548737032,0.116100814981333,0.108471891504
