"strata","dload.bi_kgd","dload.ub_kgd","tload_kglenS","degf","lenObs","lenStr","MSE_kglenS","Cl_kglenS","flowmu_m3s","flowav_m3s"
1,1035.84543990746,1035.84543990746,32111.2,30,31,31,17754876.9918466,1571.12915106128,6.49500462468817,6.49500462468817
2,1035.84543990746,1035.84543990746,32111.3,3.6394675989249,31,31,6950052.32724792,3991.40111237568,6.49500462468817,6.49500462468817
3,1035.84543990746,1035.84543990746,32111.2,2.88665950103139,31,31,6182254.41714277,4762.50528664769,6.49500462468817,6.49500462468817
4,1035.84543990746,1035.84543990746,32111.2,2.88096793745361,31,31,6176155.80144531,4770.45429375959,6.49500462468817,6.49500462468817
5,1035.84543990746,1035.84543990746,32111.2,2.43443336508417,31,31,5676216.14366075,5565.02241583824,6.49500462468817,6.49500462468817
6,1035.84543990746,1035.84543990746,32111.2,2.42920569710854,31,31,5670117.52796329,5576.89804914182,6.49500462468817,6.49500462468817
7,1035.84543990746,1035.84543990746,32111.2,2.39390693808919,31,31,5628618.29108779,5659.04024088133,6.49500462468817,6.49500462468817
8,1035.84543990746,1035.84543990746,32111.2,2.39371805248519,31,31,5628396.23106013,5659.48993593958,6.49500462468817,6.49500462468817
9,1035.84543990746,1035.84543990746,32111.3,2.39363801611214,31,31,5628302.13410824,5659.68051642556,6.49500462468817,6.49500462468817
