"strata","dload.bi_kgd","dload.ub_kgd","tload_kglenS","degf","lenObs","lenStr","MSE_kglenS","Cl_kglenS","flowmu_m3s","flowav_m3s"
7,43.5254938615742,43.5254938615742,1349.3,3.40344718104306,31,31,900.203537712404,48.4537606610628,0.364921341935484,0.364921341935484
