"strata","dload.bi_kgd","dload.ub_kgd","tload_kglenS","degf","lenObs","lenStr","MSE_kglenS","Cl_kglenS","flowmu_m3s","flowav_m3s"
5,39.9884009588709,39.972844446071,1239.2,4.58282035768487,26,31,1807.94560812169,52.4874185092671,0.51741589632,0.481362489837419
