"strata","dload.bi_kgd","dload.ub_kgd","tload_kglenS","degf","lenObs","lenStr","MSE_kglenS","Cl_kglenS","flowmu_m3s","flowav_m3s"
1,19.4215436690227,19.4215436690227,582.6,29,30,30,4174.33286473709,24.5378562590032,0.275362002133333,0.275362002133333
2,19.4215436690227,19.4215436690227,582.7,19.173243560825,30,30,3090.03162380846,26.554758790822,0.275362002133333,0.275362002133333
3,19.4215436690227,19.4215436690227,582.7,2.72520707671605,30,30,1435.00523366082,77.3755684469745,0.275362002133333,0.275362002133333
4,19.4215436690227,19.4215436690227,582.7,2.44986758707989,30,30,1359.88969402403,85.4658197362989,0.275362002133333,0.275362002133333
5,19.4215436690227,19.4215436690227,582.7,2.16642925546281,30,30,1277.94401848571,97.1724900419115,0.275362002133333,0.275362002133333
6,19.4215436690227,19.4215436690227,582.7,2.11564721374184,30,30,1262.83330368729,99.8015747826261,0.275362002133333,0.275362002133333
7,19.4215436690227,19.4215436690227,582.8,2.10422859998795,30,30,1259.41820530559,100.42080218134,0.275362002133333,0.275362002133333
8,19.4215436690227,19.4215436690227,582.7,2.0998553893926,30,30,1258.10764526693,100.660787862138,0.275362002133333,0.275362002133333
9,19.4215436690227,19.4215436690227,582.8,2.08847946302546,30,30,1254.69254688523,101.292576223411,0.275362002133333,0.275362002133333
