"strata","dload.bi_kgd","dload.ub_kgd","tload_kglenS","degf","lenObs","lenStr","MSE_kglenS","Cl_kglenS","flowmu_m3s","flowav_m3s"
8,103.156475967149,103.156475967149,2888.4,3.32875674390929,28,28,34864.1047467222,308.231479804773,1.61225796622857,1.61225796622857
