"strata","dload.bi_kgd","dload.ub_kgd","tload_kglenS","degf","lenObs","lenStr","MSE_kglenS","Cl_kglenS","flowmu_m3s","flowav_m3s"
1,2866.26390114265,2866.26390114265,85987.9,29,30,30,108540751.930929,3956.75803045096,12.9699816597333,12.9699816597333
2,2866.26390114266,2866.26390114266,85987.9,15.655185573351,30,30,69373120.4563798,4470.55031936596,12.9699816597333,12.9699816597333
3,2866.26390114265,2866.26390114265,85987.9,9.85964361429292,30,30,46898235.5395257,4868.87422982087,12.9699816597333,12.9699816597333
4,2866.26390114265,2866.26390114265,85987.9,3.18238227120035,30,30,22863437.8229735,8260.13064550208,12.9699816597333,12.9699816597333
5,2866.26390114265,2866.26390114265,85987.9,2.80239505524782,30,30,21420560.2247209,9160.17354882214,12.9699816597333,12.9699816597333
6,2866.26390114265,2866.26390114265,85987.9,2.77275580063768,30,30,21327967.6443416,9250.0055455128,12.9699816597333,12.9699816597333
7,2866.26390114265,2866.26390114265,85987.9,2.49704140548716,30,30,20231850.2238549,10183.7390661074,12.9699816597333,12.9699816597333
8,2866.26390114265,2866.26390114265,85987.9,2.4970413706145,30,30,20231850.0827059,10183.7392036057,12.9699816597333,12.9699816597333
9,2866.26390114265,2866.26390114265,85987.7,2.50866640114247,30,30,20300059.6127852,10143.5145334685,12.9699816597333,12.9699816597333
