"strata","dload.bi_kgd","dload.ub_kgd","tload_kglenS","degf","lenObs","lenStr","MSE_kglenS","Cl_kglenS","flowmu_m3s","flowav_m3s"
8,108.105214898046,108.105214898046,3243.2,2.9560715211735,30,30,52020.6780945238,425.745577841179,0.722048510044444,0.722048510044444
