"strata","dload.bi_kgd","dload.ub_kgd","tload_kglenS","degf","lenObs","lenStr","MSE_kglenS","Cl_kglenS","flowmu_m3s","flowav_m3s"
1,1453.3238847078,1453.97045504827,45073.1,29,30,31,25389982.6479694,1913.70187131774,9.86572992808602,9.90434039235556
2,1465.38202506703,1467.31143688105,45486.6,16.1175675793561,30,31,9998166.25042835,1668.66627708388,9.86572992808602,9.94877039729423
3,1441.56632115912,1441.68312268763,44692.1,13.6799777074396,30,31,3515663.17677315,1089.6802303305,9.86572992808602,9.71353854615054
4,1441.56632115912,1441.68312268763,44692.1,4.6024438543499,30,31,1698296.51423471,1602.96193430851,9.86572992808602,9.71353854615054
5,1441.56632115912,1441.68312268763,44692.1,4.17500538399984,30,31,1614300.12984188,1698.27544077156,9.86572992808602,9.71353854615054
6,1441.56632115912,1441.68312268763,44692.1,3.89939697651318,30,31,1558163.62790212,1773.08266064597,9.86572992808602,9.71353854615054
7,1444.25173247155,1444.192308886,44769.8,3.6293840091005,30,31,1501960.19870843,1860.36496620814,9.86572992808602,9.74908298098925
8,1444.25173247155,1444.192308886,44769.8,3.3635998083798,30,31,1444532.20415138,1963.643304457,9.86572992808602,9.74908298098925
9,1444.25173247155,1444.192308886,44769.8,3.19078467817191,30,31,1406248.17564937,2043.02914431456,9.86572992808602,9.74908298098925
