"strata","dload.bi_kgd","dload.ub_kgd","tload_kglenS","degf","lenObs","lenStr","MSE_kglenS","Cl_kglenS","flowmu_m3s","flowav_m3s"
8,142.709216496912,142.709216496912,4281.2,7.22230893714717,30,30,11164.1602745178,92.3918051993298,1.25924704198578,1.25924704198578
