"strata","dload.bi_kgd","dload.ub_kgd","tload_kglenS","degf","lenObs","lenStr","MSE_kglenS","Cl_kglenS","flowmu_m3s","flowav_m3s"
1,754.544623297239,754.544623297239,23390.9,30,31,31,3650024.95524676,712.362369240726,5.49361144086021,5.49361144086021
2,754.544623297239,754.544623297239,23390.9,28.218443476876,31,31,2612544.81316972,623.060459997045,5.49361144086022,5.49361144086022
3,754.544623297239,754.544623297239,23390.9,22.6538167122297,31,31,2291013.21855721,658.414053440491,5.49361144086022,5.49361144086022
4,754.544623297239,754.544623297239,23390.9,18.1781370699946,31,31,1578108.78310356,618.584100680686,5.49361144086022,5.49361144086022
5,754.544623297239,754.544623297239,23390.9,12.4508258865072,31,31,1256577.18849105,689.404750957762,5.49361144086022,5.49361144086022
6,754.544623297239,754.544623297239,23390.9,10.4513924009615,31,31,1144002.11005089,732.87866811637,5.49361144086021,5.49361144086021
7,754.544623297239,754.544623297239,23390.9,9.54105905640025,31,31,1089066.11443504,757.722451036612,5.49361144086022,5.49361144086022
8,754.544623297239,754.544623297239,23390.9,9.50143147712531,31,31,1086797.54072684,758.961715799109,5.49361144086022,5.49361144086022
9,754.544623297239,754.544623297239,23390.9,8.67736059467414,31,31,1109095.7312485,813.355597089877,5.49361144086021,5.49361144086021
