"strata","dload.bi_kgd","dload.ub_kgd","tload_kglenS","degf","lenObs","lenStr","MSE_kglenS","Cl_kglenS","flowmu_m3s","flowav_m3s"
1,1383.44197974122,1383.44197974122,41503.3,29,30,30,63321554.9462364,3022.16982491256,9.40209632284444,9.40209632284444
2,1383.44197974122,1383.44197974122,41503.3,11.163954927585,30,30,16291013.4281211,2654.02208264172,9.40209632284444,9.40209632284444
3,1383.44197974122,1383.44197974122,41503.3,19.640278096488,30,30,8033886.71910495,1335.69076884695,9.40209632284444,9.40209632284444
4,1383.44197974122,1383.44197974122,41503.3,7.45267088966626,30,30,3837222.25195829,1676.06740433272,9.40209632284444,9.40209632284444
5,1383.44197974122,1383.44197974122,41503.3,5.76526376016754,30,30,3362576.33317576,1887.32185504,9.40209632284444,9.40209632284444
6,1383.44197974122,1383.44197974122,41503.3,5.75369538764723,30,30,3359200.22480409,1889.23439872121,9.40209632284444,9.40209632284444
7,1383.44197974122,1383.44197974122,41503.3,5.74922721057147,30,30,3357894.8029202,1889.97511532587,9.40209632284444,9.40209632284444
8,1383.44197974122,1383.44197974122,41503.3,5.70710260009661,30,30,3483705.97198307,1935.78745230605,9.40209632284444,9.40209632284444
9,1383.44197974122,1383.44197974122,41503.3,5.70282885446869,30,30,3482400.55009918,1936.52286328365,9.40209632284444,9.40209632284444
