"strata","dload.bi_kgd","dload.ub_kgd","tload_kglenS","degf","lenObs","lenStr","MSE_kglenS","Cl_kglenS","flowmu_m3s","flowav_m3s"
1,7.29278448061021,7.29866703971911,219,23,24,30,241.63104369583,6.70503519996088,0.116100814981333,0.0934181260866667
