"strata","dload.bi_kgd","dload.ub_kgd","tload_kglenS","degf","lenObs","lenStr","MSE_kglenS","Cl_kglenS","flowmu_m3s","flowav_m3s"
7,4.13174630647742,4.13601736112334,128.2,6.91838545488995,24,31,21.8571112534891,4.21304054388405,0.0643978838709677,0.068051664516129
