"strata","dload.bi_kgd","dload.ub_kgd","tload_kglenS","degf","lenObs","lenStr","MSE_kglenS","Cl_kglenS","flowmu_m3s","flowav_m3s"
1,62.809820825911,62.809820825911,1947.1,30,31,31,25880.9639072553,59.9850846889005,0.603007778408602,0.603007778408602
2,62.809820825911,62.809820825911,1947.1,15.8207812100648,31,31,18898.4651845942,73.3357542769082,0.603007778408602,0.603007778408602
3,62.809820825911,62.809820825911,1947.2,11.9122391440419,31,31,14621.7150774379,76.3971861520197,0.603007778408602,0.603007778408602
4,62.809820825911,62.809820825911,1947.2,6.32981842925343,31,31,10176.3251635267,96.8851386046278,0.603007778408602,0.603007778408602
5,62.809820825911,62.809820825911,1947.2,2.53172672925812,31,31,5964.71592971811,171.962615274881,0.603007778408602,0.603007778408602
6,62.809820825911,62.809820825911,1947.2,2.45684848646633,31,31,5877.82510025813,177.061854143807,0.603007778408602,0.603007778408602
7,62.809820825911,62.809820825911,1947.1,2.4140009414521,31,31,5826.58795980242,180.177603505199,0.603007778408602,0.603007778408602
8,62.809820825911,62.809820825911,1947.1,2.41322853453838,31,31,5825.65567740789,180.235212637681,0.603007778408602,0.603007778408602
9,62.809820825911,62.809820825911,1947.1,2.41322473434423,31,31,5825.65109124599,180.235496221839,0.603007778408602,0.603007778408602
