"strata","dload.bi_kgd","dload.ub_kgd","tload_kglenS","degf","lenObs","lenStr","MSE_kglenS","Cl_kglenS","flowmu_m3s","flowav_m3s"
1,1501.80062839986,1501.80062839986,45054,29,30,30,14207635.4820862,1431.54163167718,11.9023490231556,11.9023490231556
2,1501.80062839986,1501.80062839986,45054,26.2157616854547,30,30,9350792.84467596,1227.13614265774,11.9023490231556,11.9023490231556
3,1501.80062839986,1501.80062839986,45054,9.22941741345507,30,30,5023499.53586932,1662.63022841881,11.9023490231556,11.9023490231556
4,1501.80062839986,1501.80062839986,45054,6.6959824854717,30,30,3871292.09771771,1814.65378220658,11.9023490231556,11.9023490231556
5,1501.80062839986,1501.80062839986,45054,4.8748842080334,30,30,3240438.25774238,2112.08889578045,11.9023490231556,11.9023490231556
6,1501.80062839986,1501.80062839986,45054,4.86443807974035,30,30,3236992.00514768,2114.63867851359,11.9023490231556,11.9023490231556
7,1501.80062839986,1501.80062839986,45054,4.8507942752747,30,30,3232456.99856877,2117.97815744302,11.9023490231556,11.9023490231556
8,1501.80062839986,1501.80062839986,45053.9,4.85059374155619,30,30,3232390.18069939,2118.02735856298,11.9023490231556,11.9023490231556
9,1501.80062839986,1501.80062839986,45053.9,6.76770532142537,30,30,3335109.5422574,1671.57585858025,11.9023490231556,11.9023490231556
