"strata","dload.bi_kgd","dload.ub_kgd","tload_kglenS","degf","lenObs","lenStr","MSE_kglenS","Cl_kglenS","flowmu_m3s","flowav_m3s"
1,400.50076756992,400.50076756992,12015,29,30,30,535238.681301709,277.854110194521,2.99709730666667,2.99709730666667
2,400.50076756992,400.50076756992,12015.1,8.14286050831415,30,30,363599.7321674,485.801281342902,2.99709730666667,2.99709730666667
3,400.50076756992,400.50076756992,12015,8.14442587618609,30,30,363635.538449183,485.762581689752,2.99709730666667,2.99709730666667
4,400.50076756992,400.50076756992,12015,8.14022586249386,30,30,363561.505306726,485.881179402869,2.99709730666667,2.99709730666667
5,400.50076756992,400.50076756992,12015,8.13926859179353,30,30,363540.12687429,485.905218076242,2.99709730666667,2.99709730666667
6,400.50076756992,400.50076756992,12015,8.13925988613618,30,30,363539.932455964,485.905436719777,2.99709730666667,2.99709730666667
7,400.50076756992,400.50076756992,12015,8.14205493612155,30,30,363602.386882272,485.835287740717,2.99709730666667,2.99709730666667
8,400.50076756992,400.50076756992,12015.1,8.16813665069999,30,30,364228.020981116,485.211758416552,2.99709730666667,2.99709730666667
9,400.50076756992,400.50076756992,12015.1,5.18875487462217,30,30,379973.170513321,688.084042486407,2.99709730666667,2.99709730666667
