"strata","dload.bi_kgd","dload.ub_kgd","tload_kglenS","degf","lenObs","lenStr","MSE_kglenS","Cl_kglenS","flowmu_m3s","flowav_m3s"
1,3199.86604004397,3202.85163698243,99288.4,25,26,31,26724956.7319043,2129.40577240146,17.4090914538839,16.7578310519385
2,3215.20047829658,3219.72241815658,99811.4,16.7921695030691,26,31,24770235.0220598,2564.87247191701,17.4090914538839,19.9451420637226
3,3215.20047829658,3219.72241815658,99811.4,9.13701758921731,26,31,16780894.9692691,3058.6954726601,17.4090914538839,19.9451420637226
4,3215.20047829658,3219.72241815658,99811.3,9.21760595657803,26,31,16868381.1186522,3049.2269413127,17.4090914538839,19.9451420637226
5,3215.20047829658,3219.72241815658,99811.3,8.82897585083497,26,31,16507431.8534077,3102.3531857705,17.4090914538839,19.9451420637226
6,3215.20047829658,3219.72241815658,99811.3,8.81983594030645,26,31,16498878.6303957,3103.65691197935,17.4090914538839,19.9451420637226
7,3217.44701732596,3222.82216182131,99907.4,6.46992581927405,26,31,17633958.6574797,3969.58015000554,17.4090914538839,21.1881766032602
8,3267.33114915748,3283.70162096464,101794.6,4.20899372044997,26,31,20889923.7911779,6066.14471602158,17.4090914538839,18.8755086079828
