"strata","dload.bi_kgd","dload.ub_kgd","tload_kglenS","degf","lenObs","lenStr","MSE_kglenS","Cl_kglenS","flowmu_m3s","flowav_m3s"
5,503.574758727886,504.508298205937,15135.2,3.09609909914467,21,30,658278.893713963,1442.00056453696,4.33138334951111,4.43553253991111
