"strata","dload.bi_kgd","dload.ub_kgd","tload_kglenS","degf","lenObs","lenStr","MSE_kglenS","Cl_kglenS","flowmu_m3s","flowav_m3s"
1,2200.24761197761,2200.24761197761,61606.9,27,28,28,13851907.1138646,1469.65158698323,15.8568450350476,15.8568450350476
2,2200.24761197761,2200.24761197761,61606.9,24.1718060433944,28,28,5739246.73853114,1005.30518285901,15.8568450350476,15.8568450350476
3,2200.24761197761,2200.24761197761,61606.9,22.759460632495,28,28,4584925.38135139,929.02588535724,15.8568450350476,15.8568450350476
4,2200.24761197761,2200.24761197761,61607,14.883568192709,28,28,1513729.07619757,680.20777822213,15.8568450350476,15.8568450350476
5,2200.24761197761,2200.24761197761,61607,10.6752020618143,28,28,1188947.43204187,737.26731429643,15.8568450350476,15.8568450350476
6,2200.24761197761,2200.24761197761,61607,8.49043619307327,28,28,1048929.98795024,802.450984539642,15.8568450350476,15.8568450350476
7,2200.24761197761,2200.24761197761,61607,8.2792231197794,28,28,1035611.04393993,810.811422592701,15.8568450350476,15.8568450350476
8,2200.24761197761,2200.24761197761,61607,8.4417384820654,28,28,1046198.34970183,804.468817097744,15.8568450350476,15.8568450350476
