"strata","dload.bi_kgd","dload.ub_kgd","tload_kglenS","degf","lenObs","lenStr","MSE_kglenS","Cl_kglenS","flowmu_m3s","flowav_m3s"
1,7.24715260416,7.24715260416,217.4,29,30,30,442.173364747553,7.98618504218324,0.13592064,0.13592064
2,7.24715260416,7.24715260416,217.4,9.74380542743325,30,30,186.511451219918,9.78319563959337,0.13592064,0.13592064
3,7.24715260416,7.24715260416,217.4,11.3999166433436,30,30,120.323163873745,7.12008777604073,0.13592064,0.13592064
4,7.24715260416,7.24715260416,217.4,8.90646666511992,30,30,108.51379119071,7.90875626835112,0.13592064,0.13592064
5,7.24715260416,7.24715260416,217.5,8.8028936025891,30,30,107.961231242976,7.94928898550789,0.13592064,0.13592064
6,7.24715260416,7.24715260416,217.4,8.524225887247,30,30,106.628671753954,8.06937103687064,0.13592064,0.13592064
7,7.24715260416,7.24715260416,217.4,8.57314350582837,30,30,106.952519997056,8.05108241123689,0.13592064,0.13592064
8,7.24715260416,7.24715260416,217.5,8.58140934531938,30,30,107.007252732841,8.04801481917978,0.13592064,0.13592064
9,7.24715260416,7.24715260416,217.5,7.44026332323569,30,30,113.860981156052,9.14047878118984,0.13592064,0.13592064
