"strata","dload.bi_kgd","dload.ub_kgd","tload_kglenS","degf","lenObs","lenStr","MSE_kglenS","Cl_kglenS","flowmu_m3s","flowav_m3s"
1,503.858006555257,503.858006555257,14108,27,28,28,442497.645064264,262.672788489702,4.55617986209524,4.55617986209524
2,503.858006555257,503.858006555257,14108.1,3.00775832172643,28,28,277951.083597903,966.029273345996,4.55617986209524,4.55617986209524
3,503.858006555257,503.858006555257,14108.1,3.00445247143631,28,28,277798.326234144,966.894747670686,4.55617986209524,4.55617986209524
4,503.858006555257,503.858006555257,14108.1,3.00416700106775,28,28,277785.128502343,966.969599872394,4.55617986209524,4.55617986209524
5,503.858006555257,503.858006555257,14108.1,3.004153329953,28,28,277784.496770097,966.973185566987,4.55617986209524,4.55617986209524
6,503.858006555257,503.858006555257,14108.1,3.00412039910242,28,28,277782.973930896,966.981820980572,4.55617986209524,4.55617986209524
7,503.858006555257,503.858006555257,14108.1,3.00411311611463,28,28,277782.637540652,966.983731523138,4.55617986209524,4.55617986209524
8,503.858006555257,503.858006555257,14108.1,3.00411963073583,28,28,277782.938736888,966.982023059831,4.55617986209524,4.55617986209524
