"strata","dload.bi_kgd","dload.ub_kgd","tload_kglenS","degf","lenObs","lenStr","MSE_kglenS","Cl_kglenS","flowmu_m3s","flowav_m3s"
8,55.5329800365694,55.5329800365694,1721.5,2.72782108226723,31,31,21430.8243120317,298.690968623298,0.523157447225806,0.523157447225806
