"strata","dload.bi_kgd","dload.ub_kgd","tload_kglenS","degf","lenObs","lenStr","MSE_kglenS","Cl_kglenS","flowmu_m3s","flowav_m3s"
6,211.998482935795,211.908762514188,6569.3,3.06628491356971,24,31,142840.363098444,678.55492296848,2.22955689323011,2.22911356784516
