"strata","dload.bi_kgd","dload.ub_kgd","tload_kglenS","degf","lenObs","lenStr","MSE_kglenS","Cl_kglenS","flowmu_m3s","flowav_m3s"
5,920.505424020368,920.505424020368,28535.7,9.66895496490572,31,31,3568632.74508491,1359.94921234001,5.17552441147527,5.17552441147527
