"strata","dload.bi_kgd","dload.ub_kgd","tload_kglenS","degf","lenObs","lenStr","MSE_kglenS","Cl_kglenS","flowmu_m3s","flowav_m3s"
8,2093.54753712198,2093.54753712198,64900.1,6.11745927927977,31,31,13986514.4273166,3682.72679561993,8.73623519483871,8.73623519483871
