"strata","dload.bi_kgd","dload.ub_kgd","tload_kglenS","degf","lenObs","lenStr","MSE_kglenS","Cl_kglenS","flowmu_m3s","flowav_m3s"
1,103.156475967149,103.156475967149,2888.4,27,28,28,44140.101178991,82.9614367705257,1.61225796622857,1.61225796622857
2,103.156475967149,103.156475967149,2888.4,5.29704669522853,28,28,44274.3020984951,231.103041337817,1.61225796622857,1.61225796622857
3,103.156475967149,103.156475967149,2888.4,3.91247975296281,28,28,37832.0311311834,275.44454557437,1.61225796622857,1.61225796622857
4,103.156475967149,103.156475967149,2888.4,3.70402263959661,28,28,36793.7273132528,285.661564344104,1.61225796622857,1.61225796622857
5,103.156475967149,103.156475967149,2888.4,3.5072857985449,28,28,35795.2003663419,296.734032450742,1.61225796622857,1.61225796622857
6,103.156475967149,103.156475967149,2888.4,3.34306168668983,28,28,34938.9153432505,307.248925080687,1.61225796622857,1.61225796622857
7,103.156475967149,103.156475967149,2888.4,3.33442127318267,28,28,34893.7772807061,307.841232601788,1.61225796622857,1.61225796622857
8,103.156475967149,103.156475967149,2888.4,3.32875674390929,28,28,34864.1047467222,308.231479804773,1.61225796622857,1.61225796622857
