"strata","dload.bi_kgd","dload.ub_kgd","tload_kglenS","degf","lenObs","lenStr","MSE_kglenS","Cl_kglenS","flowmu_m3s","flowav_m3s"
9,359.206958739853,359.206958739853,10776.1,2.75039597735609,30,30,378147.933684731,1242.99213544888,3.54015123370667,3.54015123370667
