"strata","dload.bi_kgd","dload.ub_kgd","tload_kglenS","degf","lenObs","lenStr","MSE_kglenS","Cl_kglenS","flowmu_m3s","flowav_m3s"
8,81.6713426210354,81.6713426210354,2531.8,3.77717124321468,31,31,2332.82223023789,70.6349695823803,1.33947370090323,1.33947370090323
