"strata","dload.bi_kgd","dload.ub_kgd","tload_kglenS","degf","lenObs","lenStr","MSE_kglenS","Cl_kglenS","flowmu_m3s","flowav_m3s"
1,199.197025132181,199.197025132181,6175.1,30,31,31,1219938.87283839,411.833895511934,1.23200916129032,1.23200916129032
2,199.197025132181,199.197025132181,6175.1,3.16170037434566,31,31,870297.834744542,1622.40091354555,1.23200916129032,1.23200916129032
3,199.197025132181,199.197025132181,6175.2,3.09731855991839,31,31,861389.024002941,1648.85209929828,1.23200916129032,1.23200916129032
4,199.197025132181,199.197025132181,6175.1,3.01975428997918,31,31,850504.527310739,1682.70436894082,1.23200916129032,1.23200916129032
5,199.197025132181,199.197025132181,6175.1,3.01555728130877,31,31,849913.097988101,1684.60444623772,1.23200916129032,1.23200916129032
6,199.197025132181,199.197025132181,6175.1,3.0150448657361,31,31,849840.581400253,1684.83663815629,1.23200916129032,1.23200916129032
7,199.197025132181,199.197025132181,6175.1,3.01492451164754,31,31,849823.619078301,1684.89126022688,1.23200916129032,1.23200916129032
8,199.197025132181,199.197025132181,6175.1,3.01476336759852,31,31,849800.907709646,1684.96440409576,1.23200916129032,1.23200916129032
9,199.197025132181,199.197025132181,6175.1,3.01475467523265,31,31,849799.682610711,1684.96834989723,1.23200916129032,1.23200916129032
