"strata","dload.bi_kgd","dload.ub_kgd","tload_kglenS","degf","lenObs","lenStr","MSE_kglenS","Cl_kglenS","flowmu_m3s","flowav_m3s"
1,1951.85355972043,1952.73679283376,58582.1,28,29,30,18317703.0126642,1656.81024887594,10.4515735644444,9.51037629425287
2,1963.88824596769,1964.84409631554,58945.4,21.7280469258781,29,30,12296549.834914,1561.27255378945,10.4515735644444,9.56159656242424
3,1970.3647082619,1971.59366810525,59147.8,17.3470518289142,29,30,9308969.81460608,1543.19581493278,10.4515735644444,9.45450757333333
4,1970.3647082619,1971.59366810525,59147.8,14.4425030623109,29,30,3418479.79064649,1040.47716357564,10.4515735644444,9.45450757333333
5,1983.4293480601,1984.01156579876,59520.4,4.67561432161927,29,30,1555064.26630311,1513.94717706487,10.4515735644444,10.1495276977778
6,1983.4293480601,1984.01156579876,59520.3,3.71502542392227,29,30,1376640.46316361,1742.50243543944,10.4515735644444,10.1495276977778
7,1983.4293480601,1984.01156579876,59520.2,2.96685316404293,29,30,1222879.9679126,2056.14689731749,10.4515735644444,10.1495276977778
8,1983.4293480601,1984.01156579876,59520.2,2.736797830251,29,30,1174323.36004307,2202.79011127183,10.4515735644444,10.1495276977778
9,1983.4293480601,1984.01156579876,59520.2,2.73567770027681,29,30,1174082.99869455,2203.58970574961,10.4515735644444,10.1495276977778
