"strata","dload.bi_kgd","dload.ub_kgd","tload_kglenS","degf","lenObs","lenStr","MSE_kglenS","Cl_kglenS","flowmu_m3s","flowav_m3s"
9,62.809820825911,62.809820825911,1947.1,2.41322473434423,31,31,5825.65109124599,180.235496221839,0.603007778408602,0.603007778408602
