"strata","dload.bi_kgd","dload.ub_kgd","tload_kglenS","degf","lenObs","lenStr","MSE_kglenS","Cl_kglenS","flowmu_m3s","flowav_m3s"
7,1452.63807753075,1453.29814708975,40692.3,11.4021112484403,27,28,564715.588735458,487.723867501849,14.7756101651429,14.9686110689524
