"strata","dload.bi_kgd","dload.ub_kgd","tload_kglenS","degf","lenObs","lenStr","MSE_kglenS","Cl_kglenS","flowmu_m3s","flowav_m3s"
8,1149.4944610474,1149.4944610474,35634.4,5.54968462186577,31,31,3256262.65147428,1911.81163971844,7.26803042855914,7.26803042855914
