"strata","dload.bi_kgd","dload.ub_kgd","tload_kglenS","degf","lenObs","lenStr","MSE_kglenS","Cl_kglenS","flowmu_m3s","flowav_m3s"
1,376.900751397482,376.900751397482,11683.9,30,31,31,320812.798841388,211.192696785375,3.37061416756989,3.37061416756989
2,376.900751397482,376.900751397482,11684,14.6165710462045,31,31,133209.956540034,203.945386083128,3.37061416756989,3.37061416756989
3,376.900751397482,376.900751397482,11683.9,12.7383069072667,31,31,116817.413987685,207.316351797896,3.37061416756989,3.37061416756989
4,376.900751397482,376.900751397482,11683.9,11.517422742666,31,31,110535.496569322,214.44466515995,3.37061416756989,3.37061416756989
5,376.900751397482,376.900751397482,11683.9,11.0100189147987,31,31,108048.575614103,218.01400352755,3.37061416756989,3.37061416756989
6,376.900751397482,376.900751397482,11683.9,11.0067226493307,31,31,108032.398262378,218.038281025569,3.37061416756989,3.37061416756989
7,376.900751397482,376.900751397482,11683.9,11.006439386864,31,31,108031.008065372,218.040367991921,3.37061416756989,3.37061416756989
8,376.900751397482,376.900751397482,11683.9,11.0073160941274,31,31,108035.310996914,218.033909343194,3.37061416756989,3.37061416756989
9,376.900751397482,376.900751397482,11683.8,5.07280423022705,31,31,115988.310534244,387.028029314276,3.37061416756989,3.37061416756989
