"strata","dload.bi_kgd","dload.ub_kgd","tload_kglenS","degf","lenObs","lenStr","MSE_kglenS","Cl_kglenS","flowmu_m3s","flowav_m3s"
1,7.44076665862385,7.4411969920079,230.7,29,30,31,43.076915671877,2.49267340169654,0.0997001035010753,0.0977628081066667
2,7.47016785975632,7.47031876632114,231.6,20.2956140426452,30,31,17.6837406149035,1.94530323744237,0.0997001035010752,0.0986995004473118
3,7.47016785975632,7.47031876632114,231.6,17.8839189568414,30,31,16.39451300755,2.0124724831608,0.0997001035010753,0.0986995004473118
4,7.47427413749721,7.47429826404983,231.7,13.1463565177761,30,31,15.5155322333007,2.3443219365327,0.0997001035010753,0.0992819486050179
5,7.46780632418074,7.46831430319265,231.6,8.58323047211933,30,31,14.4059600222743,2.95251673490484,0.0997001035010753,0.100265569553303
6,7.46780632418074,7.46831430319265,231.6,8.31589149383964,30,31,14.1741066132991,2.99081262340543,0.0997001035010753,0.100265569553303
7,7.46780632418074,7.46831430319265,231.7,8.33073214560913,30,31,14.2097445830303,2.99101391324194,0.0997001035010753,0.100265569553303
8,7.46780632418074,7.46831430319265,231.7,8.8668611872378,30,31,14.6956780292415,2.91895615589507,0.0997001035010753,0.100265569553303
9,7.46444085517172,7.46611984228416,231.6,7.05941894283839,30,31,16.7000313740785,3.63074499185806,0.0997001035010753,0.101265139544086
