"strata","dload.bi_kgd","dload.ub_kgd","tload_kglenS","degf","lenObs","lenStr","MSE_kglenS","Cl_kglenS","flowmu_m3s","flowav_m3s"
1,316.007095265653,316.007095265653,9480.2,29,30,30,3761625.70468721,736.59856637324,2.92777557784889,2.92777557784889
2,316.007095265653,316.007095265653,9480.2,13.3742952129345,30,30,2682958.57266228,964.862351696995,2.92777557784889,2.92777557784889
3,316.007095265654,316.007095265654,9480.2,2.77128700333741,30,30,625849.636236758,1585.48221016777,2.92777557784889,2.92777557784889
4,316.007095265654,316.007095265654,9480.2,2.52754838309804,30,30,597512.729387185,1724.55423111568,2.92777557784889,2.92777557784889
5,316.007095265654,316.007095265654,9480.2,2.50578911335563,30,30,595146.020921398,1739.22597227674,2.92777557784889,2.92777557784889
6,316.007095265654,316.007095265654,9480.3,2.41948055288584,30,30,585924.781366305,1801.71451262376,2.92777557784889,2.92777557784889
7,316.007095265654,316.007095265654,9480.3,2.40009682430294,30,30,583572.863662361,1816.27298881431,2.92777557784889,2.92777557784889
8,316.007095265654,316.007095265654,9480.3,2.40023932178923,30,30,583589.450003938,1816.16353517347,2.92777557784889,2.92777557784889
9,316.007095265654,316.007095265654,9480.3,2.420086384969,30,30,586022.393725227,1801.30235644484,2.92777557784889,2.92777557784889
