"strata","dload.bi_kgd","dload.ub_kgd","tload_kglenS","degf","lenObs","lenStr","MSE_kglenS","Cl_kglenS","flowmu_m3s","flowav_m3s"
1,462.939170386886,462.939170386886,13888.2,29,30,30,586133.833045835,290.764562433048,4.07237901884444,4.07237901884444
2,462.939170386886,462.939170386886,13888.2,11.0539307454666,30,30,380210.894164539,407.955291758727,4.07237901884444,4.07237901884444
3,462.939170386886,462.939170386886,13888.2,12.2387966879298,30,30,355031.630814599,370.292672750745,4.07237901884444,4.07237901884444
4,462.939170386886,462.939170386886,13888.2,9.31502056836649,30,30,305727.796875172,407.721876565151,4.07237901884444,4.07237901884444
5,462.939170386886,462.939170386886,13888.2,7.86796092087793,30,30,279930.069871651,436.238308277746,4.07237901884444,4.07237901884444
6,462.939170386886,462.939170386886,13888.2,7.4735431456861,30,30,271856.71111387,445.263330731054,4.07237901884444,4.07237901884444
7,462.939170386886,462.939170386886,13888.2,7.46777147109862,30,30,271751.6879564,445.414059785391,4.07237901884444,4.07237901884444
8,462.939170386886,462.939170386886,13888.2,7.46764083911199,30,30,271749.355580166,445.417510851347,4.07237901884444,4.07237901884444
9,462.939170386886,462.939170386886,13888.2,7.81544676447433,30,30,279763.175535777,438.093033670513,4.07237901884444,4.07237901884444
