"strata","dload.bi_kgd","dload.ub_kgd","tload_kglenS","degf","lenObs","lenStr","MSE_kglenS","Cl_kglenS","flowmu_m3s","flowav_m3s"
1,1181.49978758268,1181.49978758268,36626.5,30,31,31,20210867.8885897,1676.2760283509,4.49280819036559,4.49280819036559
2,1181.49978758268,1181.49978758268,36626.5,26.7895326310267,31,31,15485700.948279,1560.57277374585,4.49280819036559,4.49280819036559
3,1181.49978758268,1181.49978758268,36626.6,10.5740623201869,31,31,7699937.90389343,1887.46305707149,4.49280819036559,4.49280819036559
4,1181.49978758268,1181.49978758268,36626.5,6.8269070787713,31,31,5875818.17668101,2205.06169645287,4.49280819036559,4.49280819036559
5,1181.49978758268,1181.49978758268,36626.5,6.59039725587085,31,31,5771111.99473736,2240.95587537427,4.49280819036559,4.49280819036559
6,1181.49978758268,1181.49978758268,36626.5,6.47947654994316,31,31,5723744.44486308,2259.16196140153,4.49280819036559,4.49280819036559
7,1181.49978758268,1181.49978758268,36626.5,6.49023546282204,31,31,5729767.43466516,2257.64649074931,4.49280819036559,4.49280819036559
8,1181.49978758268,1181.49978758268,36626.5,6.65545419232219,31,31,5810078.48576102,2232.74765532872,4.49280819036559,4.49280819036559
9,1181.49978758268,1181.49978758268,36626.5,5.21842267361824,31,31,6404689.86307662,2812.32767325332,4.49280819036559,4.49280819036559
