"strata","dload.bi_kgd","dload.ub_kgd","tload_kglenS","degf","lenObs","lenStr","MSE_kglenS","Cl_kglenS","flowmu_m3s","flowav_m3s"
6,552.748078317425,552.748078317425,16582.3,4.69313915164963,30,30,1527340.50121735,1495.76573418923,2.37924990115556,2.37924990115556
