"strata","dload.bi_kgd","dload.ub_kgd","tload_kglenS","degf","lenObs","lenStr","MSE_kglenS","Cl_kglenS","flowmu_m3s","flowav_m3s"
8,87.5444673370839,87.5444673370839,2713.8,2.69584367353913,31,31,41614.1602818918,421.873042650514,0.764096877419355,0.764096877419355
