"strata","dload.bi_kgd","dload.ub_kgd","tload_kglenS","degf","lenObs","lenStr","MSE_kglenS","Cl_kglenS","flowmu_m3s","flowav_m3s"
1,467.649510030796,468.20089630335,14514.2,24,25,31,2377082.97155274,649.538499924568,5.11830148710538,5.17535978429867
2,462.327493505649,462.977442192811,14352.3,20.5468432599062,25,31,2712872.40463429,756.673279249673,5.11830148710538,5.01904729708387
3,470.685638402023,471.039136031614,14602.2,17.8561792866167,25,31,2391937.92298237,769.380929211594,5.11830148710538,4.99856699386953
4,473.757898765058,474.125293332083,14697.9,16.2918575082731,25,31,3508850.43214624,982.384894569659,5.11830148710538,4.68542704138667
5,475.019043123264,475.108492516073,14728.3,13.4387889426841,25,31,3636166.97255352,1120.03158158474,5.11830148710538,4.70149763987527
6,477.486959182864,477.089236584048,14789.7,10.1727380603568,25,31,3862573.85748126,1369.8185312023,5.11830148710538,4.8298371290724
7,481.979043131601,479.996510925167,14879.9,6.51089679883759,25,31,4233739.37383297,1936.21926131604,5.11830148710538,5.07979200927312
