"strata","dload.bi_kgd","dload.ub_kgd","tload_kglenS","degf","lenObs","lenStr","MSE_kglenS","Cl_kglenS","flowmu_m3s","flowav_m3s"
1,24.3593901832258,24.3593901832258,755.1,30,31,31,3338.89472724944,21.545392785159,0.252263105376344,0.252263105376344
2,24.3593901832258,24.3593901832258,755.2,17.3577877478536,31,31,2273.17111983316,24.1063754525815,0.252263105376344,0.252263105376344
3,24.3593901832258,24.3593901832258,755.1,10.8283120166578,31,31,1867.79306693834,28.9628907417783,0.252263105376344,0.252263105376344
4,24.3593901832258,24.3593901832258,755.1,4.63694538476192,31,31,1005.50185022953,38.7626234733003,0.252263105376344,0.252263105376344
5,24.3593901832258,24.3593901832258,755.1,4.55919082319273,31,31,996.980058523388,39.1453854086742,0.252263105376344,0.252263105376344
6,24.3593901832258,24.3593901832258,755.1,4.53740829725384,31,31,994.635236904038,39.2563900811552,0.252263105376344,0.252263105376344
7,24.3593901832258,24.3593901832258,755.1,4.52669886245006,31,31,993.459211457048,39.310995998515,0.252263105376344,0.252263105376344
8,24.3593901832258,24.3593901832258,755.1,4.52765951505291,31,31,993.581412438166,39.3064151088879,0.252263105376344,0.252263105376344
9,24.3593901832258,24.3593901832258,755.1,4.58314471135333,31,31,1006.03553107005,39.1510629788602,0.252263105376344,0.252263105376344
