"strata","dload.bi_kgd","dload.ub_kgd","tload_kglenS","degf","lenObs","lenStr","MSE_kglenS","Cl_kglenS","flowmu_m3s","flowav_m3s"
1,16.67766640896,16.67766640896,500.3,29,30,30,1169.82606360117,12.9898377368397,0.1628216,0.1628216
2,16.67766640896,16.67766640896,500.3,10.205177832517,30,30,121.249727461836,7.65931779023467,0.1628216,0.1628216
3,16.67766640896,16.67766640896,500.3,3.94616357445715,30,30,70.8066763186149,11.82439781254,0.1628216,0.1628216
4,16.67766640896,16.67766640896,500.3,3.65221745981321,30,30,68.0584481672089,12.449189792443,0.1628216,0.1628216
5,16.67766640896,16.67766640896,500.3,3.66769969438867,30,30,68.2056229734652,12.4131716875907,0.1628216,0.1628216
6,16.67766640896,16.67766640896,500.3,3.39805531083232,30,30,67.51946825877,13.2907125141256,0.1628216,0.1628216
7,16.67766640896,16.67766640896,500.3,3.41259449124196,30,30,67.6666430650263,13.2495310870042,0.1628216,0.1628216
8,16.67766640896,16.67766640896,500.3,3.42110711294859,30,30,67.755546954603,13.2259079402513,0.1628216,0.1628216
9,16.67766640896,16.67766640896,500.4,3.47512137246264,30,30,68.3067841079365,13.0784443000717,0.1628216,0.1628216
