"strata","dload.bi_kgd","dload.ub_kgd","tload_kglenS","degf","lenObs","lenStr","MSE_kglenS","Cl_kglenS","flowmu_m3s","flowav_m3s"
1,343.365486315813,343.365486315813,10301,29,30,30,5345689.66168055,878.101968691911,2.27226588444444,2.27226588444444
2,343.365486315813,343.365486315813,10300.9,4.21665160158177,30,30,967136.088738696,1303.17058520179,2.27226588444444,2.27226588444444
3,343.365486315813,343.365486315813,10301,4.18616345737835,30,30,963677.248378665,1309.08910769083,2.27226588444444,2.27226588444444
4,343.365486315813,343.365486315813,10301,4.09791836820868,30,30,953455.343021172,1326.71105420477,2.27226588444444,2.27226588444444
5,343.365486315813,343.365486315813,10300.9,4.09115457103235,30,30,952647.718659552,1328.08528266089,2.27226588444444,2.27226588444444
6,343.365486315813,343.365486315813,10300.9,4.08970623299614,30,30,952507.544464167,1328.40315559432,2.27226588444444,2.27226588444444
7,343.365486315813,343.365486315813,10300.9,4.08962617244494,30,30,952498.221066604,1328.41963696623,2.27226588444444,2.27226588444444
8,343.365486315813,343.365486315813,10301,4.08958744170712,30,30,952493.710804525,1328.42761049542,2.27226588444444,2.27226588444444
9,343.365486315813,343.365486315813,10301,4.08962294092508,30,30,952497.845158535,1328.42030251903,2.27226588444444,2.27226588444444
