"strata","dload.bi_kgd","dload.ub_kgd","tload_kglenS","degf","lenObs","lenStr","MSE_kglenS","Cl_kglenS","flowmu_m3s","flowav_m3s"
8,216.991831407309,216.991831407309,6509.6,4.11163397427091,30,30,215355.334310293,628.671860492227,2.28066653511111,2.28066653511111
