"strata","dload.bi_kgd","dload.ub_kgd","tload_kglenS","degf","lenObs","lenStr","MSE_kglenS","Cl_kglenS","flowmu_m3s","flowav_m3s"
1,544.998206027148,544.998206027148,16894.9,30,31,31,961755.442390526,365.666671904501,6.4329375483871,6.4329375483871
2,544.998206027148,544.998206027148,16895,3.18141084828242,31,31,136040.867277386,637.36283980661,6.4329375483871,6.4329375483871
3,544.998206027148,544.998206027148,16895,3.04654250728504,31,31,133119.792549337,659.528029112037,6.4329375483871,6.4329375483871
4,544.998206027148,544.998206027148,16895,3.03349029500271,31,31,132834.49032051,661.815418733191,6.4329375483871,6.4329375483871
5,544.998206027148,544.998206027148,16894.9,3.03040556790613,31,31,132766.915370861,662.359740163285,6.4329375483871,6.4329375483871
6,544.998206027148,544.998206027148,16895,3.03011832716629,31,31,132760.627800503,662.41051797428,6.4329375483871,6.4329375483871
7,544.998206027148,544.998206027148,16895,3.02860585655547,31,31,132727.484022898,662.678024201668,6.4329375483871,6.4329375483871
8,544.998206027148,544.998206027148,16895.1,3.02865898124829,31,31,132728.649562018,662.668625206121,6.4329375483871,6.4329375483871
9,544.998206027148,544.998206027148,16895,3.02915238084733,31,31,132739.48807659,662.58138736801,6.4329375483871,6.4329375483871
