"strata","dload.bi_kgd","dload.ub_kgd","tload_kglenS","degf","lenObs","lenStr","MSE_kglenS","Cl_kglenS","flowmu_m3s","flowav_m3s"
8,1190.17504894445,1191.25750335384,36929,7.63765718470198,27,31,642916.750222269,674.613524451809,10.444934848,9.50213764886021
