"strata","dload.bi_kgd","dload.ub_kgd","tload_kglenS","degf","lenObs","lenStr","MSE_kglenS","Cl_kglenS","flowmu_m3s","flowav_m3s"
1,362.088648676343,362.088648676343,11224.7,30,31,31,2588249.45639344,599.868584870738,2.5402285747957,2.5402285747957
2,362.088648676343,362.088648676343,11224.7,10.5846314270808,31,31,673877.100501536,558.024159541801,2.5402285747957,2.5402285747957
3,362.088648676343,362.088648676343,11224.8,7.47264038778473,31,31,376316.972355186,523.913879195636,2.5402285747957,2.5402285747957
4,362.088648676343,362.088648676343,11224.8,6.28041387319904,31,31,343699.450504395,566.279845691099,2.5402285747957,2.5402285747957
5,362.088648676343,362.088648676343,11224.7,5.87530091554349,31,31,322283.355682891,576.050571287499,2.5402285747957,2.5402285747957
6,362.088648676343,362.088648676343,11224.7,5.59284378668301,31,31,315163.144887652,591.263533107476,2.5402285747957,2.5402285747957
7,362.088648676343,362.088648676343,11224.7,5.46967848134003,31,31,311688.067118744,598.120627208157,2.5402285747957,2.5402285747957
8,362.088648676343,362.088648676343,11224.8,5.42786190962316,31,31,310472.021427354,600.497809012661,2.5402285747957,2.5402285747957
9,362.088648676343,362.088648676343,11224.8,5.42730992628432,31,31,310456.242699066,600.529744133565,2.5402285747957,2.5402285747957
