"strata","dload.bi_kgd","dload.ub_kgd","tload_kglenS","degf","lenObs","lenStr","MSE_kglenS","Cl_kglenS","flowmu_m3s","flowav_m3s"
8,1013.70141311364,1027.65971784936,30829.9,4.10507721522015,29,30,27184392.4640619,7073.21878494365,3.4907110448,3.41376171395556
