"strata","dload.bi_kgd","dload.ub_kgd","tload_kglenS","degf","lenObs","lenStr","MSE_kglenS","Cl_kglenS","flowmu_m3s","flowav_m3s"
5,543.995953929749,543.938051697082,16862.1,2.05825755340931,24,31,1522473.09817544,3601.92559594862,4.87549467052043,4.63143821745745
