"strata","dload.bi_kgd","dload.ub_kgd","tload_kglenS","degf","lenObs","lenStr","MSE_kglenS","Cl_kglenS","flowmu_m3s","flowav_m3s"
1,28.4438058293016,28.503992597106,883.6,24,25,31,3614.3720082801,25.3278982371864,0.302797479793548,0.3413351246208
2,27.5993320881276,27.6107757065829,855.9,13.0987179321829,25,31,1407.38167296741,22.3762245088616,0.302797479793548,0.304406520471663
3,28.2850631587506,28.3241518547357,878.1,11.8063434528415,25,31,1371.51618455852,23.5262852679468,0.302797479793548,0.300561731416774
4,27.5993320881276,27.6107757065829,855.9,5.1702789985956,25,31,740.417326110049,30.4596304462772,0.302797479793548,0.304406520471663
5,28.2850631587506,28.3241518547357,878,4.67830784235626,25,31,702.916205950668,32.1722736402769,0.302797479793548,0.300561731416774
6,28.2850631587506,28.3241518547357,878,4.15319901370703,25,31,661.216283736202,34.5285723744843,0.302797479793548,0.300561731416774
7,28.2850631587506,28.3241518547357,878,4.17749193099551,25,31,663.181742088541,34.4037878499338,0.302797479793548,0.300561731416774
8,28.7456296106338,28.7679177627348,891.8,4.44987918924078,25,31,714.59436801687,33.8245618697117,0.302797479793548,0.341986104103226
