"strata","dload.bi_kgd","dload.ub_kgd","tload_kglenS","degf","lenObs","lenStr","MSE_kglenS","Cl_kglenS","flowmu_m3s","flowav_m3s"
1,2618.71766931022,2618.71766931022,81180.2,30,31,31,10938365.9255294,1233.18796232924,21.6910808398882,21.6910808398882
2,2618.71766931022,2618.71766931022,81180.2,15.8576133855799,31,31,9113386.81892079,1608.25339800505,21.6910808398882,21.6910808398882
3,2618.71766931022,2618.71766931022,81180.2,15.6370984066165,31,31,6911528.60081913,1412.03429522134,21.6910808398882,21.6910808398882
4,2618.71766931022,2618.71766931022,81180.2,12.610230332523,31,31,6321819.30528023,1534.45356608706,21.6910808398882,21.6910808398882
5,2618.71766931022,2618.71766931022,81180.2,11.7608863299601,31,31,6164721.01571697,1581.01805669484,21.6910808398882,21.6910808398882
6,2618.71766931022,2618.71766931022,81180.3,11.7594217213984,31,31,6164337.07628457,1581.08959899525,21.6910808398882,21.6910808398882
7,2618.71766931022,2618.71766931022,81180.3,11.7597669137027,31,31,6164427.61890023,1581.07274231216,21.6910808398882,21.6910808398882
8,2618.71766931022,2618.71766931022,81180.3,11.7653711437626,31,31,6165898.399741,1580.79931841034,21.6910808398882,21.6910808398882
9,2618.71766931022,2618.71766931022,81180.4,8.93304244343037,31,31,6215664.51074333,1889.1363170777,21.6910808398882,21.6910808398882
