"strata","dload.bi_kgd","dload.ub_kgd","tload_kglenS","degf","lenObs","lenStr","MSE_kglenS","Cl_kglenS","flowmu_m3s","flowav_m3s"
1,34.8003940791654,34.8003940791654,1044,29,30,30,7945.91289576001,33.8543889514123,0.420054557511111,0.420054557511111
2,34.8003940791654,34.8003940791654,1044,13.5564138703717,30,30,5209.14018838217,42.1725303778366,0.420054557511111,0.420054557511111
3,34.8003940791654,34.8003940791654,1044.1,6.77970516873367,30,30,2167.10245579058,42.5563229903444,0.420054557511111,0.420054557511111
4,34.8003940791654,34.8003940791654,1044,3.94591579367202,30,30,1628.2361685389,56.7055018552799,0.420054557511111,0.420054557511111
5,34.8003940791654,34.8003940791654,1044,3.35786853795059,30,30,1499.94487310597,63.3825604544113,0.420054557511111,0.420054557511111
6,34.8003940791654,34.8003940791654,1044,3.293051073653,30,30,1485.31979715967,64.3098694909879,0.420054557511111,0.420054557511111
7,34.8003940791654,34.8003940791654,1044,3.22101017795536,30,30,1468.91912777067,65.3982586697785,0.420054557511111,0.420054557511111
8,34.8003940791654,34.8003940791654,1044,3.22228806111542,30,30,1469.24713030509,65.3791875227387,0.420054557511111,0.420054557511111
9,34.8003940791654,34.8003940791654,1044,3.22522572915852,30,30,1469.91942076835,65.3336091583213,0.420054557511111,0.420054557511111
