"strata","dload.bi_kgd","dload.ub_kgd","tload_kglenS","degf","lenObs","lenStr","MSE_kglenS","Cl_kglenS","flowmu_m3s","flowav_m3s"
4,1417.6895218399,1417.6895218399,43948.4,25.4384070430243,31,31,5308660.10455613,940.02210146777,10.4571202064516,10.4571202064516
