"strata","dload.bi_kgd","dload.ub_kgd","tload_kglenS","degf","lenObs","lenStr","MSE_kglenS","Cl_kglenS","flowmu_m3s","flowav_m3s"
7,376.900751397482,376.900751397482,11683.9,11.006439386864,31,31,108031.008065372,218.040367991921,3.37061416756989,3.37061416756989
