"strata","dload.bi_kgd","dload.ub_kgd","tload_kglenS","degf","lenObs","lenStr","MSE_kglenS","Cl_kglenS","flowmu_m3s","flowav_m3s"
1,137.943073355148,137.943073355148,4276.2,30,31,31,625857.914589489,294.978883263964,1.12186289892473,1.12186289892473
2,137.943073355148,137.943073355148,4276.2,7.13773982768645,31,31,186570.051292721,380.808181501563,1.12186289892473,1.12186289892473
3,137.943073355148,137.943073355148,4276.2,3.31364273041584,31,31,23514.1919422149,254.286736826684,1.12186289892473,1.12186289892473
4,137.943073355148,137.943073355148,4276.2,3.26113776938899,31,31,23325.536447554,257.357586571311,1.12186289892473,1.12186289892473
5,137.943073355148,137.943073355148,4276.2,3.21757979560001,31,31,23168.7505562063,260.009541554296,1.12186289892473,1.12186289892473
6,137.943073355148,137.943073355148,4276.2,3.2071653330183,31,31,23131.5163143036,260.659904590721,1.12186289892473,1.12186289892473
7,137.943073355148,137.943073355148,4276.2,3.1383937513923,31,31,22880.7542937711,265.078461414019,1.12186289892473,1.12186289892473
8,137.943073355148,137.943073355148,4276.3,3.15525633482258,31,31,22943.3315341514,263.976335090013,1.12186289892473,1.12186289892473
9,137.943073355148,137.943073355148,4276.3,3.18134869422428,31,31,23040.8531927784,262.307083514967,1.12186289892473,1.12186289892473
