"strata","dload.bi_kgd","dload.ub_kgd","tload_kglenS","degf","lenObs","lenStr","MSE_kglenS","Cl_kglenS","flowmu_m3s","flowav_m3s"
8,1667.79091744694,1667.79091744694,51701.5,9.14358080113623,31,31,1597069.35656515,943.165541405009,16.0976136292473,16.0976136292473
