"strata","dload.bi_kgd","dload.ub_kgd","tload_kglenS","degf","lenObs","lenStr","MSE_kglenS","Cl_kglenS","flowmu_m3s","flowav_m3s"
8,342.107564848776,342.107564848776,10605.3,2.49003496924753,31,31,310724.049642938,1266.37714790296,1.94769268395699,1.94769268395699
