"strata","dload.bi_kgd","dload.ub_kgd","tload_kglenS","degf","lenObs","lenStr","MSE_kglenS","Cl_kglenS","flowmu_m3s","flowav_m3s"
8,5.51457220608,5.51457220608,165.5,5.1068114091088,30,30,108.388130992519,11.7684946320708,0.06229696,0.06229696
