"strata","dload.bi_kgd","dload.ub_kgd","tload_kglenS","degf","lenObs","lenStr","MSE_kglenS","Cl_kglenS","flowmu_m3s","flowav_m3s"
9,1873.37952032516,1873.37952032516,58074.7,3.18674526204423,31,31,22962799.9170582,8266.45050796121,9.11915140645161,9.11915140645161
