"strata","dload.bi_kgd","dload.ub_kgd","tload_kglenS","degf","lenObs","lenStr","MSE_kglenS","Cl_kglenS","flowmu_m3s","flowav_m3s"
6,900.504735808437,900.859410642138,27025.8,5.35227651155715,27,30,2383272.32232864,1681.92729506053,6.64106214523022,6.59874759587556
