"strata","dload.bi_kgd","dload.ub_kgd","tload_kglenS","degf","lenObs","lenStr","MSE_kglenS","Cl_kglenS","flowmu_m3s","flowav_m3s"
1,923.229437877826,924.134270443481,27724,26,27,30,9114635.50435397,1217.04512173937,6.64106214523022,7.01452512798025
2,906.205122087402,906.850803929549,27205.6,18.4659080731601,27,30,5572967.29170678,1152.0810646944,6.64106214523022,6.91535710741333
3,906.205122087402,906.850803929549,27205.6,16.6772600679555,27,30,3840041.44122122,1013.88975295062,6.64106214523022,6.91535710741333
4,906.205122087402,906.850803929549,27205.6,5.68769759733342,27,30,2460149.8099668,1630.94122026575,6.64106214523022,6.91535710741333
5,900.504735808437,900.859410642138,27025.8,5.35257073078017,27,30,2383337.753849,1681.87851648,6.64106214523022,6.59874759587556
6,900.504735808437,900.859410642138,27025.8,5.35227651155715,27,30,2383272.32232864,1681.92729506053,6.64106214523022,6.59874759587556
7,900.504735808437,900.859410642138,27025.8,5.44799130903424,27,30,2409223.3808275,1668.00513732174,6.64106214523022,6.59874759587556
8,900.504735808437,900.859410642138,27025.7,6.16725901247814,27,30,2782591.00882445,1632.85803839138,6.64106214523022,6.59874759587556
9,900.504735808437,900.859410642138,27025.7,3.20460985801273,27,30,3263815.84315949,3098.76110258924,6.64106214523022,6.59874759587556
