"strata","dload.bi_kgd","dload.ub_kgd","tload_kglenS","degf","lenObs","lenStr","MSE_kglenS","Cl_kglenS","flowmu_m3s","flowav_m3s"
7,2229.4513782604,2229.4513782604,69112.9,2.59343257554194,31,31,5238155.32344402,4951.6753362101,18.7334723003871,18.7334723003871
