"strata","dload.bi_kgd","dload.ub_kgd","tload_kglenS","degf","lenObs","lenStr","MSE_kglenS","Cl_kglenS","flowmu_m3s","flowav_m3s"
1,1037.69947063251,1037.69947063251,31131,29,30,30,55029613.4719448,2817.3532944936,4.75978396919111,4.75978396919111
2,1037.69947063251,1037.69947063251,31130.9,9.0346290600003,30,30,22827539.3917866,3593.71368005812,4.75978396919111,4.75978396919111
3,1037.69947063251,1037.69947063251,31130.9,4.41495119302358,30,30,13150329.3433496,4619.25834299613,4.75978396919111,4.75978396919111
4,1037.69947063251,1037.69947063251,31131,2.75211121677379,30,30,10327822.4203193,6491.35518426319,4.75978396919111,4.75978396919111
5,1037.69947063251,1037.69947063251,31131,2.64496816255142,30,30,10123482.7347287,6726.65280557157,4.75978396919111,4.75978396919111
6,1037.69947063251,1037.69947063251,31131,2.53342353081033,30,30,9906960.37079098,7002.59767193873,4.75978396919111,4.75978396919111
7,1037.69947063251,1037.69947063251,31131,2.49385080214954,30,30,9829124.93879365,7109.23302592047,4.75978396919111,4.75978396919111
8,1037.69947063251,1037.69947063251,31131,2.49346310981064,30,30,9828360.8753309,7110.30282268188,4.75978396919111,4.75978396919111
9,1037.69947063251,1037.69947063251,31131,2.4942296340323,30,30,9829876.59082434,7108.18999641643,4.75978396919111,4.75978396919111
