"strata","dload.bi_kgd","dload.ub_kgd","tload_kglenS","degf","lenObs","lenStr","MSE_kglenS","Cl_kglenS","flowmu_m3s","flowav_m3s"
1,2731.83222656534,2731.83222656534,76491.3,27,28,28,105070912.614472,4047.63045398725,13.8447236819429,13.8447236819429
2,2731.83222656534,2731.83222656534,76491.3,18.9586191863708,28,28,28786192.7000349,2579.4501839857,13.8447236819429,13.8447236819429
3,2731.83222656534,2731.83222656534,76491.3,17.9889744377162,28,28,14825841.2349994,1907.37237149561,13.8447236819429,13.8447236819429
4,2731.83222656534,2731.83222656534,76491.3,15.7474743540735,28,28,12270662.8295753,1873.7487021246,13.8447236819429,13.8447236819429
5,2731.83222656534,2731.83222656534,76491.2,9.10813651955708,28,28,12264550.2076562,2620.28419500345,13.8447236819429,13.8447236819429
6,2731.83222656534,2731.83222656534,76491.2,8.29989182118709,28,28,11517472.8494941,2699.464643333,13.8447236819429,13.8447236819429
7,2731.83222656534,2731.83222656534,76491.2,8.15847851482824,28,28,11418134.9127369,2718.85814976826,13.8447236819429,13.8447236819429
8,2731.83222656534,2731.83222656534,76491.3,8.16093850795635,28,28,11419864.0556427,2718.5146645345,13.8447236819429,13.8447236819429
