"strata","dload.bi_kgd","dload.ub_kgd","tload_kglenS","degf","lenObs","lenStr","MSE_kglenS","Cl_kglenS","flowmu_m3s","flowav_m3s"
1,993.545255992677,995.691287688014,29870.7,26,27,30,13601508.1545801,1486.7247116136,7.65299131901968,8.18120630396049
2,990.625622024861,992.399614880452,29772,7.92316054104288,27,30,7157183.98915104,2195.4095174418,7.65299131901968,8.30939742792279
3,986.368793255293,986.300252000005,29589,14.2896662333904,27,30,2010061.0630542,802.883317731997,7.65299131901968,8.05080695237427
4,982.694555811954,982.122185908016,29463.7,7.60911232485231,27,30,1454912.82122188,1017.43866427584,7.65299131901968,7.93478084820622
5,982.195359672846,981.583089616539,29447.4,7.1150211339226,27,30,1438412.44508732,1059.72758524259,7.65299131901968,7.90959773534906
6,982.400308398355,981.786990054815,29453.6,7.11151605538448,27,30,1438057.87480997,1059.96199675213,7.65299131901968,7.91291316794311
7,982.337047815456,981.748836317965,29452.4,7.11248769478031,27,30,1438156.38097406,1059.89706951258,7.65299131901968,7.94249789985778
8,982.461921366176,981.863603138131,29455.9,7.11366341057015,27,30,1438275.70314897,1059.8185785191,7.65299131901968,7.95870627886222
