"strata","dload.bi_kgd","dload.ub_kgd","tload_kglenS","degf","lenObs","lenStr","MSE_kglenS","Cl_kglenS","flowmu_m3s","flowav_m3s"
2,1041.04542831413,1047.76623858463,29337.4,3.18534220346991,7,28,17448640.8194879,7209.13743054285,5.01829197891156,7.49990523792517
