"strata","dload.bi_kgd","dload.ub_kgd","tload_kglenS","degf","lenObs","lenStr","MSE_kglenS","Cl_kglenS","flowmu_m3s","flowav_m3s"
8,1763.71539602922,1766.33313404277,52990,3.25339020414942,28,30,7236058.02158802,4543.75687684703,11.2265886488889,11.3390954903704
