"strata","dload.bi_kgd","dload.ub_kgd","tload_kglenS","degf","lenObs","lenStr","MSE_kglenS","Cl_kglenS","flowmu_m3s","flowav_m3s"
1,8.66444859511706,8.66444859511706,259.9,29,30,30,391.042892805971,7.51026528779206,0.116122791964444,0.116122791964444
