"strata","dload.bi_kgd","dload.ub_kgd","tload_kglenS","degf","lenObs","lenStr","MSE_kglenS","Cl_kglenS","flowmu_m3s","flowav_m3s"
5,990.517283704827,990.517283704827,30706.1,12.1516155270091,31,31,1070366.17617056,645.756022493063,7.49711821226667,7.49711821226667
