"strata","dload.bi_kgd","dload.ub_kgd","tload_kglenS","degf","lenObs","lenStr","MSE_kglenS","Cl_kglenS","flowmu_m3s","flowav_m3s"
1,16.21424498688,16.21424498688,486.4,29,30,30,475.909895881159,8.28524675361495,0.176508053333333,0.176508053333333
2,16.21424498688,16.21424498688,486.4,27.4572635115571,30,30,358.389251739992,7.40716547230813,0.176508053333333,0.176508053333333
3,16.21424498688,16.21424498688,486.4,26.6191628093364,30,30,322.268421085413,7.14404173927336,0.176508053333333,0.176508053333333
4,16.21424498688,16.21424498688,486.4,22.054584656391,30,30,301.142338011816,7.66225008720206,0.176508053333333,0.176508053333333
5,16.21424498688,16.21424498688,486.4,21.0566821132202,30,30,265.021507357236,7.3766148793614,0.176508053333333,0.176508053333333
6,16.21424498688,16.21424498688,486.4,19.9305208509831,30,30,265.352067391305,7.61299727372981,0.176508053333333,0.176508053333333
7,16.21424498688,16.21424498688,486.4,18.875482762641,30,30,251.550268438703,7.64419088574842,0.176508053333333,0.176508053333333
8,16.21424498688,16.21424498688,486.4,16.5523563073851,30,30,267.551765389114,8.49990342817875,0.176508053333333,0.176508053333333
9,16.21424498688,16.21424498688,486.5,15.5176595319658,30,30,312.018620085036,9.52997871074664,0.176508053333333,0.176508053333333
