"strata","dload.bi_kgd","dload.ub_kgd","tload_kglenS","degf","lenObs","lenStr","MSE_kglenS","Cl_kglenS","flowmu_m3s","flowav_m3s"
1,14.9462616557313,14.9699247780779,449.1,27,28,30,2658.50071667041,20.3600103055374,0.192267925688889,0.197337756571429
2,14.954002455845,14.9963014005968,449.9,3.53729032914736,28,30,493.576343462331,34.5599957127933,0.192267925688889,0.217583774151111
3,14.9067751235068,14.9485319431754,448.4,3.33264291110084,28,30,478.660617792866,36.0742372633336,0.192267925688889,0.218025988177778
4,14.9058549476316,14.946951743644,448.4,3.14554654491057,28,30,475.166688451665,38.1101414377649,0.192267925688889,0.217888337066667
5,14.9058549476316,14.946951743644,448.4,3.09059108526191,28,30,470.990453288401,38.6432729518565,0.192267925688889,0.217888337066667
6,14.9058549476316,14.946951743644,448.4,3.07954688288355,28,30,470.147610703061,38.7535150338888,0.192267925688889,0.217888337066667
7,14.9058549476316,14.946951743644,448.4,3.06711993962639,28,30,469.19747202166,38.8788301178,0.192267925688889,0.217888337066667
8,14.9058549476316,14.946951743644,448.4,3.0669265507915,28,30,469.182683959541,38.8807915590332,0.192267925688889,0.217888337066667
9,14.9058549476316,14.946951743644,448.4,3.0671600865608,28,30,469.200560465579,38.8784237383808,0.192267925688889,0.217888337066667
