"strata","dload.bi_kgd","dload.ub_kgd","tload_kglenS","degf","lenObs","lenStr","MSE_kglenS","Cl_kglenS","flowmu_m3s","flowav_m3s"
7,83.4377734932867,83.4377734932867,2586.6,3.31079427977322,31,31,11314.1994113836,176.540229783018,1.10362444387097,1.10362444387097
