"strata","dload.bi_kgd","dload.ub_kgd","tload_kglenS","degf","lenObs","lenStr","MSE_kglenS","Cl_kglenS","flowmu_m3s","flowav_m3s"
8,24.903773830656,24.903773830656,747.1,8.03083298244048,30,30,449.439573492327,17.2395244165793,0.356869079253333,0.356869079253333
