"strata","dload.bi_kgd","dload.ub_kgd","tload_kglenS","degf","lenObs","lenStr","MSE_kglenS","Cl_kglenS","flowmu_m3s","flowav_m3s"
6,1499.60417465701,1499.60417465701,41988.8,3.84458384725469,28,28,10795737.4237495,4727.66608433418,8.33691376367619,8.33691376367619
