"strata","dload.bi_kgd","dload.ub_kgd","tload_kglenS","degf","lenObs","lenStr","MSE_kglenS","Cl_kglenS","flowmu_m3s","flowav_m3s"
7,1101.72266822597,1101.72266822597,33051.6,3.65230834876939,30,30,12800277.3501676,5398.82912584428,6.48233062382222,6.48233062382222
