"strata","dload.bi_kgd","dload.ub_kgd","tload_kglenS","degf","lenObs","lenStr","MSE_kglenS","Cl_kglenS","flowmu_m3s","flowav_m3s"
4,8.09951039973185,8.10083169595557,251.1,2.68447215893029,14,31,68.8307217499692,17.2410919006208,0.124492428928215,0.113338753204301
