"strata","dload.bi_kgd","dload.ub_kgd","tload_kglenS","degf","lenObs","lenStr","MSE_kglenS","Cl_kglenS","flowmu_m3s","flowav_m3s"
6,1472.45385973874,1472.72506079127,44181.8,7.88201904448695,28,30,2059256.19147295,1181.75974025085,9.81608557911111,9.09707500723951
