"strata","dload.bi_kgd","dload.ub_kgd","tload_kglenS","degf","lenObs","lenStr","MSE_kglenS","Cl_kglenS","flowmu_m3s","flowav_m3s"
1,513.827839218288,513.827839218288,15928.7,30,31,31,2740478.97765688,617.257378781081,5.09395634666667,5.09395634666667
2,513.827839218288,513.827839218288,15928.7,15.6573539695719,31,31,1604955.05326178,679.926129475512,5.09395634666667,5.09395634666667
3,513.827839218288,513.827839218288,15928.7,14.8845816715015,31,31,1562605.18357694,691.074335035213,5.09395634666667,5.09395634666667
4,513.827839218288,513.827839218288,15928.7,8.7173905294619,31,31,557242.087843088,574.780271897458,5.09395634666667,5.09395634666667
5,513.827839218288,513.827839218288,15928.7,7.54247345945859,31,31,514892.218158251,608.927321544952,5.09395634666667,5.09395634666667
6,513.827839218288,513.827839218288,15928.7,6.81970015428925,31,31,487026.890553002,635.313617240631,5.09395634666667,5.09395634666667
7,513.827839218288,513.827839218288,15928.7,6.21207486465417,31,31,465460.697050476,664.290395018604,5.09395634666667,5.09395634666667
8,513.827839218288,513.827839218288,15928.7,6.26512248978677,31,31,467489.585235338,661.607864507537,5.09395634666667,5.09395634666667
9,513.827839218288,513.827839218288,15928.7,6.31305048142234,31,31,473167.878064989,661.923881834843,5.09395634666667,5.09395634666667
