"strata","dload.bi_kgd","dload.ub_kgd","tload_kglenS","degf","lenObs","lenStr","MSE_kglenS","Cl_kglenS","flowmu_m3s","flowav_m3s"
1,4.55706829625806,4.55706829625806,141.3,30,31,31,26.8636130775074,1.93257013815622,0.0554156731182796,0.0554156731182796
2,4.55706829625806,4.55706829625806,141.3,21.7403355010124,31,31,8.8256591717993,1.32228011893962,0.0554156731182796,0.0554156731182796
3,4.55706829625806,4.55706829625806,141.3,19.1484732056885,31,31,8.03191399457088,1.35484247731459,0.0554156731182796,0.0554156731182796
4,4.55706829625806,4.55706829625806,141.3,9.38895211965029,31,31,7.85101614445997,2.05561339800305,0.0554156731182796,0.0554156731182796
5,4.55706829625806,4.55706829625806,141.2,15.3018847936004,31,31,7.21558240388685,1.46114255143499,0.0554156731182796,0.0554156731182796
6,4.55706829625806,4.55706829625806,141.2,15.2782045876597,31,31,7.24052287139717,1.46499300361236,0.0554156731182796,0.0554156731182796
7,4.55706829625806,4.55706829625806,141.3,15.0459010790845,31,31,7.2002190759005,1.4740880573626,0.0554156731182796,0.0554156731182796
8,4.55706829625806,4.55706829625806,141.2,15.1449248489334,31,31,7.29708785171056,1.47827233646915,0.0554156731182796,0.0554156731182796
9,4.55706829625806,4.55706829625806,141.1,15.2530519355651,31,31,8.23637420441078,1.56400294687521,0.0554156731182796,0.0554156731182796
