"strata","strata.n","dload.bi_kgd","dload.ub_kgd","tload_kglenS","degf","lenObs","lenStr","MSE_kglenS","Cl_kglenS","flowmu_m3s","flowav_m3s"
1,1,1323.56316741004,1338.76846939046,41501.8,8,9,31,30593707.9747713,4509.52861131905,11.8860733642028,7.30433429155556
2,1,1842.10167613565,1846.38749557745,35081.4,5,6,19,59823.1577721893,5342.37906626482,15.5868867512782,9.76740821333333
2,2,333.035525733859,335.175953101302,4022.1,2,3,12,1311.19697525628,1322.01539579191,6.026452168,2.378186448
