"strata","dload.bi_kgd","dload.ub_kgd","tload_kglenS","degf","lenObs","lenStr","MSE_kglenS","Cl_kglenS","flowmu_m3s","flowav_m3s"
1,100.956250288894,103.237170301378,3200.4,23,24,31,1453751.29827553,520.079523400322,0.694126978064516,0.801601413333333
2,95.6558501129197,95.6406759753469,2964.8,3.17303127042453,24,31,102119.814821259,553.709695704607,0.694126978064516,0.738448859698925
3,98.003639212262,98.0726435586674,3040.2,3.12369774722178,24,31,101324.445116777,560.541428915194,0.694126978064516,0.697707683096774
4,98.003639212262,98.0726435586674,3040.2,3.10514622243173,24,31,101022.837249573,563.182631028183,0.694126978064516,0.697707683096774
5,98.003639212262,98.0726435586674,3040.2,3.09537711184952,24,31,100863.686587571,564.590517201929,0.694126978064516,0.697707683096774
6,98.003639212262,98.0726435586674,3040.2,3.09077518716986,24,31,100788.662437643,565.257933247475,0.694126978064516,0.697707683096774
7,98.003639212262,98.0726435586674,3040.2,3.10272143112256,24,31,100983.474297199,563.531306574871,0.694126978064516,0.697707683096774
