"strata","dload.bi_kgd","dload.ub_kgd","tload_kglenS","degf","lenObs","lenStr","MSE_kglenS","Cl_kglenS","flowmu_m3s","flowav_m3s"
1,849.810115515052,850.225601314087,25506.8,28,29,30,3332594.92048914,706.689322753873,4.75898905368889,4.85114792367816
2,845.713803810262,845.779120594528,25373.4,15.6952132154681,29,30,1530744.08183076,663.086268207148,4.75898905368889,4.75268792518984
3,849.569302312105,849.369600841334,25481,13.1863748078802,29,30,889855.49127241,560.404101409757,4.75898905368889,5.03289536254815
4,849.569302312104,849.369600841334,25481.1,4.99162941136091,29,30,350304.213888808,681.321405591454,4.75898905368889,5.03289536254815
5,849.569302312104,849.369600841334,25481.1,3.82641284645251,29,30,304633.847193265,797.61463356031,4.75898905368889,5.03289536254815
6,849.569302312104,849.369600841334,25481.1,3.52133138481938,29,30,292598.184533497,845.121139636106,4.75898905368889,5.03289536254815
7,849.569302312104,849.369600841334,25481.2,2.90499078920307,29,30,264005.442184118,977.387325764524,4.75898905368889,5.03289536254815
8,849.569302312104,849.369600841334,25481.1,2.87516303143705,29,30,263200.847782526,986.971882880086,4.75898905368889,5.03289536254815
9,849.130242690204,849.574986410672,25487.3,2.6748992291455,29,30,998949.981465169,2085.62300116789,4.75898905368889,4.8063585503763
