"strata","dload.bi_kgd","dload.ub_kgd","tload_kglenS","degf","lenObs","lenStr","MSE_kglenS","Cl_kglenS","flowmu_m3s","flowav_m3s"
1,1415.45775864167,1415.45775864167,43879.2,30,31,31,10317031.7808959,1197.65142888009,9.18036593393548,9.18036593393548
2,1415.45775864167,1415.45775864167,43879.2,22.3784671232487,31,31,6471171.720096,1114.12213864494,9.18036593393548,9.18036593393548
3,1415.45775864167,1415.45775864167,43879.3,16.2320287836747,31,31,3899691.56631937,1037.8650763413,9.18036593393548,9.18036593393548
4,1415.45775864167,1415.45775864167,43879.2,18.769162317008,31,31,2968997.11732029,833.140618405724,9.18036593393548,9.18036593393548
5,1415.45775864167,1415.45775864167,43879.2,8.96936751098253,31,31,2293952.5394873,1144.61707432743,9.18036593393548,9.18036593393548
6,1415.45775864167,1415.45775864167,43879.1,8.47594639146995,31,31,1769066.75128756,1043.29978250092,9.18036593393548,9.18036593393548
7,1415.45775864167,1415.45775864167,43879.2,8.41853151010865,31,31,1763050.17699964,1046.23309629266,9.18036593393548,9.18036593393548
8,1415.45775864167,1415.45775864167,43879.2,8.41708208889392,31,31,1762898.36825875,1046.30773008675,9.18036593393548,9.18036593393548
9,1415.45775864167,1415.45775864167,43879.2,8.41653077836429,31,31,1762840.6320099,1046.33612751079,9.18036593393548,9.18036593393548
