"strata","dload.bi_kgd","dload.ub_kgd","tload_kglenS","degf","lenObs","lenStr","MSE_kglenS","Cl_kglenS","flowmu_m3s","flowav_m3s"
8,443.114746927897,443.114746927897,13736.5,3.32048212749844,31,31,611510.224762835,1294.09702124377,4.0826431483871,4.0826431483871
