"strata","dload.bi_kgd","dload.ub_kgd","tload_kglenS","degf","lenObs","lenStr","MSE_kglenS","Cl_kglenS","flowmu_m3s","flowav_m3s"
5,23.02545060047,23.0303008481498,690.9,3.89085949529436,23,30,431.646830254235,29.5699508409116,0.286670158897778,0.292651139004444
