"strata","dload.bi_kgd","dload.ub_kgd","tload_kglenS","degf","lenObs","lenStr","MSE_kglenS","Cl_kglenS","flowmu_m3s","flowav_m3s"
1,90.6769124950312,90.9576528781325,2819.7,26,27,31,229264.844891452,193.021532728539,0.769120825806452,0.751968355555556
2,85.0289359325512,85.1140153518342,2638.5,10.7287671719824,27,31,88491.1501477898,200.508765907637,0.769120825806452,0.73583197771261
3,84.2183980172393,84.2775993421044,2612.6,5.28412174832979,27,31,21380.6176739546,160.904705007476,0.769120825806452,0.723334387096774
4,83.176520103007,83.2257062413382,2580,5.12734327199063,27,31,21120.2866152226,163.756609803949,0.769120825806452,0.728815058064516
5,83.0616156712213,83.0717077140571,2575.2,4.88330412394362,27,31,20904.5581802236,169.404110626135,0.769120825806452,0.721279135483871
6,83.0616156712213,83.0717077140571,2575.2,4.88105537252178,27,31,20899.7483267643,169.447789014659,0.769120825806452,0.721279135483871
7,82.879986910555,82.8885089520957,2569.6,4.89772868933498,27,31,20965.1710730655,169.245267705308,0.769120825806452,0.72250249953917
8,82.4189835978705,82.4233638170189,2555.2,5.22048373422818,27,31,22124.9751777298,165.243168348712,0.769120825806452,0.731212851612903
