"strata","dload.bi_kgd","dload.ub_kgd","tload_kglenS","degf","lenObs","lenStr","MSE_kglenS","Cl_kglenS","flowmu_m3s","flowav_m3s"
1,134.034174530726,134.053510969917,3753.5,14,15,28,19131.5534288896,79.2857621122827,1.88836891401143,0.657429257813333
2,143.919095972943,143.890230688527,4028.9,6.08745960763613,15,28,23258.0208332617,150.721779981723,1.88836891401143,0.67868521557551
3,143.919095972943,143.890230688527,4028.9,6.09637936377839,15,28,23275.4656022344,150.615425697731,1.88836891401143,0.67868521557551
4,140.415204758334,140.406388973613,3931.4,4.11553876919537,15,28,33433.3472372471,247.498702803234,1.88836891401143,0.686464158377143
