"strata","dload.bi_kgd","dload.ub_kgd","tload_kglenS","degf","lenObs","lenStr","MSE_kglenS","Cl_kglenS","flowmu_m3s","flowav_m3s"
6,4.47984720822857,4.47698234186623,134.3,9.93632337530062,25,30,55.9856856864734,5.29352878518852,0.0561616533333333,0.0564762844444444
