"strata","dload.bi_kgd","dload.ub_kgd","tload_kglenS","degf","lenObs","lenStr","MSE_kglenS","Cl_kglenS","flowmu_m3s","flowav_m3s"
8,31.4990596062084,31.498572917692,976.6,6.96298851822923,30,31,1712.4516274071,37.12287573161,0.463265892817204,0.463296340989247
