"strata","dload.bi_kgd","dload.ub_kgd","tload_kglenS","degf","lenObs","lenStr","MSE_kglenS","Cl_kglenS","flowmu_m3s","flowav_m3s"
8,541.41880944297,541.41880944297,16242.6,3.27725854198886,30,30,384059.01038259,1039.11362577809,6.19469014257778,6.19469014257778
