"strata","dload.bi_kgd","dload.ub_kgd","tload_kglenS","degf","lenObs","lenStr","MSE_kglenS","Cl_kglenS","flowmu_m3s","flowav_m3s"
9,221.729948831381,221.729948831381,6873.6,2.06903934945915,31,31,168907.763915673,1190.86813444641,1.5371759655914,1.5371759655914
