"strata","dload.bi_kgd","dload.ub_kgd","tload_kglenS","degf","lenObs","lenStr","MSE_kglenS","Cl_kglenS","flowmu_m3s","flowav_m3s"
8,1564.70062486552,1564.70062486552,46940.9,3.98801784411715,30,30,5450009.16993154,3249.55542782303,10.6661551285333,10.6661551285333
