"strata","dload.bi_kgd","dload.ub_kgd","tload_kglenS","degf","lenObs","lenStr","MSE_kglenS","Cl_kglenS","flowmu_m3s","flowav_m3s"
1,62.620343336671,62.620343336671,1941.2,30,31,31,114618.803142857,126.235349676824,0.462431612903226,0.462431612903226
2,62.620343336671,62.620343336671,1941.2,7.30585219940096,31,31,46887.8423568227,187.837666901282,0.462431612903226,0.462431612903226
3,62.620343336671,62.620343336671,1941.2,2.57938113610609,31,31,37101.2232787545,419.422879832517,0.462431612903226,0.462431612903226
4,62.620343336671,62.620343336671,1941.2,2.17457165654631,31,31,34046.5582382812,499.007897105017,0.462431612903226,0.462431612903226
5,62.620343336671,62.620343336671,1941.2,2.16270560279209,31,31,33953.5486875401,502.052093905115,0.462431612903226,0.462431612903226
6,62.620343336671,62.620343336671,1941.2,2.16267764533025,31,31,33953.3320075072,502.059348502823,0.462431612903226,0.462431612903226
7,62.620343336671,62.620343336671,1941.2,2.16287258168368,31,31,33954.8649317834,502.008934759434,0.462431612903226,0.462431612903226
8,62.620343336671,62.620343336671,1941.2,2.16386993163518,31,31,33962.7050936304,501.751214144409,0.462431612903226,0.462431612903226
9,62.620343336671,62.620343336671,1941.2,2.2029185671099,31,31,34290.9313669344,492.108081536929,0.462431612903226,0.462431612903226
