"strata","dload.bi_kgd","dload.ub_kgd","tload_kglenS","degf","lenObs","lenStr","MSE_kglenS","Cl_kglenS","flowmu_m3s","flowav_m3s"
7,3968.37036406168,3970.73619028091,119122.1,2.09264856737196,29,30,214645059.521272,41778.5528231384,15.7300138631111,14.9119572426667
