"strata","dload.bi_kgd","dload.ub_kgd","tload_kglenS","degf","lenObs","lenStr","MSE_kglenS","Cl_kglenS","flowmu_m3s","flowav_m3s"
9,1017.3762452396,1017.3762452396,31538.5,8.04855345959771,31,31,774909.709621614,714.777493041088,8.75321309556989,8.75321309556989
