"strata","dload.bi_kgd","dload.ub_kgd","tload_kglenS","degf","lenObs","lenStr","MSE_kglenS","Cl_kglenS","flowmu_m3s","flowav_m3s"
1,453.31819429176,453.31819429176,14052.9,30,31,31,6036477.20203356,916.104117622949,2.96909716765591,2.96909716765591
2,453.31819429176,453.31819429176,14052.9,10.3998922194399,31,31,1448954.41606873,827.363523635282,2.96909716765591,2.96909716765591
3,453.31819429176,453.31819429176,14052.9,4.69728214995821,31,31,990522.172247862,1203.68216534923,2.96909716765591,2.96909716765591
4,453.31819429176,453.31819429176,14052.9,4.6994314309554,31,31,990754.487007698,1203.36955363721,2.96909716765591,2.96909716765591
5,453.31819429176,453.31819429176,14052.9,4.67571733251477,31,31,988315.350267694,1206.91425955574,2.96909716765591,2.96909716765591
6,453.31819429176,453.31819429176,14052.9,4.66654599413484,31,31,987347.076543664,1208.28184544768,2.96909716765591,2.96909716765591
7,453.31819429176,453.31819429176,14052.9,4.65366904045177,31,31,985983.117622531,1210.21053347306,2.96909716765591,2.96909716765591
8,453.31819429176,453.31819429176,14052.9,4.65323254103115,31,31,985936.875540679,1210.27613923404,2.96909716765591,2.96909716765591
9,453.31819429176,453.31819429176,14052.9,4.66315260301349,31,31,987116.029754534,1208.86743935038,2.96909716765591,2.96909716765591
