"strata","dload.bi_kgd","dload.ub_kgd","tload_kglenS","degf","lenObs","lenStr","MSE_kglenS","Cl_kglenS","flowmu_m3s","flowav_m3s"
1,216.459581743227,216.664663540082,6716.6,29,30,31,1157164.35359411,408.545661469263,2.08033667437075,2.05152211272889
2,214.337363021197,214.407120224324,6646.7,24.3035181028018,30,31,314431.099931336,234.600854323004,2.08033667437075,2.03586619277486
3,211.429297898558,211.427022402621,6554.3,13.0667158644967,30,31,218231.622915221,279.047494469212,2.08033667437075,2.01297178142427
4,211.429297898558,211.427022402621,6554.3,4.95549238725356,30,31,97748.6342432932,362.007549110175,2.08033667437075,2.01297178142427
5,211.133938679006,211.133245236372,6545.2,4.91110198724486,30,31,97309.0438187551,363.820604733511,2.08033667437075,2.01863380387957
6,211.133938679006,211.133245236372,6545.2,4.90389073461262,30,31,97274.8112806382,364.188528424652,2.08033667437075,2.01863380387957
7,211.084239899622,211.083750067046,6543.6,4.90566394412091,30,31,97292.4359635138,364.11516878831,2.08033667437075,2.02105968586667
8,211.084239899622,211.083750067046,6543.5,4.91235542718294,30,31,97359.3553437554,363.839683425806,2.08033667437075,2.02105968586667
9,211.084239899622,211.083750067046,6543.5,4.94596850642103,30,31,97909.5320365036,362.866425519198,2.08033667437075,2.02105968586667
