"strata","dload.bi_kgd","dload.ub_kgd","tload_kglenS","degf","lenObs","lenStr","MSE_kglenS","Cl_kglenS","flowmu_m3s","flowav_m3s"
8,462.939170386886,462.939170386886,13888.2,7.46764083911199,30,30,271749.355580166,445.417510851347,4.07237901884444,4.07237901884444
