"strata","dload.bi_kgd","dload.ub_kgd","tload_kglenS","degf","lenObs","lenStr","MSE_kglenS","Cl_kglenS","flowmu_m3s","flowav_m3s"
1,152.555413322894,152.555413322894,4271.6,27,28,28,941751.850144122,383.202067583159,1.57628956234286,1.57628956234286
2,152.555413322894,152.555413322894,4271.5,3.01375095943927,28,28,142783.502580051,690.91736471402,1.57628956234286,1.57628956234286
3,152.555413322894,152.555413322894,4271.6,3.01077508471603,28,28,142712.973467803,691.472329667124,1.57628956234286,1.57628956234286
4,152.555413322894,152.555413322894,4271.6,3.00912108544617,28,28,142673.777162723,691.781466781425,1.57628956234286,1.57628956234286
5,152.555413322894,152.555413322894,4271.5,3.00770165260571,28,28,142640.119816367,692.047101272753,1.57628956234286,1.57628956234286
6,152.555413322894,152.555413322894,4271.5,3.00730431651898,28,28,142630.697347622,692.12152110803,1.57628956234286,1.57628956234286
7,152.555413322894,152.555413322894,4271.6,3.0073527916378,28,28,142631.847328092,692.112441423983,1.57628956234286,1.57628956234286
8,152.555413322894,152.555413322894,4271.6,3.00740817863462,28,28,142633.161486694,692.10206811598,1.57628956234286,1.57628956234286
