"strata","dload.bi_kgd","dload.ub_kgd","tload_kglenS","degf","lenObs","lenStr","MSE_kglenS","Cl_kglenS","flowmu_m3s","flowav_m3s"
9,204.773892836748,204.773892836748,6348,3.86198101033911,31,31,194223.023609492,631.510792878079,2.09407303225806,2.09407303225806
