"strata","dload.bi_kgd","dload.ub_kgd","tload_kglenS","degf","lenObs","lenStr","MSE_kglenS","Cl_kglenS","flowmu_m3s","flowav_m3s"
1,881.455160239671,882.309739875724,26469.3,27,28,30,29044975.5729082,2128.11508604529,8.81404794449778,8.76486235958095
2,906.479844569471,907.923109343954,27237.7,12.7245220046432,28,30,12544187.9302748,2149.73561825024,8.81404794449778,8.7845054645128
3,861.054079735252,861.370380492441,25841.1,8.9275648247949,28,30,4677024.20753296,1639.37564007522,8.81404794449778,8.61544755410876
4,862.97606979754,863.454608709839,25903.6,6.62048559275331,28,30,3990618.51866338,1857.4013374917,8.81404794449778,8.50189651983111
5,862.976069797541,863.454608709839,25903.6,5.74660430539564,28,30,3678291.64775612,1978.76961473525,8.81404794449778,8.50189651983111
6,863.225534225038,863.776618167232,25913.3,5.66283476962869,28,30,3647292.22722096,1992.44552018737,8.81404794449778,8.46805204449778
7,862.835086283984,863.359676075288,25900.7,5.65371997775153,28,30,3644583.81442126,1994.14446811199,8.81404794449778,8.44184130649778
8,870.473577078936,871.660702113158,26149.7,4.75285758859227,28,30,3647640.10033096,2287.63726752986,8.81404794449778,8.56735617797926
