"strata","dload.bi_kgd","dload.ub_kgd","tload_kglenS","degf","lenObs","lenStr","MSE_kglenS","Cl_kglenS","flowmu_m3s","flowav_m3s"
8,1089.03954846223,1089.03954846223,33760.2,7.71037573196597,31,31,2419433.61074447,1300.24691245143,6.75639761445161,6.75639761445161
