"strata","dload.bi_kgd","dload.ub_kgd","tload_kglenS","degf","lenObs","lenStr","MSE_kglenS","Cl_kglenS","flowmu_m3s","flowav_m3s"
1,29.4679197334273,29.4679197334273,913.5,30,31,31,5351.45993721723,27.2765344952396,0.330255641341935,0.330255641341935
2,29.4679197334273,29.4679197334273,913.5,14.4096086230659,31,31,3509.97659465559,33.3851433229118,0.330255641341936,0.330255641341936
3,29.4679197334273,29.4679197334273,913.5,10.1614590741536,31,31,1923.04540151405,30.5861222390093,0.330255641341935,0.330255641341935
4,29.4679197334272,29.4679197334272,913.5,7.70259755539488,31,31,1624.62308640283,33.716622207816,0.330255641341935,0.330255641341935
5,29.4679197334273,29.4679197334273,913.5,6.79007323020327,31,31,1545.64064701479,35.9010670373536,0.330255641341935,0.330255641341935
6,29.4679197334273,29.4679197334273,913.5,6.74413982125978,31,31,1540.38118642172,36.01326417473,0.330255641341935,0.330255641341935
7,29.4679197334273,29.4679197334273,913.5,6.80691902186199,31,31,1547.72184107313,35.8621127770666,0.330255641341935,0.330255641341935
8,29.4679197334272,29.4679197334272,913.5,6.54273897578322,31,31,1558.50817500111,37.0187690440961,0.330255641341935,0.330255641341935
9,29.4679197334273,29.4679197334273,913.6,5.73274941340525,31,31,1572.61291207623,40.9897184508286,0.330255641341935,0.330255641341935
