"strata","dload.bi_kgd","dload.ub_kgd","tload_kglenS","degf","lenObs","lenStr","MSE_kglenS","Cl_kglenS","flowmu_m3s","flowav_m3s"
9,1706.9309456417,1706.9309456417,52915,6.00700948612342,31,31,1321892.00740939,1147.5307270404,13.1185949247312,13.1185949247312
