"strata","dload.bi_kgd","dload.ub_kgd","tload_kglenS","degf","lenObs","lenStr","MSE_kglenS","Cl_kglenS","flowmu_m3s","flowav_m3s"
7,1264.25672494729,1264.25672494729,39191.9,11.9093859426665,31,31,804277.867560445,566.689170395651,9.04450832165161,9.04450832165161
