"strata","dload.bi_kgd","dload.ub_kgd","tload_kglenS","degf","lenObs","lenStr","MSE_kglenS","Cl_kglenS","flowmu_m3s","flowav_m3s"
5,47.8069832356137,47.8069832356137,1482,6.8573129619478,31,31,1666.0910657688,37.014279150728,0.590889405935484,0.590889405935484
