"strata","dload.bi_kgd","dload.ub_kgd","tload_kglenS","degf","lenObs","lenStr","MSE_kglenS","Cl_kglenS","flowmu_m3s","flowav_m3s"
5,2459.59175809484,2459.49327831968,76244.2,4.49793076459849,24,31,27207178.0057296,6540.44982835291,14.7048700901505,14.4257527119713
