"strata","dload.bi_kgd","dload.ub_kgd","tload_kglenS","degf","lenObs","lenStr","MSE_kglenS","Cl_kglenS","flowmu_m3s","flowav_m3s"
5,2098.28219259429,2105.06958481578,65257.2,6.03882341937927,20,31,12083982.6619013,3455.97643174554,16.8764332635355,28.3664896551299
