"strata","dload.bi_kgd","dload.ub_kgd","tload_kglenS","degf","lenObs","lenStr","MSE_kglenS","Cl_kglenS","flowmu_m3s","flowav_m3s"
8,1037.69947063251,1037.69947063251,31131,2.49346310981064,30,30,9828360.8753309,7110.30282268188,4.75978396919111,4.75978396919111
