"strata","dload.bi_kgd","dload.ub_kgd","tload_kglenS","degf","lenObs","lenStr","MSE_kglenS","Cl_kglenS","flowmu_m3s","flowav_m3s"
7,34.5202649022208,34.5202649022208,1035.7,5.99469977602003,30,30,11549.9900401926,107.428248630415,0.463470504533333,0.463470504533333
