"strata","dload.bi_kgd","dload.ub_kgd","tload_kglenS","degf","lenObs","lenStr","MSE_kglenS","Cl_kglenS","flowmu_m3s","flowav_m3s"
1,619.254322061271,619.254322061271,19196.9,30,31,31,20789030.5133952,1700.0831819543,10.024139587957,10.024139587957
2,619.254322061271,619.254322061271,19196.9,27.1767660228192,31,31,4216863.16706458,807.98852913393,10.024139587957,10.024139587957
3,619.254322061271,619.254322061271,19196.9,14.1322967280217,31,31,1748420.60247876,753.736272137421,10.024139587957,10.024139587957
4,619.254322061271,619.254322061271,19197,9.02615072823104,31,31,1022359.2309805,760.994427582626,10.024139587957,10.024139587957
5,619.254322061271,619.254322061271,19196.9,7.42686161428493,31,31,821804.67855836,777.509022756209,10.024139587957,10.024139587957
6,619.254322061271,619.254322061271,19196.9,7.6155189154315,31,31,833832.524752743,769.802114281149,10.024139587957,10.024139587957
7,619.254322061271,619.254322061271,19196.9,6.48710078327668,31,31,764536.446478103,824.969452866961,10.024139587957,10.024139587957
8,619.254322061271,619.254322061271,19196.9,6.51686921420512,31,31,789052.404258401,835.330982008367,10.024139587957,10.024139587957
9,619.254322061271,619.254322061271,19196.9,6.51729095308748,31,31,789078.096618922,835.305652686416,10.024139587957,10.024139587957
