"strata","dload.bi_kgd","dload.ub_kgd","tload_kglenS","degf","lenObs","lenStr","MSE_kglenS","Cl_kglenS","flowmu_m3s","flowav_m3s"
5,104.555252961237,104.555252961237,3241.2,2.1639086987885,31,31,40503.1312818674,547.924830836239,0.921698138322581,0.921698138322581
