"strata","dload.bi_kgd","dload.ub_kgd","tload_kglenS","degf","lenObs","lenStr","MSE_kglenS","Cl_kglenS","flowmu_m3s","flowav_m3s"
5,41.5207712334704,41.5207712334704,1245.7,3.83641519179379,30,30,6235.62523921869,113.842804615615,0.348572319779556,0.348572319779556
