"strata","dload.bi_kgd","dload.ub_kgd","tload_kglenS","degf","lenObs","lenStr","MSE_kglenS","Cl_kglenS","flowmu_m3s","flowav_m3s"
1,1279.11420207835,1320.82650069568,36983.1,13,14,28,72886508.2583693,5115.40194369077,15.2199074992381,8.22246383161905
2,1489.97040912727,1518.45455003948,42516.8,2.1489936640467,14,28,10348329.9869245,8841.39416599032,15.2199074992381,10.0165096319307
3,1487.06021938576,1515.22333198391,42426.3,2.06209919359297,14,28,10136197.5400556,9269.28405323631,15.2199074992381,10.0426934398571
4,1492.96056936718,1520.76410304102,42581.4,2.05700158692393,14,28,10123691.4070721,9296.22499131813,15.2199074992381,10.4408120567619
