"strata","dload.bi_kgd","dload.ub_kgd","tload_kglenS","degf","lenObs","lenStr","MSE_kglenS","Cl_kglenS","flowmu_m3s","flowav_m3s"
8,752.505667351985,752.505667351985,21822.7,2.88799926301495,29,29,889755.287969645,1805.82990935024,6.11603529412414,6.11603529412414
