"strata","dload.bi_kgd","dload.ub_kgd","tload_kglenS","degf","lenObs","lenStr","MSE_kglenS","Cl_kglenS","flowmu_m3s","flowav_m3s"
1,476.293761480408,478.459540909912,14832.2,27,28,31,6753324.36183531,1026.16785777468,3.60947855483871,2.96315085714286
2,500.70358263548,502.956365716549,15591.6,2.07751682131482,28,31,1581502.30642707,3622.95453728125,3.60947855483871,3.3364254375914
3,500.302917122279,502.511325006499,15577.8,2.01599549601971,28,31,1557893.85919824,3753.72553912702,3.60947855483871,3.32001331925709
4,500.327573123632,502.535394961498,15578.5,2.01592818779183,28,31,1557867.85700486,3753.87572967849,3.60947855483871,3.30629088172043
5,500.347791012459,502.55449919583,15579.1,2.01577324267022,28,31,1557807.9858319,3754.22151933216,3.60947855483871,3.30514907526882
6,500.347791012459,502.55449919583,15579.1,2.01569410110432,28,31,1557777.40787607,3754.39817622838,3.60947855483871,3.30514907526882
7,500.347791012459,502.55449919583,15579.1,2.01573687973703,28,31,1557793.95287747,3754.30270446439,3.60947855483871,3.30514907526882
8,500.347791012459,502.55449919583,15579.1,2.01588452168291,28,31,1557851.05061166,3753.97324982895,3.60947855483871,3.30514907526882
