"strata","dload.bi_kgd","dload.ub_kgd","tload_kglenS","degf","lenObs","lenStr","MSE_kglenS","Cl_kglenS","flowmu_m3s","flowav_m3s"
1,8.75920007140881,8.75920007140881,271.5,30,31,31,109.598897833467,3.90351763891332,0.228458724473118,0.228458724473118
2,8.7592000714088,8.7592000714088,271.6,28.1419589509102,31,31,88.7797026070375,3.63745203310115,0.228458724473118,0.228458724473118
3,8.75920007140881,8.75920007140881,271.5,24.2452790302643,31,31,82.7678105934136,3.81129918141028,0.228458724473118,0.228458724473118
4,8.75920007140881,8.75920007140881,271.6,15.1769042684266,31,31,79.8791385777064,4.88494226222885,0.228458724473118,0.228458724473118
5,8.75920007140881,8.75920007140881,271.6,14.2512656668647,31,31,77.1118488853338,4.98081130942236,0.228458724473118,0.228458724473118
6,8.75920007140881,8.75920007140881,271.6,14.3978706435331,31,31,77.7421334883537,4.97094000496343,0.228458724473118,0.228458724473118
7,8.75920007140881,8.75920007140881,271.5,4.86296437093677,31,31,78.083755557564,10.3884897166556,0.228458724473118,0.228458724473118
8,8.75920007140881,8.75920007140881,271.5,4.93183449317733,31,31,78.7140401605839,10.3124343471123,0.228458724473118,0.228458724473118
9,8.75920007140881,8.75920007140881,271.6,3.32115798455325,31,31,79.6205751673104,14.7635051514087,0.228458724473118,0.228458724473118
