"strata","dload.bi_kgd","dload.ub_kgd","tload_kglenS","degf","lenObs","lenStr","MSE_kglenS","Cl_kglenS","flowmu_m3s","flowav_m3s"
1,2093.54753712198,2093.54753712198,64900,30,31,31,55720961.1607764,2783.314950355,8.73623519483871,8.73623519483871
2,2093.54753712198,2093.54753712198,64900,25.1146972423466,31,31,53623992.373372,3008.74212008775,8.73623519483871,8.73623519483871
3,2093.54753712198,2093.54753712198,64900,19.1038187338819,31,31,31696923.2765074,2695.02602725031,8.73623519483871,8.73623519483871
4,2093.54753712198,2093.54753712198,64900,10.4559442884611,31,31,20285927.1087212,3085.29816082469,8.73623519483871,8.73623519483871
5,2093.54753712198,2093.54753712198,64899.9,8.95659686045269,31,31,17585354.7659093,3172.10629285451,8.73623519483871,8.73623519483871
6,2093.54753712198,2093.54753712198,64900,6.54200615275127,31,31,14457086.12228,3565.6835698974,8.73623519483871,8.73623519483871
7,2093.54753712198,2093.54753712198,64900,6.12242632725227,31,31,13992194.907157,3681.27233905429,8.73623519483871,8.73623519483871
8,2093.54753712198,2093.54753712198,64900.1,6.11745927927977,31,31,13986514.4273166,3682.72679561993,8.73623519483871,8.73623519483871
9,2093.54753712198,2093.54753712198,64900.1,6.11786802201049,31,31,13986990.0384596,3682.60807817833,8.73623519483871,8.73623519483871
