"strata","dload.bi_kgd","dload.ub_kgd","tload_kglenS","degf","lenObs","lenStr","MSE_kglenS","Cl_kglenS","flowmu_m3s","flowav_m3s"
7,862.835086283984,863.359676075288,25900.7,5.65371997775153,28,30,3644583.81442126,1994.14446811199,8.81404794449778,8.44184130649778
