"strata","dload.bi_kgd","dload.ub_kgd","tload_kglenS","degf","lenObs","lenStr","MSE_kglenS","Cl_kglenS","flowmu_m3s","flowav_m3s"
9,356.8956592896,356.8956592896,11063.7,6.12975112033631,31,31,99007.4768380134,309.39018601268,2.54912096344086,2.54912096344086
