"strata","dload.bi_kgd","dload.ub_kgd","tload_kglenS","degf","lenObs","lenStr","MSE_kglenS","Cl_kglenS","flowmu_m3s","flowav_m3s"
1,1934.49272634524,1934.49272634524,58034.8,29,30,30,119149578.634095,4145.61851166181,6.65598969244444,6.65598969244444
2,1934.49272634524,1934.49272634524,58034.8,14.7371366004164,30,30,110107325.221247,5835.14628927723,6.65598969244444,6.65598969244444
3,1934.49272634524,1934.49272634524,58034.8,16.7706038417184,30,30,35779554.5506936,3084.89465374374,6.65598969244444,6.65598969244444
4,1934.49272634524,1934.49272634524,58034.7,11.6979319637486,30,30,31758497.1329713,3600.31600566331,6.65598969244444,6.65598969244444
5,1934.49272634524,1934.49272634524,58034.7,5.57426214193155,30,30,28689194.0717503,5655.57104367616,6.65598969244444,6.65598969244444
6,1934.49272634524,1934.49272634524,58034.6,5.42685423904517,30,30,28304671.1983864,5734.44725328342,6.65598969244444,6.65598969244444
7,1934.49272634524,1934.49272634524,58034.7,5.41544836811565,30,30,28274902.2537247,5740.76181035887,6.65598969244444,6.65598969244444
8,1934.49272634524,1934.49272634524,58034.7,5.41535708158941,30,30,28274663.9426089,5740.81247075275,6.65598969244444,6.65598969244444
9,1934.49272634524,1934.49272634524,58034.7,5.41535948690944,30,30,28274670.2219719,5740.81113587713,6.65598969244444,6.65598969244444
