"strata","dload.bi_kgd","dload.ub_kgd","tload_kglenS","degf","lenObs","lenStr","MSE_kglenS","Cl_kglenS","flowmu_m3s","flowav_m3s"
5,6.12274253295484,6.12274253295484,189.9,10.754532048915,31,31,159.369821679946,8.49640440851399,0.0803831741935484,0.0803831741935484
