"strata","dload.bi_kgd","dload.ub_kgd","tload_kglenS","degf","lenObs","lenStr","MSE_kglenS","Cl_kglenS","flowmu_m3s","flowav_m3s"
1,77.2695043112721,77.2695043112721,2395.4,30,31,31,121579.286490647,130.011823007745,0.784870142795699,0.784870142795699
2,77.2695043112721,77.2695043112721,2395.3,14.1628523786141,31,31,23352.5368854091,86.9976442593279,0.784870142795699,0.784870142795699
3,77.2695043112721,77.2695043112721,2395.3,9.33071234477809,31,31,6839.34432711618,60.9159710914,0.784870142795699,0.784870142795699
4,77.2695043112721,77.2695043112721,2395.3,6.84179947221787,31,31,5822.69985222717,69.3072063712574,0.784870142795699,0.784870142795699
5,77.269504311272,77.269504311272,2395.3,4.59157816408195,31,31,4699.89006638663,84.491917679417,0.784870142795699,0.784870142795699
6,77.269504311272,77.269504311272,2395.3,3.76601922578602,31,31,4237.36649120645,95.4582903361728,0.784870142795699,0.784870142795699
7,77.269504311272,77.269504311272,2395.3,3.75322540351544,31,31,4230.14540588007,95.6778714534034,0.784870142795699,0.784870142795699
8,77.269504311272,77.269504311272,2395.3,3.75293209508452,31,31,4229.98066336584,95.6829378588446,0.784870142795699,0.784870142795699
9,77.269504311272,77.269504311272,2395.3,3.79609282070568,31,31,4258.2245651129,94.993147344706,0.784870142795699,0.784870142795699
