"strata","dload.bi_kgd","dload.ub_kgd","tload_kglenS","degf","lenObs","lenStr","MSE_kglenS","Cl_kglenS","flowmu_m3s","flowav_m3s"
1,3.33529307989511,3.33497196389628,103.4,29,30,31,36.1848825795206,2.28458154044939,0.0575470451612903,0.0585213866666667
2,3.37175888834654,3.37175888834654,104.6,13.225320360052,30,31,26.8621354283788,3.07357235737255,0.0575470451612903,0.0575470451612903
3,3.38139860562581,3.38139860562581,104.9,15.1125872101868,30,31,23.098287104058,2.6333817089791,0.0575470451612903,0.0575470451612903
4,3.37175888834654,3.37175888834654,104.6,8.63928103009362,30,31,21.0348991397908,3.55242783129656,0.0575470451612903,0.0575470451612903
5,3.37175888834654,3.37175888834654,104.6,8.27461655377845,30,31,20.5706739045322,3.61499016421764,0.0575470451612903,0.0575470451612903
6,3.37175888834654,3.37175888834654,104.6,8.13857151392767,30,31,20.3956250765665,3.63972727622554,0.0575470451612903,0.0575470451612903
7,3.37175888834654,3.37175888834654,104.5,8.0364052832482,30,31,20.2719203577154,3.65960546658183,0.0575470451612903,0.0575470451612903
8,3.38968538012903,3.38968538012903,105,6.30496306074668,30,31,20.536183443585,4.36481577140912,0.0575470451612903,0.0575470451612903
9,3.38968538012903,3.38968538012903,105,6.67931003675597,30,31,21.2515568174548,4.25925730650698,0.0575470451612903,0.0575470451612903
