"strata","dload.bi_kgd","dload.ub_kgd","tload_kglenS","degf","lenObs","lenStr","MSE_kglenS","Cl_kglenS","flowmu_m3s","flowav_m3s"
8,856.19208459445,856.19208459445,23973.3,4.57564678423439,28,28,976775.924568003,1221.59612982525,7.05299061041905,7.05299061041905
