"strata","dload.bi_kgd","dload.ub_kgd","tload_kglenS","degf","lenObs","lenStr","MSE_kglenS","Cl_kglenS","flowmu_m3s","flowav_m3s"
1,1499.60417465701,1499.60417465701,41988.9,27,28,28,47586682.5857221,2723.96998315869,8.33691376367619,8.33691376367619
2,1499.60417465701,1499.60417465701,41988.9,20.5337806022058,28,28,30853633.843639,2552.71414039645,8.33691376367619,8.33691376367619
3,1499.60417465701,1499.60417465701,41989,2.71790075448766,28,28,14783351.8847735,7877.59913265883,8.33691376367619,8.33691376367619
4,1499.60417465701,1499.60417465701,41988.8,3.88503846812399,28,28,10852530.5228826,4695.07496344909,8.33691376367619,8.33691376367619
5,1499.60417465701,1499.60417465701,41988.8,3.84494110476809,28,28,10796239.0182587,4727.37434242005,8.33691376367619,8.33691376367619
6,1499.60417465701,1499.60417465701,41988.8,3.84458384725469,28,28,10795737.4237495,4727.66608433418,8.33691376367619,8.33691376367619
7,1499.60417465701,1499.60417465701,41988.7,3.84458763018161,28,28,10795742.7359335,4727.66299496341,8.33691376367619,8.33691376367619
8,1499.60417465701,1499.60417465701,41988.7,3.84459715374225,28,28,10795756.1107865,4727.65521777351,8.33691376367619,8.33691376367619
