"strata","dload.bi_kgd","dload.ub_kgd","tload_kglenS","degf","lenObs","lenStr","MSE_kglenS","Cl_kglenS","flowmu_m3s","flowav_m3s"
1,1402.53396362558,1402.53396362558,43478.6,30,31,31,5214866.05311045,851.480353302434,12.8100925231828,12.8100925231828
2,1402.53396362558,1402.53396362558,43478.5,26.4599950015108,31,31,3167233.65807692,710.561310182815,12.8100925231828,12.8100925231828
3,1402.53396362558,1402.53396362558,43478.6,24.9899859086903,31,31,1902136.09279971,568.220029090623,12.8100925231828,12.8100925231828
4,1402.53396362558,1402.53396362558,43478.5,18.5026237392194,31,31,1474192.42857987,591.868791122395,12.8100925231828,12.8100925231828
5,1402.53396362558,1402.53396362558,43478.6,18.3192763677315,31,31,1263406.49401269,551.042481858632,12.8100925231828,12.8100925231828
6,1402.53396362558,1402.53396362558,43478.5,11.671207907088,31,31,835462.829792852,584.768915786844,12.8100925231828,12.8100925231828
7,1402.53396362558,1402.53396362558,43478.4,10.6621394927731,31,31,812555.760299485,609.962605738813,12.8100925231828,12.8100925231828
8,1402.53396362558,1402.53396362558,43478.6,10.9837697837512,31,31,830276.50191108,605.244816467017,12.8100925231828,12.8100925231828
9,1402.53396362558,1402.53396362558,43478.6,6.60750071779619,31,31,1372474.66718551,1090.80885860082,12.8100925231828,12.8100925231828
