"strata","dload.bi_kgd","dload.ub_kgd","tload_kglenS","degf","lenObs","lenStr","MSE_kglenS","Cl_kglenS","flowmu_m3s","flowav_m3s"
1,83.4377734932867,83.4377734932867,2586.6,30,31,31,27199.2040041394,61.4937743657024,1.10362444387097,1.10362444387097
2,83.4377734932867,83.4377734932867,2586.6,14.1392274388678,31,31,24296.0672442505,88.8256127510197,1.10362444387097,1.10362444387097
3,83.4377734932867,83.4377734932867,2586.6,9.26839845435112,31,31,19966.5913317627,104.534251600419,1.10362444387097,1.10362444387097
4,83.4377734932867,83.4377734932867,2586.5,3.31541881100693,31,31,11321.4621119727,176.350854761088,1.10362444387097,1.10362444387097
5,83.4377734932867,83.4377734932867,2586.6,3.31623879184188,31,31,11322.904316827,176.318554715351,1.10362444387097,1.10362444387097
6,83.4377734932867,83.4377734932867,2586.6,3.31800034721635,31,31,11326.0351754519,176.249492866945,1.10362444387097,1.10362444387097
7,83.4377734932867,83.4377734932867,2586.6,3.31079427977322,31,31,11314.1994113836,176.540229783018,1.10362444387097,1.10362444387097
8,83.4377734932867,83.4377734932867,2586.5,3.31595902560206,31,31,11323.2024531204,176.33572553105,1.10362444387097,1.10362444387097
9,83.4377734932867,83.4377734932867,2586.5,3.31877990594956,31,31,11336.1152047532,176.286579029547,1.10362444387097,1.10362444387097
