"strata","dload.bi_kgd","dload.ub_kgd","tload_kglenS","degf","lenObs","lenStr","MSE_kglenS","Cl_kglenS","flowmu_m3s","flowav_m3s"
1,14.3051483434386,14.3057251300897,443.5,28,29,31,519.998031501046,8.82750791132044,0.266929685367742,0.268763341484138
2,14.2590973642848,14.2592866824677,442,26.8582612989112,29,31,443.422733295261,8.339092030122,0.266929685367742,0.267822227858925
3,14.2901368727049,14.2929667721415,443.1,8.70087298081829,29,31,413.612183057783,15.6790110654614,0.266929685367742,0.2675851076018
4,14.2312243791815,14.2354637885433,441.4,5.75262891572367,29,31,397.963524234652,20.5660215679241,0.266929685367742,0.266903716659127
5,14.2371319452805,14.2418607707264,441.6,5.69918518068957,29,31,396.098144183658,20.6630725650155,0.266929685367742,0.267526804469677
6,14.2371319452805,14.2418607707264,441.6,5.71616901790075,29,31,396.765405131758,20.633935963051,0.266929685367742,0.267526804469677
7,14.2371319452805,14.2418607707264,441.6,5.7362736103783,29,31,397.611857699215,20.6011756279143,0.266929685367742,0.267526804469677
8,14.2371319452805,14.2418607707264,441.6,5.70908675595365,29,31,397.490419403511,20.6721656046073,0.266929685367742,0.267526804469677
9,14.2371319452805,14.2418607707264,441.6,6.9519360652114,29,31,452.260870771641,19.0990936550625,0.266929685367742,0.267526804469677
