"strata","dload.bi_kgd","dload.ub_kgd","tload_kglenS","degf","lenObs","lenStr","MSE_kglenS","Cl_kglenS","flowmu_m3s","flowav_m3s"
8,703.059410865901,703.073011845105,21092.2,3.05251260969471,27,30,1314952.44137985,2068.57273431901,5.17989641882667,5.17225764739556
