"strata","dload.bi_kgd","dload.ub_kgd","tload_kglenS","degf","lenObs","lenStr","MSE_kglenS","Cl_kglenS","flowmu_m3s","flowav_m3s"
7,974.328901447846,974.328901447846,30204.2,8.1969449350571,31,31,1342605.93199285,929.383530195143,7.38243358439449,7.38243358439449
