"strata","dload.bi_kgd","dload.ub_kgd","tload_kglenS","degf","lenObs","lenStr","MSE_kglenS","Cl_kglenS","flowmu_m3s","flowav_m3s"
1,468.347275525298,472.657113685286,14179.7,18,19,30,4817053.45020557,1086.83700563164,1.85204457244444,2.21494506385965
2,419.779614203136,424.786010687228,12743.5,16.4293369311631,19,30,2571051.65416392,836.835923506925,1.85204457244444,1.89066160844444
3,430.68629214006,436.973330178566,13109.2,9.68767376062103,19,30,1779436.47161836,959.124433250847,1.85204457244444,2.38362956622222
4,396.926366158465,398.024315184409,11940.7,7.06480866095657,19,30,1272287.06872037,1001.60716817652,1.85204457244444,1.68436192177778
5,396.926366158465,398.024315184409,11940.7,6.61354925956822,19,30,1218512.9113234,1027.13331478154,1.85204457244444,1.68436192177778
6,396.926366158465,398.024315184409,11940.7,5.39557190135189,19,30,1227425.76087978,1199.50696699303,1.85204457244444,1.68436192177778
