"strata","dload.bi_kgd","dload.ub_kgd","tload_kglenS","degf","lenObs","lenStr","MSE_kglenS","Cl_kglenS","flowmu_m3s","flowav_m3s"
1,510.46588888832,510.46588888832,15314,29,30,30,8534389.07184852,1109.50508874331,2.07105928888889,2.07105928888889
2,510.46588888832,510.46588888832,15314,10.4064501551873,30,30,3901368.22908085,1357.07882720075,2.07105928888889,2.07105928888889
3,510.46588888832,510.46588888832,15314,2.89421515319369,30,30,1636743.2392731,2443.49335538992,2.07105928888889,2.07105928888889
4,510.46588888832,510.46588888832,15313.9,2.24863269187032,30,30,1441290.02278444,3104.26476101796,2.07105928888889,2.07105928888889
5,510.46588888832,510.46588888832,15314,2.224843285152,30,30,1433646.67200047,3140.0389591625,2.07105928888889,2.07105928888889
6,510.46588888832,510.46588888832,15313.9,2.21908656650812,30,30,1431790.41173495,3148.8736786961,2.07105928888889,2.07105928888889
7,510.46588888832,510.46588888832,15313.9,2.21920383978143,30,30,1431828.41860786,3148.6931786979,2.07105928888889,2.07105928888889
8,510.46588888832,510.46588888832,15313.9,2.21931756523526,30,30,1431865.11765284,3148.5179947952,2.07105928888889,2.07105928888889
9,510.46588888832,510.46588888832,15314,2.22025795432587,30,30,1432168.60278685,3147.07053809752,2.07105928888889,2.07105928888889
