"strata","dload.bi_kgd","dload.ub_kgd","tload_kglenS","degf","lenObs","lenStr","MSE_kglenS","Cl_kglenS","flowmu_m3s","flowav_m3s"
1,29.5718394340075,29.5881200365499,917.2,28,29,31,6861.77130837243,32.0667824543666,0.327616415102968,0.338648598490483
2,29.4372136236064,29.4277493833892,912.3,18.9043209085619,29,31,5560.72726145703,35.9094100227383,0.327616415102968,0.33227244394005
3,29.4372136236064,29.4277493833892,912.2,9.14691351495451,29,31,1570.21592837883,29.5667028412393,0.327616415102968,0.33227244394005
4,29.4372136236064,29.4277493833892,912.2,7.505959194465,29,31,1412.65304145458,32.0016364536046,0.327616415102968,0.33227244394005
5,29.3777188510527,29.3701788793859,910.4,6.40204512856308,29,31,1276.66931964285,34.0347345067296,0.327616415102968,0.33486341193428
6,29.3777188510527,29.3701788793859,910.5,6.38367493161818,29,31,1275.19073642055,34.0859704788637,0.327616415102968,0.33486341193428
7,29.6442754567412,29.6443923509355,918.9,6.33020892748487,29,31,1291.08940926417,34.5080437170203,0.327616415102968,0.327102782605161
8,29.5954313630644,29.5962740385428,917.4,6.50587341736152,29,31,1345.38770976946,34.5348612882639,0.327616415102968,0.326473254925626
9,29.4540547986796,29.4412158128141,912.6,6.93708842349417,29,31,1519.36189989772,35.0592885672521,0.327616415102968,0.32712175105514
