"strata","dload.bi_kgd","dload.ub_kgd","tload_kglenS","degf","lenObs","lenStr","MSE_kglenS","Cl_kglenS","flowmu_m3s","flowav_m3s"
1,947.62366565985,947.62366565985,28428.7,29,30,30,8097041.91499482,1080.70279140923,5.38974734684444,5.38974734684444
2,947.62366565985,947.62366565985,28428.7,7.1369666609031,30,30,4706160.55103558,1912.720550254,5.38974734684444,5.38974734684444
3,947.62366565985,947.62366565985,28428.7,6.75041631310906,30,30,4585338.08500685,1963.57108946715,5.38974734684444,5.38974734684444
4,947.62366565985,947.62366565985,28428.7,5.96655243752179,30,30,4375384.165825,2098.23980120907,5.38974734684444,5.38974734684444
5,947.62366565985,947.62366565985,28428.8,5.76127032492261,30,30,4298173.61443756,2134.90624193367,5.38974734684444,5.38974734684444
6,947.62366565985,947.62366565985,28428.7,5.77550719886635,30,30,4275712.30020049,2125.36254791322,5.38974734684444,5.38974734684444
7,947.62366565985,947.62366565985,28428.8,5.59358777779757,30,30,4234259.41747971,2166.99555588084,5.38974734684444,5.38974734684444
8,947.62366565985,947.62366565985,28428.7,5.60655220042812,30,30,4211798.10324264,2157.42675939452,5.38974734684444,5.38974734684444
9,947.62366565985,947.62366565985,28428.7,5.67245374417401,30,30,4236899.44898986,2144.69570678557,5.38974734684444,5.38974734684444
