"strata","dload.bi_kgd","dload.ub_kgd","tload_kglenS","degf","lenObs","lenStr","MSE_kglenS","Cl_kglenS","flowmu_m3s","flowav_m3s"
7,10.1394605171613,10.1394605171613,314.2,16.7632066896097,31,31,31.794368996398,2.90876469483142,0.151175174193548,0.151175174193548
