"strata","dload.bi_kgd","dload.ub_kgd","tload_kglenS","degf","lenObs","lenStr","MSE_kglenS","Cl_kglenS","flowmu_m3s","flowav_m3s"
3,664.074588588657,666.63098580451,20665.5,4.07411633688126,19,31,5301618.53693088,3144.61378107081,3.75471959778802,3.28229153585527
