"strata","dload.bi_kgd","dload.ub_kgd","tload_kglenS","degf","lenObs","lenStr","MSE_kglenS","Cl_kglenS","flowmu_m3s","flowav_m3s"
1,111.484466559849,111.484466559849,3344.5,29,30,30,829439.435541326,345.887939736817,0.888636244444444,0.888636244444444
2,111.484466559849,111.484466559849,3344.6,14.6852860466347,30,30,260438.329549304,284.379036247662,0.888636244444444,0.888636244444444
3,111.484466559849,111.484466559849,3344.5,8.20267017293291,30,30,47860.0761150726,175.389843129165,0.888636244444444,0.888636244444444
4,111.484466559849,111.484466559849,3344.5,2.61704901833828,30,30,25134.7784294373,339.361035555781,0.888636244444444,0.888636244444444
5,111.484466559849,111.484466559849,3344.5,2.57152784563462,30,30,24915.0019247951,344.954829293203,0.888636244444444,0.888636244444444
6,111.484466559849,111.484466559849,3344.5,2.57090327504819,30,30,24911.9758916247,345.033589785608,0.888636244444444,0.888636244444444
7,111.484466559849,111.484466559849,3344.5,2.57073994586715,30,30,24911.1845197342,345.054195389729,0.888636244444444,0.888636244444444
8,111.484466559849,111.484466559849,3344.5,2.57083704589404,30,30,24911.6550311218,345.041945031044,0.888636244444444,0.888636244444444
9,111.484466559849,111.484466559849,3344.5,2.57097065319801,30,30,24912.3024514459,345.025091174187,0.888636244444444,0.888636244444444
