"strata","dload.bi_kgd","dload.ub_kgd","tload_kglenS","degf","lenObs","lenStr","MSE_kglenS","Cl_kglenS","flowmu_m3s","flowav_m3s"
1,1063.09233699902,1065.79894779118,33039.8,28,29,31,32303971.5682928,2200.21552781968,7.38390795034839,7.81672082041379
2,1058.840459218,1059.51824471826,32845.1,11.6428000928896,29,31,15489127.2298621,2521.64840645866,7.38390795034839,7.55703737301792
3,1058.840459218,1059.51824471826,32845.1,2.95202454746059,29,31,6630689.23071731,4813.7358313055,7.38390795034839,7.55703737301792
4,1057.00670543346,1057.15246352069,32771.7,2.47570287635829,29,31,4750411.43409468,4986.59882977343,7.38390795034839,7.47925758096774
5,1055.88051077664,1055.8996960098,32732.9,2.35715480515053,29,31,4635007.69226199,5236.78576799828,7.38390795034839,7.44107219172208
6,1055.88051077664,1055.8996960098,32733,2.35063935115901,29,31,4628597.08238156,5251.64731646195,7.38390795034839,7.44107219172208
7,1055.61771962173,1055.62708770723,32724.5,2.34905293044003,29,31,4627034.82859311,5255.28468930547,7.38390795034839,7.41225672092903
8,1055.44988661494,1055.44639754644,32718.9,2.34866709958151,29,31,4626654.81194824,5256.17045765396,7.38390795034839,7.39499169393548
9,1055.60789559246,1055.60771456942,32724,2.34862115140109,29,31,4626609.55465728,5256.27597239143,7.38390795034839,7.38030349574194
