"strata","dload.bi_kgd","dload.ub_kgd","tload_kglenS","degf","lenObs","lenStr","MSE_kglenS","Cl_kglenS","flowmu_m3s","flowav_m3s"
5,8.54041046669003,8.54142698657413,264.8,11.9412749103154,25,31,176.841561887985,8.38926046564938,0.228818012903226,0.204546470046083
