"strata","dload.bi_kgd","dload.ub_kgd","tload_kglenS","degf","lenObs","lenStr","MSE_kglenS","Cl_kglenS","flowmu_m3s","flowav_m3s"
1,727.583622807771,727.583622807771,20372.3,27,28,28,1479620.67501612,480.324565105336,7.12150664761905,7.12150664761905
2,727.583622807771,727.583622807771,20372.4,18.730785685562,28,28,576827.730787714,367.656244810247,7.12150664761905,7.12150664761905
3,727.583622807771,727.583622807771,20372.3,12.8841039569551,28,28,438212.073874167,398.786270040267,7.12150664761905,7.12150664761905
4,727.583622807771,727.583622807771,20372.3,11.6052837640234,28,28,291167.013259748,346.42079091473,7.12150664761905,7.12150664761905
5,727.583622807771,727.583622807771,20372.3,7.16025427647928,28,28,270125.228098624,457.207528734433,7.12150664761905,7.12150664761905
6,727.583622807771,727.583622807771,20372.4,6.34160898437398,28,28,253825.602075766,483.216137026728,7.12150664761905,7.12150664761905
7,727.583622807771,727.583622807771,20372.4,6.3353255044917,28,28,253699.925455789,483.444962801077,7.12150664761905,7.12150664761905
8,727.583622807771,727.583622807771,20372.3,6.29890781974946,28,28,252968.346600271,484.778453677637,7.12150664761905,7.12150664761905
