"strata","dload.bi_kgd","dload.ub_kgd","tload_kglenS","degf","lenObs","lenStr","MSE_kglenS","Cl_kglenS","flowmu_m3s","flowav_m3s"
7,375.929881890354,375.948867107409,11654.4,2.35483036441261,28,31,756536.117668607,2118.36034596189,3.15214701075269,3.18420893591398
