"strata","dload.bi_kgd","dload.ub_kgd","tload_kglenS","degf","lenObs","lenStr","MSE_kglenS","Cl_kglenS","flowmu_m3s","flowav_m3s"
1,1035.6350067981,1036.51829072869,32132.1,28,29,31,10343737.9993981,1245.01912125333,5.41526494489462,5.46379198157241
2,1028.66542116527,1030.30271552908,31939.4,26.9995714503705,29,31,8583999.1982269,1156.93299219581,5.41526494489462,5.62273554139068
3,1031.33554380249,1032.86964526482,32019,11.3980630965259,29,31,5348694.83553729,1501.33714968357,5.41526494489462,5.70141859895848
4,1033.76481959382,1036.10979969626,32119.5,9.58001098769208,29,31,4876975.99048437,1599.26894529978,5.41526494489462,5.75285221849845
5,1005.13410441139,1006.05120983482,31187.6,6.9384148827708,29,31,3924756.14571595,1781.64141088268,5.41526494489462,5.31642165295484
6,1005.13410441139,1006.05120983482,31187.6,6.93507136173626,29,31,3923810.33696713,1782.03204211566,5.41526494489462,5.31642165295484
7,1005.13410441139,1006.05120983482,31187.6,6.9350751220696,29,31,3923811.40083058,1782.03160258302,5.41526494489462,5.31642165295484
8,1005.13410441139,1006.05120983482,31187.6,6.93507220624962,29,31,3923810.57641876,1782.03194352233,5.41526494489462,5.31642165295484
9,1038.33904633176,1046.21139607024,32432.6,5.12598337436429,29,31,4712914.03818462,2446.72367202946,5.41526494489462,5.63223435612903
