"strata","dload.bi_kgd","dload.ub_kgd","tload_kglenS","degf","lenObs","lenStr","MSE_kglenS","Cl_kglenS","flowmu_m3s","flowav_m3s"
9,2058.58268176425,2060.47279474079,61814.1,2.62377037899237,28,30,13420216.5027116,7818.03078515349,15.3447228970667,13.2243609130667
