"strata","dload.bi_kgd","dload.ub_kgd","tload_kglenS","degf","lenObs","lenStr","MSE_kglenS","Cl_kglenS","flowmu_m3s","flowav_m3s"
1,362.754960230104,362.754960230104,11245.4,30,31,31,705428.806889755,313.169636388309,2.71367177602753,2.71367177602753
2,362.754960230104,362.754960230104,11245.4,28.8245051131789,31,31,555177.855462754,283.9174486007,2.71367177602753,2.71367177602753
3,362.754960230104,362.754960230104,11245.4,15.3444591614461,31,31,485872.701880706,378.540277323063,2.71367177602753,2.71367177602753
4,362.754960230104,362.754960230104,11245.3,13.2118722072896,31,31,475155.038108875,409.030667469861,2.71367177602753,2.71367177602753
5,362.754960230104,362.754960230104,11245.3,6.91811332459483,31,31,439366.099949962,597.344103937584,2.71367177602753,2.71367177602753
6,362.754960230104,362.754960230104,11245.3,6.90607359817963,31,31,438983.381384419,597.818264057284,2.71367177602753,2.71367177602753
7,362.754960230104,362.754960230104,11245.4,6.90491340345882,31,31,438946.505147918,597.864056964637,2.71367177602753,2.71367177602753
8,362.754960230104,362.754960230104,11245.5,6.90360901553475,31,31,438913.79831473,597.921523558035,2.71367177602753,2.71367177602753
9,362.754960230104,362.754960230104,11245.5,6.91721241388833,31,31,439375.539234355,597.405407115304,2.71367177602753,2.71367177602753
