"strata","dload.bi_kgd","dload.ub_kgd","tload_kglenS","degf","lenObs","lenStr","MSE_kglenS","Cl_kglenS","flowmu_m3s","flowav_m3s"
1,606.80808571771,606.80808571771,18811.1,30,31,31,5098408.81022141,841.919136079407,4.86962182709677,4.86962182709677
2,606.80808571771,606.80808571771,18811.1,4.37029117879337,31,31,1318170.9471124,1475.19827154985,4.86962182709677,4.86962182709677
3,606.80808571771,606.80808571771,18811.1,4.07303074554005,31,31,1272418.34106734,1540.92157895282,4.86962182709677,4.86962182709677
4,606.80808571771,606.80808571771,18811.1,4.06519500146524,31,31,1271193.60388944,1542.81027520228,4.86962182709677,4.86962182709677
5,606.80808571771,606.80808571771,18811.1,4.06353524095062,31,31,1270934.05838389,1543.21146850639,4.86962182709677,4.86962182709677
6,606.80808571771,606.80808571771,18811.1,4.06298742073891,31,31,1270848.38242768,1543.34397276511,4.86962182709677,4.86962182709677
7,606.80808571771,606.80808571771,18811.1,4.06293175570546,31,31,1270839.67754654,1543.35743984307,4.86962182709677,4.86962182709677
8,606.80808571771,606.80808571771,18811.1,4.06289451590171,31,31,1270833.85345919,1543.36644923217,4.86962182709677,4.86962182709677
9,606.80808571771,606.80808571771,18811,4.06320324210171,31,31,1270882.13819815,1543.29176691702,4.86962182709677,4.86962182709677
