"strata","dload.bi_kgd","dload.ub_kgd","tload_kglenS","degf","lenObs","lenStr","MSE_kglenS","Cl_kglenS","flowmu_m3s","flowav_m3s"
1,1367.98905730106,1367.98905730106,42407.7,30,31,31,7001348.50727808,986.606337537392,10.5266469326624,10.5266469326624
2,1367.98905730106,1367.98905730106,42407.7,15.4156976107213,31,31,3837723.84048399,1060.99013973333,10.5266469326624,10.5266469326624
3,1367.98905730106,1367.98905730106,42407.7,8.91361248603108,31,31,2984289.05656323,1310.8660636335,10.5266469326624,10.5266469326624
4,1367.98905730106,1367.98905730106,42407.7,7.53518311038167,31,31,2739168.05954968,1405.41580586081,10.5266469326624,10.5266469326624
5,1367.98905730106,1367.98905730106,42407.6,3.27001688832663,31,31,2348191.91998151,2575.12133275031,10.5266469326624,10.5266469326624
6,1367.98905730106,1367.98905730106,42407.6,3.15079950277425,31,31,2167088.37342208,2569.25961453064,10.5266469326624,10.5266469326624
7,1367.98905730106,1367.98905730106,42407.6,3.15065573527479,31,31,2167038.93152022,2569.35123713801,10.5266469326624,10.5266469326624
8,1367.98905730106,1367.98905730106,42407.5,3.15051864289864,31,31,2166991.78637062,2569.43861732079,10.5266469326624,10.5266469326624
9,1367.98905730106,1367.98905730106,42407.5,3.1504397840215,31,31,2166964.66564535,2569.48888436387,10.5266469326624,10.5266469326624
