"strata","dload.bi_kgd","dload.ub_kgd","tload_kglenS","degf","lenObs","lenStr","MSE_kglenS","Cl_kglenS","flowmu_m3s","flowav_m3s"
1,34.5202649022208,34.5202649022208,1035.6,29,30,30,23754.8618890625,58.5355002728111,0.463470504533333,0.463470504533333
2,34.5202649022208,34.5202649022208,1035.6,8.6737269074436,30,30,12741.1352900717,87.2006758785887,0.463470504533333,0.463470504533333
3,34.5202649022208,34.5202649022208,1035.6,6.16036609368178,30,30,11708.9358964328,106.008177112044,0.463470504533333,0.463470504533333
4,34.5202649022208,34.5202649022208,1035.7,6.02257125684891,30,30,11576.4827098777,107.181849420994,0.463470504533333,0.463470504533333
5,34.5202649022208,34.5202649022208,1035.7,6.00939547129911,30,30,11563.7980316087,107.297254702444,0.463470504533333,0.463470504533333
6,34.5202649022208,34.5202649022208,1035.7,5.99718229961509,30,30,11552.3794573994,107.40633205521,0.463470504533333,0.463470504533333
7,34.5202649022208,34.5202649022208,1035.7,5.99469977602003,30,30,11549.9900401926,107.428248630415,0.463470504533333,0.463470504533333
8,34.5202649022208,34.5202649022208,1035.7,5.99631935688262,30,30,11551.5696018878,107.414044368966,0.463470504533333,0.463470504533333
9,34.5202649022208,34.5202649022208,1035.7,6.00969754496831,30,30,11564.6133849146,107.297035669234,0.463470504533333,0.463470504533333
