"strata","dload.bi_kgd","dload.ub_kgd","tload_kglenS","degf","lenObs","lenStr","MSE_kglenS","Cl_kglenS","flowmu_m3s","flowav_m3s"
1,17.6437922535899,17.6437922535899,529.3,29,30,30,516.436660027574,8.63081109876796,0.3760895792,0.3760895792
2,17.6437922535899,17.6437922535899,529.3,16.7290218263295,30,30,490.721911798773,11.4409770270054,0.3760895792,0.3760895792
3,17.6437922535899,17.6437922535899,529.3,8.69799008212783,30,30,450.659683077079,16.3697146772234,0.3760895792,0.3760895792
4,17.6437922535899,17.6437922535899,529.2,8.07980856020444,30,30,433.569674705199,16.8633089582433,0.3760895792,0.3760895792
5,17.6437922535899,17.6437922535899,529.2,8.07052446700434,30,30,433.35293241705,16.8721283295783,0.3760895792,0.3760895792
6,17.6437922535899,17.6437922535899,529.2,8.08249792296987,30,30,433.662611902725,16.8613444829192,0.3760895792,0.3760895792
7,17.6437922535899,17.6437922535899,529.2,8.07321258604936,30,30,433.445869614576,16.8701598786891,0.3760895792,0.3760895792
8,17.6437922535899,17.6437922535899,529.2,8.1267935327378,30,30,434.939902434454,16.8242958626852,0.3760895792,0.3760895792
9,17.6437922535899,17.6437922535899,529.2,4.71636290043857,30,30,456.931622191073,25.7665119369837,0.3760895792,0.3760895792
