"strata","dload.bi_kgd","dload.ub_kgd","tload_kglenS","degf","lenObs","lenStr","MSE_kglenS","Cl_kglenS","flowmu_m3s","flowav_m3s"
1,88.3548042161659,88.3476928290232,2650.4,21,22,30,11124.6259313788,47.8647462590355,1.60253014535111,1.13923184414545
