"strata","dload.bi_kgd","dload.ub_kgd","tload_kglenS","degf","lenObs","lenStr","MSE_kglenS","Cl_kglenS","flowmu_m3s","flowav_m3s"
8,181.260471151603,181.260471151603,5619.2,3.82646907934245,31,31,42537.5064833223,298.046619114493,1.66362417926882,1.66362417926882
