"strata","dload.bi_kgd","dload.ub_kgd","tload_kglenS","degf","lenObs","lenStr","MSE_kglenS","Cl_kglenS","flowmu_m3s","flowav_m3s"
1,3.00879309026189,3.00887992760329,93.3,29,30,31,36.1811038850558,2.28446225084015,0.0404134237788018,0.0406818026666667
2,2.98947363245419,2.99045711777985,92.7,26.4874954465286,30,31,32.7926941288737,2.28508804488856,0.0404134237788018,0.0405874133333333
3,2.98947363245419,2.99045711777985,92.7,24.5357095005636,30,31,25.9222341914866,2.1189646835473,0.0404134237788018,0.0405874133333333
4,2.98947363245419,2.99045711777985,92.7,10.6173961960709,30,31,21.6288011862788,3.15527462855376,0.0404134237788018,0.0405874133333333
5,2.98947363245419,2.99045711777985,92.7,10.4283047736915,30,31,21.435204957987,3.1767777802782,0.0404134237788018,0.0405874133333333
6,2.98947363245419,2.99045711777985,92.7,9.51365510387235,30,31,20.4388588526501,3.28862710442851,0.0404134237788018,0.0405874133333333
7,2.98947363245419,2.99045711777985,92.7,4.7450191219656,30,31,20.2654470808214,5.39941926660781,0.0404134237788018,0.0405874133333333
8,2.98947363245419,2.99045711777985,92.7,4.72435586516465,30,31,20.2211528105231,5.41287829061739,0.0404134237788018,0.0405874133333333
9,2.98947363245419,2.99045711777985,92.8,4.74969717115059,30,31,20.2760362941601,5.39646694985358,0.0404134237788018,0.0405874133333333
