"strata","dload.bi_kgd","dload.ub_kgd","tload_kglenS","degf","lenObs","lenStr","MSE_kglenS","Cl_kglenS","flowmu_m3s","flowav_m3s"
1,213.667428257503,213.667428257503,6623.7,30,31,31,976203.330281486,368.403031495815,1.93482452524731,1.93482452524731
2,213.667428257503,213.667428257503,6623.7,4.40832810352838,31,31,192074.253027944,558.975269235808,1.93482452524731,1.93482452524731
3,213.667428257503,213.667428257503,6623.7,2.9843270017763,31,31,161841.745436017,743.317566792006,1.93482452524731,1.93482452524731
4,213.667428257503,213.667428257503,6623.6,2.98299537522659,31,31,161805.646174109,743.589570378351,1.93482452524731,1.93482452524731
5,213.667428257503,213.667428257503,6623.6,2.98299229666427,31,31,161805.562700094,743.590199581987,1.93482452524731,1.93482452524731
6,213.667428257503,213.667428257503,6623.6,2.98290280026433,31,31,161803.135394549,743.608490389855,1.93482452524731,1.93482452524731
7,213.667428257503,213.667428257503,6623.6,2.98289243512319,31,31,161802.854306563,743.610608941865,1.93482452524731,1.93482452524731
8,213.667428257503,213.667428257503,6623.6,2.98289946170606,31,31,161803.04498104,743.609173045914,1.93482452524731,1.93482452524731
9,213.667428257503,213.667428257503,6623.7,2.98298739487266,31,31,161805.439783122,743.591224387546,1.93482452524731,1.93482452524731
