"strata","dload.bi_kgd","dload.ub_kgd","tload_kglenS","degf","lenObs","lenStr","MSE_kglenS","Cl_kglenS","flowmu_m3s","flowav_m3s"
1,1279.15419958157,1279.15419958157,39653.8,30,31,31,49096214.6720981,2612.62487449482,8.38072781873548,8.38072781873548
2,1279.15419958157,1279.15419958157,39653.8,21.3471895787114,31,31,37000808.3960658,2735.1935036888,8.38072781873548,8.38072781873548
3,1279.15419958157,1279.15419958157,39653.8,2.56711270630818,31,31,18147226.3117574,9328.79113181889,8.38072781873548,8.38072781873548
4,1279.15419958157,1279.15419958157,39653.8,2.34218493670746,31,31,17329744.1972941,10208.5794815778,8.38072781873548,8.38072781873548
5,1279.15419958157,1279.15419958157,39653.8,2.2674928430548,31,31,17050775.4775971,10560.3323995602,8.38072781873548,8.38072781873548
6,1279.15419958157,1279.15419958157,39653.8,2.26808602343784,31,31,17053010.8479129,10557.3996331098,8.38072781873548,8.38072781873548
7,1279.15419958157,1279.15419958157,39653.8,2.26701724258644,31,31,17049008.0749211,10562.6933033481,8.38072781873548,8.38072781873548
8,1279.15419958157,1279.15419958157,39653.8,2.2882162419589,31,31,17129487.7139315,10459.4883618715,8.38072781873548,8.38072781873548
9,1279.15419958157,1279.15419958157,39653.8,2.31472684606964,31,31,17245900.2214322,10339.3403535726,8.38072781873548,8.38072781873548
