"strata","dload.bi_kgd","dload.ub_kgd","tload_kglenS","degf","lenObs","lenStr","MSE_kglenS","Cl_kglenS","flowmu_m3s","flowav_m3s"
1,23.547346389149,23.5370875748107,706.1,22,23,30,1715.48222378174,18.3131875181924,0.286670158897778,0.309632060503188
2,23.4036212785078,23.3855860771733,701.6,15.2211588347547,23,30,1377.42519114005,20.2505074147439,0.286670158897778,0.282683431381926
3,23.4036212785078,23.3855860771733,701.6,8.66779952744406,23,30,694.072919541916,20.3616969238724,0.286670158897778,0.282683431381926
4,23.9043684219514,23.9118402583599,717.3,4.27041721152042,23,30,452.381578392734,27.8766293953775,0.286670158897778,0.274166930918222
5,23.02545060047,23.0303008481498,690.9,3.89085949529436,23,30,431.646830254235,29.5699508409116,0.286670158897778,0.292651139004444
6,23.02545060047,23.0303008481498,691,3.92452212240416,23,30,435.800710502147,29.4809224696555,0.286670158897778,0.292651139004444
7,23.040051554309,23.0334238477442,690.9,3.93386274924113,23,30,802.058226674507,39.9087022188301,0.286670158897778,0.288092039815111
