"strata","dload.bi_kgd","dload.ub_kgd","tload_kglenS","degf","lenObs","lenStr","MSE_kglenS","Cl_kglenS","flowmu_m3s","flowav_m3s"
8,35.7249425639226,35.7249425639226,1107.5,2.61455341620391,31,31,12026.5715174296,235.00769007549,0.289105393548387,0.289105393548387
