"strata","dload.bi_kgd","dload.ub_kgd","tload_kglenS","degf","lenObs","lenStr","MSE_kglenS","Cl_kglenS","flowmu_m3s","flowav_m3s"
1,181.260471151603,181.260471151603,5619.1,30,31,31,434692.360727166,245.835193866884,1.66362417926882,1.66362417926882
2,181.260471151603,181.260471151603,5619.1,10.2028713649164,31,31,105540.809989232,226.007061977559,1.66362417926882,1.66362417926882
3,181.260471151603,181.260471151603,5619.1,3.34676444840745,31,31,53895.6788616068,381.184590174823,1.66362417926882,1.66362417926882
4,181.260471151603,181.260471151603,5619.1,5.56309098805695,31,31,51575.7045406302,240.162961824038,1.66362417926882,1.66362417926882
5,181.260471151603,181.260471151603,5619.1,4.69786516945983,31,31,47343.2291017779,263.126287644182,1.66362417926882,1.66362417926882
6,181.260471151603,181.260471151603,5619.1,3.96324675046777,31,31,43294.9007513982,291.25403926251,1.66362417926882,1.66362417926882
7,181.260471151603,181.260471151603,5619.1,3.85639496128935,31,31,42703.908115592,296.508863143819,1.66362417926882,1.66362417926882
8,181.260471151603,181.260471151603,5619.2,3.82646907934245,31,31,42537.5064833223,298.046619114493,1.66362417926882,1.66362417926882
9,181.260471151603,181.260471151603,5619.2,3.82763706576558,31,31,42544.0610794931,297.986219327934,1.66362417926882,1.66362417926882
