"strata","dload.bi_kgd","dload.ub_kgd","tload_kglenS","degf","lenObs","lenStr","MSE_kglenS","Cl_kglenS","flowmu_m3s","flowav_m3s"
1,153.516817683255,154.048293285656,4775.5,28,29,31,768016.197431024,339.252030240081,1.52101240122151,1.56082803738851
2,151.137333283591,151.146479509991,4685.5,7.48918808866365,29,31,50570.264586106,191.765207584288,1.52101240122151,1.50634407959467
3,150.446905643349,150.448016286506,4663.8,5.97042434522662,29,31,45396.5805922925,213.623492591318,1.52101240122151,1.50075336197358
4,150.446905643349,150.448016286506,4663.9,4.86448663632614,29,31,41215.4519189965,238.611777597388,1.52101240122151,1.50075336197358
5,150.339598129044,150.340497332312,4660.5,4.84871230446049,29,31,41148.4471080041,239.046952131716,1.52101240122151,1.49913987379394
6,150.339598129044,150.340497332312,4660.5,4.84783960277973,29,31,41144.7468703549,239.071148751702,1.52101240122151,1.49913987379394
7,150.306283491033,150.30856082821,4659.5,4.85503572297762,29,31,41175.4234843177,238.872426005271,1.52101240122151,1.49991775538925
8,150.297904073322,150.304201441799,4659.4,4.87224847236344,29,31,41249.0536602528,238.400739955568,1.52101240122151,1.50345744673376
9,152.753921885603,152.908795905496,4740,6.48665923689717,29,31,61934.1062485247,234.814565261521,1.52101240122151,1.51241688225376
