"strata","dload.bi_kgd","dload.ub_kgd","tload_kglenS","degf","lenObs","lenStr","MSE_kglenS","Cl_kglenS","flowmu_m3s","flowav_m3s"
8,31.7663043921331,31.7663043921331,984.8,3.86256289827283,31,31,288.925406234209,24.3536257436383,0.406283661247312,0.406283661247312
