"strata","dload.bi_kgd","dload.ub_kgd","tload_kglenS","degf","lenObs","lenStr","MSE_kglenS","Cl_kglenS","flowmu_m3s","flowav_m3s"
7,2632.82691759119,2632.82691759119,81617.6,8.059312377072,31,31,85246595.9887109,7490.20224298173,12.395128088086,12.395128088086
