"strata","dload.bi_kgd","dload.ub_kgd","tload_kglenS","degf","lenObs","lenStr","MSE_kglenS","Cl_kglenS","flowmu_m3s","flowav_m3s"
6,7.46780632418074,7.46831430319265,231.6,8.31589149383964,30,31,14.1741066132991,2.99081262340543,0.0997001035010753,0.100265569553303
