"strata","dload.bi_kgd","dload.ub_kgd","tload_kglenS","degf","lenObs","lenStr","MSE_kglenS","Cl_kglenS","flowmu_m3s","flowav_m3s"
7,1383.44197974122,1383.44197974122,41503.3,5.74922721057147,30,30,3357894.8029202,1889.97511532587,9.40209632284444,9.40209632284444
