"strata","dload.bi_kgd","dload.ub_kgd","tload_kglenS","degf","lenObs","lenStr","MSE_kglenS","Cl_kglenS","flowmu_m3s","flowav_m3s"
1,764.238662221415,764.238662221415,21398.7,27,28,28,3026863.66710043,686.998885951527,6.89388542186667,6.89388542186667
2,764.238662221415,764.238662221415,21398.7,19.0533415580786,28,28,2273907.66773704,722.924213451341,6.89388542186667,6.89388542186667
3,764.238662221415,764.238662221415,21398.6,19.6660604806626,28,28,1983349.21246418,663.163464641365,6.89388542186667,6.89388542186667
4,764.238662221415,764.238662221415,21398.6,16.1430477620504,28,28,680186.303602211,434.835470930559,6.89388542186667,6.89388542186667
5,764.238662221415,764.238662221415,21398.6,16.2661690062809,28,28,558388.707757237,392.251759349475,6.89388542186667,6.89388542186667
6,764.238662221415,764.238662221415,21398.6,15.1939551565311,28,28,542127.11238954,402.168057853148,6.89388542186667,6.89388542186667
7,764.238662221415,764.238662221415,21398.7,8.04631451545219,28,28,546599.066109797,600.428178999738,6.89388542186667,6.89388542186667
8,764.238662221415,764.238662221415,21398.7,7.53917194044133,28,28,530337.470742101,618.178535592994,6.89388542186667,6.89388542186667
