"strata","dload.bi_kgd","dload.ub_kgd","tload_kglenS","degf","lenObs","lenStr","MSE_kglenS","Cl_kglenS","flowmu_m3s","flowav_m3s"
1,4.27633152646016,4.27676469295195,132.6,25,26,31,43.019772444696,2.70168042463801,0.0637967151621505,0.0635006055179487
2,4.23230937322935,4.23190241134954,131.2,23.7996598883556,26,31,12.8101903455626,1.51486615838661,0.0637967151621505,0.0633151695599916
3,4.21294552953569,4.21285848656604,130.7,22.5113019319219,26,31,10.7755066946328,1.43294371867708,0.0637967151621505,0.0634455944541936
4,4.22960120103999,4.22939751128911,131.1,18.123359484914,26,31,8.43814422602702,1.43285489177,0.0637967151621505,0.0640247224924731
5,4.20948376325182,4.20971535891118,130.6,18.7020819505452,26,31,6.65534548604594,1.24992227416196,0.0637967151621505,0.0641701410591398
6,4.20948376325182,4.20971535891118,130.5,16.1095594889204,26,31,7.04604285616833,1.40122307013627,0.0637967151621505,0.0641701410591398
7,4.22729808761019,4.22803483493975,131,13.2395728781306,26,31,7.58012973221107,1.63166486433273,0.0637967151621505,0.064045552848172
8,4.26283317189963,4.26221054456211,132.1,9.01322126242725,26,31,9.9728693663915,2.37900700976251,0.0637967151621505,0.0623005376602151
