"strata","dload.bi_kgd","dload.ub_kgd","tload_kglenS","degf","lenObs","lenStr","MSE_kglenS","Cl_kglenS","flowmu_m3s","flowav_m3s"
6,152.555413322894,152.555413322894,4271.5,3.00730431651898,28,28,142630.697347622,692.12152110803,1.57628956234286,1.57628956234286
