"strata","dload.bi_kgd","dload.ub_kgd","tload_kglenS","degf","lenObs","lenStr","MSE_kglenS","Cl_kglenS","flowmu_m3s","flowav_m3s"
6,540.620605882923,541.208562863381,15695.1,10.6587080362636,26,29,93531.2384438723,206.986737241836,6.70688290206897,6.80995210180624
