"strata","dload.bi_kgd","dload.ub_kgd","tload_kglenS","degf","lenObs","lenStr","MSE_kglenS","Cl_kglenS","flowmu_m3s","flowav_m3s"
1,529.257491292763,542.177570843927,16265.3,22,23,30,50070063.5478395,3128.67104280611,1.88254176604444,0.904221086144928
2,586.784936455483,617.137966919327,18514.2,3.00004534064186,23,30,43144726.3913889,12068.6119156539,1.88254176604444,1.68933466648889
3,586.784936455483,617.137966919327,18514.2,3.0000078206288,23,30,43144456.5959839,12068.7350376443,1.88254176604444,1.68933466648889
4,586.784936455483,617.137966919327,18514.2,3.00000607779305,23,30,43144444.0637301,12068.7407568651,1.88254176604444,1.68933466648889
5,586.784936455483,617.137966919327,18514.2,3.0000059903866,23,30,43144443.4352144,12068.7410436949,1.88254176604444,1.68933466648889
6,586.784936455483,617.137966919327,18514.2,3.00000575305439,23,30,43144441.7286244,12068.7418225158,1.88254176604444,1.68933466648889
7,586.784936455483,617.137966919327,18514.2,3.00000593424911,23,30,43144443.0315461,12068.7412279138,1.88254176604444,1.68933466648889
