"strata","dload.bi_kgd","dload.ub_kgd","tload_kglenS","degf","lenObs","lenStr","MSE_kglenS","Cl_kglenS","flowmu_m3s","flowav_m3s"
1,60.7570194266163,60.7570194266163,1822.7,29,30,30,17657.4289655688,50.4669214981653,0.602899281422222,0.602899281422222
2,60.7570194266163,60.7570194266163,1822.7,19.8323786852534,30,30,11580.5890588539,50.4336018551124,0.602899281422222,0.602899281422222
3,60.7570194266163,60.7570194266163,1822.7,19.8538271701392,30,30,11588.9117869677,50.4209388390788,0.602899281422222,0.602899281422222
4,60.7570194266163,60.7570194266163,1822.7,6.5503545676574,30,30,9966.53717373851,93.5354681624381,0.602899281422222,0.602899281422222
5,60.7570194266163,60.7570194266163,1822.7,6.33061383073274,30,30,9796.92138249034,95.0532077035732,0.602899281422222,0.602899281422222
6,60.7570194266163,60.7570194266163,1822.8,6.31845452498392,30,30,9787.5024990483,95.1405636830364,0.602899281422222,0.602899281422222
7,60.7570194266163,60.7570194266163,1822.7,6.15051788010086,30,30,9656.03696843562,96.3809053120398,0.602899281422222,0.602899281422222
8,60.7570194266163,60.7570194266163,1822.8,6.13853210484246,30,30,9646.61808499357,96.4722438392615,0.602899281422222,0.602899281422222
9,60.7570194266163,60.7570194266163,1822.7,6.13822651968696,30,30,9646.37795704274,96.4745780235419,0.602899281422222,0.602899281422222
