"strata","dload.bi_kgd","dload.ub_kgd","tload_kglenS","degf","lenObs","lenStr","MSE_kglenS","Cl_kglenS","flowmu_m3s","flowav_m3s"
1,133.353420595335,133.353420595335,4134,30,31,31,369277.656096316,226.584171506195,1.32340464765935,1.32340464765935
2,133.353420595335,133.353420595335,4134,6.07884575878749,31,31,122613.511576614,346.427991875306,1.32340464765935,1.32340464765935
3,133.353420595335,133.353420595335,4134,3.67905764537356,31,31,77557.8765805642,417.374306525423,1.32340464765935,1.32340464765935
4,133.353420595335,133.353420595335,4133.9,3.64717540661044,31,31,77221.0732855051,419.887595601068,1.32340464765935,1.32340464765935
5,133.353420595335,133.353420595335,4133.9,3.63944132359135,31,31,77139.123333296,420.505464712814,1.32340464765936,1.32340464765936
6,133.353420595335,133.353420595335,4133.9,3.63580912501786,31,31,77100.6026669276,420.796756677882,1.32340464765935,1.32340464765935
7,133.353420595335,133.353420595335,4133.9,3.63444598654066,31,31,77086.1470929385,420.906279856043,1.32340464765935,1.32340464765935
8,133.353420595335,133.353420595335,4133.9,3.63373784048152,31,31,77078.6349515805,420.963213253005,1.32340464765935,1.32340464765935
9,133.353420595335,133.353420595335,4133.9,3.63154536136391,31,31,77055.374713706,421.139666404507,1.32340464765935,1.32340464765935
