"strata","dload.bi_kgd","dload.ub_kgd","tload_kglenS","degf","lenObs","lenStr","MSE_kglenS","Cl_kglenS","flowmu_m3s","flowav_m3s"
1,75.8010201327714,75.9658194238668,2279,27,28,30,176775.082553199,166.023714787974,0.73765264,0.740787714285714
2,74.3715397572923,74.3782893962874,2231.3,11.5865577448285,28,30,87887.2686130831,190.51416301987,0.73765264,0.72898062
3,74.3715397572923,74.3782893962874,2231.3,2.2642433445255,28,30,42843.9731212265,530.35710536589,0.73765264,0.72898062
4,74.2325841823502,74.2322029560478,2226.9,2.23398688651184,28,30,42562.3092095762,538.091434849888,0.73765264,0.723408431515151
5,74.2325841823502,74.2322029560478,2227,2.23554876035028,28,30,42577.5623088758,537.688478406607,0.73765264,0.723408431515151
6,74.2890800234681,74.2847188654865,2228.6,2.24195782887889,28,30,42639.1366856952,536.037973917178,0.73765264,0.72667988
7,74.1265381910009,74.1405458674476,2224.3,2.24621461306755,28,30,42680.653350531,534.953934968804,0.73765264,0.733121952
8,74.1364290001998,74.1546137952099,2224.6,2.26794513339669,28,30,42902.9861127004,529.584899631915,0.73765264,0.737888613333333
