"strata","dload.bi_kgd","dload.ub_kgd","tload_kglenS","degf","lenObs","lenStr","MSE_kglenS","Cl_kglenS","flowmu_m3s","flowav_m3s"
1,445.561122119301,445.561122119301,13812.4,30,31,31,8829089.15658602,1107.92663720226,3.12831096375054,3.12831096375054
2,445.561122119301,445.561122119301,13812.4,15.0042965458963,31,31,5366410.04469141,1274.67166742877,3.12831096375054,3.12831096375054
3,445.561122119301,445.561122119301,13812.5,3.49088997699194,31,31,2580693.83996571,2530.9780643253,3.12831096375054,3.12831096375054
4,445.561122119301,445.561122119301,13812.4,3.15734848273107,31,31,2453927.25099259,2728.16727583154,3.12831096375054,3.12831096375054
5,445.561122119301,445.561122119301,13812.4,3.14909825775643,31,31,2450718.19439687,2733.74722381663,3.12831096375054,3.12831096375054
6,445.561122119301,445.561122119301,13812.3,3.14894495763321,31,31,2450658.54154764,2733.85128114932,3.12831096375054,3.12831096375054
7,445.561122119301,445.561122119301,13812.4,3.14858887016339,31,31,2450519.97062523,2734.09303692618,3.12831096375054,3.12831096375054
8,445.561122119301,445.561122119301,13812.3,3.14843558243894,31,31,2450460.317776,2734.19713037417,3.12831096375054,3.12831096375054
9,445.561122119301,445.561122119301,13812.3,3.14873311295039,31,31,2450576.12643157,2733.99511137135,3.12831096375054,3.12831096375054
