"strata","dload.bi_kgd","dload.ub_kgd","tload_kglenS","degf","lenObs","lenStr","MSE_kglenS","Cl_kglenS","flowmu_m3s","flowav_m3s"
1,179.014078359641,179.241687889667,5377.3,2,3,30,16968.4189236346,396.316347076167,0.28871269912381,0.295533002666667
