"strata","dload.bi_kgd","dload.ub_kgd","tload_kglenS","degf","lenObs","lenStr","MSE_kglenS","Cl_kglenS","flowmu_m3s","flowav_m3s"
1,63.4537649946878,63.4524739455341,1903.6,28,29,30,260.796902457546,6.25156109954894,0.105668858666667,0.105455668965517
2,63.4854284789574,63.4852135853888,1904.5,20.9097529711612,29,30,215.630743952093,6.68001959482178,0.105668858666667,0.105157583111111
3,63.4791973292162,63.4790499652754,1904.3,21.9864432893153,29,30,56.0548589986464,3.31151586580261,0.105668858666667,0.105156459428571
4,63.4791973292162,63.4790499652754,1904.3,19.8695074978373,29,30,46.6412873008047,3.19728454894634,0.105668858666667,0.105156459428571
5,63.5272389394202,63.5288399853016,1905.8,16.2215841451532,29,30,43.5754635812274,3.47063487507211,0.105668858666667,0.104677770666667
6,63.5272389394202,63.5288399853016,1905.8,14.8480681073488,29,30,41.1841908289642,3.55297823840909,0.105668858666667,0.104677770666667
7,63.5272389394202,63.5288399853016,1905.9,12.8578622921395,29,30,38.4225945403158,3.73873846101492,0.105668858666667,0.104677770666667
8,63.5272389394203,63.5288399853016,1905.8,12.851099697306,29,30,39.1046048951245,3.77297078686239,0.105668858666667,0.104677770666667
9,63.5272389394203,63.5288399853016,1905.8,11.7888730645882,29,30,40.5276702775725,4.04783626605807,0.105668858666667,0.104677770666667
