"strata","dload.bi_kgd","dload.ub_kgd","tload_kglenS","degf","lenObs","lenStr","MSE_kglenS","Cl_kglenS","flowmu_m3s","flowav_m3s"
1,127.140010725389,127.174577449124,3560.9,1,2,28,5277.12061382577,923.026902507316,0.307035017142857,0.29591056
