"strata","dload.bi_kgd","dload.ub_kgd","tload_kglenS","degf","lenObs","lenStr","MSE_kglenS","Cl_kglenS","flowmu_m3s","flowav_m3s"
5,50.900451547392,50.900451547392,1527.1,5.70089447666095,30,30,21.8147311967102,4.84808008245795,0.0966074826666667,0.0966074826666667
