"strata","dload.bi_kgd","dload.ub_kgd","tload_kglenS","degf","lenObs","lenStr","MSE_kglenS","Cl_kglenS","flowmu_m3s","flowav_m3s"
1,6175.11442319118,6217.69557933454,186530.9,3,4,30,58986227.668875,14111.5841184267,12.8874745950476,12.45089696
