"strata","dload.bi_kgd","dload.ub_kgd","tload_kglenS","degf","lenObs","lenStr","MSE_kglenS","Cl_kglenS","flowmu_m3s","flowav_m3s"
1,302.475133034446,302.475133034446,9376.7,30,31,31,2187.23338812503,17.4381583159695,0.535659466666667,0.535659466666667
2,302.475133034446,302.475133034446,9376.7,27.4794646116372,31,31,1829.74597632474,16.7293211587868,0.535659466666667,0.535659466666667
3,302.475133034446,302.475133034446,9376.7,9.04331096944872,31,31,1070.43796688644,24.5936407781013,0.535659466666667,0.535659466666667
4,302.475133034446,302.475133034446,9376.8,7.87455793903171,31,31,997.823598843194,26.030312486627,0.535659466666667,0.535659466666667
5,302.475133034446,302.475133034446,9376.8,6.20025005331095,31,31,874.358128297158,28.8315307809227,0.535659466666667,0.535659466666667
6,302.475133034446,302.475133034446,9376.8,5.43017947150729,31,31,820.607806736412,30.86204943925,0.535659466666667,0.535659466666667
7,302.475133034446,302.475133034446,9376.8,5.36928714382202,31,31,815.974904867752,31.0447572353219,0.535659466666667,0.535659466666667
8,302.475133034446,302.475133034446,9376.8,5.40236697262736,31,31,819.303197269686,30.9602277938549,0.535659466666667,0.535659466666667
9,302.475133034446,302.475133034446,9376.8,6.25915741140665,31,31,890.390170880788,28.8939629192907,0.535659466666667,0.535659466666667
