"strata","dload.bi_kgd","dload.ub_kgd","tload_kglenS","degf","lenObs","lenStr","MSE_kglenS","Cl_kglenS","flowmu_m3s","flowav_m3s"
1,293.102500560055,293.439941358003,8803.2,3,4,30,258127.104401083,933.506319609349,0.443714142857143,0.35183624
