"strata","dload.bi_kgd","dload.ub_kgd","tload_kglenS","degf","lenObs","lenStr","MSE_kglenS","Cl_kglenS","flowmu_m3s","flowav_m3s"
8,639.62334437632,639.62334437632,19188.8,11.7446649644497,30,30,8196.80230672407,57.6992367150759,1.49732945777778,1.49732945777778
