"strata","dload.bi_kgd","dload.ub_kgd","tload_kglenS","degf","lenObs","lenStr","MSE_kglenS","Cl_kglenS","flowmu_m3s","flowav_m3s"
1,2694.44287319738,2681.89649660359,83138.8,4,5,31,20167639.6101157,6234.28470419641,4.82490868645161,4.750992704
