"strata","dload.bi_kgd","dload.ub_kgd","tload_kglenS","degf","lenObs","lenStr","MSE_kglenS","Cl_kglenS","flowmu_m3s","flowav_m3s"
1,171.713751700305,171.106760968105,5304.3,1,2,31,1458089.85262325,15342.9190136932,0.552255895299539,0.5097024
