"strata","dload.bi_kgd","dload.ub_kgd","tload_kglenS","degf","lenObs","lenStr","MSE_kglenS","Cl_kglenS","flowmu_m3s","flowav_m3s"
1,119.599296865912,119.623286245413,3708.3,2,3,31,1219.69054010813,106.254204740817,0.161576704737327,0.159706752
