"strata","dload.bi_kgd","dload.ub_kgd","tload_kglenS","degf","lenObs","lenStr","MSE_kglenS","Cl_kglenS","flowmu_m3s","flowav_m3s"
1,582.551566193961,582.551566193961,18059.1,30,31,31,65709.2112393845,95.5798137281767,1.08928335483871,1.08928335483871
2,582.551566193961,582.551566193961,18059.1,16.5100295604752,31,31,12499.0968594646,58.1825374497748,1.08928335483871,1.08928335483871
3,582.551566193961,582.551566193961,18059.1,15.5382522688448,31,31,8048.88111780569,48.3652148635072,1.08928335483871,1.08928335483871
4,582.551566193961,582.551566193961,18059.1,13.6395011563099,31,31,7018.01174963133,48.7719280425449,1.08928335483871,1.08928335483871
5,582.551566193961,582.551566193961,18059.1,11.2558222317776,31,31,5625.02266326222,49.0667990645314,1.08928335483871,1.08928335483871
6,582.551566193961,582.551566193961,18059.1,9.27997688157031,31,31,5531.91374805998,54.9785559059919,1.08928335483871,1.08928335483871
7,582.551566193961,582.551566193961,18059.1,8.79975702213828,31,31,5382.75442238628,56.1433381204752,1.08928335483871,1.08928335483871
8,582.551566193961,582.551566193961,18059.2,8.71140182502042,31,31,5364.22815525512,56.4195889398077,1.08928335483871,1.08928335483871
9,582.551566193961,582.551566193961,18059.1,8.55831355875134,31,31,5467.49558437786,57.6301952595683,1.08928335483871,1.08928335483871
