"strata","dload.bi_kgd","dload.ub_kgd","tload_kglenS","degf","lenObs","lenStr","MSE_kglenS","Cl_kglenS","flowmu_m3s","flowav_m3s"
1,855.144156590459,859.520565438434,26645.1,2,3,31,76484174.5523212,26607.6849383628,6.37269644227154,10.9150881173333
