"strata","dload.bi_kgd","dload.ub_kgd","tload_kglenS","degf","lenObs","lenStr","MSE_kglenS","Cl_kglenS","flowmu_m3s","flowav_m3s"
8,3309.75687509141,3309.75687509141,102602.4,11.3583096751904,31,31,227950.161151697,310.607063770953,7.68481414193548,7.68481414193548
