"strata","dload.bi_kgd","dload.ub_kgd","tload_kglenS","degf","lenObs","lenStr","MSE_kglenS","Cl_kglenS","flowmu_m3s","flowav_m3s"
1,186.254189973567,186.266187299795,5774.3,19,20,31,952.64869342514,14.8205324689884,0.359418452031386,0.050828656
