"strata","dload.bi_kgd","dload.ub_kgd","tload_kglenS","degf","lenObs","lenStr","MSE_kglenS","Cl_kglenS","flowmu_m3s","flowav_m3s"
1,47.2870975735742,47.2870975735742,1465.9,30,31,31,433.236821513394,7.76096514957936,0.140031143225806,0.140031143225806
2,47.2870975735742,47.2870975735742,1465.9,18.6899408578797,31,31,299.054632841197,8.38172493149408,0.140031143225806,0.140031143225806
3,47.2870975735742,47.2870975735742,1465.9,25.9228218172371,31,31,203.699010283786,5.76288505060691,0.140031143225806,0.140031143225806
4,47.2870975735742,47.2870975735742,1465.9,19.1397993413804,31,31,180.189175810939,6.41882043121872,0.140031143225806,0.140031143225806
5,47.2870975735742,47.2870975735742,1465.9,17.5549778259422,31,31,128.615688259048,5.69700429904738,0.140031143225806,0.140031143225806
6,47.2870975735742,47.2870975735742,1465.8,15.2600801861098,31,31,118.082085310263,5.92030928142724,0.140031143225806,0.140031143225806
7,47.2870975735742,47.2870975735742,1465.8,14.7687742957611,31,31,116.018417938063,5.98217151507122,0.140031143225806,0.140031143225806
8,47.2870975735742,47.2870975735742,1465.7,13.1883997506111,31,31,118.159140948367,6.45706573050263,0.140031143225806,0.140031143225806
9,47.2870975735742,47.2870975735742,1465.7,14.0163799587448,31,31,122.92473192243,6.35094273838987,0.140031143225806,0.140031143225806
