"strata","dload.bi_kgd","dload.ub_kgd","tload_kglenS","degf","lenObs","lenStr","MSE_kglenS","Cl_kglenS","flowmu_m3s","flowav_m3s"
1,864.295782874839,864.295782874839,26793.2,30,31,31,3819206.99399228,728.684700705781,4.88114646021505,4.88114646021505
2,864.295782874839,864.295782874839,26793.2,22.1491670156516,31,31,1770078.64674287,586.043973835962,4.88114646021505,4.88114646021505
3,864.295782874839,864.295782874839,26793.2,10.2759970838181,31,31,738627.892238624,595.20192939012,4.88114646021505,4.88114646021505
4,864.295782874839,864.295782874839,26793.2,10.2645635200785,31,31,465024.351052133,472.601066357146,4.88114646021505,4.88114646021505
5,864.295782874839,864.295782874839,26793.2,9.20322223599788,31,31,437656.224062184,491.653870830558,4.88114646021505,4.88114646021505
6,864.295782874839,864.295782874839,26793.2,8.23233309072225,31,31,430866.245589691,524.97717595454,4.88114646021505,4.88114646021505
7,864.295782874839,864.295782874839,26793.2,7.37504247849651,31,31,425329.316574399,562.059777357769,4.88114646021505,4.88114646021505
8,864.295782874839,864.295782874839,26793.3,7.27363380775158,31,31,422544.632666694,565.61380648395,4.88114646021505,4.88114646021505
9,864.295782874839,864.295782874839,26793.3,7.25810909647786,31,31,422099.365769478,566.154889878924,4.88114646021505,4.88114646021505
