"strata","dload.bi_kgd","dload.ub_kgd","tload_kglenS","degf","lenObs","lenStr","MSE_kglenS","Cl_kglenS","flowmu_m3s","flowav_m3s"
3,1219.00136886965,1219.36417888933,37800.3,6.00013305055637,21,31,20442252.6780983,4516.47827587962,2.8200744388455,3.0425161924424
