"strata","dload.bi_kgd","dload.ub_kgd","tload_kglenS","degf","lenObs","lenStr","MSE_kglenS","Cl_kglenS","flowmu_m3s","flowav_m3s"
1,7573.72031760481,7573.68965638314,227210.7,28,29,30,50808218.3596796,2759.33385069363,17.0718054311111,16.8424746114943
2,7616.10077107006,7616.46842255993,228494.1,13.186515655332,29,30,17333310.0165929,2473.3155690963,17.0718054311111,17.1786339301587
3,7590.19735807384,7588.58164768932,227657.4,5.48708150381583,29,30,12111756.4754317,3719.37742107614,17.0718054311111,17.0553344924444
4,7590.19735807384,7588.58164768932,227657.4,4.98146207651032,29,30,11540898.7978683,3917.05007518031,17.0718054311111,17.0553344924444
5,7608.86288766711,7608.14773629838,228244.4,4.64449401057661,29,30,11296594.7607064,4103.07895841877,17.0718054311111,16.7943794488889
6,7608.86288766711,7608.14773629838,228244.4,4.64127693601928,29,30,11292680.2149337,4104.72460325308,17.0718054311111,16.7943794488889
7,7608.86288766711,7608.14773629838,228244.5,4.6392406742867,29,30,11290202.8280141,4105.76774735589,17.0718054311111,16.7943794488889
8,7608.86288766711,7608.14773629838,228244.5,4.63958147869549,29,30,11290617.7131558,4105.59312514656,17.0718054311111,16.7943794488889
9,7608.86288766711,7608.14773629838,228244.5,4.65194666245673,29,30,11306130.6677303,4099.36226545517,17.0718054311111,16.7943794488889
