"strata","dload.bi_kgd","dload.ub_kgd","tload_kglenS","degf","lenObs","lenStr","MSE_kglenS","Cl_kglenS","flowmu_m3s","flowav_m3s"
6,17.82306964224,17.82306964224,534.8,4.24213202191669,30,30,17842.7985798474,176.082867130713,0.407856309333333,0.407856309333333
