"strata","dload.bi_kgd","dload.ub_kgd","tload_kglenS","degf","lenObs","lenStr","MSE_kglenS","Cl_kglenS","flowmu_m3s","flowav_m3s"
1,756.740996817079,755.64570272395,22669.4,3,4,30,2527161.06001491,2920.90154269011,1.65015680053333,1.60131504
