"strata","dload.bi_kgd","dload.ub_kgd","tload_kglenS","degf","lenObs","lenStr","MSE_kglenS","Cl_kglenS","flowmu_m3s","flowav_m3s"
1,297.191372292086,297.260451811969,8917.8,17,18,30,150960.62997462,198.816252589217,0.731191938526316,0.114368408888889
