"strata","dload.bi_kgd","dload.ub_kgd","tload_kglenS","degf","lenObs","lenStr","MSE_kglenS","Cl_kglenS","flowmu_m3s","flowav_m3s"
1,186.254189973567,186.266187299795,5774.3,19,20,31,952.64869342514,14.8205324689884,0.359418452031386,0.050828656
2,186.805142030162,186.816508280645,5791.3,16.000563321728,20,31,1066.79542720207,17.3096447212735,0.359418452031386,0.0511153165844402
3,187.497024394755,187.508389647683,5812.7,13.0932721686675,20,31,1471.09191836366,22.8828060304859,0.359418452031386,0.0480080678341014
4,185.54522757946,185.536967194181,5751.6,8.03262862236349,20,31,1671.17754729825,33.23805100091,0.359418452031386,0.0469713800716846
5,186.125611893453,186.119777222638,5769.7,7.0688977934421,20,31,1773.76708002658,37.383255946695,0.359418452031386,0.0467341380645161
6,189.132693287662,189.19176541125,5864.9,3.01857262405551,20,31,2243.22136423536,86.454169855091,0.359418452031386,0.0453525522580645
