"strata","strata.n","dload.bi_kgd","dload.ub_kgd","tload_kglenS","degf","lenObs","lenStr","MSE_kglenS","Cl_kglenS","flowmu_m3s","flowav_m3s"
1,1,2039.06218723978,2038.99096861176,63208.7,2,3,31,17367.6062979474,400.950980876236,3.66915914691244,5.06965109333333
