"strata","dload.bi_kgd","dload.ub_kgd","tload_kglenS","degf","lenObs","lenStr","MSE_kglenS","Cl_kglenS","flowmu_m3s","flowav_m3s"
1,190.058778869195,190.002079153138,5890.1,4,5,31,17196.5811608356,182.045585661758,0.293908810175115,0.293928384
