"strata","strata.n","dload.bi_kgd","dload.ub_kgd","tload_kglenS","degf","lenObs","lenStr","MSE_kglenS","Cl_kglenS","flowmu_m3s","flowav_m3s"
1,1,3845.9689490037,3845.9689490037,119225,30,31,31,3668141836.37428,22582.7128811938,1.13084510967742,1.13084510967742
2,1,4815.501138408,4815.501138408,105941,21,22,22,215923.995826802,4639.23302948389,0.980790981818182,0.980790981818182
2,2,1476.00137490432,1476.00137490432,13284,8,9,9,136935.580231505,2715.28706582077,1.49764408888889,1.49764408888889
3,1,4815.501138408,4815.501138408,105941,21,22,22,215923.995826802,4639.23302948389,0.980790981818182,0.980790981818182
3,2,3828.4685116416,3828.4685116416,11485.4,2,3,3,88639.0027046202,2717.40883265238,3.3413824,3.3413824
3,3,299.76780653568,299.76780653568,1798.6,5,6,6,260.582904482036,111.344980315609,0.575774933333333,0.575774933333333
