"strata","dload.bi_kgd","dload.ub_kgd","tload_kglenS","degf","lenObs","lenStr","MSE_kglenS","Cl_kglenS","flowmu_m3s","flowav_m3s"
3,3988.7790012018,3988.7790012018,123652.1,20.5611079738694,31,31,4183710.3173476,939.301554732015,0.871685493333333,0.871685493333333
