"strata","strata.n","dload.bi_kgd","dload.ub_kgd","tload_kglenS","degf","lenObs","lenStr","MSE_kglenS","Cl_kglenS","flowmu_m3s","flowav_m3s"
1,1,23635.9949774887,23635.9949774887,732715.8,30,31,31,120089506.273723,4086.06793030191,4.32516283870968,4.32516283870968
2,1,21010.8504149734,21010.8504149734,567293,26,27,27,112973.99912404,3658.39034651004,3.88779176296296,3.88779176296296
2,2,41355.7207744666,41355.7207744666,165422.9,3,4,4,1715546.90477224,9626.3521995612,7.2774176,7.2774176
3,1,3323.35944772992,3323.35944772992,46527,13,14,14,73756.6449828885,2278.16305163851,0.562290742857143,0.562290742857143
3,2,40058.9176104665,40058.9176104665,520765.9,12,13,13,368921.226211192,4966.37460936311,7.46910055384615,7.46910055384615
3,3,41355.7207744666,41355.7207744666,165422.9,3,4,4,1715546.90477224,9626.3521995612,7.2774176,7.2774176
