"strata","dload.bi_kgd","dload.ub_kgd","tload_kglenS","degf","lenObs","lenStr","MSE_kglenS","Cl_kglenS","flowmu_m3s","flowav_m3s"
1,281.884365702374,281.884365702374,8456.5,29,30,30,63609.4480603727,95.7864092446,0.0561144586666667,0.0561144586666667
2,281.884365702374,281.884365702374,8456.5,18.051486949439,30,30,18749.7836402078,67.6959667524656,0.0561144586666667,0.0561144586666667
3,281.884365702374,281.884365702374,8456.5,11.9977768714734,30,30,13685.9904029657,73.5896223572087,0.0561144586666667,0.0561144586666667
