"strata","dload.bi_kgd","dload.ub_kgd","tload_kglenS","degf","lenObs","lenStr","MSE_kglenS","Cl_kglenS","flowmu_m3s","flowav_m3s"
1,7045.66022141209,7045.66022141209,218415.5,30,31,31,64751123.7706209,3000.38308102587,1.68256598709677,1.68256598709677
2,7045.66022141209,7045.66022141209,218415.5,26.622307392891,31,31,50555043.5430913,2829.36687902432,1.68256598709677,1.68256598709677
3,7045.66022141209,7045.66022141209,218415.5,21.1829391390557,31,31,43790169.057632,2988.47467306002,1.68256598709677,1.68256598709677
