"strata","dload.bi_kgd","dload.ub_kgd","tload_kglenS","degf","lenObs","lenStr","MSE_kglenS","Cl_kglenS","flowmu_m3s","flowav_m3s"
1,5199.33330624489,5361.95422967831,160858.6,3,4,30,481968392.910456,40337.5704390597,1.65015680053333,1.60131504
