"strata","dload.bi_kgd","dload.ub_kgd","tload_kglenS","degf","lenObs","lenStr","MSE_kglenS","Cl_kglenS","flowmu_m3s","flowav_m3s"
3,7045.66022141209,7045.66022141209,218415.5,21.1829391390557,31,31,43790169.057632,2988.47467306002,1.68256598709677,1.68256598709677
