"strata","dload.bi_kgd","dload.ub_kgd","tload_kglenS","degf","lenObs","lenStr","MSE_kglenS","Cl_kglenS","flowmu_m3s","flowav_m3s"
1,5915.21777773233,5917.86996666036,183454,22,23,31,35389532.3259482,2630.31791567476,1.08928335483871,1.26255993043478
2,5841.36885797543,5842.36250894314,181113.3,11.6278435839591,23,31,14283841.9510593,2423.4649793184,1.08928335483871,1.20809212215054
3,5841.36885797543,5842.36250894314,181113.3,5.27877684105534,23,31,10443852.7522025,3559.03764857722,1.08928335483871,1.20809212215054
