"strata","dload.bi_kgd","dload.ub_kgd","tload_kglenS","degf","lenObs","lenStr","MSE_kglenS","Cl_kglenS","flowmu_m3s","flowav_m3s"
3,16822.3838103179,16822.016293193,521482.6,5.81654958244541,28,31,939675069.85712,31340.3366491361,9.09106296774194,8.51265644239631
