"strata","strata.n","dload.bi_kgd","dload.ub_kgd","tload_kglenS","degf","lenObs","lenStr","MSE_kglenS","Cl_kglenS","flowmu_m3s","flowav_m3s"
1,1,3353.59410341608,3413.92901391594,102417.9,2,3,30,202216942.779365,43264.3384690306,0.756852571369963,0.664500906666667
