"strata","strata.n","dload.bi_kgd","dload.ub_kgd","tload_kglenS","degf","lenObs","lenStr","MSE_kglenS","Cl_kglenS","flowmu_m3s","flowav_m3s"
1,1,3698.18485117446,3697.15456806349,114611.8,20,21,31,345035886.229821,8664.10745077925,2.8200744388455,1.91488988952381
2,1,6500.14104666349,6501.74615812744,110529.7,6,7,17,1177055.88175721,18424.2645731315,5.00490234848297,5.41053142857143
2,2,253.241122933029,253.241122933029,3545.4,13,14,14,412.889251481479,170.451573961752,0.16706912,0.16706912
3,1,6500.14104666349,6501.74615812744,110529.7,6,7,17,1177055.88175721,18424.2645731315,5.00490234848297,5.41053142857143
3,2,381.8853485568,381.8853485568,1145.7,2,3,3,2577.20978319739,463.358823840641,0.205768746666667,0.205768746666667
3,3,218.156334126545,218.156334126545,2399.7,10,11,11,233.762026844517,118.500973659347,0.156514676363636,0.156514676363636
