"strata","dload.bi_kgd","dload.ub_kgd","tload_kglenS","degf","lenObs","lenStr","MSE_kglenS","Cl_kglenS","flowmu_m3s","flowav_m3s"
1,15414.4451824235,15237.1430308007,457114.3,3,4,30,439426701.744799,38516.221818335,3.68845467550476,3.951892608
