"strata","strata.n","dload.bi_kgd","dload.ub_kgd","tload_kglenS","degf","lenObs","lenStr","MSE_kglenS","Cl_kglenS","flowmu_m3s","flowav_m3s"
1,1,1702.54779481958,1702.54779481958,51076.4,29,30,30,5135867.77916745,860.69642037978,0.407856309333333,0.407856309333333
2,1,1324.42673880486,1324.42673880486,22515.3,16,17,17,9071.77810119927,858.127065409505,0.368284969411765,0.368284969411765
2,2,2197.01379114654,2197.01379114654,28561.2,12,13,13,5514.42882048617,607.187637768949,0.459603446153846,0.459603446153846
3,1,1205.00602962831,1205.00602962831,12050.1,9,10,10,21222.649824427,1098.50319279345,0.306387776,0.306387776
3,2,1495.0277519142,1495.0277519142,10465.2,6,7,7,3097.95616803707,389.20496657764,0.456709531428571,0.456709531428571
3,3,2197.01379114654,2197.01379114654,28561.2,12,13,13,5514.42882048617,607.187637768949,0.459603446153846,0.459603446153846
