"strata","dload.bi_kgd","dload.ub_kgd","tload_kglenS","degf","lenObs","lenStr","MSE_kglenS","Cl_kglenS","flowmu_m3s","flowav_m3s"
3,23635.9949774887,23635.9949774887,732715.8,18.3853731273698,31,31,104252740.122693,4995.34364129889,4.32516283870968,4.32516283870968
