"strata","strata.n","dload.bi_kgd","dload.ub_kgd","tload_kglenS","degf","lenObs","lenStr","MSE_kglenS","Cl_kglenS","flowmu_m3s","flowav_m3s"
1,1,721.01838798756,721.025646308663,21630.8,28,29,30,82596.7130146774,111.254771986754,0.105668858666667,0.105455668965517
2,1,629.025660391319,629.025238234192,6290.3,8,9,10,58.97760619168,62.6121560356652,0.096418704,0.0947039644444444
2,2,765.339891387955,765.339891387955,15306.8,19,20,20,146.649829012517,116.296915226057,0.110293936,0.110293936
3,1,643.608144307311,643.60896359621,8366.9,11,12,13,77.0739524493383,75.7387162136508,0.09769296,0.0965130933333333
3,2,728.669490859008,728.669490859008,2186,2,3,3,1697.36782664104,376.03696179337,0.0953332266666667,0.0953332266666667
3,3,789.379861202249,789.379861202249,11051.3,13,14,14,160.842553079522,106.386055390963,0.115289828571429,0.115289828571429
