"strata","dload.bi_kgd","dload.ub_kgd","tload_kglenS","degf","lenObs","lenStr","MSE_kglenS","Cl_kglenS","flowmu_m3s","flowav_m3s"
1,10800.3630658868,10712.2199962301,332078.8,3,4,31,848369684.073674,53517.1562252362,3.63666007299539,2.1910124
