"strata","dload.bi_kgd","dload.ub_kgd","tload_kglenS","degf","lenObs","lenStr","MSE_kglenS","Cl_kglenS","flowmu_m3s","flowav_m3s"
1,1702.54779481958,1702.54779481958,51076.4,29,30,30,5135867.77916745,860.69642037978,0.407856309333333,0.407856309333333
2,1702.54779481958,1702.54779481958,51076.5,25.158088646566,30,30,3553682.34190875,773.805922777155,0.407856309333333,0.407856309333333
3,1702.54779481958,1702.54779481958,51076.5,17.8240672650484,30,30,3206003.30533868,891.65300637548,0.407856309333333,0.407856309333333
