"strata","dload.bi_kgd","dload.ub_kgd","tload_kglenS","degf","lenObs","lenStr","MSE_kglenS","Cl_kglenS","flowmu_m3s","flowav_m3s"
1,1466.43860325136,1469.8966865685,45566.8,4,5,31,5071586.2324943,3126.30253404339,0.310461741419355,0.3236043904
