"strata","dload.bi_kgd","dload.ub_kgd","tload_kglenS","degf","lenObs","lenStr","MSE_kglenS","Cl_kglenS","flowmu_m3s","flowav_m3s"
1,5530.2140264157,5610.95375546439,157106.7,3,4,28,1043849189.32422,59363.4778805681,4.63179920228571,5.9518374
