"strata","dload.bi_kgd","dload.ub_kgd","tload_kglenS","degf","lenObs","lenStr","MSE_kglenS","Cl_kglenS","flowmu_m3s","flowav_m3s"
3,522.702361685042,522.702361685042,16203.8,22.1111006380434,31,31,70168.1988903688,116.794031794224,0.0768664103225806,0.0768664103225806
