"strata","dload.bi_kgd","dload.ub_kgd","tload_kglenS","degf","lenObs","lenStr","MSE_kglenS","Cl_kglenS","flowmu_m3s","flowav_m3s"
1,1609.92097372211,1572.35931482995,48743.1,2,3,31,17359559.1058971,12676.2455385885,3.65723575148387,4.14803364266667
