"strata","dload.bi_kgd","dload.ub_kgd","tload_kglenS","degf","lenObs","lenStr","MSE_kglenS","Cl_kglenS","flowmu_m3s","flowav_m3s"
2,742.865745780306,742.865745780306,23028.8,25.7896905689426,31,31,419422.433961788,262.239955379316,0.122630012903226,0.122630012903226
