"strata","dload.bi_kgd","dload.ub_kgd","tload_kglenS","degf","lenObs","lenStr","MSE_kglenS","Cl_kglenS","flowmu_m3s","flowav_m3s"
1,2270.32410598304,2272.9197873958,68187.6,4,5,30,226471137.802147,20891.3029309804,0.358894539504762,0.3534502976
