"strata","strata.n","dload.bi_kgd","dload.ub_kgd","tload_kglenS","degf","lenObs","lenStr","MSE_kglenS","Cl_kglenS","flowmu_m3s","flowav_m3s"
1,1,1139.33937792876,1146.82860846567,34404.9,2,3,30,26619822.368634,15697.2608055305,0.28871269912381,0.295533002666667
