"strata","dload.bi_kgd","dload.ub_kgd","tload_kglenS","degf","lenObs","lenStr","MSE_kglenS","Cl_kglenS","flowmu_m3s","flowav_m3s"
2,3310.20291111819,3306.44239030345,99193.3,14.0226024310994,18,30,6273253.90556283,1434.33487633026,0.731191938526316,0.1155891776
