"strata","dload.bi_kgd","dload.ub_kgd","tload_kglenS","degf","lenObs","lenStr","MSE_kglenS","Cl_kglenS","flowmu_m3s","flowav_m3s"
1,15858.4753377076,15756.7952659265,488460.7,2,3,31,135760934.232676,35449.3851011717,3.66915914691244,5.06965109333333
