"strata","strata.n","dload.bi_kgd","dload.ub_kgd","tload_kglenS","degf","lenObs","lenStr","MSE_kglenS","Cl_kglenS","flowmu_m3s","flowav_m3s"
1,1,517.852141769318,517.852141769318,15535.6,29,30,30,1933987.82845565,528.165400618461,0.0966074826666667,0.0966074826666667
2,1,590.103963358354,590.103963358354,12392.2,20,21,21,2399.56988709451,479.819277487057,0.0955354895238095,0.0955354895238095
2,2,349.264558061568,349.264558061568,3143.4,8,9,9,90.7176785995543,69.8881528038088,0.0991088,0.0991088
3,1,478.417389582697,478.417389582697,8133.1,16,17,17,347.792641389007,168.021781451343,0.0871990870588235,0.0871990870588235
3,2,1064.7719019049,1064.7719019049,4259.1,3,4,4,14089.6348340503,872.389274640371,0.1309652,0.1309652
3,3,349.264558061568,349.264558061568,3143.4,8,9,9,90.7176785995543,69.8881528038088,0.0991088,0.0991088
