"strata","dload.bi_kgd","dload.ub_kgd","tload_kglenS","degf","lenObs","lenStr","MSE_kglenS","Cl_kglenS","flowmu_m3s","flowav_m3s"
1,21.33871362944,21.33871362944,640.2,29,30,30,3809.74456196382,23.4418028119298,7.46729747555556,7.46729747555556
2,21.33871362944,21.33871362944,640.2,13.1336478819996,30,30,1932.36765615359,26.1776716270045,7.46729747555556,7.46729747555556
3,21.33871362944,21.33871362944,640.2,5.77276925836282,30,30,1348.97034342482,37.7646242928536,7.46729747555556,7.46729747555556
4,21.33871362944,21.33871362944,640.2,7.32881883315248,30,30,727.450044983825,23.3458649380921,7.46729747555556,7.46729747555556
5,21.33871362944,21.33871362944,640.2,7.2763750146664,30,30,724.838489337474,23.4202092639634,7.46729747555556,7.46729747555556
6,21.33871362944,21.33871362944,640.2,7.27302312102939,30,30,724.67149833474,23.4250002370383,7.46729747555556,7.46729747555556
7,21.33871362944,21.33871362944,640.3,7.27308931070015,30,30,724.674796054967,23.4249055849223,7.46729747555556,7.46729747555556
8,21.33871362944,21.33871362944,640.3,7.31875391349528,30,30,738.153110406565,23.5393738186177,7.46729747555556,7.46729747555556
9,21.33871362944,21.33871362944,640.3,5.13556299725351,30,30,827.285792752621,32.3687577922185,7.46729747555555,7.46729747555555
