"strata","dload.bi_kgd","dload.ub_kgd","tload_kglenS","degf","lenObs","lenStr","MSE_kglenS","Cl_kglenS","flowmu_m3s","flowav_m3s"
8,112.747683589032,112.747683589032,3495.1,7.85206705774441,31,31,46812.9541042416,178.63933711124,8.73623519483871,8.73623519483871
