"strata","dload.bi_kgd","dload.ub_kgd","tload_kglenS","degf","lenObs","lenStr","MSE_kglenS","Cl_kglenS","flowmu_m3s","flowav_m3s"
1,21.9795801762314,21.981638410051,681.4,29,30,31,1060.49417561879,12.3679358316906,2.32842186426839,2.38621416641067
2,21.9860105555534,21.9857172099027,681.6,22.3795504946649,30,31,963.348283083738,13.5931871522976,2.32842186426839,2.39647323092196
3,21.9792175893672,21.9754827242638,681.3,20.4983911712584,30,31,826.553785375696,13.2253113226989,2.32842186426839,2.36507332613419
4,21.9371091104686,21.9377429101554,680,5.10574647371773,30,31,755.812997863159,31.0820089439684,2.32842186426839,2.33157325007484
5,21.9371091104686,21.9377429101554,680,5.04543120607669,30,31,751.31588512775,31.2837212518682,2.32842186426839,2.33157325007484
6,21.9196988344865,21.9195494126814,679.4,5.01646320923869,30,31,749.149385857689,31.382553533944,2.32842186426839,2.32385463846194
7,21.9476666984349,21.9476666984349,680.3,5.00890118487923,30,31,748.591802442121,31.4087494148152,2.32842186426839,2.34547284061247
8,21.9404702889979,21.942125581619,680.2,5.29937327801251,30,31,786.337491316601,30.788278264272,2.32842186426839,2.33700824878452
9,21.929734661805,21.931959170594,680,5.30767300321348,30,31,786.974139597598,30.7631476345688,2.32842186426839,2.32781290082753
