"strata","dload.bi_kgd","dload.ub_kgd","tload_kglenS","degf","lenObs","lenStr","MSE_kglenS","Cl_kglenS","flowmu_m3s","flowav_m3s"
1,1.80668724425585,1.8054620735648,54.2,27,28,30,32.6705838787549,2.25703373672923,0.73765264,0.740787714285714
2,1.78657021270998,1.78672333309011,53.6,19.294440928633,28,30,17.0420733148693,1.96503807695146,0.73765264,0.746396072982456
3,1.79734474288364,1.79801583345524,53.9,13.5113564301263,28,30,12.5566481625568,2.07466097326551,0.73765264,0.752754933333333
4,1.798721080512,1.79928380562257,54,12.0996771574168,28,30,11.803947558639,2.15005721350752,0.73765264,0.791077002666667
5,1.798721080512,1.79928380562257,54,12.1513851680766,28,30,11.8376698734244,2.14753576924717,0.73765264,0.791077002666667
6,1.798721080512,1.79928380562257,54,12.27479370357,28,30,11.9457066135051,2.14408275721117,0.73765264,0.791077002666667
7,1.798721080512,1.79928380562257,54,2.47482743559137,28,30,12.094664558646,7.96019772939122,0.73765264,0.791077002666667
8,1.798721080512,1.79928380562257,54,2.51526410890298,28,30,12.2027012987267,7.83946418024825,0.73765264,0.791077002666667
