"strata","dload.bi_kgd","dload.ub_kgd","tload_kglenS","degf","lenObs","lenStr","MSE_kglenS","Cl_kglenS","flowmu_m3s","flowav_m3s"
6,82.3904439437159,82.4005324187321,2554.4,5.69168991143901,23,31,13675.7399845101,121.535167175852,12.9042597675492,12.6762362692473
