"strata","dload.bi_kgd","dload.ub_kgd","tload_kglenS","degf","lenObs","lenStr","MSE_kglenS","Cl_kglenS","flowmu_m3s","flowav_m3s"
1,52.1792540928,52.1792540928,1617.6,30,31,31,9100.84939773643,35.5708314417762,4.77457785806452,4.77457785806452
2,52.1792540928,52.1792540928,1617.6,12.1917832059248,31,31,1730.2227231727,25.9107608569295,4.77457785806452,4.77457785806452
3,52.1792540928,52.1792540928,1617.6,7.06136046751895,31,31,1278.27289840587,31.7588822526131,4.77457785806452,4.77457785806452
4,52.1792540928,52.1792540928,1617.5,3.13071689812311,31,31,1193.34060529595,60.6907272629081,4.77457785806452,4.77457785806452
5,52.1792540928,52.1792540928,1617.5,3.05249619785618,31,31,1177.79037521854,61.9087782125263,4.77457785806452,4.77457785806452
6,52.1792540928,52.1792540928,1617.5,2.80401645701205,31,31,1129.69760665193,66.4796593552723,4.77457785806452,4.77457785806452
7,52.1792540928,52.1792540928,1617.4,2.77043307749116,31,31,1122.8961657114,67.1810709354753,4.77457785806452,4.77457785806452
8,52.1792540928,52.1792540928,1617.4,2.73893990264258,31,31,1116.48720027295,67.860978430238,4.77457785806452,4.77457785806452
9,52.1792540928,52.1792540928,1617.5,2.73483028835361,31,31,1114.97421354544,67.9307972185868,4.77457785806452,4.77457785806452
