"strata","dload.bi_kgd","dload.ub_kgd","tload_kglenS","degf","lenObs","lenStr","MSE_kglenS","Cl_kglenS","flowmu_m3s","flowav_m3s"
1,148.385568405344,148.412237666314,4452.4,28,29,30,55059.5588646209,90.8350855235881,11.2265886488889,11.5260767816092
2,148.178351721808,148.223667223936,4446.7,21.0370577779759,29,30,36005.0113289786,86.025082098621,11.2265886488889,11.3867415028571
3,147.79662513042,147.809791419392,4434.3,16.9624489885592,29,30,31083.8351721601,90.3318197838588,11.2265886488889,11.21062112
4,147.79662513042,147.809791419392,4434.3,14.3035276616363,29,30,28785.7547441284,96.0256955014743,11.2265886488889,11.21062112
5,147.79662513042,147.809791419392,4434.2,7.59112814593106,29,30,25737.1738370114,135.541918421012,11.2265886488889,11.21062112
6,147.79662513042,147.809791419392,4434.3,6.7835320792931,29,30,24284.3560807684,142.401185480922,11.2265886488889,11.21062112
7,147.883883234057,147.922515362866,4437.7,6.64531135819684,29,30,24036.0674037032,143.76526696691,11.2265886488889,11.2736522192593
8,147.883883234057,147.922515362866,4437.7,6.64483546147705,29,30,24035.2067726942,143.770057392905,11.2265886488889,11.2736522192593
9,147.883883234057,147.922515362866,4437.7,6.64357900246815,29,30,24106.2733730546,144.001925113763,11.2265886488889,11.2736522192593
