"strata","dload.bi_kgd","dload.ub_kgd","tload_kglenS","degf","lenObs","lenStr","MSE_kglenS","Cl_kglenS","flowmu_m3s","flowav_m3s"
6,68.0094527968282,68.0094527968282,2108.3,4.07350611105146,31,31,15635.2260581086,170.794062990695,4.65998920739785,4.65998920739785
