"strata","dload.bi_kgd","dload.ub_kgd","tload_kglenS","degf","lenObs","lenStr","MSE_kglenS","Cl_kglenS","flowmu_m3s","flowav_m3s"
7,28.2578385368901,28.2578385368901,876,5.78726838898834,31,31,8144.99518030524,92.620850360165,4.46136162276129,4.46136162276129
