"strata","dload.bi_kgd","dload.ub_kgd","tload_kglenS","degf","lenObs","lenStr","MSE_kglenS","Cl_kglenS","flowmu_m3s","flowav_m3s"
8,239.199643108868,239.216857463187,7415.9,2.71450639209249,30,31,53000.9450190318,472.355917604172,11.5759087099478,11.5524810164301
