"strata","dload.bi_kgd","dload.ub_kgd","tload_kglenS","degf","lenObs","lenStr","MSE_kglenS","Cl_kglenS","flowmu_m3s","flowav_m3s"
1,14.5467414019785,14.5499456682961,451,29,30,31,15982.2538090565,48.0133591115083,1.78502408602151,1.79119491555556
2,14.2085539085615,14.2077336650975,440.5,18.0991126203505,30,31,14648.4226908504,59.7456493642951,1.78502408602151,1.77368906197458
3,15.6813514989513,15.6852395788946,486.2,15.5802653977128,30,31,2076.7862973504,24.5288239548679,1.78502408602151,1.8183648344086
4,15.6813514989513,15.6852395788946,486.2,12.4753165270898,30,31,2041.23275011079,27.7529031696171,1.78502408602151,1.8183648344086
5,14.1528436831737,14.1530197841061,438.8,12.1296149080858,30,31,2012.41413332956,28.0311324256292,1.78502408602151,1.78109627182796
6,14.1504470675763,14.1507163951753,438.7,12.1952647212062,30,31,2017.9093941714,27.9772147485142,1.78502408602151,1.78243599139785
7,14.1504470675763,14.1507163951753,438.7,9.15010820752074,30,31,2027.90155193187,33.5929477146341,1.78502408602151,1.78243599139785
8,14.1504470675763,14.1507163951753,438.6,6.09862573392112,30,31,2102.71482770987,45.2576912131589,1.78502408602151,1.78243599139785
9,14.1504470675763,14.1507163951753,438.6,3.04528483112518,30,31,2333.61688206542,87.3606552993849,1.78502408602151,1.78243599139785
