"strata","dload.bi_kgd","dload.ub_kgd","tload_kglenS","degf","lenObs","lenStr","MSE_kglenS","Cl_kglenS","flowmu_m3s","flowav_m3s"
1,168.432973762396,168.637893985946,5227.8,23,24,31,98718.9930424623,135.526759924691,14.7048700901505,16.9008486504444
2,169.053979390476,169.372018978118,5250.5,15.0683705712828,24,31,42052.0525029133,112.554771279462,14.7048700901505,17.0226727700108
3,164.963554053745,165.031153061039,5115.9,12.5829828138907,24,31,31824.9771759518,109.014757364877,14.7048700901505,14.4812993439462
4,165.261324995024,165.322403920927,5124.9,10.1594012689271,24,31,28106.7448294222,116.947413147886,14.7048700901505,14.6485599327781
5,168.103690921263,168.217653778412,5214.6,7.41353760657522,24,31,25211.0678940705,136.3498121202,14.7048700901505,15.0493079318136
6,166.045094954184,166.095920686121,5148.9,7.61602483453065,24,31,23521.6193089732,129.286612503748,14.7048700901505,14.5186787569032
7,168.103690921263,168.217653778412,5214.6,5.46885774064541,24,31,21137.3228264125,155.777197165873,14.7048700901505,15.0493079318136
