"strata","dload.bi_kgd","dload.ub_kgd","tload_kglenS","degf","lenObs","lenStr","MSE_kglenS","Cl_kglenS","flowmu_m3s","flowav_m3s"
1,1.89473456430797,1.89473456430797,56.8,29,30,30,36.5741179952175,2.29683612582387,0.3352992288,0.3352992288
2,1.89473456430797,1.89473456430797,56.9,9.81917213101083,30,30,13.9128664524966,2.658877393425,0.3352992288,0.3352992288
3,1.89473456430797,1.89473456430797,56.9,6.71159083863623,30,30,4.86154933660323,2.03016866855706,0.3352992288,0.3352992288
4,1.89473456430797,1.89473456430797,56.9,5.55289418002526,30,30,4.38934587460601,2.21867174090602,0.3352992288,0.3352992288
5,1.89473456430797,1.89473456430797,56.9,5.28377137976661,30,30,4.28397020229556,2.27774104715482,0.3352992288,0.3352992288
6,1.89473456430797,1.89473456430797,56.9,4.57840211888834,30,30,3.98136174031154,2.46506178771366,0.3352992288,0.3352992288
7,1.89473456430797,1.89473456430797,56.9,4.53788950143682,30,30,3.96358049469843,2.47789947566393,0.3352992288,0.3352992288
8,1.89473456430797,1.89473456430797,56.9,4.55008592035357,30,30,3.96908301273487,2.47405121376658,0.3352992288,0.3352992288
9,1.89473456430797,1.89473456430797,56.8,5.78219946736021,30,30,4.6077728688527,2.20442558699881,0.3352992288,0.3352992288
