"strata","dload.bi_kgd","dload.ub_kgd","tload_kglenS","degf","lenObs","lenStr","MSE_kglenS","Cl_kglenS","flowmu_m3s","flowav_m3s"
1,7.42717455923613,7.42717455923613,230.2,30,31,31,100.168279880433,3.73179828511438,1.10975975053763,1.10975975053763
2,7.42717455923613,7.42717455923613,230.2,7.59554697405111,31,31,68.2699205502662,6.97806250883655,1.10975975053763,1.10975975053763
3,7.42717455923613,7.42717455923613,230.2,15.4539261324793,31,31,7.95495465027084,1.52533298516386,1.10975975053763,1.10975975053763
4,7.42717455923613,7.42717455923613,230.3,12.0689181888507,31,31,6.67179245480612,1.61894477597674,1.10975975053763,1.10975975053763
5,7.42717455923613,7.42717455923613,230.2,10.8025496244701,31,31,6.49989734933004,1.7111047950784,1.10975975053763,1.10975975053763
6,7.42717455923613,7.42717455923613,230.2,9.58615714880523,31,31,6.14236029271457,1.79405183061344,1.10975975053763,1.10975975053763
7,7.42717455923613,7.42717455923613,230.2,7.47370670075192,31,31,5.10189708513469,1.92888443549613,1.10975975053763,1.10975975053763
8,7.42717455923613,7.42717455923613,230.2,7.15018627533486,31,31,5.00878517581686,1.97071283657172,1.10975975053763,1.10975975053763
9,7.42717455923613,7.42717455923613,230.2,7.13711195071055,31,31,5.00419992397165,1.97232875811723,1.10975975053763,1.10975975053763
