"strata","dload.bi_kgd","dload.ub_kgd","tload_kglenS","degf","lenObs","lenStr","MSE_kglenS","Cl_kglenS","flowmu_m3s","flowav_m3s"
7,8.97149884217806,8.97149884217806,278.1,11.1047221543798,31,31,118.913133354052,7.19413738074184,1.14043628387097,1.14043628387097
