"strata","dload.bi_kgd","dload.ub_kgd","tload_kglenS","degf","lenObs","lenStr","MSE_kglenS","Cl_kglenS","flowmu_m3s","flowav_m3s"
1,21.7707231051966,21.8001843741932,675.8,25,26,31,5774.60490117579,31.3012051685191,5.11830148710538,4.9984528561641
2,19.9452193984268,19.9691220064715,619.1,20.3692067600893,26,31,1709.64178348738,19.0883245361697,5.11830148710538,4.59785954107312
3,19.9440616928132,19.9719230546431,619.1,21.166667396695,26,31,1406.89374002777,16.9464575445438,5.11830148710538,4.64199317416528
4,19.933415853803,19.9714582572524,619.1,18.6761505815759,26,31,1465.41091584657,18.5618053836115,5.11830148710538,4.7326796094045
5,19.9629944805806,20.0148373245122,620.5,13.555018216855,26,31,1492.03842063384,22.5716517363287,5.11830148710538,4.97309632950169
6,19.9629944805806,20.0148373245122,620.5,12.8622939965422,26,31,1576.80430677139,23.9458587311114,5.11830148710538,4.97309632950169
7,19.9381329640902,20.0195842710619,620.5,9.68988787596484,26,31,1672.5558507999,29.4008894037595,5.11830148710538,5.21783960633118
8,19.9780802683561,20.0655350277288,622.1,7.43150995707776,26,31,2111.39128018407,39.392920016919,5.11830148710538,5.40171155007312
