"strata","dload.bi_kgd","dload.ub_kgd","tload_kglenS","degf","lenObs","lenStr","MSE_kglenS","Cl_kglenS","flowmu_m3s","flowav_m3s"
8,11.7587034685315,11.7587034685315,364.4,3.87621901802822,31,31,83.9845371789263,13.0880301493308,1.31503584578065,1.31503584578065
