"strata","dload.bi_kgd","dload.ub_kgd","tload_kglenS","degf","lenObs","lenStr","MSE_kglenS","Cl_kglenS","flowmu_m3s","flowav_m3s"
1,2.36145558482692,2.36263970434864,73.2,28,29,31,70.416149357575,3.24842917134981,0.327616415102968,0.338648598490483
2,2.33186840010864,2.33035374375825,72.2,26.6396620670744,29,31,37.3779284936701,2.43197828290061,0.327616415102968,0.33227244394005
3,2.33186840010864,2.33035374375825,72.2,23.3720210762416,29,31,27.8573723433271,2.25646287496485,0.327616415102968,0.33227244394005
4,2.34395344623136,2.34430950789256,72.6,22.2285109444847,29,31,24.7262581441554,2.18598612541465,0.327616415102968,0.327940012185806
5,2.31749227581971,2.31747107263794,71.8,20.9001085521772,29,31,22.3028354828336,2.14889341347202,0.327616415102968,0.326833982336344
6,2.29890510211344,2.29882630507694,71.2,17.9377148442793,29,31,20.0175457138632,2.2199331592845,0.327616415102968,0.32712175105514
7,2.29890510211344,2.29882630507694,71.2,15.1648526917534,29,31,20.3650989285253,2.46767632738492,0.327616415102968,0.32712175105514
8,2.29890510211344,2.29882630507694,71.2,5.11013178254684,29,31,19.0599989507993,4.93250566818845,0.327616415102968,0.32712175105514
9,2.29890510211344,2.29882630507694,71.2,5.19701938810863,29,31,19.246957565591,4.89104623404048,0.327616415102968,0.32712175105514
