"strata","dload.bi_kgd","dload.ub_kgd","tload_kglenS","degf","lenObs","lenStr","MSE_kglenS","Cl_kglenS","flowmu_m3s","flowav_m3s"
1,173.677911809582,173.299984539261,5372.3,19,20,31,895129.646425011,454.297544693334,16.8764332635355,21.01564513448
2,166.875865073069,167.512055406763,5192.9,16.6099913316827,20,31,599773.930491143,401.634478052777,16.8764332635355,26.970238663162
3,166.397731117786,167.158967042114,5182,6.25398405942248,20,31,572754.373575464,733.269441575799,16.8764332635355,26.023750660191
4,166.449639738113,167.204694038668,5183.4,6.25389434564953,20,31,572750.265387093,733.274500611016,16.8764332635355,25.9764434266323
5,166.449639738113,167.204694038668,5183.4,6.25369759489895,20,31,572741.255744505,733.285596136866,16.8764332635355,25.9764434266323
6,166.449639738113,167.204694038668,5183.4,2.30099091467113,20,31,589473.24149406,1926.31330492026,16.8764332635355,25.9764434266323
