"strata","dload.bi_kgd","dload.ub_kgd","tload_kglenS","degf","lenObs","lenStr","MSE_kglenS","Cl_kglenS","flowmu_m3s","flowav_m3s"
1,5.68460892672,5.68460892672,170.5,29,30,30,346.087351727096,7.06538681169953,1.64567802666667,1.64567802666667
2,5.68460892672,5.68460892672,170.5,27.8611188030393,30,30,307.173484136105,6.80309299208568,1.64567802666667,1.64567802666667
3,5.68460892672,5.68460892672,170.5,22.3867471394384,30,30,223.02182663038,6.53921398459992,1.64567802666667,1.64567802666667
4,5.68460892672,5.68460892672,170.6,15.6374431961785,30,30,191.187777066701,7.42647402618839,1.64567802666667,1.64567802666667
5,5.68460892672,5.68460892672,170.5,10.337711674815,30,30,155.053189241781,8.59113856961394,1.64567802666667,1.64567802666667
6,5.68460892672,5.68460892672,170.5,8.34006055490035,30,30,131.471847660394,9.09113072513794,1.64567802666667,1.64567802666667
7,5.68460892672,5.68460892672,170.5,7.50009301811336,30,30,127.804609197933,9.63077063656063,1.64567802666667,1.64567802666667
8,5.68460892672,5.68460892672,170.5,6.97344706697464,30,30,123.029842869896,9.9398297129288,1.64567802666667,1.64567802666667
9,5.68460892672,5.68460892672,170.6,8.55162284835626,30,30,144.412072758221,9.37092059129357,1.64567802666667,1.64567802666667
