"strata","dload.bi_kgd","dload.ub_kgd","tload_kglenS","degf","lenObs","lenStr","MSE_kglenS","Cl_kglenS","flowmu_m3s","flowav_m3s"
7,100.122210032772,100.243738322245,3107.5,11.8331572340162,29,31,19782.9720263753,89.226725446128,8.44499842924731,8.07684196903226
