"strata","dload.bi_kgd","dload.ub_kgd","tload_kglenS","degf","lenObs","lenStr","MSE_kglenS","Cl_kglenS","flowmu_m3s","flowav_m3s"
7,5.674231385856,5.674231385856,170.2,5.82484858160218,30,30,363.474888710998,19.4709380820943,0.674411786666667,0.674411786666667
