"strata","dload.bi_kgd","dload.ub_kgd","tload_kglenS","degf","lenObs","lenStr","MSE_kglenS","Cl_kglenS","flowmu_m3s","flowav_m3s"
1,51.9437351689858,51.9437351689858,1506.4,28,29,29,139830.836146445,144.756722991647,3.19799601940598,3.19799601940598
2,51.9437351689858,51.9437351689858,1506.4,23.2267196712871,29,29,72996.4506757941,115.907364898443,3.19799601940598,3.19799601940598
3,51.9437351689858,51.9437351689858,1506.4,2.28931748361535,29,29,31615.3063293427,449.070708827667,3.19799601940598,3.19799601940598
4,51.9437351689858,51.9437351689858,1506.4,2.28885819490872,29,29,31612.13476057,449.165560122722,3.19799601940598,3.19799601940598
5,51.9437351689858,51.9437351689858,1506.4,2.28879821349544,29,29,31611.7205513798,449.177951706085,3.19799601940598,3.19799601940598
6,51.9437351689858,51.9437351689858,1506.4,2.28874546735238,29,29,31611.3562963458,449.188849332163,3.19799601940598,3.19799601940598
7,51.9437351689858,51.9437351689858,1506.4,2.28873679974022,29,29,31611.2964392238,449.190640180345,3.19799601940598,3.19799601940598
8,51.9437351689858,51.9437351689858,1506.4,2.28873942328649,29,29,31611.3145571209,449.190098118044,3.19799601940598,3.19799601940598
9,51.9437351689858,51.9437351689858,1506.4,2.01528310503014,29,29,36404.2886917669,574.106143126334,3.19799601940598,3.19799601940598
