"strata","dload.bi_kgd","dload.ub_kgd","tload_kglenS","degf","lenObs","lenStr","MSE_kglenS","Cl_kglenS","flowmu_m3s","flowav_m3s"
1,6.98740394156206,6.98740394156206,209.6,29,30,30,955.858655868099,11.7419416576874,0.974444187269333,0.974444187269333
2,6.98740394156206,6.98740394156206,209.6,19.0404250864304,30,30,655.417333839875,12.2781365066012,0.974444187269333,0.974444187269333
3,6.98740394156206,6.98740394156206,209.6,2.08168015073661,30,30,486.737876890049,63.379579442524,0.974444187269333,0.974444187269333
4,6.98740394156206,6.98740394156206,209.7,2.57997359342829,30,30,277.993603963474,36.2958540299076,0.974444187269333,0.974444187269333
5,6.98740394156206,6.98740394156206,209.6,2.56812094158184,30,30,277.361002154025,36.4535488177161,0.974444187269333,0.974444187269333
6,6.98740394156206,6.98740394156206,209.6,2.47170453199326,30,30,272.083278078491,37.8137640151978,0.974444187269333,0.974444187269333
7,6.98740394156206,6.98740394156206,209.6,2.47038546331149,30,30,272.010660794626,37.833477269171,0.974444187269333,0.974444187269333
8,6.98740394156206,6.98740394156206,209.7,2.47088779059076,30,30,272.038514813549,37.8259801627993,0.974444187269333,0.974444187269333
9,6.98740394156206,6.98740394156206,209.7,2.47209045433092,30,30,272.105049589672,37.8080391058684,0.974444187269333,0.974444187269333
