"strata","dload.bi_kgd","dload.ub_kgd","tload_kglenS","degf","lenObs","lenStr","MSE_kglenS","Cl_kglenS","flowmu_m3s","flowav_m3s"
6,56.8360652230732,56.8360652230732,1705.1,8.08509832124322,30,30,7692.07734912412,70.9976784538611,3.23231395217778,3.23231395217778
