"strata","dload.bi_kgd","dload.ub_kgd","tload_kglenS","degf","lenObs","lenStr","MSE_kglenS","Cl_kglenS","flowmu_m3s","flowav_m3s"
1,27.4109665380538,27.4109665380538,849.7,30,31,31,4064.56538164454,23.7716928260849,3.75471959778802,3.75471959778802
2,27.4109665380538,27.4109665380538,849.8,16.4825392889237,31,31,2159.87051244335,24.2095096856323,3.75471959778802,3.75471959778802
3,27.4109665380538,27.4109665380538,849.8,26.0257727466967,31,31,1160.29416858129,13.7241358414595,3.75471959778802,3.75471959778802
4,27.4109665380538,27.4109665380538,849.8,8.94164640637061,31,31,359.921481991776,14.3664715808496,3.75471959778802,3.75471959778802
5,27.4109665380538,27.4109665380538,849.9,13.8207165244938,31,31,317.541916373938,10.2931467207918,3.75471959778802,3.75471959778802
6,27.4109665380538,27.4109665380538,849.9,13.8583004773177,31,31,318.176976460696,10.2867992769738,3.75471959778802,3.75471959778802
7,27.4109665380538,27.4109665380538,849.9,13.7451917483766,31,31,322.366520308032,10.4049389996092,3.75471959778802,3.75471959778802
8,27.4109665380538,27.4109665380538,850,13.5984616337903,31,31,320.603066152201,10.4430549397692,3.75471959778802,3.75471959778802
9,27.4109665380538,27.4109665380538,849.9,13.7523365647357,31,31,322.486693042591,10.4036572434542,3.75471959778802,3.75471959778802
