"strata","dload.bi_kgd","dload.ub_kgd","tload_kglenS","degf","lenObs","lenStr","MSE_kglenS","Cl_kglenS","flowmu_m3s","flowav_m3s"
1,26.9285840179027,27.3087805115369,819.3,22,23,30,26124.6339396799,71.4654179964592,1.88254176604444,0.904221086144928
2,29.5799575662922,30.1800224884473,905.4,2.00272715273501,23,30,9128.1074355163,290.100965974777,1.88254176604444,1.98326567241481
3,29.5799575662922,30.1800224884473,905.3,2.00057630641222,23,30,9123.20432032549,290.477535779877,1.88254176604444,1.98326567241481
4,29.5799575662922,30.1800224884473,905.4,2.00028427639474,23,30,9122.53840346591,290.528765978,1.88254176604444,1.98326567241481
5,29.5799575662922,30.1800224884473,905.4,2.00024737601119,23,30,9122.45425861924,290.535241106734,1.88254176604444,1.98326567241481
6,29.5799575662922,30.1800224884473,905.5,2.00024577784204,23,30,9122.45061426585,290.535521555849,1.88254176604444,1.98326567241481
7,29.5799575662922,30.1800224884473,905.5,2.00024209962781,23,30,9122.44222670848,290.536167017011,1.88254176604444,1.98326567241481
