"strata","dload.bi_kgd","dload.ub_kgd","tload_kglenS","degf","lenObs","lenStr","MSE_kglenS","Cl_kglenS","flowmu_m3s","flowav_m3s"
1,0.700777962650787,0.700362839142654,21.7,25,26,31,11.456869020137,1.3942250957699,0.197416175186065,0.208690143728
2,0.725948352947587,0.725730193486592,22.5,13.0447538879252,26,31,9.46645199573094,1.83972158118989,0.197416175186064,0.197286333523613
3,0.71773770243728,0.717503467414148,22.3,12.2526607901939,26,31,9.15632747181734,1.87920027817703,0.197416175186064,0.197434828497462
4,0.721552274538587,0.721551282308911,22.4,11.9365162979698,26,31,9.03073515495021,1.89626450961246,0.197416175186064,0.196345918893935
5,0.721954626072543,0.722147268699465,22.4,9.40581435901899,26,31,9.08562491439569,2.20878313222541,0.197416175186065,0.197917806384619
6,0.805430051848048,0.805356642289657,25,10.9784349248912,30,35,9.18408439257574,2.01358016166379,0.224326233099871,0.225009131879521
7,0.843926968287557,0.843290217743465,26.1,8.93730768606023,30,37,9.60255095808221,2.3473470819883,0.234451909729548,0.237483801684817
8,0.715228347107726,0.71481481885405,22.1,5.45930629519992,26,31,10.5781091714023,3.48953811901225,0.197416175186065,0.197694649600344
