"strata","dload.bi_kgd","dload.ub_kgd","tload_kglenS","degf","lenObs","lenStr","MSE_kglenS","Cl_kglenS","flowmu_m3s","flowav_m3s"
8,6.85891314691072,6.85891314691072,205.8,5.16491901598299,30,30,228.49671324565,16.9348677896457,0.883175821511111,0.883175821511111
