"strata","dload.bi_kgd","dload.ub_kgd","tload_kglenS","degf","lenObs","lenStr","MSE_kglenS","Cl_kglenS","flowmu_m3s","flowav_m3s"
8,319.70337572843,319.951343687958,9598.5,3.18079949727276,28,30,145975.714166577,660.355660827691,15.3447228970667,13.2243609130667
