"strata","dload.bi_kgd","dload.ub_kgd","tload_kglenS","degf","lenObs","lenStr","MSE_kglenS","Cl_kglenS","flowmu_m3s","flowav_m3s"
8,2.00955816291097,2.00955816291097,62.3,2.26150680693541,31,31,257.098314860514,41.1494146618411,1.12186289892473,1.12186289892473
