"strata","dload.bi_kgd","dload.ub_kgd","tload_kglenS","degf","lenObs","lenStr","MSE_kglenS","Cl_kglenS","flowmu_m3s","flowav_m3s"
1,28.2578385368901,28.2578385368901,876,30,31,31,25908.1633043574,60.0165968400955,4.46136162276129,4.46136162276129
2,28.2578385368901,28.2578385368901,875.9,26.1179078178773,31,31,18808.4226449631,55.1487005500844,4.46136162276129,4.46136162276129
3,28.2578385368901,28.2578385368901,876,6.03492382366974,31,31,8317.71343165519,90.7142446599521,4.46136162276129,4.46136162276129
4,28.2578385368901,28.2578385368901,876,5.82163746688372,31,31,8169.17242743528,92.3461013663573,4.46136162276129,4.46136162276129
5,28.2578385368901,28.2578385368901,876,5.80696844211115,31,31,8158.85746691285,92.4629242723887,4.46136162276129,4.46136162276129
6,28.2578385368901,28.2578385368901,876,5.78762229167109,31,31,8145.24422619161,92.61800227275,4.46136162276129,4.46136162276129
7,28.2578385368901,28.2578385368901,876,5.78726838898834,31,31,8144.99518030524,92.620850360165,4.46136162276129,4.46136162276129
8,28.2578385368901,28.2578385368901,876,5.79183348699585,31,31,8152.64843775499,92.6093688481561,4.46136162276129,4.46136162276129
9,28.2578385368901,28.2578385368901,876,5.79147964844622,31,31,8152.39939186862,92.6122128609289,4.46136162276129,4.46136162276129
