"strata","dload.bi_kgd","dload.ub_kgd","tload_kglenS","degf","lenObs","lenStr","MSE_kglenS","Cl_kglenS","flowmu_m3s","flowav_m3s"
7,14.5668731108644,14.5668731108644,451.6,4.96761876970386,31,31,238.892561645295,17.8612004668884,1.34244163647312,1.34244163647312
