"strata","dload.bi_kgd","dload.ub_kgd","tload_kglenS","degf","lenObs","lenStr","MSE_kglenS","Cl_kglenS","flowmu_m3s","flowav_m3s"
1,11.6998707820001,11.7309014092619,363.7,28,29,31,4759.10118775295,26.705439832067,1.26792733221677,1.30728793777655
2,11.7864754549952,11.8335054755167,366.8,4.68732241337159,29,31,939.845610358364,37.1422449402442,1.26792733221677,1.38406861890839
3,11.7733150116467,11.819328218256,366.4,4.28495756827687,29,31,898.16340539591,39.1643736568617,1.26792733221677,1.37639713579593
4,11.7816557818035,11.8401528022186,367.1,3.62927917206815,29,31,871.866725144758,44.8235083237204,1.26792733221677,1.38817617100367
5,11.7816557818035,11.8401528022186,367,3.62307566872041,29,31,871.140931672023,44.8773696622641,1.26792733221677,1.38817617100367
6,11.7816557818035,11.8401528022186,367.1,3.62134225528767,29,31,870.932473880052,44.8923182452264,1.26792733221677,1.38817617100367
7,11.7939547849552,11.8538382325518,367.3,3.62885662960232,29,31,871.899243908494,44.8292761429782,1.26792733221677,1.38064075935005
8,11.7939547849552,11.8538382325518,367.4,3.62712196040162,29,31,871.690786116522,44.8441767135727,1.26792733221677,1.38064075935005
9,11.8178899210367,11.8851006768231,368.4,3.65158684678209,29,31,874.993722689856,44.6450321897335,1.26792733221677,1.38018614204301
