"strata","dload.bi_kgd","dload.ub_kgd","tload_kglenS","degf","lenObs","lenStr","MSE_kglenS","Cl_kglenS","flowmu_m3s","flowav_m3s"
1,20.4200655425155,20.4200655425155,612.6,29,30,30,2523.60022728373,19.0789011743404,2.29266662861511,2.29266662861511
2,20.4200655425155,20.4200655425155,612.6,6.4892318743052,30,30,516.212060755558,21.4313709768063,2.29266662861511,2.29266662861511
3,20.4200655425155,20.4200655425155,612.6,3.67772356661047,30,30,324.75932813198,27.0172561556923,2.29266662861511,2.29266662861511
4,20.4200655425155,20.4200655425155,612.6,3.18919170665725,30,30,302.366063020403,29.9731239711523,2.29266662861511,2.29266662861511
5,20.4200655425155,20.4200655425155,612.6,3.13113192734034,30,30,299.684815853947,30.4097515956317,2.29266662861511,2.29266662861511
6,20.4200655425155,20.4200655425155,612.6,3.12528477713544,30,30,299.404894269748,30.4544844080359,2.29266662861511,2.29266662861511
7,20.4200655425155,20.4200655425155,612.6,3.12448927001594,30,30,299.36671854277,30.460583826147,2.29266662861511,2.29266662861511
8,20.4200655425155,20.4200655425155,612.6,3.11503592536536,30,30,299.495700878925,30.5631448653881,2.29266662861511,2.29266662861511
9,20.4200655425155,20.4200655425155,612.6,3.11348419686873,30,30,299.818731157763,30.5954645013828,2.29266662861511,2.29266662861511
