"strata","dload.bi_kgd","dload.ub_kgd","tload_kglenS","degf","lenObs","lenStr","MSE_kglenS","Cl_kglenS","flowmu_m3s","flowav_m3s"
1,0.338766760887091,0.342655211798217,10.6,25,26,31,29.1302193527189,2.22316552476682,0.230194666105806,0.240987839273846
2,0.328380309055717,0.328266048213333,10.2,2.72663079125436,26,31,25.6448901949054,10.3375833109164,0.230194666105806,0.218328195331501
3,0.308647046190227,0.309462201316556,9.7,2.40384458666736,26,31,24.0629421839467,11.6401455220059,0.230194666105806,0.222009009981935
4,0.308647046190227,0.309462201316556,9.7,2.34281211257646,26,31,23.8047169285148,11.9605750021987,0.230194666105806,0.222009009981935
5,0.311001437187879,0.311769794834063,9.8,2.32762639445474,26,31,23.727570197351,12.0411402511292,0.230194666105806,0.222009009981935
6,0.313449980655142,0.31432364972636,9.7,2.32194358737387,26,31,23.6986661941281,12.0717077959691,0.230194666105806,0.224122430652657
7,0.312924985507609,0.313774563411543,9.6,2.32157742552613,26,31,23.6967974769845,12.0736838331567,0.230194666105806,0.223507714682151
8,0.312924985507609,0.313774563411543,9.6,2.32137320279967,26,31,23.6957551620874,12.0747863577517,0.230194666105806,0.223507714682151
