"strata","dload.bi_kgd","dload.ub_kgd","tload_kglenS","degf","lenObs","lenStr","MSE_kglenS","Cl_kglenS","flowmu_m3s","flowav_m3s"
7,15.5597016068129,15.5597016068129,482.4,11.7724428477364,31,31,191.130903138826,8.79800024778123,2.43486419784946,2.43486419784946
