"strata","dload.bi_kgd","dload.ub_kgd","tload_kglenS","degf","lenObs","lenStr","MSE_kglenS","Cl_kglenS","flowmu_m3s","flowav_m3s"
1,8.08374414336,8.08374414336,242.5,29,30,30,746.430610350577,10.376187239684,1.49559898666667,1.49559898666667
2,8.08374414336,8.08374414336,242.5,26.1084253984891,30,30,600.922550498251,9.85949883469657,1.49559898666667,1.49559898666667
3,8.08374414336,8.08374414336,242.6,19.4854395099716,30,30,183.797069423849,6.41736370198685,1.49559898666667,1.49559898666667
4,8.08374414336,8.08374414336,242.5,13.1041418826627,30,30,142.069695420569,7.10760964820467,1.49559898666667,1.49559898666667
5,8.08374414336,8.08374414336,242.5,10.1544308241764,30,30,105.991888051639,7.18383316755855,1.49559898666667,1.49559898666667
6,8.08374414336,8.08374414336,242.5,9.08835848503118,30,30,99.9698936207862,7.4915453723229,1.49559898666667,1.49559898666667
7,8.08374414336,8.08374414336,242.6,9.06526982855557,30,30,100.446796725451,7.52183850995205,1.49559898666667,1.49559898666667
8,8.08374414336,8.08374414336,242.6,9.02395815230718,30,30,100.216869411679,7.53561876865648,1.49559898666667,1.49559898666667
9,8.08374414336,8.08374414336,242.6,3.22710110628357,30,30,165.065544719085,21.8807221002184,1.49559898666667,1.49559898666667
