"strata","dload.bi_kgd","dload.ub_kgd","tload_kglenS","degf","lenObs","lenStr","MSE_kglenS","Cl_kglenS","flowmu_m3s","flowav_m3s"
1,18.3138392704552,18.3138392704552,567.7,30,31,31,1780.82779707194,15.7349010358665,1.41084041015054,1.41084041015054
2,18.3138392704552,18.3138392704552,567.7,14.2566185245931,31,31,1403.54735420336,21.2449891185705,1.41084041015054,1.41084041015054
3,18.3138392704552,18.3138392704552,567.7,10.7249258998363,31,31,980.59678605706,21.1118331122171,1.41084041015054,1.41084041015054
4,18.3138392704552,18.3138392704552,567.7,6.04859767314849,31,31,682.955459461525,25.950272099844,1.41084041015054,1.41084041015054
5,18.3138392704552,18.3138392704552,567.7,4.29910438533899,31,31,626.360738054756,32.6131107925434,1.41084041015054,1.41084041015054
6,18.3138392704552,18.3138392704552,567.7,4.25261235969528,31,31,622.949822505279,32.8309699108442,1.41084041015054,1.41084041015054
7,18.3138392704552,18.3138392704552,567.6,4.18175586594807,31,31,617.724290090775,33.1741831239897,1.41084041015054,1.41084041015054
8,18.3138392704552,18.3138392704552,567.7,4.16110680887188,31,31,616.280629736664,33.2791565757186,1.41084041015054,1.41084041015054
9,18.3138392704552,18.3138392704552,567.7,4.15793191657905,31,31,616.045380627136,33.2950560343281,1.41084041015054,1.41084041015054
