"strata","dload.bi_kgd","dload.ub_kgd","tload_kglenS","degf","lenObs","lenStr","MSE_kglenS","Cl_kglenS","flowmu_m3s","flowav_m3s"
1,19.4375676896869,19.4433789800264,602.7,24,25,31,576.934062490989,10.1191915722752,3.35828113548387,4.135951808
2,19.4403774558593,19.4704927728522,603.6,7.7402520391281,25,31,548.196969910573,19.5206076030836,3.35828113548387,3.78799183778802
3,19.425304718834,19.4328575703378,602.4,3.66756041985732,25,31,366.644549838843,28.7813245471628,3.35828113548387,3.51417577634409
4,19.3754006043826,19.3770295593013,600.7,3.44961968441803,25,31,355.510666925759,30.0510286936214,3.35828113548387,3.38598897204301
5,19.3267021355148,19.3284012265827,599.2,3.42199037667061,25,31,354.080459801077,30.2269476664758,3.35828113548387,3.37198281290323
6,19.3267021355148,19.3284012265827,599.2,3.41948888902366,25,31,353.952241631198,30.2431204880198,3.35828113548387,3.37198281290323
7,19.3267021355148,19.3284012265827,599.1,3.42352415199031,25,31,354.161674830432,30.2171581586534,3.35828113548387,3.37198281290323
8,19.3267021355148,19.3284012265827,599.1,3.4456322719272,25,31,355.315762506653,30.0766668834975,3.35828113548387,3.37198281290323
