"strata","dload.bi_kgd","dload.ub_kgd","tload_kglenS","degf","lenObs","lenStr","MSE_kglenS","Cl_kglenS","flowmu_m3s","flowav_m3s"
8,0.523931676620937,0.527815477500826,16.5,10.5221530063391,28,31,3.2937978230159,1.23829762103282,0.264979662637419,0.286530269846021
