"strata","dload.bi_kgd","dload.ub_kgd","tload_kglenS","degf","lenObs","lenStr","MSE_kglenS","Cl_kglenS","flowmu_m3s","flowav_m3s"
1,0.183286717696,0.183286717696,5.5,29,30,30,169.576063912078,4.9456725062153,10.4473260444444,10.4473260444444
2,0.183286717696,0.183286717696,5.5,22.9837645120837,30,30,130.724372772797,4.93370629961391,10.4473260444444,10.4473260444444
3,0.183286717696,0.183286717696,5.5,9.70921528239173,30,30,37.8558368695854,4.41756092072372,10.4473260444444,10.4473260444444
4,0.183286717696,0.183286717696,5.5,7.63949765450491,30,30,32.5054174010262,4.79605362380827,10.4473260444444,10.4473260444444
5,0.183286717696,0.183286717696,5.5,6.05077853997299,30,30,28.2090619542028,5.27259218559285,10.4473260444444,10.4473260444444
6,0.183286717696,0.183286717696,5.5,4.70813130111527,30,30,24.7483969618181,6.00520603141268,10.4473260444444,10.4473260444444
7,0.183286717696,0.183286717696,5.6,4.61129336834358,30,30,24.4918647888207,6.07761719728397,10.4473260444444,10.4473260444444
8,0.183286717696,0.183286717696,5.4,4.62303275140874,30,30,24.5246363198388,6.06884531058656,10.4473260444444,10.4473260444444
9,0.183286717696,0.183286717696,5.4,4.83387019952224,30,30,25.1129703308869,5.92021536611167,10.4473260444444,10.4473260444444
