"strata","dload.bi_kgd","dload.ub_kgd","tload_kglenS","degf","lenObs","lenStr","MSE_kglenS","Cl_kglenS","flowmu_m3s","flowav_m3s"
1,0.920749971555081,0.928421542309521,28.8,13,14,31,5.01672154949736,1.34204225410418,0.124492428928215,0.18494578552381
2,0.787342392917197,0.787491659873991,24.4,5.42360887338827,14,31,0.955731956821361,1.0542202613913,0.124492428928215,0.120967162107527
3,0.788385709309567,0.788813747497896,24.5,5.69579501054729,14,31,0.98165049534278,1.02912401883727,0.124492428928215,0.115326409875269
4,0.778249144113763,0.778740817544353,24.1,4.67840262095076,14,31,1.03196939726807,1.23269637657838,0.124492428928215,0.111682372645161
