"strata","dload.bi_kgd","dload.ub_kgd","tload_kglenS","degf","lenObs","lenStr","MSE_kglenS","Cl_kglenS","flowmu_m3s","flowav_m3s"
1,28.2393057063724,28.2393057063724,818.9,28,29,29,6339.73746815948,30.8228577945537,5.58361728735632,5.58361728735632
2,28.2393057063724,28.2393057063724,819,16.2214881402958,29,29,2069.07469461194,23.9153914626662,5.58361728735632,5.58361728735632
3,28.2393057063724,28.2393057063724,819,10.4925479555127,29,29,907.03695597327,20.5853336528811,5.58361728735632,5.58361728735632
4,28.2393057063724,28.2393057063724,819,9.02676239801399,29,29,693.055299346973,19.8127369471691,5.58361728735632,5.58361728735632
5,28.2393057063724,28.2393057063724,819,6.50580290603295,29,29,578.544456369689,22.6467428101182,5.58361728735632,5.58361728735632
6,28.2393057063724,28.2393057063724,818.9,6.26575265311208,29,29,477.377734470058,21.1404321988607,5.58361728735632,5.58361728735632
7,28.2393057063724,28.2393057063724,818.9,5.81433262142967,29,29,459.537420736291,21.9229834872588,5.58361728735632,5.58361728735632
8,28.2393057063724,28.2393057063724,818.9,5.81444393948594,29,29,459.541967303249,21.9227765174512,5.58361728735632,5.58361728735632
9,28.2393057063724,28.2393057063724,818.8,6.92723325160303,29,29,651.361695960972,22.9783517057482,5.58361728735632,5.58361728735632
