"strata","dload.bi_kgd","dload.ub_kgd","tload_kglenS","degf","lenObs","lenStr","MSE_kglenS","Cl_kglenS","flowmu_m3s","flowav_m3s"
7,0.905743927058168,0.905743927058168,28,9.63904426387254,31,31,0.553434121669752,0.536620393712102,0.344058254451613,0.344058254451613
