"strata","dload.bi_kgd","dload.ub_kgd","tload_kglenS","degf","lenObs","lenStr","MSE_kglenS","Cl_kglenS","flowmu_m3s","flowav_m3s"
8,0.893161709568,0.893161709568,26.9,2.62603764250336,30,30,0.74854933733204,1.84454103735143,0.1628216,0.1628216
