"strata","dload.bi_kgd","dload.ub_kgd","tload_kglenS","degf","lenObs","lenStr","MSE_kglenS","Cl_kglenS","flowmu_m3s","flowav_m3s"
1,2.05148968035097,2.05148968035097,63.6,30,31,31,55.828948709635,2.78601068523182,0.457179303225806,0.457179303225806
2,2.05148968035097,2.05148968035097,63.6,21.5250815858165,31,31,26.8425440871186,2.31887577567059,0.457179303225806,0.457179303225806
3,2.05148968035097,2.05148968035097,63.6,15.8452531482468,31,31,21.8945963020467,2.49390649848819,0.457179303225806,0.457179303225806
4,2.05148968035097,2.05148968035097,63.6,13.2430486710095,31,31,19.8563648667161,2.64042693762024,0.457179303225806,0.457179303225806
5,2.05148968035097,2.05148968035097,63.6,9.57568351814137,31,31,19.3377673810845,3.18548362123568,0.457179303225806,0.457179303225806
6,2.05148968035097,2.05148968035097,63.5,9.47507267844456,31,31,19.2353299335014,3.19868875599513,0.457179303225806,0.457179303225806
7,2.05148968035097,2.05148968035097,63.6,9.48128574068325,31,31,19.2416810811691,3.19786679510547,0.457179303225806,0.457179303225806
8,2.05148968035097,2.05148968035097,63.6,8.19045759234404,31,31,19.268523079514,3.52269533134433,0.457179303225806,0.457179303225806
9,2.05148968035097,2.05148968035097,63.6,5.62651553109183,31,31,19.9359504648424,4.68106374982298,0.457179303225806,0.457179303225806
