"strata","dload.bi_kgd","dload.ub_kgd","tload_kglenS","degf","lenObs","lenStr","MSE_kglenS","Cl_kglenS","flowmu_m3s","flowav_m3s"
7,21.9476666984349,21.9476666984349,680.3,5.00890118487923,30,31,748.591802442121,31.4087494148152,2.32842186426839,2.34547284061247
