"strata","dload.bi_kgd","dload.ub_kgd","tload_kglenS","degf","lenObs","lenStr","MSE_kglenS","Cl_kglenS","flowmu_m3s","flowav_m3s"
1,11.4128179482195,11.8908135308795,356.7,2,3,30,15829.9743399345,382.790721986414,2.76978756571429,3.02895370666667
