"strata","dload.bi_kgd","dload.ub_kgd","tload_kglenS","degf","lenObs","lenStr","MSE_kglenS","Cl_kglenS","flowmu_m3s","flowav_m3s"
7,6.98740394156206,6.98740394156206,209.6,2.47038546331149,30,30,272.010660794626,37.833477269171,0.974444187269333,0.974444187269333
