"strata","dload.bi_kgd","dload.ub_kgd","tload_kglenS","degf","lenObs","lenStr","MSE_kglenS","Cl_kglenS","flowmu_m3s","flowav_m3s"
1,26.1008496693125,26.1008496693125,783,29,30,30,7095.95242019715,31.9925182905377,6.19469014257778,6.19469014257778
2,26.1008496693125,26.1008496693125,783,13.6588803819772,30,30,2812.8910845543,30.8511653081834,6.19469014257778,6.19469014257778
3,26.1008496693125,26.1008496693125,783,7.78975358903651,30,30,2185.68832770224,38.80934549079,6.19469014257778,6.19469014257778
4,26.1008496693125,26.1008496693125,783,5.96982175032242,30,30,1334.33885067689,36.6271487164648,6.19469014257778,6.19469014257778
5,26.1008496693125,26.1008496693125,783,5.49249224941491,30,30,1277.8846544202,38.1753736271282,6.19469014257778,6.19469014257778
6,26.1008496693125,26.1008496693125,783,5.25612516434635,30,30,1250.94831365543,39.0826113538773,6.19469014257778,6.19469014257778
7,26.1008496693125,26.1008496693125,783,4.74071066647134,30,30,1211.37374996986,41.7764684257277,6.19469014257778,6.19469014257778
8,26.1008496693125,26.1008496693125,783,4.72018981980328,30,30,1208.74017982835,41.8800107900862,6.19469014257778,6.19469014257778
9,26.1008496693125,26.1008496693125,783.1,4.7278665598991,30,30,1209.73023250211,41.8412300671849,6.19469014257778,6.19469014257778
