"strata","dload.bi_kgd","dload.ub_kgd","tload_kglenS","degf","lenObs","lenStr","MSE_kglenS","Cl_kglenS","flowmu_m3s","flowav_m3s"
7,21.9521765312879,21.9566642463878,658.7,3.32994943180625,26,30,897.139790431706,49.4268438569262,2.54565121662222,2.58477323555556
