"strata","dload.bi_kgd","dload.ub_kgd","tload_kglenS","degf","lenObs","lenStr","MSE_kglenS","Cl_kglenS","flowmu_m3s","flowav_m3s"
8,42.2787611400705,42.2787611400705,1310.7,4.25283648233527,31,31,4361.81848004506,86.8702671786584,7.26803042855914,7.26803042855914
