"strata","dload.bi_kgd","dload.ub_kgd","tload_kglenS","degf","lenObs","lenStr","MSE_kglenS","Cl_kglenS","flowmu_m3s","flowav_m3s"
1,82.5095263751693,82.5095263751693,2557.8,30,31,31,69185.8065355872,98.075731687954,4.41035682408602,4.41035682408602
2,82.5095263751693,82.5095263751693,2557.8,5.21771172990445,31,31,6715.7858743953,91.0776438547529,4.41035682408602,4.41035682408602
3,82.5095263751693,82.5095263751693,2557.8,4.92896012472003,31,31,6526.1045562493,93.9433723159568,4.41035682408602,4.41035682408602
4,82.5095263751693,82.5095263751693,2557.8,4.23745080288348,31,31,6070.97891489647,102.808921471466,4.41035682408602,4.41035682408602
5,82.5095263751693,82.5095263751693,2557.9,3.90146541522661,31,31,5817.42719576305,108.287686530822,4.41035682408602,4.41035682408602
6,82.5095263751693,82.5095263751693,2557.9,3.81094969234726,31,31,5749.18395961718,109.981823195578,4.41035682408602,4.41035682408602
7,82.5095263751693,82.5095263751693,2557.9,3.80567391089466,31,31,5745.20248405237,110.083802541676,4.41035682408602,4.41035682408602
8,82.5095263751693,82.5095263751693,2557.9,3.80486624070078,31,31,5744.59278046838,110.099445722625,4.41035682408602,4.41035682408602
9,82.5095263751693,82.5095263751693,2557.9,3.80492775223338,31,31,5744.63921881548,110.09825407897,4.41035682408602,4.41035682408602
