"strata","dload.bi_kgd","dload.ub_kgd","tload_kglenS","degf","lenObs","lenStr","MSE_kglenS","Cl_kglenS","flowmu_m3s","flowav_m3s"
1,19.2252921892077,19.3631284334637,580.9,18,19,30,3785.90805792806,30.4690361444682,1.85204457244444,2.21494506385965
2,18.3176057673365,18.4152754637492,552.4,15.440597027325,19,30,2199.70458511484,25.3773918138983,1.85204457244444,1.94367459093333
3,17.1698054407569,17.218164308073,516.5,12.0879119744538,19,30,1583.95761974481,24.9210231482257,1.85204457244444,1.666585264
4,17.1698054407569,17.218164308073,516.6,5.14533148024054,19,30,1128.49280224364,37.7480784330737,1.85204457244444,1.666585264
5,17.1698054407569,17.218164308073,516.5,4.92779037423444,19,30,1104.44634623168,38.6540076628297,1.85204457244444,1.666585264
6,17.196910823276,17.2495196069831,517.4,4.0054493948987,19,30,1278.19872937975,49.5712274077484,1.85204457244444,1.68436192177778
