"strata","dload.bi_kgd","dload.ub_kgd","tload_kglenS","degf","lenObs","lenStr","MSE_kglenS","Cl_kglenS","flowmu_m3s","flowav_m3s"
1,-0.020140452399367,-0.0201210779829463,-0.6,28,29,31,0.0843296655863998,0.112415825695263,0.477731819354839,0.465762537931034
2,-0.0210713781457569,-0.0210694619519857,-0.7,26.9964922785481,29,31,0.06075502514368,0.0973378071482005,0.477731819354839,0.462238384119107
3,-0.0236912485029001,-0.0236465829132149,-0.7,21.3322450459145,29,31,0.0433018233851727,0.0936064602100457,0.477731819354839,0.482755767741935
4,-0.0207059901190998,-0.0206805853616849,-0.7,14.8932678821175,29,31,0.0278972951534957,0.092306493692062,0.477731819354839,0.474580433548387
5,-0.0183690168154839,-0.0183690168154839,-0.6,13.2055398657664,29,31,0.021518360064845,0.0870698288111188,0.477731819354839,0.473469075268817
6,-0.0183690168154839,-0.0183690168154839,-0.7,9.49900243075712,29,31,0.0176213580026738,0.0966577515495045,0.477731819354839,0.473469075268817
7,-0.0183690168154839,-0.0183690168154839,-0.7,8.65910499369452,29,31,0.0167767660620944,0.100173491591085,0.477731819354839,0.473469075268817
8,-0.0183690168154839,-0.0183690168154839,-0.7,8.320485777644,29,31,0.0164523989903731,0.101858221536256,0.477731819354839,0.473469075268817
9,-0.0183690168154839,-0.0183690168154839,-0.7,10.7726832448494,29,31,0.0207926050210102,0.0969457737840994,0.477731819354839,0.473469075268817
