"strata","dload.bi_kgd","dload.ub_kgd","tload_kglenS","degf","lenObs","lenStr","MSE_kglenS","Cl_kglenS","flowmu_m3s","flowav_m3s"
9,51.3198703996447,51.3198703996447,1590.9,5.65121411429034,31,31,7175.62326586227,88.5133516821277,7.34661259337634,7.34661259337634
