"strata","dload.bi_kgd","dload.ub_kgd","tload_kglenS","degf","lenObs","lenStr","MSE_kglenS","Cl_kglenS","flowmu_m3s","flowav_m3s"
1,1.62243573226913,1.62448969411044,50.4,24,25,31,8.94268142581355,1.25984352246696,0.302797479793548,0.3413351246208
2,1.56585021269374,1.56677890070575,48.6,15.5454642598289,25,31,4.62524981506281,1.15908504252894,0.302797479793548,0.304406520471663
3,1.54237089955782,1.54262503783789,47.9,13.483201006133,25,31,4.24791188890999,1.20820162443438,0.302797479793548,0.29459264132129
4,1.62493304299122,1.62515087595663,50.4,6.42187714856935,25,31,3.98333587600362,1.89685281269492,0.302797479793548,0.341986104103226
5,1.62493304299122,1.62515087595663,50.4,5.88088367699852,25,31,3.80691785044467,1.9784258126226,0.302797479793548,0.341986104103226
6,1.62493304299122,1.62515087595663,50.4,5.88875754921981,25,31,3.80971888260294,1.9771738040836,0.302797479793548,0.341986104103226
7,1.62493304299122,1.62515087595663,50.3,6.03276865157736,25,31,3.85910841116131,1.95448309048136,0.302797479793548,0.341986104103226
8,1.62493304299122,1.62515087595663,50.4,2.46010197849121,25,31,4.12922277432453,4.68536266088655,0.302797479793548,0.341986104103226
