"strata","dload.bi_kgd","dload.ub_kgd","tload_kglenS","degf","lenObs","lenStr","MSE_kglenS","Cl_kglenS","flowmu_m3s","flowav_m3s"
6,4.54750562155355,4.54750562155355,140.9,7.60754808695944,31,31,24.4443329966886,4.17099766018801,2.3027952516129,2.3027952516129
