"strata","dload.bi_kgd","dload.ub_kgd","tload_kglenS","degf","lenObs","lenStr","MSE_kglenS","Cl_kglenS","flowmu_m3s","flowav_m3s"
8,47.8231094046523,47.8231094046523,1339.2,3.49390375353289,28,28,6453.72266169238,126.462846036807,5.76240137904762,5.76240137904762
