"strata","dload.bi_kgd","dload.ub_kgd","tload_kglenS","degf","lenObs","lenStr","MSE_kglenS","Cl_kglenS","flowmu_m3s","flowav_m3s"
1,21.2611992820499,21.2611992820499,616.6,28,29,29,2458.23075783148,19.1932530773677,4.73576184588506,4.73576184588506
2,21.2611992820499,21.2611992820499,616.6,26.8941650157073,29,29,1893.56204186773,17.21996231113,4.73576184588506,4.73576184588506
3,21.2611992820499,21.2611992820499,616.6,13.8562584218401,29,29,923.306415854764,17.5249540373735,4.73576184588506,4.73576184588506
4,21.2611992820499,21.2611992820499,616.6,8.6093309832352,29,29,687.334666665929,20.3532816326747,4.73576184588506,4.73576184588506
5,21.2611992820499,21.2611992820499,616.6,8.21930638327399,29,29,673.017164260022,20.770269959213,4.73576184588506,4.73576184588506
6,21.2611992820499,21.2611992820499,616.6,7.90748662226511,29,29,659.912551222276,21.1090724683773,4.73576184588506,4.73576184588506
7,21.2611992820499,21.2611992820499,616.6,7.75310567381563,29,29,653.362918888215,21.2868725926083,4.73576184588506,4.73576184588506
8,21.2611992820499,21.2611992820499,616.6,7.88130856223219,29,29,660.540953306378,21.16656476354,4.73576184588506,4.73576184588506
9,21.2611992820499,21.2611992820499,616.6,7.87710786809153,29,29,671.44805863794,21.348309451639,4.73576184588506,4.73576184588506
