"strata","dload.bi_kgd","dload.ub_kgd","tload_kglenS","degf","lenObs","lenStr","MSE_kglenS","Cl_kglenS","flowmu_m3s","flowav_m3s"
1,0.813832683076593,0.815798791154576,24.5,23,24,30,15.9722968516907,1.72388536938903,0.116100814981333,0.0934181260866667
2,0.86402227389545,0.864498445751918,25.9,14.7909510550987,24,30,9.56354389117705,1.71601598693629,0.116100814981333,0.125007014917333
3,0.781353780476215,0.783779920664845,23.6,14.3557488282921,24,30,6.90536278811528,1.48407467608173,0.116100814981333,0.0999228405790476
4,0.86402227389545,0.864498445751918,26,3.95713244743383,24,30,4.41306907124479,2.94460422235757,0.116100814981333,0.125007014917333
5,0.86402227389545,0.864498445751918,26,3.93835041895178,24,30,4.40296135886952,2.95386282835877,0.116100814981333,0.125007014917333
6,0.86402227389545,0.864498445751918,26,3.85303101266256,24,30,4.35591108219168,2.99701785042126,0.116100814981333,0.125007014917333
7,0.86402227389545,0.864498445751918,25.9,3.84370011936768,24,30,4.3506300951203,3.00184313123692,0.116100814981333,0.125007014917333
