"strata","dload.bi_kgd","dload.ub_kgd","tload_kglenS","degf","lenObs","lenStr","MSE_kglenS","Cl_kglenS","flowmu_m3s","flowav_m3s"
1,43.8800166548685,43.8800166548685,1316.4,29,30,30,25880.4005407853,61.0982225737939,3.23049066488889,3.23049066488889
2,43.8800166548685,43.8800166548685,1316.4,19.5410886938768,30,30,16854.5745316285,61.3543682242218,3.23049066488889,3.23049066488889
3,43.8800166548685,43.8800166548685,1316.3,19.0440677225585,30,30,16677.6178061353,61.9288986080658,3.23049066488889,3.23049066488889
4,43.8800166548685,43.8800166548685,1316.4,15.242370273915,30,30,16488.4494132076,70.0063761898311,3.23049066488889,3.23049066488889
5,43.8800166548685,43.8800166548685,1316.4,15.2258591885441,30,30,16479.5131239244,70.0318415981337,3.23049066488889,3.23049066488889
6,43.8800166548685,43.8800166548685,1316.4,15.2258455951993,30,30,16479.5057680315,70.0318625886081,3.23049066488889,3.23049066488889
7,43.8800166548685,43.8800166548685,1316.4,13.3661447474094,30,30,16558.8939642574,75.8285091841312,3.23049066488889,3.23049066488889
8,43.8800166548685,43.8800166548685,1316.4,10.8715905819222,30,30,18312.5352791142,90.4630082845871,3.23049066488889,3.23049066488889
9,43.8800166548685,43.8800166548685,1316.4,6.95820951816703,30,30,19628.8236273869,125.744651021704,3.23049066488889,3.23049066488889
