"strata","dload.bi_kgd","dload.ub_kgd","tload_kglenS","degf","lenObs","lenStr","MSE_kglenS","Cl_kglenS","flowmu_m3s","flowav_m3s"
1,2.99508411702857,2.99508411702857,83.9,27,28,28,84.2363035172233,3.62417577424487,1.80721862857143,1.80721862857143
2,2.99508411702857,2.99508411702857,83.9,25.980106990673,28,28,38.6125146187535,2.50601381705264,1.80721862857143,1.80721862857143
3,2.99508411702857,2.99508411702857,83.8,14.4092401590808,28,28,22.9762772701163,2.70114270506725,1.80721862857143,1.80721862857143
4,2.99508411702857,2.99508411702857,83.8,9.6193551019445,28,28,12.0569940858266,2.50797538618438,1.80721862857143,1.80721862857143
5,2.99508411702857,2.99508411702857,83.8,6.41609723325978,28,28,11.2153793892522,3.18493301184152,1.80721862857143,1.80721862857143
6,2.99508411702857,2.99508411702857,83.8,6.12208949249988,28,28,10.9510459362682,3.25687003836603,1.80721862857143,1.80721862857143
7,2.99508411702857,2.99508411702857,83.9,5.91385048870113,28,28,10.7558399384052,3.31162226104454,1.80721862857143,1.80721862857143
8,2.99508411702857,2.99508411702857,83.9,6.18902359388257,28,28,11.1180872643903,3.25548277335498,1.80721862857143,1.80721862857143
