"strata","dload.bi_kgd","dload.ub_kgd","tload_kglenS","degf","lenObs","lenStr","MSE_kglenS","Cl_kglenS","flowmu_m3s","flowav_m3s"
1,0.524889192914275,0.5268724266282,16.3,27,28,31,15.1823180409556,1.53861033405634,0.264979662637419,0.280508445691429
2,0.524532707716204,0.527661855764288,16.4,22.7778052836522,28,31,4.49555090571679,0.919514569818614,0.264979662637419,0.292235589862951
3,0.523931676620937,0.527815477500826,16.4,21.5561411493696,28,31,4.32320866470305,0.929862034591142,0.264979662637419,0.286530269846021
4,0.529187948536379,0.532354175148486,16.6,13.5611130895216,28,31,3.87900889495384,1.1505808649167,0.264979662637419,0.293231602494936
5,0.522261471990674,0.525084929798519,16.4,10.7607395573498,28,31,3.30816521361053,1.22368346664741,0.264979662637419,0.290516544529892
6,0.523931676620937,0.527815477500826,16.5,10.5465319135336,28,31,3.29730928724803,1.23715830196525,0.264979662637419,0.286530269846021
7,0.523931676620937,0.527815477500826,16.5,10.5305908888791,28,31,3.29494897674393,1.23789060805858,0.264979662637419,0.286530269846021
8,0.523931676620937,0.527815477500826,16.5,10.5221530063391,28,31,3.2937978230159,1.23829762103282,0.264979662637419,0.286530269846021
9,0.523931676620937,0.527815477500826,16.5,9.15236940293021,28,31,3.85802297453348,1.46499915423173,0.264979662637419,0.286530269846021
