"strata","dload.bi_kgd","dload.ub_kgd","tload_kglenS","degf","lenObs","lenStr","MSE_kglenS","Cl_kglenS","flowmu_m3s","flowav_m3s"
1,8.11737873828641,8.11737873828641,251.6,30,31,31,5736.88391439325,28.2417161548781,0.803176801754839,0.803176801754839
2,8.11737873828641,8.11737873828641,251.6,16.0880739337061,31,31,2716.17948142955,27.5328059556395,0.803176801754839,0.803176801754839
3,8.11737873828641,8.11737873828641,251.6,17.8940091265197,31,31,611.001751628191,12.2817927044384,0.803176801754839,0.803176801754839
4,8.11737873828641,8.11737873828641,251.5,4.29300614083824,31,31,264.679457389524,21.2261421510681,0.803176801754839,0.803176801754839
5,8.11737873828641,8.11737873828641,251.5,4.14305189252386,31,31,259.983595640743,21.6975989797786,0.803176801754839,0.803176801754839
6,8.11737873828641,8.11737873828641,251.5,4.03952175586862,31,31,256.692437592194,22.0473713251381,0.803176801754839,0.803176801754839
7,8.11737873828641,8.11737873828641,251.5,3.98659670434435,31,31,255.002223195877,22.2349417554756,0.803176801754839,0.803176801754839
8,8.11737873828641,8.11737873828641,251.5,3.97300058841417,31,31,254.566730524934,22.2841188946274,0.803176801754839,0.803176801754839
9,8.11737873828641,8.11737873828641,251.6,3.96444226127521,31,31,254.29183296104,22.315265454032,0.803176801754839,0.803176801754839
