"strata","dload.bi_kgd","dload.ub_kgd","tload_kglenS","degf","lenObs","lenStr","MSE_kglenS","Cl_kglenS","flowmu_m3s","flowav_m3s"
7,21.065526735104,21.065526735104,632,5.33396825339077,30,30,1223.23985163946,38.2061959322998,8.28061889777778,8.28061889777778
