"strata","dload.bi_kgd","dload.ub_kgd","tload_kglenS","degf","lenObs","lenStr","MSE_kglenS","Cl_kglenS","flowmu_m3s","flowav_m3s"
9,9.02491638632301,9.02508926587683,279.8,2.5553420274547,30,31,312.633879085957,38.9331964387505,0.860964691956989,0.860441744602151
