"strata","dload.bi_kgd","dload.ub_kgd","tload_kglenS","degf","lenObs","lenStr","MSE_kglenS","Cl_kglenS","flowmu_m3s","flowav_m3s"
1,47.8231094046523,47.8231094046523,1339,27,28,28,49448.4971161469,87.8084176355171,5.76240137904762,5.76240137904762
2,47.8231094046523,47.8231094046523,1339,13.5373585372683,28,28,14116.8898529949,69.4833870089178,5.76240137904762,5.76240137904762
3,47.8231094046523,47.8231094046523,1339.1,4.23274284102617,28,28,7110.9367950037,111.37398412146,5.76240137904762,5.76240137904762
4,47.8231094046523,47.8231094046523,1339,3.72211058485524,28,28,6662.64807433805,121.008436209548,5.76240137904762,5.76240137904762
5,47.8231094046523,47.8231094046523,1339.1,3.52027632128081,28,28,6478.04953388752,125.785474947354,5.76240137904762,5.76240137904762
6,47.8231094046523,47.8231094046523,1339.1,3.50185935797589,28,28,6461.06724011354,126.257114886297,5.76240137904762,5.76240137904762
7,47.8231094046523,47.8231094046523,1339.1,3.50063304748587,28,28,6459.93744604542,126.288767481238,5.76240137904762,5.76240137904762
8,47.8231094046523,47.8231094046523,1339.2,3.49390375353289,28,28,6453.72266169238,126.462846036807,5.76240137904762,5.76240137904762
