"strata","dload.bi_kgd","dload.ub_kgd","tload_kglenS","degf","lenObs","lenStr","MSE_kglenS","Cl_kglenS","flowmu_m3s","flowav_m3s"
1,4.2894350754271,4.2894350754271,133,30,31,31,881.009884472761,11.0673448715556,1.23200916129032,1.23200916129032
2,4.2894350754271,4.2894350754271,133,3.319321842843,31,31,510.164864022133,37.3913935493766,1.23200916129032,1.23200916129032
3,4.2894350754271,4.2894350754271,133,3.13690199254749,31,31,495.91200004397,39.0440760455101,1.23200916129032,1.23200916129032
4,4.2894350754271,4.2894350754271,133,3.11442949347849,31,31,494.142714162114,39.2660145603605,1.23200916129032,1.23200916129032
5,4.2894350754271,4.2894350754271,133,3.09144898011739,31,31,492.318065211702,39.4970650991896,1.23200916129032,1.23200916129032
6,4.2894350754271,4.2894350754271,133,3.09083073425036,31,31,492.268833506774,39.5033423270811,1.23200916129032,1.23200916129032
7,4.2894350754271,4.2894350754271,133,3.09082374202835,31,31,492.268276694199,39.5034133408705,1.23200916129032,1.23200916129032
8,4.2894350754271,4.2894350754271,133,3.09079299462191,31,31,492.265843473922,39.5037262339431,1.23200916129032,1.23200916129032
9,4.2894350754271,4.2894350754271,133.1,3.09079597756226,31,31,492.266081074661,39.5036959403609,1.23200916129032,1.23200916129032
