"strata","dload.bi_kgd","dload.ub_kgd","tload_kglenS","degf","lenObs","lenStr","MSE_kglenS","Cl_kglenS","flowmu_m3s","flowav_m3s"
1,69.3404339070171,69.3404339070171,1941.5,27,28,28,69088.0062253601,103.791295444424,15.4415892761905,15.4415892761905
2,69.3404339070171,69.3404339070171,1941.6,23.4639747046763,28,28,39373.7697836228,84.6479344476531,15.4415892761905,15.4415892761905
3,69.3404339070171,69.3404339070171,1941.6,16.9887034326592,28,28,15559.803168194,63.854046671657,15.4415892761905,15.4415892761905
4,69.3404339070171,69.3404339070171,1941.6,12.6758866987522,28,28,4124.20826371127,39.0696065025196,15.4415892761905,15.4415892761905
5,69.3404339070171,69.3404339070171,1941.6,12.5047503325302,28,28,3299.96892560101,35.2368187849535,15.4415892761905,15.4415892761905
6,69.3404339070171,69.3404339070171,1941.6,12.7797102356906,28,28,3393.31107655107,35.2647452278864,15.4415892761905,15.4415892761905
7,69.3404339070171,69.3404339070171,1941.6,11.5085495017556,28,28,3353.33481532693,37.3687891323035,15.4415892761905,15.4415892761905
8,69.3404339070171,69.3404339070171,1941.6,12.1774487905671,28,28,3626.88769316368,37.5411353941885,15.4415892761905,15.4415892761905
