"strata","dload.bi_kgd","dload.ub_kgd","tload_kglenS","degf","lenObs","lenStr","MSE_kglenS","Cl_kglenS","flowmu_m3s","flowav_m3s"
9,99.8880356898031,99.8880356898031,3096.5,7.5817735585201,31,31,8240.1327258681,76.7586042268707,9.18036593393548,9.18036593393548
