"strata","dload.bi_kgd","dload.ub_kgd","tload_kglenS","degf","lenObs","lenStr","MSE_kglenS","Cl_kglenS","flowmu_m3s","flowav_m3s"
1,72.3816931728609,72.3816931728609,2171.5,29,30,30,77537.8793354397,105.754787991299,15.6258542898844,15.6258542898844
2,72.3816931728609,72.3816931728609,2171.4,14.7359625464998,30,30,32558.023195632,100.344373957786,15.6258542898844,15.6258542898844
3,72.3816931728609,72.3816931728609,2171.4,6.45585297738806,30,30,19114.7373377323,130.899168211686,15.6258542898844,15.6258542898844
4,72.3816931728609,72.3816931728609,2171.4,6.39536290884407,30,30,19042.9183541499,131.546310524933,15.6258542898844,15.6258542898844
5,72.3816931728609,72.3816931728609,2171.5,5.55302888900474,30,30,18032.6526171758,142.205008630945,15.6258542898844,15.6258542898844
6,72.3816931728609,72.3816931728609,2171.4,5.25708693133358,30,30,17765.4947257866,147.261866119995,15.6258542898844,15.6258542898844
7,72.3816931728609,72.3816931728609,2171.4,4.90492281258129,30,30,16996.8214533333,152.207513468134,15.6258542898844,15.6258542898844
8,72.3816931728609,72.3816931728609,2171.4,4.75244626928885,30,30,16726.9439428614,154.924563503498,15.6258542898844,15.6258542898844
9,72.3816931728609,72.3816931728609,2171.4,4.70319155829095,30,30,16655.124959279,155.920696546563,15.6258542898844,15.6258542898844
