"strata","dload.bi_kgd","dload.ub_kgd","tload_kglenS","degf","lenObs","lenStr","MSE_kglenS","Cl_kglenS","flowmu_m3s","flowav_m3s"
1,104.505339990897,104.505339990897,3135.2,29,30,30,33836.0017044982,69.8606462191181,7.40761352693333,7.40761352693333
2,104.505339990897,104.505339990897,3135.1,14.903303369599,30,30,13018.7829165137,63.0324897011154,7.40761352693333,7.40761352693333
3,104.505339990897,104.505339990897,3135.1,15.7792709783186,30,30,6497.08482133574,43.0651781113787,7.40761352693333,7.40761352693333
4,104.505339990897,104.505339990897,3135.1,11.6508308900978,30,30,5765.8823112074,48.6317504269102,7.40761352693333,7.40761352693333
5,104.505339990897,104.505339990897,3135.1,4.23708838687543,30,30,5048.61176226094,93.7604429215193,7.40761352693333,7.40761352693333
6,104.505339990897,104.505339990897,3135.1,4.17767983332371,30,30,4922.35516970259,93.7258490123138,7.40761352693333,7.40761352693333
7,104.505339990897,104.505339990897,3135.1,3.86015516349732,30,30,4812.94055892877,99.4541624760379,7.40761352693333,7.40761352693333
8,104.505339990897,104.505339990897,3135,3.85882990458065,30,30,4812.11469757615,99.4767827113643,7.40761352693333,7.40761352693333
9,104.505339990897,104.505339990897,3135,3.86067875370239,30,30,4813.26895985211,99.4452530157641,7.40761352693333,7.40761352693333
