"strata","dload.bi_kgd","dload.ub_kgd","tload_kglenS","degf","lenObs","lenStr","MSE_kglenS","Cl_kglenS","flowmu_m3s","flowav_m3s"
7,58.6685821417879,58.6685821417879,1818.7,4.09167557813686,31,31,17134.5582735456,178.093221492404,2.75741066651183,2.75741066651183
