"strata","dload.bi_kgd","dload.ub_kgd","tload_kglenS","degf","lenObs","lenStr","MSE_kglenS","Cl_kglenS","flowmu_m3s","flowav_m3s"
1,57.4013087031629,57.4013087031629,1779.4,30,31,31,13127.6605935132,42.721522608988,5.52175773109677,5.52175773109677
2,57.4013087031629,57.4013087031629,1779.5,20.2926803957187,31,31,9609.71511107185,45.351415946172,5.52175773109677,5.52175773109677
3,57.4013087031629,57.4013087031629,1779.5,8.94851505366862,31,31,5252.89548469981,54.8564487405347,5.52175773109677,5.52175773109677
4,57.4013087031629,57.4013087031629,1779.5,5.53287279798723,31,31,4126.60559659267,68.2168068067169,5.52175773109677,5.52175773109677
5,57.4013087031629,57.4013087031629,1779.5,4.60910877473,31,31,3773.40574307006,75.4675610289001,5.52175773109677,5.52175773109677
6,57.4013087031629,57.4013087031629,1779.4,4.22713471040127,31,31,3611.45603098861,79.4623560223801,5.52175773109677,5.52175773109677
7,57.4013087031629,57.4013087031629,1779.4,4.19703345408727,31,31,3598.85456813415,79.8184079256801,5.52175773109677,5.52175773109677
8,57.4013087031629,57.4013087031629,1779.4,4.17349071178184,31,31,3588.72984672227,80.0984559528115,5.52175773109677,5.52175773109677
9,57.4013087031629,57.4013087031629,1779.4,4.15444503799155,31,31,3580.51889795431,80.3277586452179,5.52175773109677,5.52175773109677
