"strata","dload.bi_kgd","dload.ub_kgd","tload_kglenS","degf","lenObs","lenStr","MSE_kglenS","Cl_kglenS","flowmu_m3s","flowav_m3s"
1,0.480937333311705,0.480936503032737,14.9,29,30,31,5.30610122989544,0.874844458269499,0.0808398967741936,0.07928704
2,0.482837795117419,0.482852157889715,14.9,16.1143766252127,30,31,5.19954136331108,1.20348799034494,0.0808398967741935,0.078817268202765
3,0.471506707188739,0.471509635038786,14.6,4.31744368423376,30,31,4.44156134937509,2.73626266561662,0.0808398967741935,0.0804973548387097
4,0.471506707188739,0.471509635038786,14.6,3.89693076775045,30,31,4.20994311561972,2.91614966041473,0.0808398967741935,0.0804973548387097
5,0.471506707188739,0.471509635038786,14.6,3.71999652736,30,31,4.11168166410389,3.00768074656094,0.0808398967741935,0.0804973548387097
6,0.473191735918894,0.473177254098473,14.6,3.70119959866244,30,31,4.10261186666299,3.0185918196197,0.0808398967741935,0.0805658632258064
7,0.471506707188739,0.471509635038786,14.6,3.66665933233719,30,31,4.11430869331275,3.04955747486563,0.0808398967741936,0.0804973548387097
8,0.471506707188739,0.471509635038786,14.6,3.55818305564319,30,31,4.05234178383882,3.11386739566837,0.0808398967741936,0.0804973548387097
9,0.473191735918894,0.473177254098473,14.6,3.54000965684268,30,31,4.04327198639792,3.12566819046274,0.0808398967741936,0.0805658632258064
