"strata","dload.bi_kgd","dload.ub_kgd","tload_kglenS","degf","lenObs","lenStr","MSE_kglenS","Cl_kglenS","flowmu_m3s","flowav_m3s"
1,1.81445907711447,1.81445907711447,56.2,30,31,31,30.6153996428988,2.06311301724309,0.267274663156989,0.267274663156989
2,1.81445907711447,1.81445907711447,56.2,19.9219444056713,31,31,11.0000372101998,1.5504115890794,0.267274663156989,0.267274663156989
3,1.81445907711447,1.81445907711447,56.2,13.9552633522465,31,31,3.32640103548304,1.04744932445975,0.267274663156989,0.267274663156989
4,1.81445907711447,1.81445907711447,56.3,10.3973499638726,31,31,2.19313039464073,1.01804765115703,0.267274663156989,0.267274663156989
5,1.81445907711447,1.81445907711447,56.2,8.05057157072036,31,31,1.89889346270963,1.11872245649664,0.267274663156989,0.267274663156989
6,1.81445907711447,1.81445907711447,56.2,7.64006455007864,31,31,1.8489053266038,1.14377729113894,0.267274663156989,0.267274663156989
7,1.81445907711447,1.81445907711447,56.3,5.69202303256685,31,31,1.79725470203742,1.39319560588261,0.267274663156989,0.267274663156989
8,1.81445907711447,1.81445907711447,56.3,5.38411926668305,31,31,1.74726656593159,1.43350747156139,0.267274663156989,0.267274663156989
9,1.81445907711447,1.81445907711447,56.3,5.36999109071003,31,31,1.74497010979502,1.43548832954671,0.267274663156989,0.267274663156989
