"strata","dload.bi_kgd","dload.ub_kgd","tload_kglenS","degf","lenObs","lenStr","MSE_kglenS","Cl_kglenS","flowmu_m3s","flowav_m3s"
1,14.9835954453053,14.9835954453053,449.5,29,30,30,6447.37487260888,30.4954144943559,0.888636244444444,0.888636244444444
2,14.9835954453053,14.9835954453053,449.5,15.0980286576819,30,30,5322.43810615372,39.9967504140218,0.888636244444444,0.888636244444444
3,14.9835954453053,14.9835954453053,449.5,11.2569791201744,30,30,2772.16444055557,34.4435142566273,0.888636244444444,0.888636244444444
4,14.9835954453053,14.9835954453053,449.4,2.65632400900118,30,30,1029.97266661576,67.5122528486612,0.888636244444444,0.888636244444444
5,14.9835954453053,14.9835954453053,449.4,2.58234372513915,30,30,1015.5022900744,69.2958049667285,0.888636244444444,0.888636244444444
6,14.9835954453053,14.9835954453053,449.4,2.5796860714497,30,30,1014.97954132746,69.3626551080214,0.888636244444444,0.888636244444444
7,14.9835954453053,14.9835954453053,449.4,2.57924416020771,30,30,1014.89259413188,69.3737901772215,0.888636244444444,0.888636244444444
8,14.9835954453053,14.9835954453053,449.4,2.57907260189632,30,30,1014.85884050824,69.3781146064575,0.888636244444444,0.888636244444444
9,14.9835954453053,14.9835954453053,449.5,2.57907334496985,30,30,1014.85898670798,69.3780958741789,0.888636244444444,0.888636244444444
