"strata","dload.bi_kgd","dload.ub_kgd","tload_kglenS","degf","lenObs","lenStr","MSE_kglenS","Cl_kglenS","flowmu_m3s","flowav_m3s"
1,7.25601182290756,7.25601182290756,224.9,30,31,31,373.217814265854,7.20334532828563,1.50432238795699,1.50432238795699
2,7.25601182290756,7.25601182290756,225,17.2200259207025,31,31,112.110231468961,5.37808530559018,1.50432238795699,1.50432238795699
3,7.25601182290756,7.25601182290756,224.9,16.4812402634749,31,31,87.406428411764,4.87038880985496,1.50432238795699,1.50432238795699
4,7.25601182290756,7.25601182290756,225,13.1039409430022,31,31,39.8522393423099,3.76446452962376,1.50432238795699,1.50432238795699
5,7.25601182290756,7.25601182290756,224.9,11.8701710048913,31,31,37.8310752027922,3.89442073918032,1.50432238795699,1.50432238795699
6,7.25601182290756,7.25601182290756,224.9,10.5970543240854,31,31,36.3897202106281,4.09762770736418,1.50432238795699,1.50432238795699
7,7.25601182290756,7.25601182290756,224.9,10.6064454805295,31,31,36.4059970313615,4.09626807265655,1.50432238795699,1.50432238795699
8,7.25601182290756,7.25601182290756,224.9,10.6290093858736,31,31,36.5769492201078,4.1004083166334,1.50432238795699,1.50432238795699
9,7.25601182290756,7.25601182290756,224.9,11.5589948364667,31,31,39.0678398736861,4.02263402954186,1.50432238795699,1.50432238795699
