"strata","dload.bi_kgd","dload.ub_kgd","tload_kglenS","degf","lenObs","lenStr","MSE_kglenS","Cl_kglenS","flowmu_m3s","flowav_m3s"
1,4.8388508016571,4.83967280385905,150,29,30,31,2859.92525525339,20.3104909294822,0.345738993548387,0.344521066666667
2,4.78325581051266,4.78853560517211,148.5,20.542138253141,30,31,2624.41966001689,23.5378224716776,0.345738993548387,0.352963514369501
3,4.78325581051266,4.78853560517211,148.5,2.48688876584025,30,31,1936.5639965353,100.129332128094,0.345738993548387,0.352963514369501
4,4.72812968314219,4.72959835927329,146.6,2.21673701825688,30,31,1827.70839404392,112.663657494934,0.345738993548387,0.344540096774194
5,4.70270788838046,4.70245319901304,145.8,2.20803111781603,30,31,1824.11381404479,113.147532050733,0.345738993548387,0.339162188387097
6,4.74026281246029,4.74081764211987,146.9,2.20743261814015,30,31,1823.8735889661,113.181236074498,0.345738993548387,0.353503277419355
7,4.74026281246029,4.74081764211987,146.9,2.20610164485569,30,31,1823.32493124404,113.2558459716,0.345738993548387,0.353503277419355
8,4.74026281246029,4.74081764211987,147,2.20728606995196,30,31,1823.82154132805,113.189703491828,0.345738993548387,0.353503277419355
9,4.74026281246029,4.74081764211987,146.9,2.21307944557224,30,31,1826.24957041518,112.867787391958,0.345738993548387,0.353503277419355
