"strata","dload.bi_kgd","dload.ub_kgd","tload_kglenS","degf","lenObs","lenStr","MSE_kglenS","Cl_kglenS","flowmu_m3s","flowav_m3s"
1,9.0567177057943,9.06092219559715,280.9,29,30,31,819.08463058877,10.8694474679057,0.860964691956989,0.877463693688889
2,9.03532118255033,9.04140118784773,280.3,26.2929667068996,30,31,765.333680085731,11.0839321469761,0.860964691956989,0.872774214058906
3,9.01077782209394,9.01069028081795,279.3,3.69245436830702,30,31,379.00223270981,29.0773916340526,0.860964691956989,0.863880865634409
4,9.01077782209394,9.01069028081795,279.3,2.83026563873307,30,31,329.087182564412,35.5106475053509,0.860964691956989,0.863880865634409
5,9.02456164493204,9.0246786661879,279.8,2.77232876003789,30,31,325.750168918687,36.1563758671293,0.860964691956989,0.858994003221896
6,9.02456164493204,9.0246786661879,279.8,2.57754039794205,30,31,313.98968779052,38.6174700263873,0.860964691956989,0.858994003221896
7,9.02456164493204,9.0246786661879,279.8,2.56629093724395,30,31,313.303162389786,38.7764721105382,0.860964691956989,0.858994003221896
8,9.0192843480123,9.01962331198894,279.6,2.56318621889187,30,31,313.113558430285,38.8207188331152,0.860964691956989,0.858689996018433
9,9.02491638632301,9.02508926587683,279.8,2.5553420274547,30,31,312.633879085957,38.9331964387505,0.860964691956989,0.860441744602151
