"strata","dload.bi_kgd","dload.ub_kgd","tload_kglenS","degf","lenObs","lenStr","MSE_kglenS","Cl_kglenS","flowmu_m3s","flowav_m3s"
8,141.925361038457,141.925361038457,4257.8,3.29210101686381,30,30,14385.2376920687,200.194350545745,14.3918979730667,14.3918979730667
