"strata","dload.bi_kgd","dload.ub_kgd","tload_kglenS","degf","lenObs","lenStr","MSE_kglenS","Cl_kglenS","flowmu_m3s","flowav_m3s"
3,17.7475719943866,17.7532517825384,550.4,7.41461914335502,24,31,192.150078163422,11.9024264025939,3.89896455053763,3.61185172118912
