"strata","dload.bi_kgd","dload.ub_kgd","tload_kglenS","degf","lenObs","lenStr","MSE_kglenS","Cl_kglenS","flowmu_m3s","flowav_m3s"
8,0.441477047218898,0.442106156274827,13.2,2.28685448700769,27,30,0.647069834013891,2.03446759915977,0.234200387022222,0.235215072355556
