"strata","dload.bi_kgd","dload.ub_kgd","tload_kglenS","degf","lenObs","lenStr","MSE_kglenS","Cl_kglenS","flowmu_m3s","flowav_m3s"
6,12.9468944793514,12.9480789186816,401.3,5.49447028198574,24,31,131.008781532017,12.2198938590111,1.31330578064516,1.39999172645161
