"strata","dload.bi_kgd","dload.ub_kgd","tload_kglenS","degf","lenObs","lenStr","MSE_kglenS","Cl_kglenS","flowmu_m3s","flowav_m3s"
8,4.8570202043776,4.8570202043776,145.8,3.38839425361444,30,30,101.293534612718,16.3245546000539,0.602899281422222,0.602899281422222
