"strata","dload.bi_kgd","dload.ub_kgd","tload_kglenS","degf","lenObs","lenStr","MSE_kglenS","Cl_kglenS","flowmu_m3s","flowav_m3s"
1,43.71335208,43.71335208,1311.4,29,30,30,40304.2312090458,76.2462344678775,4.92735917333333,4.92735917333333
2,43.71335208,43.71335208,1311.4,11.0080760217779,30,30,36953.6025519147,127.511960804313,4.92735917333333,4.92735917333333
3,43.71335208,43.71335208,1311.4,3.13267507183676,30,30,35770.7113755302,332.064687829208,4.92735917333333,4.92735917333333
4,43.71335208,43.71335208,1311.4,2.8038654569772,30,30,33863.8826187272,364.0006651808,4.92735917333333,4.92735917333333
5,43.71335208,43.71335208,1311.4,2.80358651627412,30,30,33862.1980497418,364.032061089285,4.92735917333333,4.92735917333333
6,43.71335208,43.71335208,1311.4,2.80354155986332,30,30,33861.9278375936,364.037128889263,4.92735917333333,4.92735917333333
7,43.71335208,43.71335208,1311.4,2.80344867014787,30,30,33861.3674483541,364.047589679257,4.92735917333333,4.92735917333333
8,43.71335208,43.71335208,1311.4,2.80344888968536,30,30,33861.3687741944,364.047564962364,4.92735917333333,4.92735917333333
9,43.71335208,43.71335208,1311.4,2.80344976344192,30,30,33861.374051018,364.047466589454,4.92735917333333,4.92735917333333
