"strata","dload.bi_kgd","dload.ub_kgd","tload_kglenS","degf","lenObs","lenStr","MSE_kglenS","Cl_kglenS","flowmu_m3s","flowav_m3s"
8,7.29968775049975,7.29967831485792,226.2,3.4059387158238,30,31,283.062969143087,27.1510471448102,0.743290545328172,0.742717937004731
