"strata","dload.bi_kgd","dload.ub_kgd","tload_kglenS","degf","lenObs","lenStr","MSE_kglenS","Cl_kglenS","flowmu_m3s","flowav_m3s"
1,52.6694848645714,52.9755446192859,1536.3,16,17,29,8512.88810109449,48.8984318299566,5.72586071076782,6.5586683673098
2,54.4719988627396,54.5287259700354,1581.3,14.9076333110221,17,29,947.923362446901,17.0055913813443,5.72586071076782,8.47840306629885
3,54.6670355070387,54.7008036312093,1586.3,4.73733392834448,17,29,466.249547803259,25.9331844181197,5.72586071076782,8.49768959693136
4,54.6670355070387,54.7008036312093,1586.3,4.59149769599917,17,29,458.94830595405,26.4033811505478,5.72586071076782,8.49768959693136
5,55.2529370658612,55.2140418006257,1601.2,4.56439024785887,17,29,469.405499113096,26.8347563333783,5.72586071076782,5.7805980616092
