"strata","dload.bi_kgd","dload.ub_kgd","tload_kglenS","degf","lenObs","lenStr","MSE_kglenS","Cl_kglenS","flowmu_m3s","flowav_m3s"
1,11.9366485672994,11.9366485672994,370,30,31,31,1848.53479745982,16.0312308473254,2.73090042506753,2.73090042506753
2,11.9366485672994,11.9366485672994,370,21.2498866451619,31,31,1130.09863654706,15.1548519382049,2.73090042506753,2.73090042506753
3,11.9366485672994,11.9366485672994,370,8.41832711521527,31,31,399.871667978567,15.756633736123,2.73090042506753,2.73090042506753
4,11.9366485672994,11.9366485672994,370,7.15073065813863,31,31,367.228530898679,16.8733873891585,2.73090042506753,2.73090042506753
5,11.9366485672994,11.9366485672994,370,7.03470349899063,31,31,365.849253269803,17.0355505371226,2.73090042506753,2.73090042506753
6,11.9366485672994,11.9366485672994,370,7.01938752120778,31,31,366.091707010871,17.067281880543,2.73090042506753,2.73090042506753
7,11.9366485672994,11.9366485672994,370,7.11351945809439,31,31,368.576492683367,16.9660372475715,2.73090042506753,2.73090042506753
8,11.9366485672994,11.9366485672994,370,2.8454930510113,31,31,384.458378073042,38.1546211280922,2.73090042506753,2.73090042506753
9,11.9366485672994,11.9366485672994,370.1,7.68860073758958,31,31,394.661792002328,16.6386821262917,2.73090042506753,2.73090042506753
