"strata","dload.bi_kgd","dload.ub_kgd","tload_kglenS","degf","lenObs","lenStr","MSE_kglenS","Cl_kglenS","flowmu_m3s","flowav_m3s"
1,4.21826417837419,4.21826417837419,130.8,30,31,31,1369.18530841745,13.7969842336301,0.507418787096774,0.507418787096774
2,4.21826417837419,4.21826417837419,130.8,3.50046713916637,31,31,176.485482105941,20.8749254613314,0.507418787096774,0.507418787096774
3,4.21826417837419,4.21826417837419,130.8,3.18583278909274,31,31,168.313681617243,22.3868874418271,0.507418787096774,0.507418787096774
4,4.21826417837419,4.21826417837419,130.8,3.09349114512593,31,31,165.850691169964,22.9087342211844,0.507418787096774,0.507418787096774
5,4.21826417837419,4.21826417837419,130.8,3.05328675295691,31,31,164.766793832152,23.1491274883085,0.507418787096774,0.507418787096774
6,4.21826417837419,4.21826417837419,130.7,3.0513885123742,31,31,164.715597484382,23.1606983310847,0.507418787096774,0.507418787096774
7,4.21826417837419,4.21826417837419,130.7,3.04591007250258,31,31,164.567612657971,23.1941911389672,0.507418787096774,0.507418787096774
8,4.21826417837419,4.21826417837419,130.7,3.04705801719173,31,31,164.598732499101,23.1871667897145,0.507418787096774,0.507418787096774
9,4.21826417837419,4.21826417837419,130.9,3.06757962602538,31,31,165.153170914131,23.0627174901288,0.507418787096774,0.507418787096774
