"strata","dload.bi_kgd","dload.ub_kgd","tload_kglenS","degf","lenObs","lenStr","MSE_kglenS","Cl_kglenS","flowmu_m3s","flowav_m3s"
8,40.0125240764284,40.0125240764284,1240.3,8.13138375442781,31,31,3050.61153730341,44.5401002295025,13.1185949247312,13.1185949247312
