"strata","dload.bi_kgd","dload.ub_kgd","tload_kglenS","degf","lenObs","lenStr","MSE_kglenS","Cl_kglenS","flowmu_m3s","flowav_m3s"
1,87.3275404102593,87.5809308082365,2627.4,27,28,30,155779.182181403,155.852693530339,5.68939651102222,4.79401822752381
2,91.3110674454548,91.8040919021011,2754.2,6.12949565147011,28,30,22266.2778452727,146.726878615886,5.68939651102222,6.3151348648
3,91.3110674454548,91.8040919021011,2754.1,3.8875240594412,28,30,17609.2140682626,189.014277912953,5.68939651102222,6.3151348648
4,91.3110674454548,91.8040919021011,2754.2,2.28487889033464,28,30,13274.5517915987,291.725647583938,5.68939651102222,6.3151348648
5,91.3110674454548,91.8040919021011,2754.3,2.26711299019983,28,30,13222.8178538964,294.146062853005,5.68939651102222,6.3151348648
6,91.3110674454548,91.8040919021011,2754.3,2.26496580580145,28,30,13216.5541513526,294.44256489087,5.68939651102222,6.3151348648
7,91.3110674454548,91.8040919021011,2754.2,2.26450883994467,28,30,13215.2207906591,294.505778746532,5.68939651102222,6.3151348648
8,91.3110674454548,91.8040919021011,2754.2,2.26818491034978,28,30,13225.9638319472,293.998588025248,5.68939651102222,6.3151348648
