"strata","dload.bi_kgd","dload.ub_kgd","tload_kglenS","degf","lenObs","lenStr","MSE_kglenS","Cl_kglenS","flowmu_m3s","flowav_m3s"
1,2.11640351691064,2.11640351691064,63.5,29,30,30,166.902841515681,4.90653549308591,0.70846793008,0.70846793008
2,2.11640351691064,2.11640351691064,63.5,19.1658734840509,30,30,109.037100235984,4.98933571226468,0.70846793008,0.70846793008
3,2.11640351691064,2.11640351691064,63.6,14.8660218786459,30,30,11.8849111359056,1.90728967097456,0.70846793008,0.70846793008
4,2.11640351691064,2.11640351691064,63.6,5.31674519904679,30,30,5.46790222009866,2.56084047303776,0.70846793008,0.70846793008
5,2.11640351691064,2.11640351691064,63.6,3.83759435663301,30,30,4.60659709078383,3.0933820032519,0.70846793008,0.70846793008
6,2.11640351691064,2.11640351691064,63.5,3.81324959510355,30,30,4.59277808521809,3.10681126416179,0.70846793008,0.70846793008
7,2.11640351691064,2.11640351691064,63.5,3.75308466716156,30,30,4.55730453219349,3.14053019844797,0.70846793008,0.70846793008
8,2.11640351691064,2.11640351691064,63.5,3.47661688873001,30,30,4.38260743795196,3.31138194976467,0.70846793008,0.70846793008
9,2.11640351691064,2.11640351691064,63.6,3.48981758992455,30,30,4.39799741007206,3.30503964964626,0.70846793008,0.70846793008
