"strata","dload.bi_kgd","dload.ub_kgd","tload_kglenS","degf","lenObs","lenStr","MSE_kglenS","Cl_kglenS","flowmu_m3s","flowav_m3s"
5,7.76563174513959,7.76953115336538,240.9,16.3263444920872,27,31,60.0570298855627,4.05927871379579,0.652487408354925,0.604243971317888
