"strata","dload.bi_kgd","dload.ub_kgd","tload_kglenS","degf","lenObs","lenStr","MSE_kglenS","Cl_kglenS","flowmu_m3s","flowav_m3s"
1,0.817278926225342,0.817278926225342,25.3,30,31,31,2.71559867836828,0.614449007568704,0.57167356455914,0.57167356455914
2,0.817278926225342,0.817278926225342,25.3,19.4976864778512,31,31,1.56036918850012,0.591080498272721,0.57167356455914,0.57167356455914
3,0.817278926225342,0.817278926225342,25.3,22.4149865742918,31,31,1.18940563219781,0.477212674162883,0.57167356455914,0.57167356455914
4,0.817278926225342,0.817278926225342,25.3,20.1940495807804,31,31,1.19706901583231,0.507559682981799,0.57167356455914,0.57167356455914
5,0.817278926225342,0.817278926225342,25.3,16.9258322037471,31,31,1.11618122987414,0.54197820786073,0.57167356455914,0.57167356455914
6,0.817278926225342,0.817278926225342,25.3,14.0774246906848,31,31,1.09602067330624,0.598146867828162,0.57167356455914,0.57167356455914
7,0.817278926225342,0.817278926225342,25.3,14.0511474003073,31,31,1.1025677546612,0.600596178095479,0.57167356455914,0.57167356455914
8,0.817278926225342,0.817278926225342,25.3,10.6715682249718,31,31,1.11506345926885,0.714144381935506,0.57167356455914,0.57167356455914
9,0.817278926225342,0.817278926225342,25.4,10.5148055539605,31,31,1.12779660158914,0.724907391051901,0.57167356455914,0.57167356455914
