"strata","dload.bi_kgd","dload.ub_kgd","tload_kglenS","degf","lenObs","lenStr","MSE_kglenS","Cl_kglenS","flowmu_m3s","flowav_m3s"
8,101.25548158505,101.25246714206,3138.9,2.89666348445018,30,31,17286.7934548159,250.886389496746,8.28674405505376,8.2806848688172
