"strata","dload.bi_kgd","dload.ub_kgd","tload_kglenS","degf","lenObs","lenStr","MSE_kglenS","Cl_kglenS","flowmu_m3s","flowav_m3s"
1,10.8540091984982,10.8830971709604,326.5,21,22,30,1464.17991329369,17.3648195634667,1.47151929080373,1.51687949090909
2,9.97489478010354,9.97659652234737,299.3,12.3265379139272,22,30,708.91355695721,16.4748542539744,1.47151929080373,1.34478580740741
3,9.97489478010354,9.97659652234737,299.3,2.44336316850796,22,30,373.865946275587,44.9599120144488,1.47151929080373,1.34478580740741
4,10.0745877006117,10.074136470177,302.3,2.35586124154722,22,30,367.078640175681,46.6361348152345,1.47151929080373,1.36156613333333
5,10.0721690937872,10.0719731215802,302.2,2.36141526883096,22,30,367.515060860268,46.5243094048602,1.47151929080373,1.37478064
6,10.0721690937873,10.0719731215802,302.2,2.37276140196685,22,30,368.539437901542,46.3067496640218,1.47151929080373,1.37478064
7,10.0721690937872,10.0719731215802,302.1,2.41225626434704,22,30,371.787906140241,45.5547331777525,1.47151929080373,1.37478064
