"strata","dload.bi_kgd","dload.ub_kgd","tload_kglenS","degf","lenObs","lenStr","MSE_kglenS","Cl_kglenS","flowmu_m3s","flowav_m3s"
1,1.61325666833684,1.61325666833684,50,30,31,31,59.1062421002662,2.86661736238553,0.383278666652903,0.383278666652903
2,1.61325666833684,1.61325666833684,50,24.0754578179916,31,31,34.1001742642578,2.45588113932821,0.383278666652903,0.383278666652903
3,1.61325666833684,1.61325666833684,50,26.1584932030724,31,31,9.72023285072394,1.25264388313093,0.383278666652903,0.383278666652903
4,1.61325666833684,1.61325666833684,50,22.7279022059324,31,31,8.64279922257214,1.27650916520344,0.383278666652903,0.383278666652903
5,1.61325666833684,1.61325666833684,50,4.64424197024729,31,31,7.81771532731055,3.41346580302768,0.383278666652903,0.383278666652903
6,1.61325666833684,1.61325666833684,50,3.53982976697419,31,31,6.74028169915875,4.03586455491452,0.383278666652903,0.383278666652903
7,1.61325666833684,1.61325666833684,50.1,3.36072817154551,31,31,6.56641830602705,4.19015747960386,0.383278666652903,0.383278666652903
8,1.61325666833684,1.61325666833684,50.1,3.33472737576887,31,31,6.54092094871032,4.21436930533568,0.383278666652903,0.383278666652903
9,1.61325666833684,1.61325666833684,50.1,3.33723439459219,31,31,6.54338801089563,4.21201495190251,0.383278666652903,0.383278666652903
