"strata","dload.bi_kgd","dload.ub_kgd","tload_kglenS","degf","lenObs","lenStr","MSE_kglenS","Cl_kglenS","flowmu_m3s","flowav_m3s"
9,25.9067556904877,25.9067556904877,803.1,4.17794883242281,31,31,2111.20344780367,61.3781108233114,2.54912096344086,2.54912096344086
