"strata","dload.bi_kgd","dload.ub_kgd","tload_kglenS","degf","lenObs","lenStr","MSE_kglenS","Cl_kglenS","flowmu_m3s","flowav_m3s"
1,1.08179895056516,1.08179895056516,33.5,30,31,31,45.6429835465064,2.51906901127681,0.364921341935484,0.364921341935484
2,1.08179895056516,1.08179895056516,33.5,6.49136610027773,31,31,18.8732873286184,4.09691223338872,0.364921341935484,0.364921341935484
3,1.08179895056516,1.08179895056516,33.5,2.43242193310604,31,31,11.9193772759614,8.07253140922437,0.364921341935484,0.364921341935484
4,1.08179895056516,1.08179895056516,33.6,3.81913196512248,31,31,10.2343397027705,4.6311892576932,0.364921341935484,0.364921341935484
5,1.08179895056516,1.08179895056516,33.6,3.77114249292957,31,31,10.1697383384026,4.6706214672022,0.364921341935484,0.364921341935484
6,1.08179895056516,1.08179895056516,33.5,3.75519315114217,31,31,10.1481966478363,4.68400531642095,0.364921341935484,0.364921341935484
7,1.08179895056516,1.08179895056516,33.5,3.75065192169099,31,31,10.1420574503198,4.6878423009079,0.364921341935484,0.364921341935484
8,1.08179895056516,1.08179895056516,33.5,3.75016866479713,31,31,10.1414040280036,4.68825131175622,0.364921341935484,0.364921341935484
9,1.08179895056516,1.08179895056516,33.5,3.75119059553943,31,31,10.1428291196858,4.68739656058766,0.364921341935484,0.364921341935484
