"strata","dload.bi_kgd","dload.ub_kgd","tload_kglenS","degf","lenObs","lenStr","MSE_kglenS","Cl_kglenS","flowmu_m3s","flowav_m3s"
6,23.8532417031496,23.8309195343409,714.9,12.3700412846081,26,30,456.282025390824,13.189007753224,5.58164580571429,6.26731689142857
