"strata","dload.bi_kgd","dload.ub_kgd","tload_kglenS","degf","lenObs","lenStr","MSE_kglenS","Cl_kglenS","flowmu_m3s","flowav_m3s"
1,4.60862431914017,4.60862431914017,142.9,30,31,31,146.879495152091,4.51890944305146,1.10362444387097,1.10362444387097
2,4.60862431914017,4.60862431914017,142.9,28.7522218026322,31,31,103.347335711969,3.87898956429198,1.10362444387097,1.10362444387097
3,4.60862431914017,4.60862431914017,142.9,27.958156166816,31,31,59.8331331920476,2.99683046458471,1.10362444387097,1.10362444387097
4,4.60862431914017,4.60862431914017,142.9,20.6689060013356,31,31,34.3760158262367,2.68457483897692,1.10362444387097,1.10362444387097
5,4.60862431914017,4.60862431914017,142.9,19.4389889159025,31,31,21.8006581293212,2.21313967622689,1.10362444387097,1.10362444387097
6,4.60862431914017,4.60862431914017,142.9,11.6094493271917,31,31,14.0995517836752,2.41012552422763,1.10362444387097,1.10362444387097
7,4.60862431914017,4.60862431914017,142.9,9.72260251454004,31,31,12.6574311695998,2.55214860495637,1.10362444387097,1.10362444387097
8,4.60862431914017,4.60862431914017,142.9,9.63533176512065,31,31,12.6779927880814,2.56901557075409,1.10362444387097,1.10362444387097
9,4.60862431914017,4.60862431914017,142.9,9.68456863911806,31,31,12.7337503315702,2.56626227509341,1.10362444387097,1.10362444387097
