"strata","dload.bi_kgd","dload.ub_kgd","tload_kglenS","degf","lenObs","lenStr","MSE_kglenS","Cl_kglenS","flowmu_m3s","flowav_m3s"
8,37.5575938260419,37.5687672124229,1126.9,3.45093811016681,29,30,1752.03560255514,66.6872572813515,3.4907110448,3.37660259986667
