"strata","dload.bi_kgd","dload.ub_kgd","tload_kglenS","degf","lenObs","lenStr","MSE_kglenS","Cl_kglenS","flowmu_m3s","flowav_m3s"
1,2.84046819192553,2.84037856701321,85.2,28,29,30,28.1236596857909,2.05292546900661,0.44882128,0.444769048275862
2,2.85267599046907,2.85268061197658,85.6,15.7276835963936,29,30,15.7851796301439,2.12676914343054,0.44882128,0.443610202222222
3,2.85136719934353,2.8513944468791,85.5,15.5777318426913,29,30,15.9643090309906,2.15078552395567,0.44882128,0.444424724210526
4,2.85680025501957,2.85649549281897,85.7,13.5497706478632,29,30,15.8438714970217,2.32650727126507,0.44882128,0.448091907878788
5,2.85680025501957,2.85649549281897,85.7,13.5998331428415,29,30,15.8745430120393,2.32363657019242,0.44882128,0.448091907878788
6,2.85512096824549,2.85467478303107,85.7,11.5706316283437,29,30,16.0615718214723,2.57766148034155,0.44882128,0.452529432380952
7,2.85512096824549,2.85467478303107,85.7,11.7791655085992,29,30,16.2514891131074,2.56456113888204,0.44882128,0.452529432380952
8,2.87345814251016,2.87227233676004,86.3,8.62436935839916,29,30,16.6190399279033,3.16120742191779,0.44882128,0.449135911111111
9,2.85922246423273,2.85817235180947,85.7,6.18386194411271,29,30,22.4274665823265,4.62654082657413,0.44882128,0.453304773333333
