"strata","dload.bi_kgd","dload.ub_kgd","tload_kglenS","degf","lenObs","lenStr","MSE_kglenS","Cl_kglenS","flowmu_m3s","flowav_m3s"
1,4.25276141758772,4.2853305717591,132.8,18,19,31,161.825070243774,6.29936229622758,0.647194165677419,0.788145965473684
2,3.98877355963816,3.99697765772677,123.9,14.4380040691702,19,31,49.6721132204349,3.96690951329683,0.647194165677419,0.683269540516129
3,3.93144388497695,3.93558613493392,122,10.0202650678054,19,31,27.0117939088202,3.65729774524429,0.647194165677419,0.640808042193548
4,4.01262712215048,4.01805350769387,124.6,6.42585359795448,19,31,19.5143064752814,4.19654738140194,0.647194165677419,0.640399047122581
5,3.9961176210084,3.99950147644752,123.9,4.46323020325291,19,31,15.606303554732,4.98600034878422,0.647194165677419,0.641163600722581
6,4.00003509538863,4.00431494471517,124,4.01206428726897,19,31,24.3886582206047,6.83729395859478,0.647194165677419,0.627083148043011
