"strata","dload.bi_kgd","dload.ub_kgd","tload_kglenS","degf","lenObs","lenStr","MSE_kglenS","Cl_kglenS","flowmu_m3s","flowav_m3s"
1,37.106576834621,37.1504795562626,1151.7,25,26,31,36194.179501823,78.3644860427077,3.05837882012903,3.41978181723077
2,36.1681652561019,36.2378663286288,1123.3,11.9692346362797,26,31,15013.2865970739,77.1877610145788,3.05837882012903,3.18886424393241
3,36.318340851422,36.3291456160227,1126.2,13.7667048504347,26,31,4657.57211463674,39.5129836820856,3.05837882012903,3.22680501515699
4,36.318340851422,36.3291456160227,1126.1,9.82616552807785,26,31,3589.71246448585,42.6896388790386,3.05837882012903,3.22680501515699
5,36.1798032760883,36.2638479180724,1124.1,8.00748083291769,26,31,3171.24448431796,45.8834823768948,3.05837882012903,3.29129954152602
6,35.3353460531982,35.3348953654807,1095.2,5.39680261374939,26,31,2562.22795014071,54.7945431184505,3.05837882012903,2.91218750422939
7,35.4058282372453,35.4067691504338,1097.4,5.39073790667011,26,31,2560.78712162571,54.8268780650198,3.05837882012903,2.91030052951398
8,35.4498681814485,35.4466758616967,1098.7,5.39879120829372,26,31,2562.70849681596,54.7840460856101,3.05837882012903,2.92059018477419
