"strata","dload.bi_kgd","dload.ub_kgd","tload_kglenS","degf","lenObs","lenStr","MSE_kglenS","Cl_kglenS","flowmu_m3s","flowav_m3s"
1,141.925361038457,141.925361038457,4257.8,29,30,30,126209.365557181,134.923895415717,14.3918979730667,14.3918979730667
2,141.925361038457,141.925361038457,4257.7,14.2243077516771,30,30,50722.1000774037,127.886602033384,14.3918979730667,14.3918979730667
3,141.925361038457,141.925361038457,4257.7,14.3611754850847,30,30,35492.1502213644,106.373048689992,14.3918979730667,14.3918979730667
4,141.925361038457,141.925361038457,4257.8,7.51257822173627,30,30,23435.0723102128,130.264048728188,14.3918979730667,14.3918979730667
5,141.925361038457,141.925361038457,4257.8,6.22361318887185,30,30,21606.008653776,142.926709835104,14.3918979730667,14.3918979730667
6,141.925361038457,141.925361038457,4257.8,3.81380562291422,30,30,15499.8228958445,180.460583428971,14.3918979730667,14.3918979730667
7,141.925361038457,141.925361038457,4257.8,3.32556584218282,30,30,14458.2884412554,198.683165262556,14.3918979730667,14.3918979730667
8,141.925361038457,141.925361038457,4257.8,3.29210101686381,30,30,14385.2376920687,200.194350545745,14.3918979730667,14.3918979730667
9,141.925361038457,141.925361038457,4257.8,3.29416209891789,30,30,14389.7597903153,200.10021172949,14.3918979730667,14.3918979730667
