"strata","dload.bi_kgd","dload.ub_kgd","tload_kglenS","degf","lenObs","lenStr","MSE_kglenS","Cl_kglenS","flowmu_m3s","flowav_m3s"
8,14.437880019968,14.437880019968,433,3.01635338972109,30,30,741.170816595223,49.7333943409877,1.32420368888889,1.32420368888889
