"strata","dload.bi_kgd","dload.ub_kgd","tload_kglenS","degf","lenObs","lenStr","MSE_kglenS","Cl_kglenS","flowmu_m3s","flowav_m3s"
7,8.27190990799296,8.27190990799296,256.4,6.30051393582918,31,31,99.4542243115811,9.61039233484355,1.03317270219355,1.03317270219355
