"strata","dload.bi_kgd","dload.ub_kgd","tload_kglenS","degf","lenObs","lenStr","MSE_kglenS","Cl_kglenS","flowmu_m3s","flowav_m3s"
1,0.905743927058168,0.905743927058168,28.1,30,31,31,1.21364546729547,0.410770240146226,0.344058254451613,0.344058254451613
2,0.905743927058168,0.905743927058168,28.1,15.6983854812456,31,31,0.661802827865578,0.435945183168902,0.344058254451613,0.344058254451613
3,0.905743927058168,0.905743927058168,28.1,13.4905225470061,31,31,0.635492999303455,0.467160526738227,0.344058254451613,0.344058254451613
4,0.905743927058168,0.905743927058168,28,11.1597304990138,31,31,0.596625760468158,0.508023029532869,0.344058254451613,0.344058254451613
5,0.905743927058168,0.905743927058168,28.1,10.4816772425515,31,31,0.577428474463206,0.519729657969064,0.344058254451613,0.344058254451613
6,0.905743927058168,0.905743927058168,28,9.89712570196523,31,31,0.560409458528887,0.530948842286456,0.344058254451613,0.344058254451613
7,0.905743927058168,0.905743927058168,28,9.63904426387254,31,31,0.553434121669752,0.536620393712102,0.344058254451613,0.344058254451613
8,0.905743927058168,0.905743927058168,28,9.67495256166247,31,31,0.554509464245788,0.535862922091238,0.344058254451613,0.344058254451613
9,0.905743927058168,0.905743927058168,28.1,9.51232721669735,31,31,0.586006219747461,0.556898976018505,0.344058254451613,0.344058254451613
