"strata","dload.bi_kgd","dload.ub_kgd","tload_kglenS","degf","lenObs","lenStr","MSE_kglenS","Cl_kglenS","flowmu_m3s","flowav_m3s"
1,70.2792467633139,70.2792467633139,2178.7,30,31,31,23314.1948570883,56.9328944484266,9.80811802831828,9.80811802831828
2,70.2792467633139,70.2792467633139,2178.7,20.2767640610991,31,31,6412.45231169806,37.0629150773113,9.80811802831828,9.80811802831828
3,70.2792467633139,70.2792467633139,2178.6,14.615979725206,31,31,4887.19361549157,39.0648060272096,9.80811802831828,9.80811802831828
4,70.2792467633139,70.2792467633139,2178.6,12.5571768755969,31,31,3936.39531300626,38.3875502573231,9.80811802831828,9.80811802831828
5,70.2792467633139,70.2792467633139,2178.5,11.9226357014268,31,31,3833.36325158844,39.0963684085757,9.80811802831828,9.80811802831828
6,70.2792467633139,70.2792467633139,2178.5,11.9123018521156,31,31,3831.80650266907,39.1091692571704,9.80811802831828,9.80811802831828
7,70.2792467633139,70.2792467633139,2178.7,5.85568429176883,31,31,3774.69087347421,62.4985815405637,9.80811802831828,9.80811802831828
8,70.2792467633139,70.2792467633139,2178.7,5.79968640129838,31,31,3756.57513671022,62.7998826269403,9.80811802831828,9.80811802831828
9,70.2792467633139,70.2792467633139,2178.7,5.79970881087705,31,31,3756.58244194977,62.7997611528685,9.80811802831828,9.80811802831828
