"strata","dload.bi_kgd","dload.ub_kgd","tload_kglenS","degf","lenObs","lenStr","MSE_kglenS","Cl_kglenS","flowmu_m3s","flowav_m3s"
1,15.5310508512619,15.5310508512619,481.5,30,31,31,3718.22651366604,22.7363619561793,3.52072213333333,3.52072213333333
2,15.5310508512619,15.5310508512619,481.5,28.5769404056633,31,31,2287.64955345868,18.3108420202314,3.52072213333333,3.52072213333333
3,15.5310508512619,15.5310508512619,481.5,19.5833819159563,31,31,1867.19358535163,20.3962430310998,3.52072213333333,3.52072213333333
4,15.5310508512619,15.5310508512619,481.5,13.0648771972643,31,31,1368.59475522667,22.1000602806074,3.52072213333333,3.52072213333333
5,15.5310508512619,15.5310508512619,481.5,10.6985221820964,31,31,1285.38214477417,24.2084275876857,3.52072213333333,3.52072213333333
6,15.5310508512619,15.5310508512619,481.5,7.31525034997789,31,31,951.01359890207,26.7275459940647,3.52072213333333,3.52072213333333
7,15.5310508512619,15.5310508512619,481.6,6.62063639408888,31,31,939.810862454651,28.5035394847247,3.52072213333333,3.52072213333333
8,15.5310508512619,15.5310508512619,481.6,6.59922761234225,31,31,938.291761739811,28.5466711605471,3.52072213333333,3.52072213333333
9,15.5310508512619,15.5310508512619,481.7,6.5563139391417,31,31,935.414420740017,28.6366594215751,3.52072213333333,3.52072213333333
