"strata","dload.bi_kgd","dload.ub_kgd","tload_kglenS","degf","lenObs","lenStr","MSE_kglenS","Cl_kglenS","flowmu_m3s","flowav_m3s"
1,45.069580685312,45.069580685312,1352.1,29,30,30,17419.6570487327,50.1259803799528,11.0842967288889,11.0842967288889
2,45.069580685312,45.069580685312,1352,26.7195228886942,30,30,6418.81642821598,31.8176406306819,11.0842967288889,11.0842967288889
3,45.069580685312,45.069580685312,1352.1,26.1071842159695,30,30,4987.95748293039,28.4065364549585,11.0842967288889,11.0842967288889
4,45.069580685312,45.069580685312,1352.1,15.1240608869192,30,30,1740.96221191967,22.8520589315046,11.0842967288889,11.0842967288889
5,45.069580685312,45.069580685312,1352.1,13.9564166785366,30,30,1696.25805712306,23.6521353319095,11.0842967288889,11.0842967288889
6,45.069580685312,45.069580685312,1352.1,13.9124267024304,30,30,1693.56289395929,23.6777187236454,11.0842967288889,11.0842967288889
7,45.069580685312,45.069580685312,1352,13.9230015894475,30,30,1694.33043616107,23.6723896730028,11.0842967288889,11.0842967288889
8,45.069580685312,45.069580685312,1352,11.8415672555405,30,30,1805.1292972782,26.9410385568864,11.0842967288889,11.0842967288889
9,45.069580685312,45.069580685312,1352.1,4.3958859572209,30,30,7213.54271257814,108.586692213299,11.0842967288889,11.0842967288889
