"strata","dload.bi_kgd","dload.ub_kgd","tload_kglenS","degf","lenObs","lenStr","MSE_kglenS","Cl_kglenS","flowmu_m3s","flowav_m3s"
1,7.06529977608118,7.1065186912762,220.3,28,29,31,4778.95500506486,26.7610861696391,1.52101240122151,1.56082803738851
2,6.90135296063135,6.90144671530182,213.9,3.0527435943456,29,31,572.973816698673,43.1766106286757,1.52101240122151,1.50634407959467
3,6.88219822783938,6.88218071299262,213.3,3.03605207892314,29,31,571.403842988529,43.367596792121,1.52101240122151,1.50075336197358
4,6.86409208888975,6.86394057901855,212.7,3.02514053837152,29,31,570.375559892264,43.4939940307095,1.52101240122151,1.49991775538925
5,6.86409208888975,6.86394057901855,212.7,3.02149271338087,29,31,570.031396595821,43.5365243297577,1.52101240122151,1.49991775538925
6,6.84958236004822,6.8501213050079,212.3,3.0199681697858,29,31,569.887637679065,43.5543454303936,1.52101240122151,1.50861512349247
7,6.84958236004822,6.8501213050079,212.3,3.02042025769849,29,31,569.930347410813,43.5490611300273,1.52101240122151,1.50861512349247
8,6.84958236004822,6.8501213050079,212.3,3.02150537395464,29,31,570.033119878017,43.5363966594668,1.52101240122151,1.50861512349247
9,6.9217414897287,6.92318301912206,214.6,3.07073218726184,29,31,574.695712977278,42.9751902334074,1.52101240122151,1.51494590742366
