"strata","dload.bi_kgd","dload.ub_kgd","tload_kglenS","degf","lenObs","lenStr","MSE_kglenS","Cl_kglenS","flowmu_m3s","flowav_m3s"
7,32.7180118234751,32.7180118234751,916.1,6.64351923941619,28,28,4597.5503224648,62.8882195901835,7.53104571650286,7.53104571650286
