"strata","dload.bi_kgd","dload.ub_kgd","tload_kglenS","degf","lenObs","lenStr","MSE_kglenS","Cl_kglenS","flowmu_m3s","flowav_m3s"
1,17.9930966588897,18.0860976195517,560.7,28,29,31,43046.8755674784,80.3171118482637,1.95645353158793,1.34149538078161
2,22.3206493636387,22.8511945118105,708.4,2.0090533960754,29,31,16104.1482872067,383.561796276617,1.95645353158793,1.64524211033692
3,22.3206493636387,22.8511945118105,708.4,2.00317140431039,29,31,16080.5552307047,384.91871841398,1.95645353158793,1.64524211033692
4,22.3206493636387,22.8511945118105,708.3,2.00265917949055,29,31,16078.4994689564,385.037502743377,1.95645353158793,1.64524211033692
5,22.3206493636387,22.8511945118105,708.3,2.00245146325722,29,31,16077.6656058012,385.085698363756,1.95645353158793,1.64524211033692
6,22.3206493636387,22.8511945118105,708.3,2.00240391815474,29,31,16077.4747340682,385.096732374528,1.95645353158793,1.64524211033692
7,22.3206493636387,22.8511945118105,708.4,2.00235244211023,29,31,16077.2680788685,385.108679617676,1.95645353158793,1.64524211033692
8,22.3206493636387,22.8511945118105,708.5,2.00234417060522,29,31,16077.2348720404,385.11059947281,1.95645353158793,1.64524211033692
9,22.3206493636387,22.8511945118105,708.5,2.00238129089571,29,31,16077.3838971907,385.101983909354,1.95645353158793,1.64524211033692
