"strata","dload.bi_kgd","dload.ub_kgd","tload_kglenS","degf","lenObs","lenStr","MSE_kglenS","Cl_kglenS","flowmu_m3s","flowav_m3s"
1,41.8741810716115,41.8741810716115,1298.1,30,31,31,5986.83096420356,28.850380869182,5.17552441147527,5.17552441147527
2,41.8741810716115,41.8741810716115,1298.1,14.0655890998641,31,31,1668.86090128461,23.3520630778838,5.17552441147527,5.17552441147527
3,41.8741810716115,41.8741810716115,1298.1,7.39167378463906,31,31,1086.21261448171,28.3596966128325,5.17552441147527,5.17552441147527
4,41.8741810716115,41.8741810716115,1298.1,5.97768185916632,31,31,971.422504876263,31.2211704241542,5.17552441147527,5.17552441147527
5,41.8741810716115,41.8741810716115,1298.1,5.55382498970353,31,31,935.482864720088,32.3858534571345,5.17552441147527,5.17552441147527
6,41.8741810716115,41.8741810716115,1298,5.35415269644179,31,31,918.312611941211,33.0063384300449,5.17552441147527,5.17552441147527
7,41.8741810716115,41.8741810716115,1298,5.36502453833028,31,31,919.345254726599,32.9728880490618,5.17552441147527,5.17552441147527
8,41.8741810716115,41.8741810716115,1297.9,5.59729868811335,31,31,953.476677623365,32.5015839643078,5.17552441147527,5.17552441147527
9,41.8741810716115,41.8741810716115,1298.1,6.77974529190252,31,31,1068.59902033445,29.8833949351645,5.17552441147527,5.17552441147527
