"strata","dload.bi_kgd","dload.ub_kgd","tload_kglenS","degf","lenObs","lenStr","MSE_kglenS","Cl_kglenS","flowmu_m3s","flowav_m3s"
5,60.5205646017721,60.5205646017721,1876.2,18.1716490423721,31,31,3348.34295627638,28.4992721000841,6.49531440439054,6.49531440439054
