"strata","dload.bi_kgd","dload.ub_kgd","tload_kglenS","degf","lenObs","lenStr","MSE_kglenS","Cl_kglenS","flowmu_m3s","flowav_m3s"
1,1.14948630017925,1.14948630017925,34.5,29,30,30,14.9909794284569,1.47047648396868,0.385903615744,0.385903615744
2,1.14948630017925,1.14948630017925,34.5,25.6798621309228,30,30,10.0950625673651,1.28957154476778,0.385903615744,0.385903615744
3,1.14948630017925,1.14948630017925,34.5,19.2809791678874,30,30,8.80480927661758,1.41299778324011,0.385903615744,0.385903615744
4,1.14948630017925,1.14948630017925,34.5,3.44045293198831,30,30,8.51987052103411,4.66418834934855,0.385903615744,0.385903615744
5,1.14948630017925,1.14948630017925,34.5,3.33520421537783,30,30,8.38787523112022,4.77174641556179,0.385903615744,0.385903615744
6,1.14948630017925,1.14948630017925,34.5,3.22648999605982,30,30,8.24866795646634,4.89225275621947,0.385903615744,0.385903615744
7,1.14948630017925,1.14948630017925,34.5,3.16464438099067,30,30,8.16873970169475,4.96576185449477,0.385903615744,0.385903615744
8,1.14948630017925,1.14948630017925,34.4,3.15382154325721,30,30,8.15472678412316,4.97903361934781,0.385903615744,0.385903615744
9,1.14948630017925,1.14948630017925,34.4,3.08010754488223,30,30,8.28002655600785,5.14194069627551,0.385903615744,0.385903615744
