"strata","dload.bi_kgd","dload.ub_kgd","tload_kglenS","degf","lenObs","lenStr","MSE_kglenS","Cl_kglenS","flowmu_m3s","flowav_m3s"
1,24.1488232863394,24.1488232863394,700.3,28,29,29,18858.485389308,53.160697496976,7.14823212715402,7.14823212715402
2,24.1488232863394,24.1488232863394,700.3,11.1671623573216,29,29,1096.77753864393,21.7727057905998,7.14823212715402,7.14823212715402
3,24.1488232863394,24.1488232863394,700.3,9.67686805398554,29,29,1016.53089600169,22.9405825576946,7.14823212715402,7.14823212715402
4,24.1488232863394,24.1488232863394,700.4,9.10454429330122,29,29,986.832771890365,23.5101716253735,7.14823212715402,7.14823212715402
5,24.1488232863394,24.1488232863394,700.4,6.49991634382653,29,29,929.591279744411,28.7254431533711,7.14823212715402,7.14823212715402
6,24.1488232863394,24.1488232863394,700.4,6.03016126414312,29,29,895.681861973159,29.7854675702171,7.14823212715402,7.14823212715402
7,24.1488232863394,24.1488232863394,700.3,5.99314071760638,29,29,892.913445030659,29.8755747053615,7.14823212715402,7.14823212715402
8,24.1488232863394,24.1488232863394,700.2,5.98604402849581,29,29,892.385123703573,29.8930355491844,7.14823212715402,7.14823212715402
9,24.1488232863394,24.1488232863394,700.3,6.53939379409974,29,29,937.618576095947,28.7236928175343,7.14823212715402,7.14823212715402
