"strata","dload.bi_kgd","dload.ub_kgd","tload_kglenS","degf","lenObs","lenStr","MSE_kglenS","Cl_kglenS","flowmu_m3s","flowav_m3s"
1,126.940203558821,126.988680699331,3936.6,29,30,31,110354.647013628,126.164854878604,12.0023542807742,12.2181847781333
2,126.732690102018,126.801068717318,3930.9,27.8065169598332,30,31,102095.544204534,124.160239110885,12.0023542807742,12.1539981876607
3,127.104284525745,127.182149533995,3942.6,9.12361255134586,30,31,12994.5736954519,85.1969716994093,12.0023542807742,12.6886212807127
4,126.593063243393,126.689510038239,3927.4,6.30789279469624,30,31,9724.02561447692,94.9471807376846,12.0023542807742,12.0826461104516
5,126.593063243393,126.689510038239,3927.4,5.99454673732016,30,31,9549.51793713407,97.6847229661964,12.0023542807742,12.0826461104516
6,126.593063243393,126.689510038239,3927.4,5.31426977277772,30,31,8976.50916571365,103.796706105167,12.0023542807742,12.0826461104516
7,126.593063243393,126.689510038239,3927.4,5.11582872921514,30,31,8806.74604712554,105.93274735896,12.0023542807742,12.0826461104516
8,126.593063243393,126.689510038239,3927.4,5.11302199267006,30,31,8805.01565278135,105.968431586005,12.0023542807742,12.0826461104516
9,126.593063243393,126.689510038239,3927.3,5.11425691944289,30,31,8806.07943590155,105.954544728221,12.0023542807742,12.0826461104516
