"strata","strata.n","dload.bi_kgd","dload.ub_kgd","tload_kglenS","degf","lenObs","lenStr","MSE_kglenS","Cl_kglenS","flowmu_m3s","flowav_m3s"
1,1,47.3620001230272,48.5171015373658,1455.5,8,9,30,39442.9229295622,161.919678835787,4.22583156158499,3.48919557161482
2,1,15.1258044276875,15.4655399924063,185.6,5,6,12,6.862600304439,36.1386588116616,1.76418037372444,2.00503300632889
2,2,75.3511248635441,77.336475666679,1392.1,2,3,18,72.3505518828116,465.816348493287,5.86693235349202,6.45752070218667
3,1,32.9136600030781,32.9136600030781,98.7,2,3,3,27.4793542150423,47.8460195393601,3.63405666439111,3.63405666439111
3,2,4.45425044287742,4.4742068152211,40.3,2,3,9,1.22159568227305,30.2640852333071,1.14088827683556,0.376009348266667
3,3,75.3511248635441,77.336475666679,1392.1,2,3,18,72.3505518828116,465.816348493287,5.86693235349202,6.45752070218667
