"strata","dload.bi_kgd","dload.ub_kgd","tload_kglenS","degf","lenObs","lenStr","MSE_kglenS","Cl_kglenS","flowmu_m3s","flowav_m3s"
8,34.6090613436343,34.6090613436343,1072.8,4.08630181945014,31,31,3138.56602185688,76.309924876409,4.75468180452473,4.75468180452473
