"strata","dload.bi_kgd","dload.ub_kgd","tload_kglenS","degf","lenObs","lenStr","MSE_kglenS","Cl_kglenS","flowmu_m3s","flowav_m3s"
1,3.09568063703446,3.09568063703446,92.9,29,30,30,415.292900006166,7.73963237616049,1.06890945682133,1.06890945682133
2,3.09568063703446,3.09568063703446,92.9,3.96858214349833,30,30,79.4840287057099,12.4643180826667,1.06890945682133,1.06890945682133
3,3.09568063703446,3.09568063703446,92.8,3.25436399849483,30,30,71.8861045500593,14.3171057602623,1.06890945682133,1.06890945682133
4,3.09568063703446,3.09568063703446,92.9,3.23598111914572,30,30,71.6845597673202,14.379217539878,1.06890945682133,1.06890945682133
5,3.09568063703446,3.09568063703446,92.9,3.2359042300862,30,30,71.6837091242759,14.3794786221809,1.06890945682133,1.06890945682133
6,3.09568063703446,3.09568063703446,92.8,3.22790695933013,30,30,71.6076183722373,14.407974404975,1.06890945682133,1.06890945682133
7,3.09568063703446,3.09568063703446,92.8,3.22783017983651,30,30,71.6067677291931,14.4082368473009,1.06890945682133,1.06890945682133
8,3.09568063703446,3.09568063703446,92.9,3.22914835835968,30,30,71.6215228662441,14.4037487312297,1.06890945682133,1.06890945682133
9,3.09568063703446,3.09568063703446,93,3.25475363951605,30,30,71.9210802124273,14.3188565204956,1.06890945682133,1.06890945682133
