"strata","dload.bi_kgd","dload.ub_kgd","tload_kglenS","degf","lenObs","lenStr","MSE_kglenS","Cl_kglenS","flowmu_m3s","flowav_m3s"
9,1.81445907711447,1.81445907711447,56.3,5.36999109071003,31,31,1.74497010979502,1.43548832954671,0.267274663156989,0.267274663156989
