"strata","dload.bi_kgd","dload.ub_kgd","tload_kglenS","degf","lenObs","lenStr","MSE_kglenS","Cl_kglenS","flowmu_m3s","flowav_m3s"
1,0.617756693687803,0.618429351576857,19.2,26,27,31,9.40509572647344,1.236285105862,0.373418437187097,0.334043850666667
2,0.657768082696909,0.65852833662424,20.4,19.8520897606185,27,31,4.81269835840533,1.02755571667462,0.373418437187097,0.334836112103226
3,0.669442077025193,0.670371952241175,20.8,15.3658033762843,27,31,4.51473326601901,1.15295877018737,0.373418437187097,0.336287119741935
4,0.669442077025193,0.670371952241175,20.7,15.3529093981546,27,31,4.51292370821523,1.15329384433793,0.373418437187097,0.336287119741935
5,0.669585115567746,0.670628969730458,20.7,14.5982720599214,27,31,4.73265458322926,1.21651852307164,0.373418437187097,0.337000977135484
6,0.67505692503687,0.67632904684255,20.8,11.4597458655412,27,31,4.99406656826095,1.44589017634685,0.373418437187097,0.340797742396559
7,0.678841076765857,0.680744692156235,21,4.33967082319585,27,31,5.07787850883662,2.91284674330782,0.373418437187097,0.353011661233548
8,0.678841076765857,0.680744692156235,21,4.4065485174695,27,31,5.11775401737033,2.88633551026025,0.373418437187097,0.353011661233548
9,0.68489352655939,0.691731802190113,21.4,3.9081082356787,27,31,7.40497016239396,3.85749770595712,0.373418437187097,0.371925639432258
