"strata","dload.bi_kgd","dload.ub_kgd","tload_kglenS","degf","lenObs","lenStr","MSE_kglenS","Cl_kglenS","flowmu_m3s","flowav_m3s"
1,0.195356812987885,0.195377277592455,5.9,28,29,30,0.171673474201749,0.160394275341427,0.0381516965866667,0.0382762579586207
2,0.194171406799187,0.194167294557158,5.9,22.1709006498166,29,30,0.116511823228839,0.15027316905281,0.0381516965866667,0.0381722577297778
3,0.194171406799187,0.194167294557158,5.8,15.9870301921813,29,30,0.106072740307859,0.172688371059003,0.0381516965866667,0.0381722577297778
4,0.194171406799187,0.194167294557158,5.9,14.5055532621839,29,30,0.0996878755757708,0.17722299651372,0.0381516965866667,0.0381722577297778
5,0.194583118279548,0.19457531528148,5.9,13.2327747557361,29,30,0.0941116235566401,0.181864544038176,0.0381516965866667,0.0381722577297778
6,0.194583118279548,0.19457531528148,5.9,12.3084189664436,29,30,0.090172372854585,0.185973033790543,0.0381516965866667,0.0381722577297778
7,0.194317184523113,0.194298841950144,5.9,12.0832928309098,29,30,0.0901830831915744,0.18808661512393,0.0381516965866667,0.0380900131573333
8,0.194653919518443,0.194610624717893,5.9,12.3329338743737,29,30,0.0918834263563197,0.18750231297886,0.0381516965866667,0.0380077685848889
9,0.194653919518443,0.194610624717893,5.9,11.8001659348709,29,30,0.0947490442636922,0.195604853937607,0.0381516965866667,0.0380077685848889
