"strata","dload.bi_kgd","dload.ub_kgd","tload_kglenS","degf","lenObs","lenStr","MSE_kglenS","Cl_kglenS","flowmu_m3s","flowav_m3s"
8,71.1977271295587,71.1977271295587,2207.1,10.7340877886122,31,31,2437.81538528434,33.2697237183604,16.2481341677419,16.2481341677419
