"strata","dload.bi_kgd","dload.ub_kgd","tload_kglenS","degf","lenObs","lenStr","MSE_kglenS","Cl_kglenS","flowmu_m3s","flowav_m3s"
7,3.783733857536,3.783733857536,113.5,5.04555112841145,30,30,96.0797694270107,11.1870316170393,2.62795635555556,2.62795635555556
