"strata","dload.bi_kgd","dload.ub_kgd","tload_kglenS","degf","lenObs","lenStr","MSE_kglenS","Cl_kglenS","flowmu_m3s","flowav_m3s"
8,88.6916488025027,88.813197708427,2753.2,5.32278779031973,30,31,17655.2408219285,145.386647550724,12.3695698924731,11.5992311397849
