"strata","dload.bi_kgd","dload.ub_kgd","tload_kglenS","degf","lenObs","lenStr","MSE_kglenS","Cl_kglenS","flowmu_m3s","flowav_m3s"
1,7.83469150009235,7.84340462122256,235.3,28,29,30,3977.96117743236,24.4156075637688,5.29854522666667,4.25874907586207
2,8.88882653787252,9.03331320949038,271,2.16320863709276,29,30,3278.98143628092,155.968846256987,5.29854522666667,4.58496186666667
3,8.88882653787252,9.03331320949038,271.1,2.05553444817759,29,30,3196.1858464337,165.346274037792,5.29854522666667,4.58496186666667
4,8.88882653787252,9.03331320949038,271.1,2.03884260008104,29,30,3183.17736502802,166.943741137225,5.29854522666667,4.58496186666667
5,8.88882653787252,9.03331320949038,271.1,2.03670272669723,29,30,3181.5064029096,167.151603118727,5.29854522666667,4.58496186666667
6,8.88882653787252,9.03331320949038,271.1,2.03655601688708,29,30,3181.39181048602,167.165879969909,5.29854522666667,4.58496186666667
7,8.88882653787252,9.03331320949038,271.1,2.03583944638577,29,30,3180.83204828208,167.235659605208,5.29854522666667,4.58496186666667
8,8.88882653787252,9.03331320949038,271.2,2.03628668997318,29,30,3181.18145230165,167.192098260056,5.29854522666667,4.58496186666667
9,8.88882653787252,9.03331320949038,271.2,2.04547513822545,29,30,3188.37357632844,166.304507163718,5.29854522666667,4.58496186666667
