"strata","dload.bi_kgd","dload.ub_kgd","tload_kglenS","degf","lenObs","lenStr","MSE_kglenS","Cl_kglenS","flowmu_m3s","flowav_m3s"
8,2.31269410416785,2.31128995879393,71.7,5.02569444355621,30,31,18.8786251607612,4.97451875038909,1.0497007311828,1.07847425376344
