"strata","dload.bi_kgd","dload.ub_kgd","tload_kglenS","degf","lenObs","lenStr","MSE_kglenS","Cl_kglenS","flowmu_m3s","flowav_m3s"
1,2.20498765564821,2.20498765564821,68.4,30,31,31,865.853633228615,10.9717346223603,0.523442432981677,0.523442432981677
2,2.20498765564821,2.20498765564821,68.4,3.48794514524936,31,31,145.410994003841,19.0139913944112,0.523442432981677,0.523442432981677
3,2.20498765564821,2.20498765564821,68.4,3.07276905686322,31,31,136.435159058519,20.9247321189412,0.523442432981677,0.523442432981677
4,2.20498765564821,2.20498765564821,68.4,3.04958941075963,31,31,135.919068304956,21.0520503985043,0.523442432981677,0.523442432981677
5,2.20498765564821,2.20498765564821,68.4,3.03813366836742,31,31,135.663231901598,21.1159318617627,0.523442432981677,0.523442432981677
6,2.20498765564821,2.20498765564821,68.5,3.02743413237074,31,31,135.424099518247,21.1762031759031,0.523442432981677,0.523442432981677
7,2.20498765564821,2.20498765564821,68.5,3.02601801892199,31,31,135.392419410455,21.1842233194327,0.523442432981677,0.523442432981677
8,2.20498765564821,2.20498765564821,68.4,3.02607810285953,31,31,135.39376462572,21.1838829013022,0.523442432981677,0.523442432981677
9,2.20498765564821,2.20498765564821,68.4,3.02645761877375,31,31,135.40251795784,21.1817531717911,0.523442432981677,0.523442432981677
