"strata","dload.bi_kgd","dload.ub_kgd","tload_kglenS","degf","lenObs","lenStr","MSE_kglenS","Cl_kglenS","flowmu_m3s","flowav_m3s"
1,16.8409263606239,16.8409263606239,522.1,30,31,31,4131.67407282408,23.9671326867275,5.3914620864,5.3914620864
2,16.8409263606239,16.8409263606239,522.1,22.5487238755991,31,31,3027.37113219319,23.9961543811567,5.3914620864,5.3914620864
3,16.8409263606239,16.8409263606239,522.1,15.7046827291726,31,31,2535.21117934999,26.9757241288903,5.3914620864,5.3914620864
4,16.8409263606239,16.8409263606239,522,11.0436868926461,31,31,1912.53912224773,28.9504735046909,5.3914620864,5.3914620864
5,16.8409263606239,16.8409263606239,522,10.2523966061117,31,31,1631.96700122052,28.0180530732142,5.3914620864,5.3914620864
6,16.8409263606239,16.8409263606239,522,7.50180521767105,31,31,1589.74028950234,33.9611773922379,5.3914620864,5.3914620864
7,16.8409263606239,16.8409263606239,522,8.50564217921764,31,31,1499.47975368991,30.3040496305685,5.3914620864,5.3914620864
8,16.8409263606239,16.8409263606239,522,8.44062544243831,31,31,1493.73619992884,30.4002507665422,5.3914620864,5.3914620864
9,16.8409263606239,16.8409263606239,522,8.44002193167154,31,31,1493.68282654846,30.4011506410697,5.3914620864,5.3914620864
