"strata","dload.bi_kgd","dload.ub_kgd","tload_kglenS","degf","lenObs","lenStr","MSE_kglenS","Cl_kglenS","flowmu_m3s","flowav_m3s"
5,2.44597259476122,2.44597259476122,73.4,5.63349472170597,30,30,41.428097262288,6.74161204202363,1.60253014535111,1.60253014535111
