"strata","dload.bi_kgd","dload.ub_kgd","tload_kglenS","degf","lenObs","lenStr","MSE_kglenS","Cl_kglenS","flowmu_m3s","flowav_m3s"
1,45.1836997616902,45.3986790526328,1407.4,24,25,31,18685.3897068043,57.5882402149933,4.87549467052043,3.77101546120533
2,47.4466397332978,47.5188268503838,1473.1,11.0784922062228,25,31,6924.69867327927,54.9796465518906,4.87549467052043,5.1739264637263
3,44.6819393616294,44.7088823904217,1386,3.04077246225373,25,31,2702.07478338699,94.1520004924408,4.87549467052043,4.50047468485735
4,44.2351385351628,44.2606370252895,1372.2,2.66878744757987,25,31,2523.55106209128,105.103899060208,4.87549467052043,4.47082230311596
5,44.2351385351628,44.2606370252895,1372.1,2.60085496076257,25,31,2491.03332456131,107.618512673279,4.87549467052043,4.47082230311596
6,44.2099864117266,44.2390484660476,1371.4,2.63294834964283,25,31,2506.44640640826,106.407378947603,4.87549467052043,4.4703433767914
7,44.1590727022726,44.1994433988354,1370.1,2.71852515252433,25,31,2547.4303033006,103.381932503317,4.87549467052043,4.47157652775914
8,44.2051695300119,44.2892013516027,1372.9,2.97013129592948,25,31,2670.37435816374,95.9695595228022,4.87549467052043,4.47866577565591
