"strata","dload.bi_kgd","dload.ub_kgd","tload_kglenS","degf","lenObs","lenStr","MSE_kglenS","Cl_kglenS","flowmu_m3s","flowav_m3s"
7,38.3282903211561,38.3282903211561,1188.2,2.08580576207414,31,31,15646.3283859006,358.34173027106,8.60168472258064,8.60168472258064
