"strata","dload.bi_kgd","dload.ub_kgd","tload_kglenS","degf","lenObs","lenStr","MSE_kglenS","Cl_kglenS","flowmu_m3s","flowav_m3s"
4,0.669442077025193,0.670371952241175,20.7,15.3529093981546,27,31,4.51292370821523,1.15329384433793,0.373418437187097,0.336287119741935
