"strata","dload.bi_kgd","dload.ub_kgd","tload_kglenS","degf","lenObs","lenStr","MSE_kglenS","Cl_kglenS","flowmu_m3s","flowav_m3s"
1,143.745342508343,144.601629149075,4482.7,12,13,31,127479.443752996,224.568780586689,8.55624082580645,11.9174520123077
2,129.868762690349,130.263139346451,4038.1,10.3049910103509,13,31,47862.7237026855,151.243832998624,8.55624082580645,11.6043565820789
3,120.750059999062,121.194400309036,3757,7.0518090204658,13,31,41058.2164017003,180.162934273713,8.55624082580645,7.31736560172043
4,120.750059999061,121.194400309036,3757,6.11305969327024,13,31,22856.5775307996,148.953479114438,8.55624082580645,7.31736560172043
