"strata","dload.bi_kgd","dload.ub_kgd","tload_kglenS","degf","lenObs","lenStr","MSE_kglenS","Cl_kglenS","flowmu_m3s","flowav_m3s"
7,21.3305823455328,21.3305823455328,661.3,9.32641911606582,31,31,379.510711774139,14.3537429167859,7.38243358439449,7.38243358439449
