"strata","dload.bi_kgd","dload.ub_kgd","tload_kglenS","degf","lenObs","lenStr","MSE_kglenS","Cl_kglenS","flowmu_m3s","flowav_m3s"
8,164.832013731858,164.832013731858,5109.9,6.73320328425961,31,31,6681.53027983453,75.0910297213622,17.058278881428,17.058278881428
