"strata","dload.bi_kgd","dload.ub_kgd","tload_kglenS","degf","lenObs","lenStr","MSE_kglenS","Cl_kglenS","flowmu_m3s","flowav_m3s"
9,198.761246725912,198.761246725912,6161.7,4.08805050036152,31,31,53805.6861392498,315.838603467353,13.1195080654108,13.1195080654108
