"strata","dload.bi_kgd","dload.ub_kgd","tload_kglenS","degf","lenObs","lenStr","MSE_kglenS","Cl_kglenS","flowmu_m3s","flowav_m3s"
1,26.48876933248,26.48876933248,794.7,29,30,30,16905.6490375481,49.3809003309691,10.4515735644444,10.4515735644444
2,26.48876933248,26.48876933248,794.7,25.9156897029088,30,30,3435.77836840869,23.6713842306087,10.4515735644444,10.4515735644444
3,26.48876933248,26.48876933248,794.7,16.8587864244431,30,30,2231.16139121147,24.2870082995448,10.4515735644444,10.4515735644444
4,26.48876933248,26.48876933248,794.7,4.58042545342149,30,30,2000.35291399968,55.2338359350581,10.4515735644444,10.4515735644444
5,26.48876933248,26.48876933248,794.6,11.1587601164311,30,30,1807.53616602634,27.9640014109947,10.4515735644444,10.4515735644444
6,26.48876933248,26.48876933248,794.6,10.4647306398055,30,30,1751.1599833915,28.6505643397672,10.4515735644444,10.4515735644444
7,26.48876933248,26.48876933248,794.6,10.1428840618773,30,30,1761.90828042555,29.3105876346798,10.4515735644444,10.4515735644444
8,26.48876933248,26.48876933248,794.5,9.96555396235844,30,30,1786.01924264872,29.8426999086868,10.4515735644444,10.4515735644444
9,26.48876933248,26.48876933248,794.6,4.01984613566823,30,30,1901.72705443599,60.2716874283716,10.4515735644444,10.4515735644444
