"strata","dload.bi_kgd","dload.ub_kgd","tload_kglenS","degf","lenObs","lenStr","MSE_kglenS","Cl_kglenS","flowmu_m3s","flowav_m3s"
7,25.2019019597038,25.2972508778779,784.2,5.95635022608353,25,31,732.959987087607,27.1919469290095,3.94858319618065,3.73197581371183
