"strata","dload.bi_kgd","dload.ub_kgd","tload_kglenS","degf","lenObs","lenStr","MSE_kglenS","Cl_kglenS","flowmu_m3s","flowav_m3s"
1,29.6514048360184,29.7329401018601,921.7,23,24,31,13407.7620905306,49.9462451913697,4.8499316032,4.86619488533333
2,30.2713719140999,30.4320758557236,943.4,16.0284495073208,24,31,7198.54331229694,44.9190300645097,4.8499316032,4.8607319555005
3,31.8277935801227,31.8462837864335,987.2,19.6507484349502,24,31,795.465583661468,13.286877060807,4.8499316032,5.80881116143484
4,31.8277935801227,31.8462837864335,987.2,11.7194942864318,24,31,526.61480656211,14.6442176256893,4.8499316032,5.80881116143484
5,31.4621028592827,31.4826430191795,976,5.70754276201176,24,31,362.14851634764,19.7358084944096,4.8499316032,5.0465753371871
6,31.4621028592827,31.4826430191795,976,5.6307414218339,24,31,359.693950086459,19.8721299663828,4.8499316032,5.0465753371871
7,31.6533120178202,31.6811842004032,982.1,3.89693842305242,24,31,364.298356754066,27.1268600587798,4.8499316032,5.16431111091613
