"strata","dload.bi_kgd","dload.ub_kgd","tload_kglenS","degf","lenObs","lenStr","MSE_kglenS","Cl_kglenS","flowmu_m3s","flowav_m3s"
1,40.19055526912,40.19055526912,1205.7,29,30,30,3001.15254890335,20.8059291433947,8.86819249777778,8.86819249777778
2,40.19055526912,40.19055526912,1205.7,9.0856666692493,30,30,1546.59286066789,29.4719264845039,8.86819249777778,8.86819249777778
3,40.19055526912,40.19055526912,1205.7,6.88632558896974,30,30,1186.08724290588,31.1373582396717,8.86819249777778,8.86819249777778
4,40.19055526912,40.19055526912,1205.7,6.13614585254901,30,30,1118.50259646712,32.8592485585351,8.86819249777778,8.86819249777778
5,40.19055526912,40.19055526912,1205.7,6.06121351431324,30,30,1111.6350771558,33.0565390760517,8.86819249777778,8.86819249777778
6,40.19055526912,40.19055526912,1205.8,6.0483602307448,30,30,1110.45772762297,33.0909594340524,8.86819249777778,8.86819249777778
7,40.19055526912,40.19055526912,1205.7,6.05630994101987,30,30,1111.18853699455,33.0696896246947,8.86819249777778,8.86819249777778
8,40.19055526912,40.19055526912,1205.7,6.07534151280414,30,30,1113.09112470331,33.0213017573588,8.86819249777778,8.86819249777778
9,40.19055526912,40.19055526912,1205.7,6.37285329827144,30,30,1499.59737781039,37.0092402070013,8.86819249777778,8.86819249777778
