"strata","dload.bi_kgd","dload.ub_kgd","tload_kglenS","degf","lenObs","lenStr","MSE_kglenS","Cl_kglenS","flowmu_m3s","flowav_m3s"
1,6.88591500387097,6.88591500387097,213.5,30,31,31,5781.39431582539,28.3510630848531,0.437540232258064,0.437540232258064
2,6.88591500387097,6.88591500387097,213.4,3.18154178749293,31,31,5569.78619570896,128.959394175002,0.437540232258064,0.437540232258064
3,6.88591500387097,6.88591500387097,213.4,3.07400211859352,31,31,5475.08605648928,132.498062193626,0.437540232258064,0.437540232258064
4,6.88591500387097,6.88591500387097,213.5,3.07407563862611,31,31,5475.15160114394,132.495532993436,0.437540232258064,0.437540232258064
5,6.88591500387097,6.88591500387097,213.4,3.07417613671227,31,31,5475.2411955354,132.492075962906,0.437540232258064,0.437540232258064
6,7.08827014507355,7.08827014507355,219.8,3.07478645646024,41,41,5475.78482058695,132.471082686103,0.473164593548387,0.473164593548387
7,6.94210722716903,6.94210722716903,215.1,3.07535559772063,37,37,5476.29215264149,132.451521114022,0.450328464516129,0.450328464516129
8,6.88591500387097,6.88591500387097,213.4,3.07656772874778,31,31,5477.37199581421,132.409886030985,0.437540232258064,0.437540232258064
9,6.88591500387097,6.88591500387097,213.4,3.07848880384665,31,31,5479.08463787718,132.344009421354,0.437540232258064,0.437540232258064
