"strata","dload.bi_kgd","dload.ub_kgd","tload_kglenS","degf","lenObs","lenStr","MSE_kglenS","Cl_kglenS","flowmu_m3s","flowav_m3s"
8,8.46994418440131,8.46994418440131,262.6,13.5174794029234,31,31,33.1754683778644,3.37132984717599,0.931718348573936,0.931718348573936
