"strata","dload.bi_kgd","dload.ub_kgd","tload_kglenS","degf","lenObs","lenStr","MSE_kglenS","Cl_kglenS","flowmu_m3s","flowav_m3s"
1,0.723244748265905,0.72319555917329,22.4,27,28,31,2.65534956053861,0.643458368284742,0.141392176516129,0.143237498857143
2,0.734763212183649,0.734803216893477,22.7,22.2415382717516,28,31,1.49275767652297,0.536934171868432,0.141392176516129,0.142009473140917
3,0.739336088608067,0.739486517542097,22.8,17.1631308811163,28,31,1.16900112113937,0.550223780211368,0.141392176516129,0.142308095591398
4,0.735424121833932,0.735559992721391,22.8,14.361485056676,28,31,1.03589572437305,0.574669219403992,0.141392176516129,0.141793623953681
5,0.739336088608067,0.739486517542097,22.8,15.2654183507699,28,31,0.85066672481634,0.502392535401116,0.141392176516129,0.142308095591398
6,0.735424121833932,0.735559992721391,22.8,12.11495480732,28,31,0.717561328050018,0.529702098596208,0.141392176516129,0.141793623953681
7,0.736158719047089,0.736268592582933,22.8,11.8892254423394,28,31,0.720864996637866,0.537055402237635,0.141392176516129,0.141946333247312
8,0.739602167326384,0.739760136810763,22.9,9.97181419942255,28,31,0.646892909378394,0.567724683208946,0.141392176516129,0.141737763268817
9,0.746473262392033,0.746575702798366,23,9.46770133444723,28,31,0.629695839550812,0.579035569707353,0.141392176516129,0.142043767397849
