"strata","dload.bi_kgd","dload.ub_kgd","tload_kglenS","degf","lenObs","lenStr","MSE_kglenS","Cl_kglenS","flowmu_m3s","flowav_m3s"
5,38.7609593845875,38.9308950658848,1167.9,2.72692204300791,25,30,11467.3604386271,218.573485194307,6.18611959111111,6.07130545481481
