"strata","dload.bi_kgd","dload.ub_kgd","tload_kglenS","degf","lenObs","lenStr","MSE_kglenS","Cl_kglenS","flowmu_m3s","flowav_m3s"
1,12.2059656356079,12.2059656356079,378.4,30,31,31,6353.31540814439,29.7203049269257,0.921698138322581,0.921698138322581
2,12.2059656356079,12.2059656356079,378.3,9.60421145265165,31,31,2485.8393250359,36.0478456112522,0.921698138322581,0.921698138322581
3,12.2059656356079,12.2059656356079,378.3,2.93052260046153,31,31,521.370226239677,43.0234791664004,0.921698138322581,0.921698138322581
4,12.2059656356079,12.2059656356079,378.4,2.52693872211217,31,31,483.561694396558,49.0744581783787,0.921698138322581,0.921698138322581
5,12.2059656356079,12.2059656356079,378.4,2.42401901376598,31,31,474.095504848439,51.1309800533638,0.921698138322581,0.921698138322581
6,12.2059656356079,12.2059656356079,378.4,2.35202340996641,31,31,466.965871217484,52.7093319013967,0.921698138322581,0.921698138322581
7,12.2059656356079,12.2059656356079,378.4,2.31323119399311,31,31,463.061554251755,53.6206093396764,0.921698138322581,0.921698138322581
8,12.2059656356079,12.2059656356079,378.4,2.31166980289204,31,31,462.905238401917,53.6583480768358,0.921698138322581,0.921698138322581
9,12.2059656356079,12.2059656356079,378.3,2.31145210899241,31,31,462.88344148441,53.6636159502925,0.921698138322581,0.921698138322581
