"strata","dload.bi_kgd","dload.ub_kgd","tload_kglenS","degf","lenObs","lenStr","MSE_kglenS","Cl_kglenS","flowmu_m3s","flowav_m3s"
6,81.4581193539044,81.5217271998593,2527.2,2.72430116012726,25,31,1703.3682560918,84.3326984453488,6.62042078017524,7.49907243684473
