"strata","dload.bi_kgd","dload.ub_kgd","tload_kglenS","degf","lenObs","lenStr","MSE_kglenS","Cl_kglenS","flowmu_m3s","flowav_m3s"
1,22.5682747556812,22.5682747556812,677,29,30,30,25200.3407050307,60.2901390808459,4.93922328327111,4.93922328327111
2,22.5682747556812,22.5682747556812,677,11.0173264914414,30,30,5968.68037483212,51.2194419846016,4.93922328327111,4.93922328327111
3,22.5682747556812,22.5682747556812,677.1,7.01304398023227,30,30,3389.45875867327,51.964925426084,4.93922328327111,4.93922328327111
4,22.5682747556812,22.5682747556812,677.1,4.85878365725354,30,30,2775.0943056687,61.974626531045,4.93922328327111,4.93922328327111
5,22.5682747556812,22.5682747556812,677.1,3.16394713642682,30,30,2220.15721078868,81.8839262901362,4.93922328327111,4.93922328327111
6,22.5682747556812,22.5682747556812,677.1,3.01718707167896,30,30,2167.60656649083,85.0260005471267,4.93922328327111,4.93922328327111
7,22.5682747556812,22.5682747556812,677,2.96564208716134,30,30,2148.83838311714,86.2292341457409,4.93922328327111,4.93922328327111
8,22.5682747556812,22.5682747556812,677.1,2.9088186371327,30,30,2128.25626954227,87.629322591901,4.93922328327111,4.93922328327111
9,22.5682747556812,22.5682747556812,677.1,3.20032567028342,30,30,2237.96026126652,81.2539436145628,4.93922328327111,4.93922328327111
