"strata","dload.bi_kgd","dload.ub_kgd","tload_kglenS","degf","lenObs","lenStr","MSE_kglenS","Cl_kglenS","flowmu_m3s","flowav_m3s"
7,221.692163480989,221.692163480989,6872.4,3.60163634906975,31,31,170674.345961432,631.69807624941,8.22388715316989,8.22388715316989
