"strata","dload.bi_kgd","dload.ub_kgd","tload_kglenS","degf","lenObs","lenStr","MSE_kglenS","Cl_kglenS","flowmu_m3s","flowav_m3s"
1,89.0077392615743,89.0393460721095,2760.2,29,30,31,38174.282920425,74.2042061770329,12.3695698924731,11.59289792
2,89.2688230498494,89.3047299385806,2768.5,24.7171208666073,30,31,32142.0554201966,74.3121624085084,12.3695698924731,11.6193330229677
3,90.2395456952796,90.3573667322817,2801,7.38080330317654,30,31,30720.9523989815,150.974260474162,12.3695698924731,11.9849181350538
4,88.6916488025027,88.813197708427,2753.2,7.92263882163555,30,31,22589.822648495,123.344615155856,12.3695698924731,11.5992311397849
5,88.6916488025027,88.813197708427,2753.3,5.34383219562609,30,31,17750.1654387168,145.329843630233,12.3695698924731,11.5992311397849
6,88.6916488025027,88.813197708427,2753.2,5.34512599217511,30,31,17692.2710125542,145.065326632029,12.3695698924731,11.5992311397849
7,88.6916488025027,88.813197708427,2753.3,5.32402792272895,30,31,17657.2975370574,145.368728363045,12.3695698924731,11.5992311397849
8,88.6916488025027,88.813197708427,2753.2,5.32278779031973,30,31,17655.2408219285,145.386647550724,12.3695698924731,11.5992311397849
9,88.6916488025027,88.813197708427,2753.2,5.32314862496004,30,31,17655.8392877604,145.381432813444,12.3695698924731,11.5992311397849
