"strata","dload.bi_kgd","dload.ub_kgd","tload_kglenS","degf","lenObs","lenStr","MSE_kglenS","Cl_kglenS","flowmu_m3s","flowav_m3s"
8,29.0050425681909,29.0050425681909,841.1,4.99701991245816,29,29,486.331500025602,25.3641317680732,6.11603529412414,6.11603529412414
