"strata","dload.bi_kgd","dload.ub_kgd","tload_kglenS","degf","lenObs","lenStr","MSE_kglenS","Cl_kglenS","flowmu_m3s","flowav_m3s"
8,60.2988369523379,60.2988369523379,1809,8.11077641520722,30,30,6630.03322295112,65.7741417674544,8.82425268995556,8.82425268995556
