"strata","dload.bi_kgd","dload.ub_kgd","tload_kglenS","degf","lenObs","lenStr","MSE_kglenS","Cl_kglenS","flowmu_m3s","flowav_m3s"
1,32.3318977081641,32.3318977081641,970,29,30,30,31303.785690637,67.1957043106353,2.37924990115556,2.37924990115556
2,32.3318977081641,32.3318977081641,969.9,13.3141017852111,30,30,22762.9120001156,89.1138858147591,2.37924990115556,2.37924990115556
3,32.3318977081641,32.3318977081641,969.9,20.0987560489275,30,30,7849.31711453689,41.2098715669662,2.37924990115556,2.37924990115556
4,32.3318977081641,32.3318977081641,969.9,9.59678099170095,30,30,4832.10998654185,50.2836657182659,2.37924990115556,2.37924990115556
5,32.3318977081641,32.3318977081641,969.9,5.75065564068304,30,30,3393.11049404772,60.0675760630218,2.37924990115556,2.37924990115556
6,32.3318977081641,32.3318977081641,969.9,5.41323830767741,30,30,3274.89582049672,61.8023300646484,2.37924990115556,2.37924990115556
7,32.3318977081641,32.3318977081641,969.9,5.35842669249819,30,30,3258.23686227936,62.1332552654682,2.37924990115556,2.37924990115556
8,32.3318977081641,32.3318977081641,969.9,5.33883220072596,30,30,3252.27005677768,62.2534173430974,2.37924990115556,2.37924990115556
9,32.3318977081641,32.3318977081641,969.9,5.33896590391702,30,30,3252.31084683898,62.2525945674029,2.37924990115556,2.37924990115556
