"strata","dload.bi_kgd","dload.ub_kgd","tload_kglenS","degf","lenObs","lenStr","MSE_kglenS","Cl_kglenS","flowmu_m3s","flowav_m3s"
1,1.05441532614194,1.05441532614194,32.7,30,31,31,36.0161527088739,2.23769922946219,0.764096877419355,0.764096877419355
2,1.05441532614194,1.05441532614194,32.7,15.2871413960009,31,31,19.3085199860915,2.39153322052804,0.764096877419355,0.764096877419355
3,1.05441532614194,1.05441532614194,32.7,21.6443363975666,31,31,4.94002585621028,0.991718887799543,0.764096877419355,0.764096877419355
4,1.05441532614194,1.05441532614194,32.7,9.96423928492203,31,31,2.53617116859423,1.12465876116612,0.764096877419355,0.764096877419355
5,1.05441532614194,1.05441532614194,32.7,10.0793176170201,31,31,2.57234530828346,1.12441923464183,0.764096877419355,0.764096877419355
6,1.05441532614194,1.05441532614194,32.8,7.71447915153012,31,31,2.2541003630295,1.25457936377148,0.764096877419355,0.764096877419355
7,1.05441532614194,1.05441532614194,32.8,7.18125453088234,31,31,2.1732619996121,1.2941961679224,0.764096877419355,0.764096877419355
8,1.05441532614194,1.05441532614194,32.8,7.17068427634398,31,31,2.17166002769481,1.29504805287757,0.764096877419355,0.764096877419355
9,1.05441532614194,1.05441532614194,32.8,7.39904103650249,31,31,2.20825037836947,1.27781988446442,0.764096877419355,0.764096877419355
