"strata","dload.bi_kgd","dload.ub_kgd","tload_kglenS","degf","lenObs","lenStr","MSE_kglenS","Cl_kglenS","flowmu_m3s","flowav_m3s"
6,31.4621028592827,31.4826430191795,976,5.6307414218339,24,31,359.693950086459,19.8721299663828,4.8499316032,5.0465753371871
