"strata","dload.bi_kgd","dload.ub_kgd","tload_kglenS","degf","lenObs","lenStr","MSE_kglenS","Cl_kglenS","flowmu_m3s","flowav_m3s"
8,24.09636298595,24.109703241627,723.3,3.41646367695865,27,30,1391.72857951828,60.0216714119091,7.65299131901968,7.77941248167111
