"strata","dload.bi_kgd","dload.ub_kgd","tload_kglenS","degf","lenObs","lenStr","MSE_kglenS","Cl_kglenS","flowmu_m3s","flowav_m3s"
6,171.242367508771,171.369684792893,5141.1,8.25335335959247,24,30,21636.7934384962,117.442562869908,13.3918044440889,16.6771148606222
