"strata","dload.bi_kgd","dload.ub_kgd","tload_kglenS","degf","lenObs","lenStr","MSE_kglenS","Cl_kglenS","flowmu_m3s","flowav_m3s"
1,0.082726420195769,0.0826407906068811,2.6,26,27,31,0.106117134753304,0.131319670572395,0.0429319225806452,0.0450971259259259
2,0.0846773059952074,0.0846873016172094,2.6,24.9802122244477,27,31,0.0316776569740644,0.0733442098329735,0.0429319225806452,0.0439284082111437
3,0.0851433196180645,0.0851401276752929,2.7,22.4485579393367,27,31,0.0297038379159931,0.0753514046534398,0.0429319225806452,0.0441498494623656
4,0.0854535900733207,0.0854927394124536,2.7,20.3902961601735,27,31,0.0297979434249922,0.0796444360253617,0.0429319225806452,0.0434190933333333
5,0.0815260767793548,0.0815260767793548,2.5,18.7986466399832,27,31,0.0271167993451524,0.0795508977525321,0.0429319225806452,0.0429319225806452
6,0.0822363717367742,0.0822363717367742,2.5,17.6072682090111,27,31,0.0226432176453573,0.0754619218405987,0.0429319225806452,0.0429319225806452
7,0.0822363717367742,0.0822363717367742,2.5,14.3491681849532,27,31,0.0224234338498703,0.0845923935795641,0.0429319225806452,0.0429319225806452
8,0.0822626789574194,0.0822626789574194,2.6,12.1578796828445,27,31,0.0261851509590726,0.1009702492216,0.0429319225806452,0.0429319225806452
