"strata","dload.bi_kgd","dload.ub_kgd","tload_kglenS","degf","lenObs","lenStr","MSE_kglenS","Cl_kglenS","flowmu_m3s","flowav_m3s"
1,52.9940021172041,52.9940021172041,1483.8,27,28,28,7910.00108885128,35.1194636173493,5.67416420761905,5.67416420761905
2,52.9940021172041,52.9940021172041,1483.8,23.6488922858985,28,28,5355.21353916546,31.0822662339425,5.67416420761905,5.67416420761905
3,52.9940021172041,52.9940021172041,1483.8,16.0670118120698,28,28,3794.42145859471,32.5667557318936,5.67416420761905,5.67416420761905
4,52.9940021172041,52.9940021172041,1483.9,15.7785438300889,28,28,3759.73700636521,32.7610166809446,5.67416420761905,5.67416420761905
5,52.9940021172041,52.9940021172041,1483.9,14.4123312546837,28,28,3994.13168656316,35.6093329386932,5.67416420761905,5.67416420761905
6,52.9940021172041,52.9940021172041,1483.8,3.78912632894942,28,28,4152.87205564149,93.9695509916381,5.67416420761905,5.67416420761905
7,52.9940021172041,52.9940021172041,1483.9,3.72628011249835,28,28,4118.187603412,95.0369915369966,5.67416420761905,5.67416420761905
8,52.9940021172041,52.9940021172041,1484,3.71695287888197,28,28,4113.02261220213,95.1992937841121,5.67416420761905,5.67416420761905
