"strata","dload.bi_kgd","dload.ub_kgd","tload_kglenS","degf","lenObs","lenStr","MSE_kglenS","Cl_kglenS","flowmu_m3s","flowav_m3s"
7,4.74026281246029,4.74081764211987,146.9,2.20610164485569,30,31,1823.32493124404,113.2558459716,0.345738993548387,0.353503277419355
