"strata","dload.bi_kgd","dload.ub_kgd","tload_kglenS","degf","lenObs","lenStr","MSE_kglenS","Cl_kglenS","flowmu_m3s","flowav_m3s"
6,8.08374414336,8.08374414336,242.5,9.08835848503118,30,30,99.9698936207862,7.4915453723229,1.49559898666667,1.49559898666667
