"strata","dload.bi_kgd","dload.ub_kgd","tload_kglenS","degf","lenObs","lenStr","MSE_kglenS","Cl_kglenS","flowmu_m3s","flowav_m3s"
8,85.6042670728056,85.6042670728056,2396.9,5.63526294790011,28,28,2988.30294681147,57.243325685101,11.3633312626667,11.3633312626667
