"strata","dload.bi_kgd","dload.ub_kgd","tload_kglenS","degf","lenObs","lenStr","MSE_kglenS","Cl_kglenS","flowmu_m3s","flowav_m3s"
7,51.9437351689858,51.9437351689858,1506.4,2.28873679974022,29,29,31611.2964392238,449.190640180345,3.19799601940598,3.19799601940598
