"strata","dload.bi_kgd","dload.ub_kgd","tload_kglenS","degf","lenObs","lenStr","MSE_kglenS","Cl_kglenS","flowmu_m3s","flowav_m3s"
8,4.52740032817548,4.52740032817548,140.5,9.39565188690617,31,31,16.3950616891882,2.96917032136797,0.974189264516129,0.974189264516129
