"strata","dload.bi_kgd","dload.ub_kgd","tload_kglenS","degf","lenObs","lenStr","MSE_kglenS","Cl_kglenS","flowmu_m3s","flowav_m3s"
1,2.44597259476122,2.44597259476122,73.4,29,30,30,337.932112979342,6.98164579134558,1.60253014535111,1.60253014535111
2,2.44597259476122,2.44597259476122,73.4,9.81556828428846,30,30,141.550053053715,8.4829477165737,1.60253014535111,1.60253014535111
3,2.44597259476122,2.44597259476122,73.4,5.92273995163478,30,30,42.2853750619643,6.55883755254781,1.60253014535111,1.60253014535111
4,2.44597259476122,2.44597259476122,73.5,5.82765384487833,30,30,42.0515249391684,6.6203892682148,1.60253014535111,1.60253014535111
5,2.44597259476122,2.44597259476122,73.4,5.63349472170597,30,30,41.428097262288,6.74161204202363,1.60253014535111,1.60253014535111
6,2.44597259476122,2.44597259476122,73.4,5.60355002377822,30,30,41.5073659992623,6.77551433806325,1.60253014535111,1.60253014535111
7,2.44597259476122,2.44597259476122,73.4,5.65093466111992,30,30,41.842223925,6.75931482700909,1.60253014535111,1.60253014535111
8,2.44597259476122,2.44597259476122,73.4,5.76352117072507,30,30,42.6184231625763,6.72059279028448,1.60253014535111,1.60253014535111
9,2.44597259476122,2.44597259476122,73.4,5.84919061788816,30,30,43.6614977694298,6.72728749233614,1.60253014535111,1.60253014535111
