"strata","dload.bi_kgd","dload.ub_kgd","tload_kglenS","degf","lenObs","lenStr","MSE_kglenS","Cl_kglenS","flowmu_m3s","flowav_m3s"
6,2.33972477358786,2.3397059317942,70.2,8.18336407835336,25,30,19.045874080091,3.50431614526353,0.697183213333333,0.709619008
