"strata","dload.bi_kgd","dload.ub_kgd","tload_kglenS","degf","lenObs","lenStr","MSE_kglenS","Cl_kglenS","flowmu_m3s","flowav_m3s"
8,3.21240978927484,3.21240978927484,99.6,5.25217964891919,31,31,25.4272185342287,5.5753076638622,1.16129328172043,1.16129328172043
