"strata","dload.bi_kgd","dload.ub_kgd","tload_kglenS","degf","lenObs","lenStr","MSE_kglenS","Cl_kglenS","flowmu_m3s","flowav_m3s"
1,108.140079164226,108.140079164226,3352.3,30,31,31,19852.388333087,52.5362940072538,9.75996805025376,9.75996805025376
2,108.140079164226,108.140079164226,3352.3,28.9988649919634,31,31,11479.975151239,40.69328881635,9.75996805025376,9.75996805025376
3,108.140079164226,108.140079164226,3352.3,19.2014415091183,31,31,6175.00755024439,37.5074700830192,9.75996805025376,9.75996805025376
4,108.140079164226,108.140079164226,3352.3,10.5713375197111,31,31,4333.33762184816,44.7833255516896,9.75996805025376,9.75996805025376
5,108.140079164226,108.140079164226,3352.4,12.3812070314419,31,31,2693.98882790422,32.0298864180346,9.75996805025376,9.75996805025376
6,108.140079164226,108.140079164226,3352.4,12.4602211136719,31,31,2702.68751742923,31.9579507780449,9.75996805025376,9.75996805025376
7,108.140079164226,108.140079164226,3352.5,9.16875369174716,31,31,2265.06415671282,35.4560828408876,9.75996805025376,9.75996805025376
8,108.140079164226,108.140079164226,3352.4,8.17356710394212,31,31,2184.95619119944,37.5640693806479,9.75996805025376,9.75996805025376
9,108.140079164226,108.140079164226,3352.4,8.19733148273397,31,31,2188.16123446405,37.5186016293897,9.75996805025376,9.75996805025376
