"strata","dload.bi_kgd","dload.ub_kgd","tload_kglenS","degf","lenObs","lenStr","MSE_kglenS","Cl_kglenS","flowmu_m3s","flowav_m3s"
8,9.70662306304859,9.70662306304859,300.9,5.83487565986657,31,31,35.8546961520172,6.10747830950454,1.51563373163011,1.51563373163011
