"strata","dload.bi_kgd","dload.ub_kgd","tload_kglenS","degf","lenObs","lenStr","MSE_kglenS","Cl_kglenS","flowmu_m3s","flowav_m3s"
9,0.080200778062962,0.080200778062962,2.5,2.27683522377949,31,31,0.0986438471161475,0.798914900649721,0.0291577632877419,0.0291577632877419
