"strata","dload.bi_kgd","dload.ub_kgd","tload_kglenS","degf","lenObs","lenStr","MSE_kglenS","Cl_kglenS","flowmu_m3s","flowav_m3s"
1,0.378938721687102,0.37897840960226,11.4,28,29,30,10.1908962281691,1.23578652483874,0.10477216,0.10008524137931
2,0.37458477914112,0.374486458741692,11.2,17.2900014885522,29,30,9.01247482490372,1.52129846620074,0.10477216,0.0996987333333333
3,0.3678746489856,0.367966682783537,11,16.4839060041902,29,30,8.79104354892615,1.54444167483956,0.10477216,0.100457219047619
4,0.3706705365504,0.370817403091774,11,16.4030033367991,29,30,8.76941926281216,1.54694099537586,0.10477216,0.101468533333333
5,0.380153495404206,0.380423699136528,11.4,4.42578274888584,29,30,8.83113731315748,3.77753748030609,0.10477216,0.100270514871795
6,0.407799753580206,0.408069957312528,12.3,4.46050449456293,35,36,8.8658755920418,3.75999519938017,0.119874453333333,0.115372808205128
7,0.385399885614545,0.387696747808277,11.6,4.25199803584989,29,30,8.89564961008351,3.92374106787673,0.10477216,0.103670951111111
8,0.385399885614545,0.387696747808277,11.6,4.26325735149989,29,30,8.90756353420571,3.91739322564127,0.10477216,0.103670951111111
9,0.385399885614545,0.387696747808277,11.6,4.3250919066661,29,30,8.97254787235479,3.88318209833531,0.10477216,0.103670951111111
