"strata","dload.bi_kgd","dload.ub_kgd","tload_kglenS","degf","lenObs","lenStr","MSE_kglenS","Cl_kglenS","flowmu_m3s","flowav_m3s"
4,33.5601060552685,33.5601060552685,1040.3,10.747810325939,31,31,27687.5435645896,112.032513778262,10.5266469326624,10.5266469326624
