"strata","dload.bi_kgd","dload.ub_kgd","tload_kglenS","degf","lenObs","lenStr","MSE_kglenS","Cl_kglenS","flowmu_m3s","flowav_m3s"
1,27.782063642988,27.782063642988,861.2,30,31,31,8334.00871147965,34.0392535499276,4.22743090504946,4.22743090504946
2,27.782063642988,27.782063642988,861.2,26.6025473406199,31,31,6282.58372206273,31.5538760789646,4.22743090504946,4.22743090504946
3,27.782063642988,27.782063642988,861.2,16.8167699371618,31,31,5445.32877351722,37.9966971320944,4.22743090504946,4.22743090504946
4,27.782063642988,27.782063642988,861.3,13.3422500072211,31,31,3643.58797503126,35.6079319907257,4.22743090504946,4.22743090504946
5,27.782063642988,27.782063642988,861.2,5.28833608459843,31,31,2058.87981440051,49.9003455067148,4.22743090504946,4.22743090504946
6,27.782063642988,27.782063642988,861.2,5.04226783833896,31,31,2012.2844439362,51.2234787628457,4.22743090504946,4.22743090504946
7,27.782063642988,27.782063642988,861.2,4.9864352562023,31,31,2001.09602019937,51.537784692304,4.22743090504946,4.22743090504946
8,27.782063642988,27.782063642988,861.2,4.93468961685203,31,31,1990.66588732819,51.8360358302981,4.22743090504946,4.22743090504946
9,27.782063642988,27.782063642988,861.2,4.9805689490293,31,31,2000.36003752148,51.5769737934529,4.22743090504946,4.22743090504946
