"strata","dload.bi_kgd","dload.ub_kgd","tload_kglenS","degf","lenObs","lenStr","MSE_kglenS","Cl_kglenS","flowmu_m3s","flowav_m3s"
1,18.640446454615,18.6552733270203,578.3,28,29,31,2892.18975279157,20.8185585961823,6.31659660541936,6.49618312643678
2,18.482873017456,18.4857198043833,573.1,15.2717449459194,29,31,761.962082173954,15.0322774290233,6.31659660541935,6.37342130079476
3,18.4038311393162,18.4047275587641,570.6,9.53358296587872,29,31,563.854628514971,17.2498556143907,6.31659660541936,6.32301118948626
4,18.4038311393162,18.4047275587641,570.6,4.17161096091541,29,31,541.048111438635,31.1130645148998,6.31659660541936,6.32301118948626
5,18.4007405408855,18.4027617655046,570.6,4.07015374696017,29,31,535.114820318794,31.6199308107377,6.31659660541936,6.38859316893668
6,18.4188134180336,18.4152731493665,571,3.95247728373146,29,31,527.154673451133,32.2170412412419,6.31659660541936,6.69436047885305
7,18.4103232803328,18.4113681358942,570.8,3.74232003593281,29,31,522.067591190331,33.7030562262741,6.31659660541935,6.60260998709677
8,18.4188134180336,18.4152731493665,570.9,3.73314795010758,29,31,521.297079667857,33.7550306605342,6.31659660541936,6.69436047885305
9,18.3965418373234,18.4105525972611,570.7,4.34074046146938,29,31,572.54246080215,30.9234986237013,6.31659660541935,6.55267498494624
