"strata","dload.bi_kgd","dload.ub_kgd","tload_kglenS","degf","lenObs","lenStr","MSE_kglenS","Cl_kglenS","flowmu_m3s","flowav_m3s"
8,6.79369869568,6.79369869568,203.7,13.0811360371212,30,30,21.0227155857479,2.73700626634273,0.963400462222222,0.963400462222222
