"strata","dload.bi_kgd","dload.ub_kgd","tload_kglenS","degf","lenObs","lenStr","MSE_kglenS","Cl_kglenS","flowmu_m3s","flowav_m3s"
7,25.1351958153021,25.1314333247819,779.2,4.8116187219656,25,31,556.885484265891,27.9835409380105,6.48956551547527,6.23061641779269
