"strata","dload.bi_kgd","dload.ub_kgd","tload_kglenS","degf","lenObs","lenStr","MSE_kglenS","Cl_kglenS","flowmu_m3s","flowav_m3s"
8,26.079949496832,26.079949496832,782.4,2.97768963399017,30,30,3044.87475341192,102.199511306108,6.92031128888889,6.92031128888889
