"strata","dload.bi_kgd","dload.ub_kgd","tload_kglenS","degf","lenObs","lenStr","MSE_kglenS","Cl_kglenS","flowmu_m3s","flowav_m3s"
6,7.25601182290756,7.25601182290756,224.9,10.5970543240854,31,31,36.3897202106281,4.09762770736418,1.50432238795699,1.50432238795699
