"strata","dload.bi_kgd","dload.ub_kgd","tload_kglenS","degf","lenObs","lenStr","MSE_kglenS","Cl_kglenS","flowmu_m3s","flowav_m3s"
1,84.2331179992591,84.2331179992591,2527,29,30,30,12658.0131153402,42.7293070837638,8.57173211991111,8.57173211991111
2,84.2331179992592,84.2331179992592,2527,10.9182961976478,30,30,5253.09512484158,48.3218962573751,8.57173211991111,8.57173211991111
3,84.2331179992591,84.2331179992591,2527,5.86265864205368,30,30,4531.84702249357,68.4194786700981,8.57173211991111,8.57173211991111
4,84.2331179992592,84.2331179992592,2527,2.35921884651765,30,30,3967.04896813864,153.034673639369,8.57173211991111,8.57173211991111
5,84.2331179992592,84.2331179992592,2527,2.25491733427505,30,30,3878.06704304932,160.431885122725,8.57173211991111,8.57173211991111
6,84.2331179992592,84.2331179992592,2527,2.1827023605199,30,30,3815.27032320195,166.201578801478,8.57173211991111,8.57173211991111
7,84.2331179992592,84.2331179992592,2527,2.16759768780393,30,30,3802.03718319486,167.485254655867,8.57173211991111,8.57173211991111
8,84.2331179992592,84.2331179992592,2526.9,2.16758985060126,30,30,3802.03040790192,167.485930235075,8.57173211991111,8.57173211991111
9,84.2331179992592,84.2331179992592,2526.9,2.20586643870644,30,30,3835.59407850611,164.288465904269,8.57173211991111,8.57173211991111
