"strata","dload.bi_kgd","dload.ub_kgd","tload_kglenS","degf","lenObs","lenStr","MSE_kglenS","Cl_kglenS","flowmu_m3s","flowav_m3s"
8,0.594733913930323,0.594733913930323,18.4,8.84671073045937,31,31,1.01121837549433,0.766836235724207,0.838542658064516,0.838542658064516
