"strata","dload.bi_kgd","dload.ub_kgd","tload_kglenS","degf","lenObs","lenStr","MSE_kglenS","Cl_kglenS","flowmu_m3s","flowav_m3s"
1,33.5601060552685,33.5601060552685,1040.4,30,31,31,84943.2707626465,108.671970647298,10.5266469326624,10.5266469326624
2,33.5601060552685,33.5601060552685,1040.4,25.0505279611463,31,31,31246.4287811679,72.7306154686703,10.5266469326624,10.5266469326624
3,33.5601060552685,33.5601060552685,1040.4,10.7493657360024,31,31,27689.5470611874,112.026432204294,10.5266469326624,10.5266469326624
4,33.5601060552685,33.5601060552685,1040.3,10.747810325939,31,31,27687.5435645896,112.032513778262,10.5266469326624,10.5266469326624
5,33.5601060552685,33.5601060552685,1040.3,10.7478289470044,31,31,27687.5675516092,112.032440963176,10.5266469326624,10.5266469326624
6,33.4710827362919,33.4710827362919,1037.6,9.25725651268667,35,35,27774.5858350751,123.386815044529,10.7241063731785,10.7241063731785
7,33.5601060552685,33.5601060552685,1040.3,9.15506427756439,31,31,27964.3714607549,124.702295404466,10.5266469326624,10.5266469326624
8,33.5601060552685,33.5601060552685,1040.2,3.12943654310495,31,31,28909.7974053737,298.845482059671,10.5266469326624,10.5266469326624
9,33.5601060552685,33.5601060552685,1040.3,3.52568813174931,31,31,31323.1507511673,276.184606264698,10.5266469326624,10.5266469326624
