"strata","dload.bi_kgd","dload.ub_kgd","tload_kglenS","degf","lenObs","lenStr","MSE_kglenS","Cl_kglenS","flowmu_m3s","flowav_m3s"
1,102.062211454706,102.062211454706,3163.9,30,31,31,133805.934888653,136.392578931174,12.395128088086,12.395128088086
2,102.062211454706,102.062211454706,3163.9,14.3917100003972,31,31,49245.4029449377,125.141973084287,12.395128088086,12.395128088086
3,102.062211454706,102.062211454706,3163.9,6.12824184522953,31,31,29092.9495798194,167.743296861616,12.395128088086,12.395128088086
4,102.062211454706,102.062211454706,3163.9,3.32721798706494,31,31,20547.4514392552,236.737310313915,12.395128088086,12.395128088086
5,102.062211454706,102.062211454706,3163.8,3.15567980941556,31,31,20009.1741451342,246.485442595757,12.395128088086,12.395128088086
6,102.062211454706,102.062211454706,3163.8,3.07101388644497,31,31,19737.4536377957,251.827175187122,12.395128088086,12.395128088086
7,102.062211454706,102.062211454706,3163.9,3.06246882139589,31,31,19709.8966822673,252.388704528239,12.395128088086,12.395128088086
8,102.062211454706,102.062211454706,3163.9,3.062568197057,31,31,19710.217869297,252.382153209312,12.395128088086,12.395128088086
9,102.062211454706,102.062211454706,3163.8,3.06264868630938,31,31,19710.4791180326,252.376854478972,12.395128088086,12.395128088086
