"strata","dload.bi_kgd","dload.ub_kgd","tload_kglenS","degf","lenObs","lenStr","MSE_kglenS","Cl_kglenS","flowmu_m3s","flowav_m3s"
8,49.0771962452503,49.0771962452503,1374.2,4.63171399258277,28,28,7231.45953950596,104.049833147643,7.05299061041905,7.05299061041905
