"strata","dload.bi_kgd","dload.ub_kgd","tload_kglenS","degf","lenObs","lenStr","MSE_kglenS","Cl_kglenS","flowmu_m3s","flowav_m3s"
1,9.167446202112,9.167446202112,275,29,30,30,138.175296580092,4.46435048071272,1.07839813333333,1.07839813333333
2,9.167446202112,9.167446202112,275,18.9551372183174,30,30,113.701745162131,5.12700679921087,1.07839813333333,1.07839813333333
3,9.167446202112,9.167446202112,275,17.3078438918761,30,30,92.8798907627686,4.8808535791544,1.07839813333333,1.07839813333333
4,9.167446202112,9.167446202112,275,7.39925200869489,30,30,53.2776765448872,6.2763850094416,1.07839813333333,1.07839813333333
5,9.167446202112,9.167446202112,274.9,7.04968131692,30,30,51.9638691277758,6.41073793214539,1.07839813333333,1.07839813333333
6,9.167446202112,9.167446202112,275,6.81715279035983,30,30,51.0736452313774,6.50766441747807,1.07839813333333,1.07839813333333
7,9.167446202112,9.167446202112,275,6.8407457166682,30,30,51.1742913728559,6.49814624250985,1.07839813333333,1.07839813333333
8,9.167446202112,9.167446202112,275,6.89694862842196,30,30,51.3927572193433,6.47442970932821,1.07839813333333,1.07839813333333
9,9.167446202112,9.167446202112,274.9,7.7931120345137,30,30,59.8332218128503,6.41927853554906,1.07839813333333,1.07839813333333
