"strata","dload.bi_kgd","dload.ub_kgd","tload_kglenS","degf","lenObs","lenStr","MSE_kglenS","Cl_kglenS","flowmu_m3s","flowav_m3s"
9,3.58310957419315,3.58310957419315,107.6,5.25210771136644,30,30,69.3394316941682,9.20691663234914,0.420054557511111,0.420054557511111
