"strata","dload.bi_kgd","dload.ub_kgd","tload_kglenS","degf","lenObs","lenStr","MSE_kglenS","Cl_kglenS","flowmu_m3s","flowav_m3s"
6,88.646005678825,88.6565850225679,2748.4,11.2528795623108,26,31,11204.3519604467,69.2610782555961,7.21850038709677,7.53668378494624
