"strata","dload.bi_kgd","dload.ub_kgd","tload_kglenS","degf","lenObs","lenStr","MSE_kglenS","Cl_kglenS","flowmu_m3s","flowav_m3s"
1,26.4887357827354,26.4887357827354,794.7,29,30,30,21395.960336167,55.5531860771322,2.27226588444444,2.27226588444444
2,26.4887357827354,26.4887357827354,794.7,14.9879014688526,30,30,4003.50586326087,34.8381761816797,2.27226588444444,2.27226588444444
3,26.4887357827354,26.4887357827354,794.6,11.5845809066507,30,30,3699.75557832208,39.0927653466969,2.27226588444444,2.27226588444444
4,26.4887357827354,26.4887357827354,794.7,6.71576876505601,30,30,3234.21299366719,52.3403307055554,2.27226588444444,2.27226588444444
5,26.4887357827354,26.4887357827354,794.6,6.47095359859418,30,30,3176.53025296946,53.2716756586392,2.27226588444444,2.27226588444444
6,26.4887357827354,26.4887357827354,794.7,6.4343725421274,30,30,3167.51424053929,53.4144191358615,2.27226588444444,2.27226588444444
7,26.4887357827354,26.4887357827354,794.7,6.42420220372368,30,30,3165.00940394827,53.454450364549,2.27226588444444,2.27226588444444
8,26.4887357827354,26.4887357827354,794.7,6.42359513741131,30,30,3164.85985479906,53.4568441043464,2.27226588444444,2.27226588444444
9,26.4887357827354,26.4887357827354,794.7,6.42360763796539,30,30,3164.86293437437,53.4567948086778,2.27226588444444,2.27226588444444
