"strata","dload.bi_kgd","dload.ub_kgd","tload_kglenS","degf","lenObs","lenStr","MSE_kglenS","Cl_kglenS","flowmu_m3s","flowav_m3s"
1,35.0900291016047,35.2346635759179,1092.3,22,23,31,48943.3759393132,97.8177777952235,6.90747230967742,8.58122156521739
2,34.1615851310354,34.1508996016926,1058.7,20.0483011456332,23,31,23336.7853407262,71.1576093635131,6.90747230967742,8.05171461505376
3,33.1565868980967,33.1070797712819,1026.4,8.6421896268032,23,31,9783.93676378477,76.5976496281445,6.90747230967742,8.02253973020528
4,32.9265069909154,32.9307460201173,1020.8,6.63531020108248,23,31,8541.65520899304,85.794856559224,6.90747230967742,8.13067687455197
5,32.9265069909154,32.9307460201173,1020.8,5.53841012661766,23,31,7746.18038938653,93.3911503702913,6.90747230967742,8.13067687455197
6,32.4175505601805,32.4311857481932,1005.3,4.83214036054951,23,31,7227.93306339421,100.466655539575,6.90747230967742,8.24962773333333
7,33.7149765439591,33.7199301119988,1045.2,4.49199290423624,23,31,6963.17924988842,104.749677182463,6.90747230967742,7.06580280430108
