"strata","dload.bi_kgd","dload.ub_kgd","tload_kglenS","degf","lenObs","lenStr","MSE_kglenS","Cl_kglenS","flowmu_m3s","flowav_m3s"
1,38.3282903211561,38.3282903211561,1188.2,30,31,31,20234.5033969979,53.0394885879241,8.60168472258064,8.60168472258064
2,38.3282903211561,38.3282903211561,1188.2,2.17546734101911,31,31,15979.2173804661,341.669064048782,8.60168472258064,8.60168472258064
3,38.3282903211561,38.3282903211561,1188.3,2.10247182758676,31,31,15708.7272212491,355.07154567144,8.60168472258064,8.60168472258064
4,38.3282903211561,38.3282903211561,1188.2,2.091363337132,31,31,15667.1628964362,357.242000449965,8.60168472258064,8.60168472258064
5,38.3282903211561,38.3282903211561,1188.2,2.08763072324286,31,31,15653.1726449204,357.979575822452,8.60168472258064,8.60168472258064
6,38.3282903211561,38.3282903211561,1188.2,2.08721451309889,31,31,15651.6121888355,358.062084321902,8.60168472258064,8.60168472258064
7,38.3282903211561,38.3282903211561,1188.2,2.08580576207414,31,31,15646.3283859006,358.34173027106,8.60168472258064,8.60168472258064
8,38.3282903211561,38.3282903211561,1188.1,2.08641767227537,31,31,15648.9756808331,358.224217008892,8.60168472258064,8.60168472258064
9,38.3282903211561,38.3282903211561,1188.1,2.08832547232136,31,31,15656.1337090261,357.846043131786,8.60168472258064,8.60168472258064
