"strata","dload.bi_kgd","dload.ub_kgd","tload_kglenS","degf","lenObs","lenStr","MSE_kglenS","Cl_kglenS","flowmu_m3s","flowav_m3s"
8,4.2894350754271,4.2894350754271,133,3.09079299462191,31,31,492.265843473922,39.5037262339431,1.23200916129032,1.23200916129032
