"strata","dload.bi_kgd","dload.ub_kgd","tload_kglenS","degf","lenObs","lenStr","MSE_kglenS","Cl_kglenS","flowmu_m3s","flowav_m3s"
8,5.23287762147412,5.23287762147412,156.9,2.06584928690424,30,30,429.659246812002,60.1936578465815,0.705097570154667,0.705097570154667
