"strata","dload.bi_kgd","dload.ub_kgd","tload_kglenS","degf","lenObs","lenStr","MSE_kglenS","Cl_kglenS","flowmu_m3s","flowav_m3s"
1,1.58359727166792,1.58597110165903,49.2,26,27,31,192.642023507328,5.59516041902772,0.334549290322581,0.250131733333333
2,1.61950563512326,1.62351285016638,50.3,23.0003535032312,27,31,234.219172855621,6.60134167775462,0.334549290322581,0.246097350537634
3,1.68976665869513,1.69563040917717,52.5,20.0304032122475,27,31,274.614261857526,7.72291286319096,0.334549290322581,0.243694119815668
4,1.75695518958841,1.76389319647276,54.6,17.0269313876151,27,31,303.668506494517,8.90889528145105,0.334549290322581,0.243940605017921
5,1.79760957092844,1.8050815729086,55.9,14.0439046292807,27,31,331.596021221953,10.4187943449474,0.334549290322581,0.24635616
6,1.85083217698065,1.85751096528005,57.6,11.0329458127732,27,31,354.569936865111,12.4728047947483,0.334549290322581,0.250740696774194
7,1.92943295693132,1.93221917185303,59.9,8.02179736878589,27,31,393.860340901546,16.150649424206,0.334549290322581,0.257236306810036
8,1.97816768768186,1.97497544215362,61.2,5.01255148669166,27,31,431.61724489508,23.8355071635989,0.334549290322581,0.272054417204301
