"strata","dload.bi_kgd","dload.ub_kgd","tload_kglenS","degf","lenObs","lenStr","MSE_kglenS","Cl_kglenS","flowmu_m3s","flowav_m3s"
6,65.9264506254402,65.9293453470473,1977.9,3.15361179024305,27,30,18789.6083773634,239.017110650401,5.17989641882667,5.18177567899022
