"strata","dload.bi_kgd","dload.ub_kgd","tload_kglenS","degf","lenObs","lenStr","MSE_kglenS","Cl_kglenS","flowmu_m3s","flowav_m3s"
1,15.7106204806326,15.8148527222477,442.8,19,20,28,3599.38310040726,28.8078903753572,2.97904534666667,3.56287169013333
2,15.0093444497766,15.0176504837654,420.5,11.316353554826,20,28,1970.88015944418,28.947747312153,2.97904534666667,3.17863833409524
3,15.0093444497766,15.0176504837654,420.5,3.81034237893951,20,28,249.843399555359,22.9305959761628,2.97904534666667,3.17863833409524
4,14.9056278575301,14.9065657313698,417.4,4.3636353785916,20,28,141.240598268003,15.2900780082297,2.97904534666667,3.09370141828571
5,14.9056278575301,14.9065657313698,417.4,4.37222897209232,20,28,141.381248582346,15.2720052438776,2.97904534666667,3.09370141828571
6,14.8657140687972,14.8658846341368,416.4,4.07505241798472,20,28,347.195392730773,25.4426123529656,2.97904534666667,3.07574317340952
