"strata","dload.bi_kgd","dload.ub_kgd","tload_kglenS","degf","lenObs","lenStr","MSE_kglenS","Cl_kglenS","flowmu_m3s","flowav_m3s"
5,261.047642365051,261.047642365051,8092.4,12.8457051135464,31,31,134089.115160227,220.991820608188,15.982254639828,15.982254639828
