"strata","dload.bi_kgd","dload.ub_kgd","tload_kglenS","degf","lenObs","lenStr","MSE_kglenS","Cl_kglenS","flowmu_m3s","flowav_m3s"
5,8.78639133374339,8.78502982333049,272.3,3.5059749805412,26,31,170.227303551209,20.4703910887553,4.59087751152074,4.55847195698925
