"strata","dload.bi_kgd","dload.ub_kgd","tload_kglenS","degf","lenObs","lenStr","MSE_kglenS","Cl_kglenS","flowmu_m3s","flowav_m3s"
9,2.64511107068928,2.64511107068928,79.4,6.47099218215809,30,30,5.38893573281509,2.19416605703314,0.514137125511111,0.514137125511111
