"strata","dload.bi_kgd","dload.ub_kgd","tload_kglenS","degf","lenObs","lenStr","MSE_kglenS","Cl_kglenS","flowmu_m3s","flowav_m3s"
7,29.5799575662922,30.1800224884473,905.5,2.00024209962781,23,30,9122.44222670848,290.536167017011,1.88254176604444,1.98326567241481
