"strata","dload.bi_kgd","dload.ub_kgd","tload_kglenS","degf","lenObs","lenStr","MSE_kglenS","Cl_kglenS","flowmu_m3s","flowav_m3s"
1,7.62756299191524,7.62756299191524,236.5,30,31,31,308.051568811783,6.54432358912688,2.1994940428043,2.1994940428043
2,7.62756299191524,7.62756299191524,236.4,28.9458543143009,31,31,46.1253391013518,2.58198649989211,2.1994940428043,2.1994940428043
3,7.62756299191524,7.62756299191524,236.4,24.447500745296,31,31,28.434760498028,2.22369593400974,2.1994940428043,2.1994940428043
4,7.62756299191524,7.62756299191524,236.4,7.19752740948968,31,31,26.2225801866621,4.48845643590912,2.1994940428043,2.1994940428043
5,7.62756299191524,7.62756299191524,236.4,5.35127286840339,31,31,22.4394567122584,5.16166560341981,2.1994940428043,2.1994940428043
6,7.62756299191524,7.62756299191524,236.4,5.32777775008875,31,31,22.3908045145961,5.17375113269889,2.1994940428043,2.1994940428043
7,7.62756299191524,7.62756299191524,236.4,5.33821668645551,31,31,22.4159840880815,5.16877665867419,2.1994940428043,2.1994940428043
8,7.62756299191524,7.62756299191524,236.4,5.33025080845387,31,31,22.4207351043643,5.17533719983574,2.1994940428043,2.1994940428043
9,7.62756299191524,7.62756299191524,236.4,5.3427440635609,31,31,22.4475058458034,5.16899899984615,2.1994940428043,2.1994940428043
