"strata","dload.bi_kgd","dload.ub_kgd","tload_kglenS","degf","lenObs","lenStr","MSE_kglenS","Cl_kglenS","flowmu_m3s","flowav_m3s"
8,0.400290669336774,0.400290669336774,12.5,3.39224814337092,30,31,2.49653775578906,2.55996196621469,0.114271989677419,0.114271989677419
