"strata","dload.bi_kgd","dload.ub_kgd","tload_kglenS","degf","lenObs","lenStr","MSE_kglenS","Cl_kglenS","flowmu_m3s","flowav_m3s"
4,52.9940021172041,52.9940021172041,1483.9,15.7785438300889,28,28,3759.73700636521,32.7610166809446,5.67416420761905,5.67416420761905
