"strata","dload.bi_kgd","dload.ub_kgd","tload_kglenS","degf","lenObs","lenStr","MSE_kglenS","Cl_kglenS","flowmu_m3s","flowav_m3s"
1,367.857108953021,367.857108953021,11035.7,29,30,30,4605325.59323769,815.029352041773,11.9023490231556,11.9023490231556
2,367.857108953021,367.857108953021,11035.7,19.3996456531147,30,30,1925062.2174777,658.407146292163,11.9023490231556,11.9023490231556
3,367.857108953021,367.857108953021,11035.8,4.05491667919814,30,30,617413.317492175,1077.63109851709,11.9023490231556,11.9023490231556
4,367.857108953021,367.857108953021,11035.8,3.41605333737576,30,30,562744.84458504,1207.08454880685,11.9023490231556,11.9023490231556
5,367.857108953021,367.857108953021,11035.7,3.4151274063279,30,30,562668.570085794,1207.32345169444,11.9023490231556,11.9023490231556
6,367.857108953021,367.857108953021,11035.8,3.41518701694363,30,30,562673.480885498,1207.30806635708,11.9023490231556,11.9023490231556
7,367.857108953021,367.857108953021,11035.7,3.4152245855197,30,30,562676.576773406,1207.29837139473,11.9023490231556,11.9023490231556
8,367.857108953021,367.857108953021,11035.7,3.46917700140836,30,30,568558.875778849,1195.17986579213,11.9023490231556,11.9023490231556
9,367.857108953021,367.857108953021,11035.7,4.54137027507706,30,30,677754.882292135,1023.99340016449,11.9023490231556,11.9023490231556
