"strata","dload.bi_kgd","dload.ub_kgd","tload_kglenS","degf","lenObs","lenStr","MSE_kglenS","Cl_kglenS","flowmu_m3s","flowav_m3s"
1,165.331473875913,165.331473875913,4959.9,29,30,30,402393.83753853,240.917717571845,12.9699816597333,12.9699816597333
2,165.331473875913,165.331473875913,4960,17.2308478737228,30,30,157947.339504,201.792165588196,12.9699816597333,12.9699816597333
3,165.331473875913,165.331473875913,4960,5.00539298298762,30,30,96088.2137960966,356.046465111299,12.9699816597333,12.9699816597333
4,165.331473875913,165.331473875913,4959.9,4.91757220652486,30,30,52322.0598909483,266.496573079918,12.9699816597333,12.9699816597333
5,165.331473875913,165.331473875913,4959.9,4.10469646119138,30,30,47545.9004984077,295.834858199063,12.9699816597333,12.9699816597333
6,165.331473875913,165.331473875913,4959.9,3.37969054956029,30,30,43769.3852111695,340.201850327679,12.9699816597333,12.9699816597333
7,165.331473875913,165.331473875913,4959.9,3.19705817537336,30,30,42555.4467816728,354.690033713581,12.9699816597333,12.9699816597333
8,165.331473875913,165.331473875913,4959.9,3.19706991284602,30,30,42555.5249001565,354.689028731378,12.9699816597333,12.9699816597333
9,165.331473875913,165.331473875913,4959.9,3.19708507959701,30,30,42555.6258461919,354.687730160777,12.9699816597333,12.9699816597333
