"strata","dload.bi_kgd","dload.ub_kgd","tload_kglenS","degf","lenObs","lenStr","MSE_kglenS","Cl_kglenS","flowmu_m3s","flowav_m3s"
5,14.1528436831737,14.1530197841061,438.8,12.1296149080858,30,31,2012.41413332956,28.0311324256292,1.78502408602151,1.78109627182796
