"strata","dload.bi_kgd","dload.ub_kgd","tload_kglenS","degf","lenObs","lenStr","MSE_kglenS","Cl_kglenS","flowmu_m3s","flowav_m3s"
1,45.84206752,45.84206752,1375.3,29,30,30,18868.5571858394,52.1689896309861,7.38816775111111,7.38816775111111
2,45.84206752,45.84206752,1375.2,12.2336152351095,30,30,10300.4135200201,63.088593261728,7.38816775111111,7.38816775111111
3,45.84206752,45.84206752,1375.2,8.8910889284246,30,30,2995.50954805596,41.5998902315415,7.38816775111111,7.38816775111111
4,45.84206752,45.84206752,1375.2,6.89551154699276,30,30,2547.55897335448,45.5907355464614,7.38816775111111,7.38816775111111
5,45.84206752,45.84206752,1375.2,6.01872476205611,30,30,2303.39277044704,47.8324528943522,7.38816775111111,7.38816775111111
6,45.84206752,45.84206752,1375.2,5.91417995588378,30,30,2283.2114809747,48.2473690205638,7.38816775111111,7.38816775111111
7,45.84206752,45.84206752,1375.2,5.90907115190342,30,30,2282.22559437593,48.2680864833158,7.38816775111111,7.38816775111111
8,45.84206752,45.84206752,1375.2,5.90990386400169,30,30,2282.39575326981,48.2648068463012,7.38816775111111,7.38816775111111
9,45.84206752,45.84206752,1375.2,2.90158447650439,30,30,2413.10546203576,93.5629210164448,7.38816775111111,7.38816775111111
