"strata","dload.bi_kgd","dload.ub_kgd","tload_kglenS","degf","lenObs","lenStr","MSE_kglenS","Cl_kglenS","flowmu_m3s","flowav_m3s"
1,198.761246725912,198.761246725912,6161.6,30,31,31,370675.721544345,227.01268408297,13.1195080654108,13.1195080654108
2,198.761246725912,198.761246725912,6161.6,6.03697227628199,31,31,65510.6571250037,254.519063573059,13.1195080654108,13.1195080654108
3,198.761246725912,198.761246725912,6161.6,5.34569144446217,31,31,61451.4764213066,270.334988473958,13.1195080654108,13.1195080654108
4,198.761246725912,198.761246725912,6161.7,4.8479692300081,31,31,58870.5258360937,285.962771536802,13.1195080654108,13.1195080654108
5,198.761246725912,198.761246725912,6161.7,4.19015171413076,31,31,54538.8423396542,311.16836030051,13.1195080654108,13.1195080654108
6,198.761246725912,198.761246725912,6161.7,4.12388674780724,31,31,54041.1845015731,314.101998993244,13.1195080654108,13.1195080654108
7,198.761246725912,198.761246725912,6161.7,4.09189041874501,31,31,53830.9540089902,315.650749445157,13.1195080654108,13.1195080654108
8,198.761246725912,198.761246725912,6161.7,4.08828656211721,31,31,53807.2395820386,315.827042140254,13.1195080654108,13.1195080654108
9,198.761246725912,198.761246725912,6161.7,4.08805050036152,31,31,53805.6861392498,315.838603467353,13.1195080654108,13.1195080654108
