"strata","dload.bi_kgd","dload.ub_kgd","tload_kglenS","degf","lenObs","lenStr","MSE_kglenS","Cl_kglenS","flowmu_m3s","flowav_m3s"
8,126.593063243393,126.689510038239,3927.4,5.11302199267006,30,31,8805.01565278135,105.968431586005,12.0023542807742,12.0826461104516
