"strata","dload.bi_kgd","dload.ub_kgd","tload_kglenS","degf","lenObs","lenStr","MSE_kglenS","Cl_kglenS","flowmu_m3s","flowav_m3s"
1,60.280228646505,60.280228646505,1808.4,29,30,30,114211.641516599,128.350707298759,6.48233062382222,6.48233062382222
2,60.280228646505,60.280228646505,1808.4,15.6825200009635,30,30,70475.0365236442,142.344680863792,6.48233062382222,6.48233062382222
3,60.280228646505,60.280228646505,1808.4,11.3557126130108,30,30,40788.8419587889,131.408488259408,6.48233062382222,6.48233062382222
4,60.280228646505,60.280228646505,1808.4,7.793226572052,30,30,32466.8948301806,149.530941252878,6.48233062382222,6.48233062382222
5,60.280228646505,60.280228646505,1808.5,5.77331929317933,30,30,27842.888061823,171.557585307362,6.48233062382222,6.48233062382222
6,60.280228646505,60.280228646505,1808.5,5.06316202231104,30,30,26129.4299761913,183.974638188773,6.48233062382222,6.48233062382222
7,60.280228646505,60.280228646505,1808.3,4.91464955667372,30,30,25593.5011794975,186.475768573736,6.48233062382222,6.48233062382222
8,60.280228646505,60.280228646505,1808.3,4.85479937840942,30,30,25458.4496267995,187.836556469177,6.48233062382222,6.48233062382222
9,60.280228646505,60.280228646505,1808.3,4.81084397892302,30,30,25342.6081908477,188.800164679215,6.48233062382222,6.48233062382222
