"strata","dload.bi_kgd","dload.ub_kgd","tload_kglenS","degf","lenObs","lenStr","MSE_kglenS","Cl_kglenS","flowmu_m3s","flowav_m3s"
1,88.9364295239588,88.9364295239588,2757,30,31,31,67776.5848476356,97.0717577121087,6.75639761445161,6.75639761445161
2,88.9364295239588,88.9364295239588,2757,17.0051039599658,31,31,41258.5507667059,103.92066184255,6.75639761445161,6.75639761445161
3,88.9364295239588,88.9364295239588,2757,16.4310295696706,31,31,40548.5745125568,105.086470251964,6.75639761445161,6.75639761445161
4,88.9364295239588,88.9364295239588,2757,9.00029171097298,31,31,38855.7064192391,148.634538887226,6.75639761445161,6.75639761445161
5,88.9364295239588,88.9364295239588,2757,8.6763216387498,31,31,38145.73016509,150.852728170007,6.75639761445161,6.75639761445161
6,88.9364295239588,88.9364295239588,2757.1,4.54398130961944,31,31,32878.7656433239,225.428850054276,6.75639761445161,6.75639761445161
7,88.9364295239587,88.9364295239587,2757.1,4.35054056467989,31,31,32168.7893891748,231.346784983294,6.75639761445161,6.75639761445161
8,88.9364295239588,88.9364295239588,2757,4.35139202280728,31,31,32172.0412198437,231.319735610042,6.75639761445161,6.75639761445161
9,88.9364295239588,88.9364295239588,2757,4.35428473820066,31,31,32183.0316163973,231.227733276408,6.75639761445161,6.75639761445161
