"strata","dload.bi_kgd","dload.ub_kgd","tload_kglenS","degf","lenObs","lenStr","MSE_kglenS","Cl_kglenS","flowmu_m3s","flowav_m3s"
1,0.988214849589678,0.988214849589678,30.6,30,31,31,12.2974284642698,1.30755572100834,0.211549332129032,0.211549332129032
2,0.988214849589678,0.988214849589678,30.6,19.248140424087,31,31,9.8554276204234,1.49636923781349,0.211549332129032,0.211549332129032
3,0.988214849589678,0.988214849589678,30.7,16.8646104475898,31,31,9.18824071794271,1.55825375121044,0.211549332129032,0.211549332129032
4,0.988214849589678,0.988214849589678,30.6,14.8050134835172,31,31,8.55648372403393,1.62224610110527,0.211549332129032,0.211549332129032
5,0.988214849589678,0.988214849589678,30.6,14.7119186137832,31,31,8.52953129868121,1.62571424037278,0.211549332129032,0.211549332129032
6,0.988214849589678,0.988214849589678,30.7,14.572210496806,31,31,8.60429784814194,1.64203234126788,0.211549332129032,0.211549332129032
7,0.988214849589678,0.988214849589678,30.7,10.5818558679846,31,31,8.88870903587164,2.02699859252932,0.211549332129032,0.211549332129032
8,1.01588732729559,1.01588732729559,31.7,9.30682633679007,35,35,9.21091091718786,2.23921109415888,0.226057886107527,0.226057886107527
9,0.988214849589678,0.988214849589678,30.7,6.6083621167365,31,31,10.1000848479334,2.95881918702506,0.211549332129032,0.211549332129032
