"strata","dload.bi_kgd","dload.ub_kgd","tload_kglenS","degf","lenObs","lenStr","MSE_kglenS","Cl_kglenS","flowmu_m3s","flowav_m3s"
1,32.1535966747105,32.1535966747105,996.8,30,31,31,13508.5646532885,43.3368814142678,3.83955225035699,3.83955225035699
2,32.1535966747105,32.1535966747105,996.7,15.024593531717,31,31,4486.3711992636,36.8264096848712,3.83955225035699,3.83955225035699
3,32.1535966747105,32.1535966747105,996.7,10.2369758718782,31,31,2226.12591825971,32.7544460166773,3.83955225035699,3.83955225035699
4,32.1535966747105,32.1535966747105,996.7,3.85796318336585,31,31,1286.16800694959,51.4388914116808,3.83955225035699,3.83955225035699
5,32.1535966747105,32.1535966747105,996.7,3.0833554056921,31,31,1142.79750105258,60.3415925708277,3.83955225035699,3.83955225035699
6,32.1535966747105,32.1535966747105,996.7,2.98199229018735,31,31,1125.23479989767,62.0317900649346,3.83955225035699,3.83955225035699
7,32.1535966747105,32.1535966747105,996.8,2.97427123255125,31,31,1123.77587629624,62.1639367085213,3.83955225035699,3.83955225035699
8,32.1535966747105,32.1535966747105,996.7,2.97409498298705,31,31,1123.74275747856,62.166969798358,3.83955225035699,3.83955225035699
9,32.1535966747105,32.1535966747105,996.7,2.97404869468955,31,31,1123.7350162156,62.1677929256318,3.83955225035699,3.83955225035699
