"strata","dload.bi_kgd","dload.ub_kgd","tload_kglenS","degf","lenObs","lenStr","MSE_kglenS","Cl_kglenS","flowmu_m3s","flowav_m3s"
1,3.4342213124129,3.4342213124129,106.5,30,31,31,775.45557419573,10.3832070395846,1.5371759655914,1.5371759655914
2,3.4342213124129,3.4342213124129,106.4,7.04758856498034,31,31,71.1052544118776,7.50064366698049,1.5371759655914,1.5371759655914
3,3.4342213124129,3.4342213124129,106.5,2.93368426879627,31,31,44.5375742018853,12.5599745125466,1.5371759655914,1.5371759655914
4,3.4342213124129,3.4342213124129,106.4,2.66991141549647,31,31,42.471298584788,13.6285274335517,1.5371759655914,1.5371759655914
5,3.4342213124129,3.4342213124129,106.4,2.57034125682441,31,31,41.6615453423044,14.1136054807105,1.5371759655914,1.5371759655914
6,3.4342213124129,3.4342213124129,106.4,2.45046101016116,31,31,40.6671032589268,14.7751669097815,1.5371759655914,1.5371759655914
7,3.4342213124129,3.4342213124129,106.4,2.3881731581264,31,31,40.1460990636113,15.1591169386736,1.5371759655914,1.5371759655914
8,3.4342213124129,3.4342213124129,106.5,2.37683627336313,31,31,40.050874183073,15.2323064252411,1.5371759655914,1.5371759655914
9,3.4342213124129,3.4342213124129,106.5,2.37515406147301,31,31,40.036692718288,15.2432496739713,1.5371759655914,1.5371759655914
