"strata","dload.bi_kgd","dload.ub_kgd","tload_kglenS","degf","lenObs","lenStr","MSE_kglenS","Cl_kglenS","flowmu_m3s","flowav_m3s"
1,38.9166116999698,38.94855893309,1090.6,25,26,28,22562.4385852116,61.8718269711921,3.31452324099048,3.24632054266667
2,37.8782298623909,37.903661739286,1061.3,22.5931639250058,26,28,13790.4630751136,51.1590459756206,3.31452324099048,3.1812244687609
3,36.515687856439,36.5075448650682,1022.2,13.3140182920742,26,28,3272.90606866942,33.7909089397594,3.31452324099048,3.13381064851429
4,36.515687856439,36.5075448650682,1022.2,11.0790934840759,26,28,2223.6276776614,31.1542930468825,3.31452324099048,3.13381064851429
5,36.515687856439,36.5075448650682,1022.2,7.78307742271425,26,28,1606.4260904023,33.2909047655524,3.31452324099048,3.13381064851429
6,36.4775697296376,36.4799428432893,1021.5,5.90296065226135,26,28,1387.44037333741,37.6637517051037,3.31452324099048,3.15022135779683
7,36.5168247551987,36.5175300091257,1022.5,5.69948127069684,26,28,1363.14253013648,38.3307255966261,3.31452324099048,3.21332894238095
8,36.5168247551987,36.5175300091257,1022.5,5.69955370725409,26,28,1363.15119380973,38.3304783992425,3.31452324099048,3.21332894238095
