"strata","dload.bi_kgd","dload.ub_kgd","tload_kglenS","degf","lenObs","lenStr","MSE_kglenS","Cl_kglenS","flowmu_m3s","flowav_m3s"
1,5.64873903137032,5.64873903137032,175.1,30,31,31,98.9491127070006,3.70901854566156,1.50444418064516,1.50444418064516
2,5.64873903137032,5.64873903137032,175.1,7.00550372780719,31,31,77.243247379176,7.85061274096155,1.50444418064516,1.50444418064516
3,5.64873903137032,5.64873903137032,175.1,3.91834005144673,31,31,56.8420184256145,10.6622995499579,1.50444418064516,1.50444418064516
4,5.64873903137032,5.64873903137032,175.1,3.82698400903475,31,31,56.1670257030099,10.8289247594005,1.50444418064516,1.50444418064516
5,5.64873903137032,5.64873903137032,175.1,3.82849276454179,31,31,56.1915145200115,10.827373452057,1.50444418064516,1.50444418064516
6,5.64873903137032,5.64873903137032,175.1,3.77570966775357,31,31,55.8364242717966,10.9318321219154,1.50444418064516,1.50444418064516
7,5.64873903137032,5.64873903137032,175.1,3.78707913003097,31,31,55.9277101041604,10.9104522298474,1.50444418064516,1.50444418064516
8,5.64873903137032,5.64873903137032,175.1,3.81696171063349,31,31,56.1544650261411,10.8537874866138,1.50444418064516,1.50444418064516
9,5.64873903137032,5.64873903137032,175.1,3.88680740588335,31,31,56.7155806377334,10.7287360949015,1.50444418064516,1.50444418064516
