"strata","dload.bi_kgd","dload.ub_kgd","tload_kglenS","degf","lenObs","lenStr","MSE_kglenS","Cl_kglenS","flowmu_m3s","flowav_m3s"
4,0.278249868284651,0.278239824120991,8.6,13.232502876436,27,31,0.0171690964191407,0.0776793309506472,0.0637967151621505,0.0620435343280547
