"strata","dload.bi_kgd","dload.ub_kgd","tload_kglenS","degf","lenObs","lenStr","MSE_kglenS","Cl_kglenS","flowmu_m3s","flowav_m3s"
5,46.4157952119839,46.4200856033634,1346.2,4.57601085369735,24,29,15832.8828046009,155.518240071571,5.7174499702069,5.64654314793359
