"strata","dload.bi_kgd","dload.ub_kgd","tload_kglenS","degf","lenObs","lenStr","MSE_kglenS","Cl_kglenS","flowmu_m3s","flowav_m3s"
7,7.77877220736,7.77877220736,233.4,3.26011955590969,30,30,131.096730324459,19.2998492333868,1.30579776888889,1.30579776888889
