"strata","dload.bi_kgd","dload.ub_kgd","tload_kglenS","degf","lenObs","lenStr","MSE_kglenS","Cl_kglenS","flowmu_m3s","flowav_m3s"
1,21.3305823455328,21.3305823455328,661.2,30,31,31,2012.24868241247,16.7260687916236,7.38243358439449,7.38243358439449
2,21.3305823455328,21.3305823455328,661.2,19.5032218895784,31,31,1087.16227459546,15.599489196973,7.38243358439449,7.38243358439449
3,21.3305823455328,21.3305823455328,661.3,24.1979058799284,31,31,503.71663562089,9.41249320458469,7.38243358439449,7.38243358439449
4,21.3305823455328,21.3305823455328,661.3,11.7779236289159,31,31,429.538230613509,13.1854654905624,7.38243358439449,7.38243358439449
5,21.3305823455328,21.3305823455328,661.3,9.32915123390618,31,31,379.566292704578,14.3520761587002,7.38243358439449,7.38243358439449
6,21.3305823455328,21.3305823455328,661.3,9.32914047689054,31,31,379.566095148594,14.3520831214136,7.38243358439449,7.38243358439449
7,21.3305823455328,21.3305823455328,661.3,9.32641911606582,31,31,379.510711774139,14.3537429167859,7.38243358439449,7.38243358439449
8,21.3305823455328,21.3305823455328,661.3,5.8299269353807,31,31,380.551974376206,19.9100562506628,7.38243358439449,7.38243358439449
9,21.3305823455328,21.3305823455328,661.3,7.34978813317146,31,31,530.253196285097,19.8925912896505,7.38243358439449,7.38243358439449
