"strata","dload.bi_kgd","dload.ub_kgd","tload_kglenS","degf","lenObs","lenStr","MSE_kglenS","Cl_kglenS","flowmu_m3s","flowav_m3s"
1,51.3198703996447,51.3198703996447,1590.9,30,31,31,22603.7482109651,56.0587336890008,7.34661259337634,7.34661259337634
2,51.3198703996447,51.3198703996447,1590.9,6.02969964802378,31,31,9265.43362860588,95.8043089984933,7.34661259337634,7.34661259337634
3,51.3198703996447,51.3198703996447,1590.9,4.93091709665868,31,31,8336.45638744369,106.142897463272,7.34661259337634,7.34661259337634
4,51.3198703996447,51.3198703996447,1591,6.65955341208836,31,31,7808.07844427084,81.8143692547295,7.34661259337634,7.34661259337634
5,51.3198703996447,51.3198703996447,1591,6.01006377316856,31,31,7384.25703139791,85.7345616728152,7.34661259337634,7.34661259337634
6,51.3198703996447,51.3198703996447,1591,5.76892112230597,31,31,7232.5665426206,87.4879953933232,7.34661259337634,7.34661259337634
7,51.3198703996447,51.3198703996447,1590.9,5.68732250139764,31,31,7186.74426028028,88.1546735390226,7.34661259337634,7.34661259337634
8,51.3198703996447,51.3198703996447,1590.9,5.65972885698653,31,31,7181.030986339,88.4454594100369,7.34661259337634,7.34661259337634
9,51.3198703996447,51.3198703996447,1590.9,5.65121411429034,31,31,7175.62326586227,88.5133516821277,7.34661259337634,7.34661259337634
