"strata","dload.bi_kgd","dload.ub_kgd","tload_kglenS","degf","lenObs","lenStr","MSE_kglenS","Cl_kglenS","flowmu_m3s","flowav_m3s"
1,14.4627190053987,14.4627190053987,448.3,30,31,31,7277.26965269716,31.8080676653995,7.92337556989247,7.92337556989247
2,14.4627190053987,14.4627190053987,448.3,26.4509072511356,31,31,4056.7346809492,25.4349875870331,7.92337556989247,7.92337556989247
3,14.4627190053987,14.4627190053987,448.4,11.4810188362739,31,31,3057.9632424602,35.7377905414376,7.92337556989247,7.92337556989247
4,14.4627190053987,14.4627190053987,448.4,5.5352622596962,31,31,2166.18540452206,49.4081930787151,7.92337556989247,7.92337556989247
5,14.4627190053987,14.4627190053987,448.4,4.23871631509593,31,31,1874.93144600114,57.1191393432478,7.92337556989247,7.92337556989247
6,14.4627190053987,14.4627190053987,448.4,3.8967616987069,31,31,1797.05109773175,60.2516581824966,7.92337556989247,7.92337556989247
7,14.4627190053987,14.4627190053987,448.4,3.81858294904253,31,31,1778.86671629569,61.0648946568216,7.92337556989247,7.92337556989247
8,14.4627190053987,14.4627190053987,448.5,3.81817930978941,31,31,1778.77268950306,61.0692046600177,7.92337556989247,7.92337556989247
9,14.4627190053987,14.4627190053987,448.4,3.81838676356497,31,31,1778.82117159567,61.0669920298769,7.92337556989247,7.92337556989247
