"strata","dload.bi_kgd","dload.ub_kgd","tload_kglenS","degf","lenObs","lenStr","MSE_kglenS","Cl_kglenS","flowmu_m3s","flowav_m3s"
1,0.222756390812903,0.222756390812903,6.9,30,31,31,1.12627979825815,0.395709247842104,0.151175174193548,0.151175174193548
2,0.222756390812903,0.222756390812903,6.9,19.3744887169533,31,31,0.483513912465076,0.330214202374838,0.151175174193548,0.151175174193548
3,0.222756390812903,0.222756390812903,7,16.0059897533914,31,31,0.422223388487993,0.344296912549033,0.151175174193548,0.151175174193548
4,0.222756390812903,0.222756390812903,6.9,25.7810168587189,31,31,0.0918674350668063,0.122753545844163,0.151175174193548,0.151175174193548
5,0.222756390812903,0.222756390812903,7,24.2659617765248,31,31,0.0853728871311105,0.122348246714468,0.151175174193548,0.151175174193548
6,0.222756390812903,0.222756390812903,7,22.6822588024725,31,31,0.0802646920535641,0.123152856808618,0.151175174193548,0.151175174193548
7,0.222756390812903,0.222756390812903,7.1,16.7264656107183,31,31,0.0753061841365012,0.141742156332845,0.151175174193548,0.151175174193548
8,0.222756390812903,0.222756390812903,7.1,12.7398361697173,31,31,0.0756943381671707,0.166870657354023,0.151175174193548,0.151175174193548
9,0.222756390812903,0.222756390812903,7,12.253869618256,31,31,0.074180827236065,0.16913449017697,0.151175174193548,0.151175174193548
