"strata","dload.bi_kgd","dload.ub_kgd","tload_kglenS","degf","lenObs","lenStr","MSE_kglenS","Cl_kglenS","flowmu_m3s","flowav_m3s"
1,240.268217526653,240.268217526653,7448.3,30,31,31,199726.172278702,166.636656178173,18.7334723003871,18.7334723003871
2,240.268217526653,240.268217526653,7448.3,28.0781361877461,31,31,59061.6596920713,93.9356667264348,18.7334723003871,18.7334723003871
3,240.268217526653,240.268217526653,7448.3,12.8862998819035,31,31,29329.9032666267,103.159383926725,18.7334723003871,18.7334723003871
4,240.268217526653,240.268217526653,7448.4,10.1836172040364,31,31,24125.6485456708,108.185817800761,18.7334723003871,18.7334723003871
5,240.268217526653,240.268217526653,7448.4,9.54345533052057,31,31,23345.1577167922,110.920376506176,18.7334723003871,18.7334723003871
6,240.268217526653,240.268217526653,7448.3,9.51526330127427,31,31,23310.6187470742,111.049342212721,18.7334723003871,18.7334723003871
7,240.268217526653,240.268217526653,7448.3,9.51016735863093,31,31,23304.3709596684,111.072729277276,18.7334723003871,18.7334723003871
8,240.268217526653,240.268217526653,7448.3,9.51016906069985,31,31,23304.373063039,111.072721500968,18.7334723003871,18.7334723003871
9,240.268217526653,240.268217526653,7448.3,6.61176361918684,31,31,28710.0029655655,157.692990953006,18.7334723003871,18.7334723003871
