"strata","dload.bi_kgd","dload.ub_kgd","tload_kglenS","degf","lenObs","lenStr","MSE_kglenS","Cl_kglenS","flowmu_m3s","flowav_m3s"
1,24.3646000458092,24.3666011108946,731,23,24,30,248.417670399156,6.7985444225811,7.61957893333333,6.38838806666667
2,24.4629994607879,24.4584414223621,733.7,19.2468480268559,24,30,235.325987612529,7.31227485771861,7.61957893333333,6.60796125333333
3,25.2681497776273,25.2762880430735,758.3,13.5932492541001,24,30,172.337271459433,7.65830583868441,7.61957893333333,6.28530704888889
4,25.2681497776273,25.2762880430735,758.4,13.0144793430636,24,30,168.487284349922,7.77228862232056,7.61957893333333,6.28530704888889
5,25.9807985563959,26.0007205521643,780,6.08443127935948,24,30,191.695096559359,13.6884637333431,7.61957893333333,5.76860410666667
6,25.9807985563959,26.0007205521643,780.1,5.846027862266,24,30,187.845109449848,13.959399878617,7.61957893333333,5.76860410666667
7,25.9807985563959,26.0007205521643,780.1,5.11267457459895,24,30,195.758655121767,15.8013911646653,7.61957893333333,5.76860410666667
