"strata","dload.bi_kgd","dload.ub_kgd","tload_kglenS","degf","lenObs","lenStr","MSE_kglenS","Cl_kglenS","flowmu_m3s","flowav_m3s"
2,2.99780764666653,3.00706184255891,93.2,15.8759412212526,22,31,165.448190144805,6.84784024162179,0.669098580645161,0.615257512995392
