"strata","dload.bi_kgd","dload.ub_kgd","tload_kglenS","degf","lenObs","lenStr","MSE_kglenS","Cl_kglenS","flowmu_m3s","flowav_m3s"
7,247.048241525891,247.048241525891,7658.6,8.72318410110087,31,31,156884.076440133,304.845293436929,16.0976136292473,16.0976136292473
