"strata","dload.bi_kgd","dload.ub_kgd","tload_kglenS","degf","lenObs","lenStr","MSE_kglenS","Cl_kglenS","flowmu_m3s","flowav_m3s"
1,5.49639443327661,5.4932391659747,170.3,18,19,31,1723.0780224778,20.5554105915527,3.93404710835515,3.2299642373614
2,5.49839943943485,5.49316821249304,170.3,14.2023278924131,19,31,1897.10824635287,24.7554189752493,3.93404710835515,3.41033983673806
3,5.52486524926919,5.51600160208043,171,11.1501169896085,19,31,2022.43956819106,29.5939057107405,3.93404710835515,3.66252992739785
4,5.48887714233192,5.47968214453602,169.9,8.17636318592681,19,31,2224.61687550913,37.894779104992,3.93404710835515,4.01835142714265
5,5.6515338311191,5.62780257060775,174.5,5.2599745621525,19,31,2777.83030734743,58.2059948450838,3.93404710835515,4.40797029636129
