"strata","dload.bi_kgd","dload.ub_kgd","tload_kglenS","degf","lenObs","lenStr","MSE_kglenS","Cl_kglenS","flowmu_m3s","flowav_m3s"
4,120.750059999061,121.194400309036,3757,6.11305969327024,13,31,22856.5775307996,148.953479114438,8.55624082580645,7.31736560172043
