"strata","dload.bi_kgd","dload.ub_kgd","tload_kglenS","degf","lenObs","lenStr","MSE_kglenS","Cl_kglenS","flowmu_m3s","flowav_m3s"
6,62.3379697034843,62.4486747270542,1935.9,6.73390148049005,22,31,4202.6461968734,59.5496814297794,7.28720516490323,7.44117362902652
