"strata","dload.bi_kgd","dload.ub_kgd","tload_kglenS","degf","lenObs","lenStr","MSE_kglenS","Cl_kglenS","flowmu_m3s","flowav_m3s"
1,5.00733225123139,5.00576506739404,155.2,29,30,31,206.521123273889,5.45789678953374,2.66962569393548,2.35502645191111
2,4.92046607176166,4.92159631836483,152.5,14.3276168377804,30,31,123.873371118342,6.29296473937067,2.66962569393548,2.46460444989247
3,4.98303892991179,4.97710479743594,154.2,12.5616495336255,30,31,93.8276608450283,5.92533401901868,2.66962569393548,2.51992426201577
4,4.97378534774749,4.97022267576873,154.1,9.8185137204789,30,31,75.8340963414802,6.2078447985576,2.66962569393548,2.49752214267773
5,4.97378534774749,4.97022267576873,154.1,9.00463071185566,30,31,72.4811947152332,6.41753799425778,2.66962569393548,2.49752214267773
6,4.97378534774749,4.97022267576873,154.1,8.87339447045373,30,31,71.9439418719458,6.45535857491992,2.66962569393548,2.49752214267773
7,4.97378534774749,4.97022267576873,154.1,8.73245873862387,30,31,71.3638306546859,6.49719006725819,2.66962569393548,2.49752214267773
8,4.97378534774749,4.97022267576873,154.1,8.72857544324474,30,31,71.3478165944801,6.49836187212704,2.66962569393548,2.49752214267773
9,5.05733334025444,5.03603512085519,156.2,4.43413484649886,30,31,79.317823889436,11.3029409926703,2.66962569393548,2.48880475852617
