"strata","dload.bi_kgd","dload.ub_kgd","tload_kglenS","degf","lenObs","lenStr","MSE_kglenS","Cl_kglenS","flowmu_m3s","flowav_m3s"
1,75.9340070528093,75.9500822910058,2354.5,29,30,31,41517.1942699651,77.3850517983483,3.62388967466667,3.73847517902222
2,75.8225847927011,75.8225636934786,2350.5,10.000317594661,30,31,36958.991036654,135.454531618486,3.62388967466667,3.6227411375665
3,75.8916124133619,75.9329973045048,2354,14.3432205910204,30,31,16104.5983155904,71.7070206834038,3.62388967466667,3.64122518917849
4,75.8214679518083,75.8214494562527,2350.5,8.09998945385629,30,31,11750.6050308509,87.6426629518475,3.62388967466667,3.62279031654902
5,75.8214679518083,75.8214494562527,2350.5,5.0500554221229,30,31,9929.87913775223,113.648017003301,3.62388967466667,3.62279031654902
6,75.8191106431777,75.8191348031618,2350.4,5.04987103443993,30,31,9929.69785457056,113.650287761609,3.62388967466667,3.62324950184946
7,75.8193242766671,75.8193633251113,2350.4,5.04988663589493,30,31,9929.71319401772,113.650095623714,3.62388967466667,3.62350467444683
8,75.8228798041919,75.8230374745732,2350.5,5.04989697085794,30,31,9929.72336134914,113.649968379424,3.62388967466667,3.6241941563871
9,75.8228798041919,75.8230374745732,2350.4,5.04989965700293,30,31,9929.72600226447,113.649935298147,3.62388967466667,3.6241941563871
