"strata","dload.bi_kgd","dload.ub_kgd","tload_kglenS","degf","lenObs","lenStr","MSE_kglenS","Cl_kglenS","flowmu_m3s","flowav_m3s"
1,8.94494499133936,8.94494499133936,277.3,30,31,31,731.832183857332,10.0869253107302,1.60400970322581,1.60400970322581
2,8.94494499133936,8.94494499133936,277.3,27.0024095434606,31,31,696.586843251867,10.4213995109414,1.60400970322581,1.60400970322581
3,8.94494499133936,8.94494499133936,277.3,24.0145446142924,31,31,707.48251600169,11.2019881037526,1.60400970322581,1.60400970322581
4,8.94494499133936,8.94494499133936,277.3,21.0228944493012,31,31,755.219961036323,12.4636251173198,1.60400970322581,1.60400970322581
5,8.94494499133936,8.94494499133936,277.3,18.0312168129235,31,31,834.375924119921,14.2897427356882,1.60400970322581,1.60400970322581
6,8.94494499133936,8.94494499133936,277.3,3.11746115491126,31,31,876.693297460598,52.2486912327879,1.60400970322581,1.60400970322581
7,8.94494499133936,8.94494499133936,277.3,3.11646177514555,31,31,876.552743666753,52.2619071519789,1.60400970322581,1.60400970322581
8,8.94494499133936,8.94494499133936,277.2,3.11676936664607,31,31,876.596168659963,52.257843172395,1.60400970322581,1.60400970322581
9,8.94494499133936,8.94494499133936,277.2,3.11740649781956,31,31,876.685798535532,52.2494193219096,1.60400970322581,1.60400970322581
