"strata","dload.bi_kgd","dload.ub_kgd","tload_kglenS","degf","lenObs","lenStr","MSE_kglenS","Cl_kglenS","flowmu_m3s","flowav_m3s"
1,0.838407450299,0.851825252106204,25.6,21,22,30,56.0214104394877,3.39664431989228,0.265430734037333,0.311662037425455
2,0.766045619295835,0.766067716818199,22.9,4.32810902335995,22,30,18.560822020093,5.58172655693863,0.265430734037333,0.269599103337481
3,0.753955298264631,0.753849950369761,22.6,4.0186121427505,22,30,17.8710235686076,5.8443056004225,0.265430734037333,0.26029483511619
4,0.73838688100766,0.738394210322477,22.1,3.44546127185534,22,30,16.5452680372512,6.49053330158562,0.265430734037333,0.260244434889697
5,0.738604619943402,0.738706832261955,22.1,3.44496923840455,22,30,16.5441365516204,6.49121502674419,0.265430734037333,0.259925219971048
6,0.739003538447263,0.738929558387853,22.1,3.44003089613909,22,30,16.5324223658354,6.49800156234596,0.265430734037333,0.260705541084444
7,0.808380781415005,0.813205672739881,24.3,3.69984614289538,22,30,17.2313524174584,6.18845528255598,0.265430734037333,0.267668925372444
