"strata","dload.bi_kgd","dload.ub_kgd","tload_kglenS","degf","lenObs","lenStr","MSE_kglenS","Cl_kglenS","flowmu_m3s","flowav_m3s"
8,70.0505630987704,70.0505630987704,2101.5,3.08427821025157,30,30,7116.63336440051,150.533603988891,11.3491031718756,11.3491031718756
