"strata","dload.bi_kgd","dload.ub_kgd","tload_kglenS","degf","lenObs","lenStr","MSE_kglenS","Cl_kglenS","flowmu_m3s","flowav_m3s"
8,104.505339990897,104.505339990897,3135,3.85882990458065,30,30,4812.11469757615,99.4767827113643,7.40761352693333,7.40761352693333
