"strata","dload.bi_kgd","dload.ub_kgd","tload_kglenS","degf","lenObs","lenStr","MSE_kglenS","Cl_kglenS","flowmu_m3s","flowav_m3s"
9,42.4691734542039,42.4691734542039,1316.6,2.27732412462149,31,31,95177.7537212541,784.533094679914,4.45852583225806,4.45852583225806
