"strata","dload.bi_kgd","dload.ub_kgd","tload_kglenS","degf","lenObs","lenStr","MSE_kglenS","Cl_kglenS","flowmu_m3s","flowav_m3s"
7,28.0230872812795,28.0230872812795,840.8,3.21336195168605,30,30,3181.92065718792,96.4856175083191,4.75978396919111,4.75978396919111
