"strata","dload.bi_kgd","dload.ub_kgd","tload_kglenS","degf","lenObs","lenStr","MSE_kglenS","Cl_kglenS","flowmu_m3s","flowav_m3s"
1,5.86258233852449,5.86258233852449,181.7,30,31,31,323.407334565806,6.70545087742602,1.33947370090323,1.33947370090323
2,5.86258233852449,5.86258233852449,181.7,28.9994331154062,31,31,166.313798307455,4.89792165591833,1.33947370090323,1.33947370090323
3,5.86258233852449,5.86258233852449,181.8,13.2180022802953,31,31,132.962723226481,6.84041271347369,1.33947370090323,1.33947370090323
4,5.86258233852449,5.86258233852449,181.8,12.5402925774067,31,31,86.5893359873656,5.69806168454053,1.33947370090323,1.33947370090323
5,5.86258233852449,5.86258233852449,181.8,8.74642716640699,31,31,61.6470861694912,6.03234740161752,1.33947370090323,1.33947370090323
6,5.86258233852449,5.86258233852449,181.8,8.02125064379928,31,31,58.9883978963088,6.25060566610175,1.33947370090323,1.33947370090323
7,5.86258233852449,5.86258233852449,181.6,7.79848361406686,31,31,58.0643650580804,6.32072078746483,1.33947370090323,1.33947370090323
8,5.86258233852449,5.86258233852449,181.6,7.80053052755288,31,31,58.0720328726038,6.32001156235421,1.33947370090323,1.33947370090323
9,5.86258233852449,5.86258233852449,181.6,7.79893357070203,31,31,58.0661866148447,6.32057225113679,1.33947370090323,1.33947370090323
