"strata","dload.bi_kgd","dload.ub_kgd","tload_kglenS","degf","lenObs","lenStr","MSE_kglenS","Cl_kglenS","flowmu_m3s","flowav_m3s"
8,1.60215888180921,1.60215888180921,49.8,5.98098142316683,31,31,11.9166917485012,3.45656554098625,0.330255641341935,0.330255641341935
