"strata","dload.bi_kgd","dload.ub_kgd","tload_kglenS","degf","lenObs","lenStr","MSE_kglenS","Cl_kglenS","flowmu_m3s","flowav_m3s"
7,27.1921256186875,27.1921256186875,843.1,9.37122929305494,31,31,1130.34096822277,24.6952228676617,8.01072559033118,8.01072559033118
