"strata","dload.bi_kgd","dload.ub_kgd","tload_kglenS","degf","lenObs","lenStr","MSE_kglenS","Cl_kglenS","flowmu_m3s","flowav_m3s"
1,7.75001782636969,7.72254141842213,239.4,17,18,31,806.948133990015,14.5359307318154,1.69459511597763,2.5140616500237
2,7.86777842724201,7.88407282618282,244.4,13.6080826060238,18,31,611.557426062644,14.4171376538591,1.69459511597763,1.71662630952172
3,7.86777842724201,7.88407282618282,244.4,6.12670653969864,18,31,441.825049330283,20.6755280679924,1.69459511597763,1.71662630952172
4,7.86777842724201,7.88407282618282,244.4,5.18982959470901,18,31,428.50415069042,23.1031759456352,1.69459511597763,1.71662630952172
5,7.86777842724201,7.88407282618282,244.3,5.23976434351614,18,31,431.357636437747,23.0061523158963,1.69459511597763,1.71662630952172
