"strata","dload.bi_kgd","dload.ub_kgd","tload_kglenS","degf","lenObs","lenStr","MSE_kglenS","Cl_kglenS","flowmu_m3s","flowav_m3s"
9,16.8409263606239,16.8409263606239,522,8.44002193167154,31,31,1493.68282654846,30.4011506410697,5.3914620864,5.3914620864
