"strata","dload.bi_kgd","dload.ub_kgd","tload_kglenS","degf","lenObs","lenStr","MSE_kglenS","Cl_kglenS","flowmu_m3s","flowav_m3s"
1,52.1295030418141,52.4351308211477,1625.5,24,25,31,74817.5576313358,115.235022497574,4.7490805587957,5.13178192810667
2,49.0591116068249,49.0966855673371,1522,22.0431357089642,25,31,3348.47188819206,25.5575689593049,4.7490805587957,4.83532094635125
3,47.8900951063372,47.8975538860806,1484.9,12.674987678191,25,31,2790.39311487455,32.1380897152401,4.7490805587957,4.77856656860215
4,47.8900951063372,47.8975538860806,1484.9,8.19319433600908,25,31,2162.92992886022,37.3142711845897,4.7490805587957,4.77856656860215
5,47.8900951063372,47.8975538860806,1484.9,5.01779655247227,25,31,1546.27628310935,45.0770337523909,4.7490805587957,4.77856656860215
6,47.8900951063372,47.8975538860806,1484.9,4.9456835236463,25,31,1535.03447794587,45.4374033392296,4.7490805587957,4.77856656860215
7,47.766536801406,47.7670697803515,1480.9,6.30527664771204,25,31,1793.89867923205,40.7933399056694,4.7490805587957,4.73770816653763
