"strata","dload.bi_kgd","dload.ub_kgd","tload_kglenS","degf","lenObs","lenStr","MSE_kglenS","Cl_kglenS","flowmu_m3s","flowav_m3s"
1,20.431627336946,20.4355449393155,613.1,26,27,30,5060.91828523609,28.678186820416,6.64106214523022,7.01452512798025
2,20.2974953851723,20.2929730627335,608.8,23.0228800234293,27,30,2807.57607844798,22.8428703759437,6.64106214523022,7.19482343306222
3,20.2974953851723,20.2929730627335,608.9,9.63675241158496,27,30,2141.93958971769,33.3890480697521,6.64106214523022,7.19482343306222
4,20.4632500089235,20.469476999156,614.2,7.03280285750217,27,30,1882.31118087497,38.6485436228725,6.64106214523022,6.91535710741333
5,20.4632500089235,20.469476999156,614.2,5.86729365390936,27,30,1629.76991407448,41.0060780406599,6.64106214523022,6.91535710741333
6,20.4632500089235,20.469476999156,614.1,5.86236194398383,27,30,1629.08654662965,41.023308492844,6.64106214523022,6.91535710741333
7,20.492719656167,20.5147280946031,615.6,5.68109234772005,27,30,1604.12295056049,41.6830052895043,6.64106214523022,6.71581679822222
8,20.492719656167,20.5147280946031,615.6,5.673946043138,27,30,1603.11365291925,41.7097000681566,6.64106214523022,6.71581679822222
9,20.492719656167,20.5147280946031,615.5,3.79813773084486,27,30,2176.95689701937,67.8871536039816,6.64106214523022,6.71581679822222
