"strata","dload.bi_kgd","dload.ub_kgd","tload_kglenS","degf","lenObs","lenStr","MSE_kglenS","Cl_kglenS","flowmu_m3s","flowav_m3s"
9,82.9154458002803,82.9154458002803,2487.5,7.08277617101421,30,30,18120.9362202089,119.322593303865,10.6797173025778,10.6797173025778
