"strata","dload.bi_kgd","dload.ub_kgd","tload_kglenS","degf","lenObs","lenStr","MSE_kglenS","Cl_kglenS","flowmu_m3s","flowav_m3s"
1,15.0442292788546,15.0490251118716,466.5,29,30,31,1345.88105067971,13.9330571592853,3.34260032688172,3.42239991111111
2,15.0388512122552,15.0413031076775,466.3,19.6178151243807,30,31,1325.62042314854,17.1685517347462,3.34260032688172,3.38270169717244
3,14.9805195696034,14.9792517115104,464.4,8.38062822943481,30,31,700.644886896831,20.919332317208,3.34260032688172,3.38299490179211
4,14.9988743723725,14.9975861838159,464.9,8.21979829818445,30,31,693.799617829452,21.0876757928812,3.34260032688172,3.36013847397849
5,15.0089040265561,15.0068448749696,465.2,8.2666242657257,30,31,695.85391858377,21.0388545431015,3.34260032688172,3.34990788817204
6,14.9785049714571,14.9776260707757,464.3,5.44854558777075,30,31,727.294160372584,28.9787608064807,3.34260032688172,3.38844385591398
7,14.9954562594136,14.9945488182117,464.8,5.37377060661293,30,31,722.25252529592,29.1885855629538,3.34260032688172,3.36532227526882
8,14.9954562594136,14.9945488182117,464.9,5.36244362953099,30,31,721.490570698277,29.2210147420691,3.34260032688172,3.36532227526882
9,15.0089040265561,15.0068448749696,465.3,5.4003519515237,30,31,724.121727815315,29.1147502933103,3.34260032688172,3.34990788817204
