"strata","dload.bi_kgd","dload.ub_kgd","tload_kglenS","degf","lenObs","lenStr","MSE_kglenS","Cl_kglenS","flowmu_m3s","flowav_m3s"
7,61.5801057107451,61.7977446306673,1853.9,2.50223988328206,28,30,7348.0600884436,193.58775666097,3.08086626684445,4.05312359484444
