"strata","dload.bi_kgd","dload.ub_kgd","tload_kglenS","degf","lenObs","lenStr","MSE_kglenS","Cl_kglenS","flowmu_m3s","flowav_m3s"
6,1.15040141579059,1.15040141579059,34.5,10.0076630364724,30,30,0.966810050482487,0.692470725932519,0.356869079253333,0.356869079253333
