"strata","dload.bi_kgd","dload.ub_kgd","tload_kglenS","degf","lenObs","lenStr","MSE_kglenS","Cl_kglenS","flowmu_m3s","flowav_m3s"
1,8.34715830808888,8.34949020598146,250.5,28,29,30,657.574360544254,9.92680981241102,0.65624184,0.664224248275862
2,8.32028809609499,8.31938847830229,249.6,15.8822282518728,29,30,362.767423936343,10.137635817536,0.65624184,0.658326271111111
3,8.34661669134256,8.34501301021712,250.4,13.8095861771218,29,30,339.991472798392,10.6558940310513,0.65624184,0.657463349019608
4,8.33114254851878,8.32986764556807,250,6.53928331047718,29,30,208.32390297971,13.5394805152301,0.65624184,0.661244474666667
5,8.33114254851878,8.32986764556807,250,6.19670096914904,29,30,202.618623568856,13.8849738979004,0.65624184,0.661244474666667
6,8.33114254851878,8.32986764556807,250,5.54059896793683,29,30,191.143843122395,14.6659629557783,0.65624184,0.661244474666667
7,8.33114254851878,8.32986764556807,250,5.49634385753773,29,30,190.378608288671,14.7269384265989,0.65624184,0.661244474666667
8,8.33114254851878,8.32986764556807,249.9,5.64973239873293,29,30,193.138172551698,14.5244466250512,0.65624184,0.661244474666667
9,8.33359228757169,8.32948863295557,249.9,9.43135634870826,29,30,326.061698175868,13.2088817999379,0.65624184,0.666624666666667
