"strata","dload.bi_kgd","dload.ub_kgd","tload_kglenS","degf","lenObs","lenStr","MSE_kglenS","Cl_kglenS","flowmu_m3s","flowav_m3s"
1,1.88409885227272,1.88409885227272,58.4,30,31,31,120.277052004421,4.08925732485208,0.463265892817204,0.463265892817204
2,1.88409885227272,1.88409885227272,58.4,28.9971757920859,31,31,70.3532082756387,3.18572305574588,0.463265892817204,0.463265892817204
3,1.88409885227272,1.88409885227272,58.3,4.17911799477778,31,31,52.3101582657134,9.65906995564021,0.463265892817204,0.463265892817204
4,1.88409885227272,1.88409885227272,58.3,3.8237667629732,31,31,50.0214452801221,10.2272196187206,0.463265892817204,0.463265892817204
5,1.88409885227272,1.88409885227272,58.4,3.76374371179806,31,31,49.7015595039388,10.3441179411693,0.463265892817204,0.463265892817204
6,1.88409885227272,1.88409885227272,58.4,3.74736186847022,31,31,49.5931371906737,10.3746670588317,0.463265892817204,0.463265892817204
7,1.88409885227272,1.88409885227272,58.4,3.73270297309284,31,31,49.4959583415744,10.4022875133495,0.463265892817204,0.463265892817204
8,1.88409885227272,1.88409885227272,58.4,3.72575503243971,31,31,49.4498403933376,10.4154734498885,0.463265892817204,0.463265892817204
9,1.88409885227272,1.88409885227272,58.3,3.72620393080769,31,31,49.4528207503959,10.4146196294816,0.463265892817204,0.463265892817204
