"strata","dload.bi_kgd","dload.ub_kgd","tload_kglenS","degf","lenObs","lenStr","MSE_kglenS","Cl_kglenS","flowmu_m3s","flowav_m3s"
1,7.71886440684368,7.7845994015404,241.3,23,24,31,2751.00753601304,22.6240622612792,2.22955689323011,2.60242227108889
2,7.35686190259645,7.37323963722944,228.6,11.9830092969174,24,31,1277.32976980994,22.4986673009215,2.22955689323011,2.41214809316923
3,7.35686190259645,7.37323963722944,228.6,13.9966093677193,24,31,158.667724507329,7.2214906176527,2.22955689323011,2.41214809316923
4,7.55201457955808,7.55753957107642,234.3,10.3537133412108,24,31,155.190734834076,8.58657007182956,2.22955689323011,2.45612216767656
5,7.02636902432356,7.02651482232501,217.8,4.37631030591103,24,31,109.156341211001,13.4084572418257,2.22955689323011,2.26183311262624
6,7.02636902432356,7.02651482232501,217.9,4.12817289480685,24,31,105.965977806946,13.8961551647597,2.22955689323011,2.26183311262624
7,7.40622390014454,7.43275695073429,230.5,5.92201033309507,24,31,142.278089434738,12.0320800881652,2.22955689323011,2.26801750174624
