"strata","dload.bi_kgd","dload.ub_kgd","tload_kglenS","degf","lenObs","lenStr","MSE_kglenS","Cl_kglenS","flowmu_m3s","flowav_m3s"
7,0.279544472658581,0.279460874157419,8.7,3.95339039026051,30,31,0.891837451297872,1.32485750432741,0.0506962064516129,0.0504678451612903
