"strata","dload.bi_kgd","dload.ub_kgd","tload_kglenS","degf","lenObs","lenStr","MSE_kglenS","Cl_kglenS","flowmu_m3s","flowav_m3s"
7,1.036272551424,1.036272551424,31,9.78737468313617,30,30,0.753970053176902,0.620249725648998,0.217016808888889,0.217016808888889
