"strata","dload.bi_kgd","dload.ub_kgd","tload_kglenS","degf","lenObs","lenStr","MSE_kglenS","Cl_kglenS","flowmu_m3s","flowav_m3s"
7,73.7149160207666,73.7149160207666,2285.2,2.75905801050461,31,31,38921.4010027782,397.362740375036,5.82793236989247,5.82793236989247
