"strata","dload.bi_kgd","dload.ub_kgd","tload_kglenS","degf","lenObs","lenStr","MSE_kglenS","Cl_kglenS","flowmu_m3s","flowav_m3s"
7,24.341257625392,24.341257625392,730.2,6.59231327315378,30,30,913.552598149536,28.1890071886279,4.62999344444444,4.62999344444444
