"strata","dload.bi_kgd","dload.ub_kgd","tload_kglenS","degf","lenObs","lenStr","MSE_kglenS","Cl_kglenS","flowmu_m3s","flowav_m3s"
1,15.9859221416374,15.9859221416374,495.6,30,31,31,16144.6579703116,47.3769913011636,9.70409032612473,9.70409032612473
2,15.9859221416374,15.9859221416374,495.6,3.83401236498587,31,31,6837.90245066015,119.282329241975,9.70409032612473,9.70409032612473
3,15.9859221416374,15.9859221416374,495.5,2.72795900806962,31,31,5742.00496385159,154.599976116051,9.70409032612473,9.70409032612473
4,15.9859221416374,15.9859221416374,495.5,2.4955879292206,31,31,5489.01062166041,167.858831655399,9.70409032612473,9.70409032612473
5,15.9859221416374,15.9859221416374,495.5,2.38728463359394,31,31,5371.36719257455,175.427714867141,9.70409032612473,9.70409032612473
6,15.9859221416374,15.9859221416374,495.5,2.33692825808471,31,31,5314.14190732078,179.281252569669,9.70409032612473,9.70409032612473
7,15.9859221416374,15.9859221416374,495.5,2.32960279848471,31,31,5305.7999309108,179.863409060131,9.70409032612473,9.70409032612473
8,15.9859221416374,15.9859221416374,495.6,2.33050785225749,31,31,5306.83116184689,179.79118243454,9.70409032612473,9.70409032612473
9,15.9859221416374,15.9859221416374,495.6,2.33023742025577,31,31,5306.52497184164,179.81278759681,9.70409032612473,9.70409032612473
