"strata","dload.bi_kgd","dload.ub_kgd","tload_kglenS","degf","lenObs","lenStr","MSE_kglenS","Cl_kglenS","flowmu_m3s","flowav_m3s"
9,52.1792540928,52.1792540928,1617.5,2.73483028835361,31,31,1114.97421354544,67.9307972185868,4.77457785806452,4.77457785806452
