"strata","dload.bi_kgd","dload.ub_kgd","tload_kglenS","degf","lenObs","lenStr","MSE_kglenS","Cl_kglenS","flowmu_m3s","flowav_m3s"
3,40.880381211005,40.8756964271501,1267.1,4.81748407005021,24,31,9556.92565378956,115.810453898196,8.21387459149935,8.5583226669776
