"strata","dload.bi_kgd","dload.ub_kgd","tload_kglenS","degf","lenObs","lenStr","MSE_kglenS","Cl_kglenS","flowmu_m3s","flowav_m3s"
1,16.4094905434473,16.4094905434473,492.3,29,30,30,4437.73627608158,25.3001924260828,2.36102866961778,2.36102866961778
2,16.4094905434473,16.4094905434473,492.3,27.3558762262948,30,30,2289.99426629956,18.7615657883073,2.36102866961778,2.36102866961778
3,16.4094905434473,16.4094905434473,492.3,11.0416653905857,30,30,657.296060373303,16.9738528280223,2.36102866961778,2.36102866961778
4,16.4094905434474,16.4094905434474,492.2,6.11308015618239,30,30,359.551927588371,18.682061180691,2.36102866961778,2.36102866961778
5,16.4094905434474,16.4094905434474,492.2,4.35080345178266,30,30,301.421590001403,22.3929252384899,2.36102866961778,2.36102866961778
6,16.4094905434474,16.4094905434474,492.3,4.32306509107932,30,30,300.478886755723,22.4807916295185,2.36102866961778,2.36102866961778
7,16.4094905434474,16.4094905434474,492.3,4.30248433433363,30,30,299.761958348762,22.5462548186722,2.36102866961778,2.36102866961778
8,16.4094905434474,16.4094905434474,492.3,4.29803544590117,30,30,299.606869438762,22.5605061186394,2.36102866961778,2.36102866961778
9,16.4094905434473,16.4094905434473,492.4,5.77646291709466,30,30,388.394002973814,20.2540043695393,2.36102866961778,2.36102866961778
