"strata","dload.bi_kgd","dload.ub_kgd","tload_kglenS","degf","lenObs","lenStr","MSE_kglenS","Cl_kglenS","flowmu_m3s","flowav_m3s"
8,52.7769273144661,52.7769273144661,1583.3,2.85839484369644,30,30,7275.9254465872,165.157551451954,8.81404794449778,8.81404794449778
