"strata","dload.bi_kgd","dload.ub_kgd","tload_kglenS","degf","lenObs","lenStr","MSE_kglenS","Cl_kglenS","flowmu_m3s","flowav_m3s"
1,35.3554435913826,35.3554435913826,1096,30,31,31,17171.7593506119,48.8607860648459,7.49711821226667,7.49711821226667
2,35.3554435913826,35.3554435913826,1096,12.8681864323558,31,31,17761.4432653779,80.345348265996,7.49711821226667,7.49711821226667
3,35.3554435913826,35.3554435913826,1096,5.16364955424044,31,31,10562.8052948921,115.163734782672,7.49711821226667,7.49711821226667
4,35.3554435913826,35.3554435913826,1096,3.77569042696364,31,31,8886.75776916486,137.91384594302,7.49711821226667,7.49711821226667
5,35.3554435913826,35.3554435913826,1096.1,3.48549205303791,31,31,8529.41586812806,145.723641373866,7.49711821226667,7.49711821226667
6,35.3554435913826,35.3554435913826,1096,3.44601919931222,31,31,8480.90916602033,146.925149201603,7.49711821226667,7.49711821226667
7,35.3554435913826,35.3554435913826,1096,3.43567564252483,31,31,8468.16640182332,147.245931452695,7.49711821226667,7.49711821226667
8,35.3554435913826,35.3554435913826,1096,3.43623599566744,31,31,8468.85778043326,147.228495148801,7.49711821226667,7.49711821226667
9,35.3554435913826,35.3554435913826,1096.1,3.44433394959638,31,31,8478.8555034103,146.977429659989,7.49711821226667,7.49711821226667
