"strata","dload.bi_kgd","dload.ub_kgd","tload_kglenS","degf","lenObs","lenStr","MSE_kglenS","Cl_kglenS","flowmu_m3s","flowav_m3s"
1,26.079949496832,26.079949496832,782.4,29,30,30,8021.2927138149,34.0145916832513,6.92031128888889,6.92031128888889
2,26.079949496832,26.079949496832,782.4,16.6513934541376,30,30,4202.77876302494,33.572258472658,6.92031128888889,6.92031128888889
3,26.079949496832,26.079949496832,782.4,14.056125247877,30,30,3819.17269906916,35.3405482643758,6.92031128888889,6.92031128888889
4,26.079949496832,26.079949496832,782.4,4.13947006525328,30,30,3603.68310376411,80.8428786244659,6.92031128888889,6.92031128888889
5,26.079949496832,26.079949496832,782.4,3.32958068762731,30,30,3220.07703980833,93.6513055052304,6.92031128888889,6.92031128888889
6,26.079949496832,26.079949496832,782.5,3.29457485367666,30,30,3203.6339022825,94.4034084119622,6.92031128888889,6.92031128888889
7,26.079949496832,26.079949496832,782.5,3.02726214417662,30,30,3070.19157127439,100.83446266353,6.92031128888889,6.92031128888889
8,26.079949496832,26.079949496832,782.4,2.97768963399017,30,30,3044.87475341192,102.199511306108,6.92031128888889,6.92031128888889
9,26.079949496832,26.079949496832,782.5,3.12161403940794,30,30,3126.8651515377,98.5384820346905,6.92031128888889,6.92031128888889
