"strata","dload.bi_kgd","dload.ub_kgd","tload_kglenS","degf","lenObs","lenStr","MSE_kglenS","Cl_kglenS","flowmu_m3s","flowav_m3s"
7,90.591962860032,90.591962860032,2717.9,8.51652931114303,30,30,11095.4146675497,82.3633875462809,11.0112236533333,11.0112236533333
