"strata","dload.bi_kgd","dload.ub_kgd","tload_kglenS","degf","lenObs","lenStr","MSE_kglenS","Cl_kglenS","flowmu_m3s","flowav_m3s"
7,21.891644540357,21.891644540357,678.5,2.78510438877068,31,31,7016.08345118809,166.934249176979,2.96909716765591,2.96909716765591
