"strata","dload.bi_kgd","dload.ub_kgd","tload_kglenS","degf","lenObs","lenStr","MSE_kglenS","Cl_kglenS","flowmu_m3s","flowav_m3s"
1,11.314480346368,11.314480346368,339.4,29,30,30,998.335738092457,12.0000039381191,1.34684139733333,1.34684139733333
2,11.314480346368,11.314480346368,339.4,13.7861482177037,30,30,773.396952459707,16.0877858141002,1.34684139733333,1.34684139733333
3,11.314480346368,11.314480346368,339.5,10.3318148612492,30,30,646.261670667612,17.5457064009814,1.34684139733333,1.34684139733333
4,11.314480346368,11.314480346368,339.4,3.83956133835516,30,30,359.386866627079,27.3099511092546,1.34684139733333,1.34684139733333
5,11.314480346368,11.314480346368,339.4,3.21452338795261,30,30,328.259920538659,30.978973426001,1.34684139733333,1.34684139733333
6,11.314480346368,11.314480346368,339.4,2.98278650103907,30,30,315.294483052231,32.8266961449887,1.34684139733333,1.34684139733333
7,11.314480346368,11.314480346368,339.4,2.43151108465834,30,30,284.167536963811,39.4341194548006,1.34684139733333,1.34684139733333
8,11.314480346368,11.314480346368,339.5,2.36182064479914,30,30,280.049428671782,40.6036424627783,1.34684139733333,1.34684139733333
9,11.314480346368,11.314480346368,339.5,2.34768852381641,30,30,279.209280796231,40.8537390368389,1.34684139733333,1.34684139733333
