"strata","dload.bi_kgd","dload.ub_kgd","tload_kglenS","degf","lenObs","lenStr","MSE_kglenS","Cl_kglenS","flowmu_m3s","flowav_m3s"
8,1.08179895056516,1.08179895056516,33.5,3.75016866479713,31,31,10.1414040280036,4.68825131175622,0.364921341935484,0.364921341935484
