"strata","dload.bi_kgd","dload.ub_kgd","tload_kglenS","degf","lenObs","lenStr","MSE_kglenS","Cl_kglenS","flowmu_m3s","flowav_m3s"
1,34.6090613436343,34.6090613436343,1072.9,30,31,31,19125.0939681373,51.5649785730944,4.75468180452473,4.75468180452473
2,34.6090613436343,34.6090613436343,1072.9,16.7437707824129,31,31,11819.2830944987,56.1202956370733,4.75468180452473,4.75468180452473
3,34.6090613436343,34.6090613436343,1072.9,10.251498494252,31,31,5267.02604323468,50.3371983237087,4.75468180452473,4.75468180452473
4,34.6090613436343,34.6090613436343,1072.9,6.99441323252415,31,31,4236.80729325204,58.207128733275,4.75468180452473,4.75468180452473
5,34.6090613436343,34.6090613436343,1072.9,5.75622424474933,31,31,3767.59711600534,63.2493590092094,4.75468180452473,4.75468180452473
6,34.6090613436343,34.6090613436343,1072.9,4.37734987489753,31,31,3249.53825228955,73.1437365943646,4.75468180452473,4.75468180452473
7,34.6090613436343,34.6090613436343,1072.8,4.20160757407603,31,31,3182.76530083342,74.9913101819053,4.75468180452473,4.75468180452473
8,34.6090613436343,34.6090613436343,1072.8,4.08630181945014,31,31,3138.56602185688,76.309924876409,4.75468180452473,4.75468180452473
9,34.6090613436343,34.6090613436343,1072.8,4.27958024811043,31,31,3217.33773547081,74.2048568097853,4.75468180452473,4.75468180452473
