"strata","dload.bi_kgd","dload.ub_kgd","tload_kglenS","degf","lenObs","lenStr","MSE_kglenS","Cl_kglenS","flowmu_m3s","flowav_m3s"
4,7.86777842724201,7.88407282618282,244.4,5.18982959470901,18,31,428.50415069042,23.1031759456352,1.69459511597763,1.71662630952172
