"strata","dload.bi_kgd","dload.ub_kgd","tload_kglenS","degf","lenObs","lenStr","MSE_kglenS","Cl_kglenS","flowmu_m3s","flowav_m3s"
6,63.6902784850263,63.6902784850263,1910.8,2.69166355894155,30,30,37686.0606063341,402.185391304396,3.54015123370667,3.54015123370667
