"strata","dload.bi_kgd","dload.ub_kgd","tload_kglenS","degf","lenObs","lenStr","MSE_kglenS","Cl_kglenS","flowmu_m3s","flowav_m3s"
1,6.48118292856422,6.48118292856422,194.4,29,30,30,809.433480561472,10.8052211893248,0.722048510044444,0.722048510044444
2,6.48118292856422,6.48118292856422,194.4,12.5209084260092,30,30,329.220706235937,11.1210426583529,0.722048510044444,0.722048510044444
3,6.48118292856422,6.48118292856422,194.5,5.06573930616472,30,30,142.696118947724,13.5901140117411,0.722048510044444,0.722048510044444
4,6.48118292856423,6.48118292856423,194.5,3.49220757896964,30,30,117.242916624891,17.0531641611999,0.722048510044444,0.722048510044444
5,6.48118292856422,6.48118292856422,194.5,2.70413074271831,30,30,102.905467525387,20.9050248046755,0.722048510044444,0.722048510044444
6,6.48118292856423,6.48118292856423,194.6,2.61671175304614,30,30,101.219507054503,21.538838665408,0.722048510044444,0.722048510044444
7,6.48118292856423,6.48118292856423,194.6,2.56996866091167,30,30,100.308974569591,21.9035807108134,0.722048510044444,0.722048510044444
8,6.48118292856423,6.48118292856423,194.6,2.55175917057738,30,30,99.9519967045321,22.0509139542053,0.722048510044444,0.722048510044444
9,6.48118292856422,6.48118292856422,194.6,2.53881841329585,30,30,99.6976837124928,22.1575022008148,0.722048510044444,0.722048510044444
