"strata","dload.bi_kgd","dload.ub_kgd","tload_kglenS","degf","lenObs","lenStr","MSE_kglenS","Cl_kglenS","flowmu_m3s","flowav_m3s"
1,113.079852831014,113.079852831014,3392.4,29,30,30,40778.8327071719,76.6938384801097,9.03156155591111,9.03156155591111
2,113.079852831014,113.079852831014,3392.4,21.9782325946977,30,30,10246.030762527,44.7804605736147,9.03156155591111,9.03156155591111
3,113.079852831014,113.079852831014,3392.4,14.3899652580941,30,30,7583.41838980613,49.1115658561036,9.03156155591111,9.03156155591111
4,113.079852831014,113.079852831014,3392.4,11.6793547888348,30,30,6951.63754559878,53.318523687386,9.03156155591111,9.03156155591111
5,113.079852831014,113.079852831014,3392.4,7.52812609624664,30,30,6409.84025648067,68.02967853049,9.03156155591111,9.03156155591111
6,113.079852831014,113.079852831014,3392.4,7.25712311542623,30,30,6289.36630041195,69.1150032436091,9.03156155591111,9.03156155591111
7,113.079852831014,113.079852831014,3392.4,6.84825578150335,30,30,6106.11068143894,70.9264959876256,9.03156155591111,9.03156155591111
8,113.079852831014,113.079852831014,3392.4,6.85413273334773,30,30,6108.74875052217,70.8987568569139,9.03156155591111,9.03156155591111
9,113.079852831014,113.079852831014,3392.4,6.95867766429032,30,30,6486.51673802345,72.2815708503969,9.03156155591111,9.03156155591111
