"strata","dload.bi_kgd","dload.ub_kgd","tload_kglenS","degf","lenObs","lenStr","MSE_kglenS","Cl_kglenS","flowmu_m3s","flowav_m3s"
4,182.920033056873,183.929945613147,5701.8,6.00002319934614,18,31,117520.234660466,342.450478605868,9.91405175563355,9.62506885943103
