"strata","dload.bi_kgd","dload.ub_kgd","tload_kglenS","degf","lenObs","lenStr","MSE_kglenS","Cl_kglenS","flowmu_m3s","flowav_m3s"
7,113.079852831014,113.079852831014,3392.4,6.84825578150335,30,30,6106.11068143894,70.9264959876256,9.03156155591111,9.03156155591111
