"strata","dload.bi_kgd","dload.ub_kgd","tload_kglenS","degf","lenObs","lenStr","MSE_kglenS","Cl_kglenS","flowmu_m3s","flowav_m3s"
1,39.9976235158186,40.0215233255731,1240.7,28,29,31,6055.25678648265,30.123369446217,4.93025174967742,5.1177001462069
2,39.7286562525447,39.7294051267208,1231.6,8.94796062095445,29,31,3511.85081476473,44.8553160827219,4.93025174967742,4.92228085321045
3,39.5087924390861,39.5104789733671,1224.8,7.9838635921025,29,31,3310.20458790684,46.971426861755,4.93025174967742,4.92139939142315
4,39.496907069102,39.4972047404495,1224.4,7.91986940339206,29,31,3297.28760226936,47.1351446951416,4.93025174967742,4.90079314322581
5,39.5498639998321,39.5520968775521,1226.1,7.74580211231473,29,31,3260.51840630534,47.5835090348419,4.93025174967742,4.9062085681106
6,39.496907069102,39.4972047404495,1224.4,7.5390635213903,29,31,3216.21564218322,48.1409471453188,4.93025174967742,4.90079314322581
7,39.496907069102,39.4972047404495,1224.4,7.49962924966196,29,31,3207.76307421686,48.2511181345587,4.93025174967742,4.90079314322581
8,41.5351557452499,41.534916424491,1287.4,7.87243545759786,33,35,3288.77331235643,47.2659893859112,5.25726511741935,5.2284154744086
9,39.5048170702976,39.5045777495388,1224.6,6.08325707554279,29,31,3431.50186363125,57.9232909515005,4.93025174967742,4.90140210666667
