"strata","dload.bi_kgd","dload.ub_kgd","tload_kglenS","degf","lenObs","lenStr","MSE_kglenS","Cl_kglenS","flowmu_m3s","flowav_m3s"
1,24.5217652883722,24.598629446942,738,26,27,30,17503.130289746,53.3328619953354,7.65299131901968,8.18120630396049
2,24.3810723994766,24.4049786363004,732.2,6.69674390766807,27,30,2975.09080602264,50.3014719626252,7.65299131901968,8.30939742792279
3,24.3304920576683,24.3800870790579,731.4,6.69628474778992,27,30,2296.26383416404,44.1939394157381,7.65299131901968,8.28685079619556
4,24.1519719786606,24.1664643347497,725,3.61666704163101,27,30,1429.50669665835,57.5842752047455,7.65299131901968,7.83006777592889
5,24.1385307278966,24.156508846411,724.7,3.63049568686162,27,30,1432.61713403861,57.4391954965204,7.65299131901968,7.86155146391467
6,24.0802971765295,24.0944634661366,722.8,3.42999697422914,27,30,1394.48391054637,59.8490490081652,7.65299131901968,7.70066031456
7,24.09636298595,24.109703241627,723.3,3.41966132760563,27,30,1392.3796703046,59.9807174023177,7.65299131901968,7.77941248167111
8,24.09636298595,24.109703241627,723.3,3.41646367695865,27,30,1391.72857951828,60.0216714119091,7.65299131901968,7.77941248167111
