"strata","dload.bi_kgd","dload.ub_kgd","tload_kglenS","degf","lenObs","lenStr","MSE_kglenS","Cl_kglenS","flowmu_m3s","flowav_m3s"
3,156.338528278797,159.648612602798,4470.2,2.14606837300022,14,28,146454.20832283,1053.77665681768,15.2199074992381,10.0426934398571
