"strata","dload.bi_kgd","dload.ub_kgd","tload_kglenS","degf","lenObs","lenStr","MSE_kglenS","Cl_kglenS","flowmu_m3s","flowav_m3s"
1,0.920916907823779,0.920899176249861,28.5,29,30,31,39.9759108179984,2.40127701208498,0.0790130064516129,0.07928704
2,0.900022632712258,0.899954127107228,27.9,26.1631886282672,30,31,36.6673057941963,2.43268593541166,0.0790130064516129,0.0788607655913978
3,0.913110474983226,0.912982572349952,28.3,5.30482287236594,30,31,29.8233090290053,5.99115354610665,0.0790130064516129,0.0791271870967742
4,0.913110474983226,0.912982572349952,28.4,4.82967157036225,30,31,28.3980292913795,6.29998513165176,0.0790130064516129,0.0791271870967742
5,0.900022632712258,0.899954127107228,27.9,4.03178018900094,30,31,25.846047016321,7.00791600634511,0.0790130064516129,0.0788607655913978
6,0.900022632712258,0.899954127107228,28,3.61435209832713,30,31,24.4207672786952,7.53101995556656,0.0790130064516129,0.0788607655913978
7,0.900022632712258,0.899954127107228,28,3.0134293189276,30,31,22.1608924203134,8.60854913837165,0.0790130064516129,0.0788607655913978
8,0.900022632712258,0.899954127107228,28,2.87413862389378,30,31,21.6354657053234,8.95187707852893,0.0790130064516129,0.0788607655913978
9,0.900022632712258,0.899954127107228,28,2.71071732518781,30,31,21.0016470202003,9.41776953131409,0.0790130064516129,0.0788607655913978
