"strata","dload.bi_kgd","dload.ub_kgd","tload_kglenS","degf","lenObs","lenStr","MSE_kglenS","Cl_kglenS","flowmu_m3s","flowav_m3s"
8,27.782063642988,27.782063642988,861.2,4.93468961685203,31,31,1990.66588732819,51.8360358302981,4.22743090504946,4.22743090504946
