"strata","dload.bi_kgd","dload.ub_kgd","tload_kglenS","degf","lenObs","lenStr","MSE_kglenS","Cl_kglenS","flowmu_m3s","flowav_m3s"
1,64.8336898325888,64.8336898325888,1945,29,30,30,68252.4054634752,99.2206483474292,9.40209632284444,9.40209632284444
2,64.8336898325888,64.8336898325888,1945,17.3386843706856,30,30,56808.9133146058,120.586547159176,9.40209632284444,9.40209632284444
3,64.8336898325888,64.8336898325888,1945,13.571461417489,30,30,17118.1316958573,76.3989072625274,9.40209632284444,9.40209632284444
4,64.8336898325888,64.8336898325888,1944.9,7.18380176620801,30,30,11621.4511885109,94.6165099331405,9.40209632284444,9.40209632284444
5,64.8336898325888,64.8336898325888,1944.9,6.15192265502475,30,30,10834.2534727966,102.074695763164,9.40209632284444,9.40209632284444
6,64.8336898325888,64.8336898325888,1944.9,5.92688012984924,30,30,10637.3914832668,103.973569525824,9.40209632284444,9.40209632284444
7,64.8336898325888,64.8336898325888,1944.9,5.88883932209943,30,30,10602.9555572321,104.305532236365,9.40209632284444,9.40209632284444
8,64.8336898325888,64.8336898325888,1944.9,5.86384412870884,30,30,10580.5382591215,104.52742405777,9.40209632284444,9.40209632284444
9,64.8336898325888,64.8336898325888,1944.9,5.86259042240201,30,30,10684.1609029426,105.054856888964,9.40209632284444,9.40209632284444
