"strata","dload.bi_kgd","dload.ub_kgd","tload_kglenS","degf","lenObs","lenStr","MSE_kglenS","Cl_kglenS","flowmu_m3s","flowav_m3s"
1,82.5443738251761,82.5826573815437,2477.5,28,29,30,84496.5613946984,112.52701110292,6.65598969244444,6.87173875494253
2,82.520093381525,82.5425415815689,2476.3,2.94907414533521,29,30,39452.990879245,371.715752874108,6.65598969244444,6.80709975439316
3,82.5286728339185,82.5482171142658,2476.4,2.42757613286333,29,30,35745.1588613779,443.167137899031,6.65598969244444,6.85368716788889
4,82.4662054979036,82.4674326351429,2474,2.29023894562192,29,30,34724.2462182353,470.386495964842,6.65598969244444,6.66800431046465
5,82.4662054979036,82.4674326351429,2474.1,2.21272159445605,29,30,34119.9188505661,487.964220905328,6.65598969244444,6.66800431046465
6,82.4662054979036,82.4674326351429,2474,2.17886312795698,29,30,33857.0691572656,496.287485247187,6.65598969244444,6.66800431046465
7,82.453317094611,82.4534542131266,2473.6,2.17801462952486,29,30,33850.4758200313,496.501403972453,6.65598969244444,6.65864607796825
8,82.453317094611,82.4534542131266,2473.6,2.16987177488661,29,30,33787.2024272227,498.568136293274,6.65598969244444,6.65864607796825
9,82.4511836117749,82.451135316627,2473.5,2.16995593109249,29,30,33787.8576644897,498.546657761073,6.65598969244444,6.65585754737778
