"strata","dload.bi_kgd","dload.ub_kgd","tload_kglenS","degf","lenObs","lenStr","MSE_kglenS","Cl_kglenS","flowmu_m3s","flowav_m3s"
1,0.843902754270968,0.843902754270968,26.2,30,31,31,31.51313311575,2.09314273569082,0.289105393548387,0.289105393548387
2,0.843902754270968,0.843902754270968,26.1,22.3465678097621,31,31,24.3802085902098,2.16423845598051,0.289105393548387,0.289105393548387
3,0.843902754270968,0.843902754270968,26.2,23.9025315842963,31,31,6.84822839920877,1.10496683113219,0.289105393548387,0.289105393548387
4,0.843902754270968,0.843902754270968,26.2,11.0820809995488,31,31,5.1425046403922,1.49796440190478,0.289105393548387,0.289105393548387
5,0.843902754270968,0.843902754270968,26.1,6.12149769988707,31,31,3.46812884112002,1.83295233823557,0.289105393548387,0.289105393548387
6,0.843902754270968,0.843902754270968,26.1,5.91388143650247,31,31,3.40850836189875,1.86422837144963,0.289105393548387,0.289105393548387
7,0.843902754270968,0.843902754270968,26.1,5.91419652266576,31,31,3.40860119570217,1.86417961159936,0.289105393548387,0.289105393548387
8,0.843902754270968,0.843902754270968,26.1,5.91394731066425,31,31,3.40852937959272,1.86421861692305,0.289105393548387,0.289105393548387
9,0.843902754270968,0.843902754270968,26.1,5.96552515007413,31,31,3.42549892242936,1.85679766540145,0.289105393548387,0.289105393548387
