"strata","dload.bi_kgd","dload.ub_kgd","tload_kglenS","degf","lenObs","lenStr","MSE_kglenS","Cl_kglenS","flowmu_m3s","flowav_m3s"
2,139.955297909589,147.776420401757,4581.1,3.00381299409015,9,31,1137528.29880673,1957.01396127816,11.8860733642028,8.25227276603871
