"strata","dload.bi_kgd","dload.ub_kgd","tload_kglenS","degf","lenObs","lenStr","MSE_kglenS","Cl_kglenS","flowmu_m3s","flowav_m3s"
1,3.54231263517605,3.54231263517605,106.3,29,30,30,86.8732595769101,3.53986042236182,0.524538609802667,0.524538609802667
2,3.54231263517605,3.54231263517605,106.3,22.2944740287113,30,30,47.7349719553261,3.03228080899312,0.524538609802667,0.524538609802667
3,3.54231263517605,3.54231263517605,106.3,13.9109100921426,30,30,33.5155087447249,3.33111974972163,0.524538609802667,0.524538609802667
4,3.54231263517605,3.54231263517605,106.3,6.30094451863352,30,30,14.093155233015,3.61752868485749,0.524538609802667,0.524538609802667
5,3.54231263517605,3.54231263517605,106.3,4.35084064912473,30,30,11.5261096429511,4.37886793958119,0.524538609802667,0.524538609802667
6,3.54231263517605,3.54231263517605,106.2,3.80691394913709,30,30,10.7759301409874,4.7661539204701,0.524538609802667,0.524538609802667
7,3.54231263517605,3.54231263517605,106.3,3.56451491106371,30,30,10.4003927540938,4.98005504740317,0.524538609802667,0.524538609802667
8,3.54231263517605,3.54231263517605,106.3,3.52289586899734,30,30,10.3429438803687,5.02249693560653,0.524538609802667,0.524538609802667
9,3.54231263517605,3.54231263517605,106.3,3.56863627215232,30,30,10.4130636148134,4.9775934591601,0.524538609802667,0.524538609802667
