"strata","dload.bi_kgd","dload.ub_kgd","tload_kglenS","degf","lenObs","lenStr","MSE_kglenS","Cl_kglenS","flowmu_m3s","flowav_m3s"
1,25.7644298661802,25.7644298661802,798.7,30,31,31,1474.02283620759,14.3154550855922,2.96905027747097,2.96905027747097
2,25.7644298661802,25.7644298661802,798.7,14.4753717476233,31,31,1233.92127434432,19.7413426809871,2.96905027747097,2.96905027747097
3,25.7644298661802,25.7644298661802,798.7,9.01436195367791,31,31,1132.87317215223,25.3536481675499,2.96905027747097,2.96905027747097
4,25.7644298661802,25.7644298661802,798.7,8.41024787137332,31,31,1093.48367345417,26.0727195800008,2.96905027747097,2.96905027747097
5,25.7644298661802,25.7644298661802,798.7,7.5249461181366,31,31,1055.35119622125,27.6120910506666,2.96905027747097,2.96905027747097
6,25.7644298661802,25.7644298661802,798.7,7.0102130354604,31,31,1017.86791457185,28.4848538169452,2.96905027747097,2.96905027747097
7,25.7644298661802,25.7644298661802,798.7,6.84802822889769,31,31,1005.92872628335,28.788563145063,2.96905027747097,2.96905027747097
8,25.7644298661802,25.7644298661802,798.7,6.85463319736812,31,31,1006.42078814817,28.775961771523,2.96905027747097,2.96905027747097
9,25.7644298661802,25.7644298661802,798.7,7.10726134077144,31,31,1025.44651796371,28.3165495844456,2.96905027747097,2.96905027747097
