"strata","dload.bi_kgd","dload.ub_kgd","tload_kglenS","degf","lenObs","lenStr","MSE_kglenS","Cl_kglenS","flowmu_m3s","flowav_m3s"
1,0.803242551268322,0.803242551268322,24.9,30,31,31,2.29814056123306,0.565251009648981,0.256272969380872,0.256272969380872
2,0.803242551268322,0.803242551268322,24.9,28.9987527094365,31,31,1.27330647576301,0.428567964654962,0.256272969380872,0.256272969380872
3,0.803242551268323,0.803242551268323,24.9,18.9772140791102,31,31,0.797492880466732,0.429098200641135,0.256272969380872,0.256272969380872
4,0.803242551268322,0.803242551268322,24.9,17.2175295147001,31,31,0.685386359650302,0.420541640291625,0.256272969380872,0.256272969380872
5,0.803242551268322,0.803242551268322,24.9,15.0370193757932,31,31,0.523464218858198,0.397598340971677,0.256272969380872,0.256272969380872
6,0.803242551268323,0.803242551268323,25,13.7540622204749,31,31,0.494707833367151,0.407447889149258,0.256272969380872,0.256272969380872
7,0.803242551268323,0.803242551268323,25,10.9162188973311,31,31,0.409466066134355,0.42667458853867,0.256272969380872,0.256272969380872
8,0.803242551268322,0.803242551268322,25,9.67286779149261,31,31,0.38235262942307,0.445031985009635,0.256272969380872,0.256272969380872
9,0.803242551268322,0.803242551268322,25,9.18676933295168,31,31,0.372600358183452,0.454170311233198,0.256272969380872,0.256272969380872
