"strata","dload.bi_kgd","dload.ub_kgd","tload_kglenS","degf","lenObs","lenStr","MSE_kglenS","Cl_kglenS","flowmu_m3s","flowav_m3s"
9,0.900022632712258,0.899954127107228,28,2.71071732518781,30,31,21.0016470202003,9.41776953131409,0.0790130064516129,0.0788607655913978
