"strata","dload.bi_kgd","dload.ub_kgd","tload_kglenS","degf","lenObs","lenStr","MSE_kglenS","Cl_kglenS","flowmu_m3s","flowav_m3s"
1,66.2459851393174,66.5948289976453,2064.4,26,27,31,206925.956605903,183.376851917069,2.01236840739785,1.93251147911111
2,61.2327213913302,61.4595365786303,1905.3,7.3783044808919,27,31,61927.9093306629,214.402760261985,2.01236840739785,1.80383953393548
3,59.9934567626105,60.0756434546451,1862.4,3.52475655732116,27,31,41828.7645977296,319.238014086087,2.01236840739785,1.78404015334194
4,60.2418496434409,60.3175715712331,1869.9,3.08967686535596,27,31,39108.4491105521,352.238958747904,2.01236840739785,1.8740386065319
5,60.4518820028795,60.5261567217556,1876.3,3.08544946071366,27,31,39081.6840455426,352.622748304148,2.01236840739785,1.88473660561051
6,60.4427770632153,60.5165983151794,1876,3.08529466565909,27,31,39080.7036742546,352.636828323872,2.01236840739785,1.88244428114695
7,60.441448541048,60.5152911857709,1876,3.08528385561904,27,31,39080.6352099519,352.637811667593,2.01236840739785,1.88244351994265
8,60.567390191529,60.6427975133005,1880,3.08706826761603,27,31,39091.9697838228,352.475772528585,2.01236840739785,1.88977543977061
