"strata","dload.bi_kgd","dload.ub_kgd","tload_kglenS","degf","lenObs","lenStr","MSE_kglenS","Cl_kglenS","flowmu_m3s","flowav_m3s"
1,70.6568679267318,70.6568679267318,1978.4,27,28,28,69452.3647216536,104.064624441804,9.50866648727619,9.50866648727619
2,70.6568679267318,70.6568679267318,1978.4,24.7279420890258,28,28,16204.3834716196,52.7514659923911,9.50866648727619,9.50866648727619
3,70.6568679267318,70.6568679267318,1978.4,19.917627124948,28,28,10357.1381970906,47.5798356240794,9.50866648727619,9.50866648727619
4,70.6568679267318,70.6568679267318,1978.4,10.4288534208777,28,28,7926.27134940583,61.0861991360007,9.50866648727619,9.50866648727619
5,70.6568679267318,70.6568679267318,1978.4,9.8390298401923,28,28,7691.37118929514,62.4355524063833,9.50866648727619,9.50866648727619
6,70.6568679267318,70.6568679267318,1978.3,9.72246874805799,28,28,7644.78757616682,62.7219722222428,9.50866648727619,9.50866648727619
7,70.6568679267318,70.6568679267318,1978.3,9.72248080384143,28,28,7644.79232375685,62.7219419338805,9.50866648727619,9.50866648727619
8,70.6568679267318,70.6568679267318,1978.3,6.42764685294425,28,28,7997.20680411538,84.9370218373237,9.50866648727619,9.50866648727619
