"strata","dload.bi_kgd","dload.ub_kgd","tload_kglenS","degf","lenObs","lenStr","MSE_kglenS","Cl_kglenS","flowmu_m3s","flowav_m3s"
1,4.19904534406433,4.19904534406433,130.2,30,31,31,125.109624290395,4.17059878845873,0.406283661247312,0.406283661247312
2,4.19904534406433,4.19904534406433,130.2,12.736385901858,31,31,59.8612735691565,4.69345109483704,0.406283661247312,0.406283661247312
3,4.19904534406433,4.19904534406433,130.1,13.7061397224069,31,31,22.2955288722947,2.74100429232045,0.406283661247312,0.406283661247312
4,4.19904534406433,4.19904534406433,130.2,13.0159316889239,31,31,19.7550143274101,2.66118384120431,0.406283661247312,0.406283661247312
5,4.19904534406433,4.19904534406433,130.1,9.57098006204315,31,31,16.6605280101798,2.95769669122027,0.406283661247312,0.406283661247312
6,4.19904534406433,4.19904534406433,130.1,8.28307619899755,31,31,15.4468022519757,3.13044411391723,0.406283661247312,0.406283661247312
7,4.19904534406433,4.19904534406433,130.1,8.15004345237805,31,31,15.3206120169398,3.15157881440438,0.406283661247312,0.406283661247312
8,4.19904534406433,4.19904534406433,130.2,8.05258801160008,31,31,15.226006690793,3.16731959264547,0.406283661247312,0.406283661247312
9,4.19904534406433,4.19904534406433,130.3,8.02591463094419,31,31,15.2020646534288,3.17190424519579,0.406283661247312,0.406283661247312
