"strata","dload.bi_kgd","dload.ub_kgd","tload_kglenS","degf","lenObs","lenStr","MSE_kglenS","Cl_kglenS","flowmu_m3s","flowav_m3s"
8,104.470111630006,104.470111630006,3238.5,11.9418669682298,31,31,14568.046161354,76.1410733811505,10.216941067114,10.216941067114
