"strata","dload.bi_kgd","dload.ub_kgd","tload_kglenS","degf","lenObs","lenStr","MSE_kglenS","Cl_kglenS","flowmu_m3s","flowav_m3s"
4,10.0745877006117,10.074136470177,302.3,2.35586124154722,22,30,367.078640175681,46.6361348152345,1.47151929080373,1.36156613333333
