"strata","dload.bi_kgd","dload.ub_kgd","tload_kglenS","degf","lenObs","lenStr","MSE_kglenS","Cl_kglenS","flowmu_m3s","flowav_m3s"
1,221.692163480989,221.692163480989,6872.5,30,31,31,2370931.15074993,574.133018771608,8.22388715316989,8.22388715316989
2,221.692163480989,221.692163480989,6872.4,11.1337540871026,31,31,1320085.9542104,756.765352577132,8.22388715316989,8.22388715316989
3,221.692163480989,221.692163480989,6872.4,2.66886563524489,31,31,213204.526279223,966.042567253713,8.22388715316989,8.22388715316989
4,221.692163480989,221.692163480989,6872.5,3.8160602873869,31,31,175679.236356582,607.216470027332,8.22388715316989,8.22388715316989
5,221.692163480989,221.692163480989,6872.5,3.60248233542575,31,31,170694.389971643,631.594365357416,8.22388715316989,8.22388715316989
6,221.692163480989,221.692163480989,6872.4,3.60173660582203,31,31,170676.721440012,631.685782359846,8.22388715316989,8.22388715316989
7,221.692163480989,221.692163480989,6872.4,3.60163634906975,31,31,170674.345961432,631.69807624941,8.22388715316989,8.22388715316989
8,221.692163480989,221.692163480989,6872.5,3.6016377206885,31,31,170674.378462575,631.69790805361,8.22388715316989,8.22388715316989
9,221.692163480989,221.692163480989,6872.5,3.60163875975895,31,31,170674.403082356,631.697780634183,8.22388715316989,8.22388715316989
