"strata","dload.bi_kgd","dload.ub_kgd","tload_kglenS","degf","lenObs","lenStr","MSE_kglenS","Cl_kglenS","flowmu_m3s","flowav_m3s"
1,7.1642643105577,7.1642643105577,200.6,27,28,28,200.406050288172,5.59004130649198,1.88836891401143,1.88836891401143
