"strata","dload.bi_kgd","dload.ub_kgd","tload_kglenS","degf","lenObs","lenStr","MSE_kglenS","Cl_kglenS","flowmu_m3s","flowav_m3s"
1,0.640471647744,0.640471647744,19.2,29,30,30,3.09257452532672,0.667887271117251,0.176508053333333,0.176508053333333
2,0.640471647744,0.640471647744,19.2,27.9475057426178,30,30,3.12531477023105,0.685059650189485,0.176508053333333,0.176508053333333
3,0.640471647744,0.640471647744,19.2,25.7221999693758,30,30,3.02021886751753,0.704720959817569,0.176508053333333,0.176508053333333
4,0.640471647744,0.640471647744,19.3,21.8605642299731,30,30,2.95052589647374,0.762187530076995,0.176508053333333,0.176508053333333
5,0.640471647744,0.640471647744,19.2,20.6603265725314,30,30,2.8421812281219,0.772102483716074,0.176508053333333,0.176508053333333
6,0.640471647744,0.640471647744,19.2,16.6462574557596,30,30,2.76374923215793,0.861071141784263,0.176508053333333,0.176508053333333
7,0.640471647744,0.640471647744,19.3,14.1949811029499,30,30,2.80902443224739,0.952873184881087,0.176508053333333,0.176508053333333
8,0.640471647744,0.640471647744,19.2,13.6047732354523,30,30,2.74136445151266,0.965399003422065,0.176508053333333,0.176508053333333
9,0.640471647744,0.640471647744,19.1,13.0691156968405,30,30,3.08284458549118,1.0486900867428,0.176508053333333,0.176508053333333
