"strata","dload.bi_kgd","dload.ub_kgd","tload_kglenS","degf","lenObs","lenStr","MSE_kglenS","Cl_kglenS","flowmu_m3s","flowav_m3s"
1,4.54750562155355,4.54750562155355,141,30,31,31,136.780686060266,4.36079269640282,2.3027952516129,2.3027952516129
2,4.54750562155355,4.54750562155355,141,28.1833167287938,31,31,33.1062057443002,2.21946187184196,2.3027952516129,2.3027952516129
3,4.54750562155355,4.54750562155355,141,22.9792259650123,31,31,27.7840250840263,2.27478430999992,2.3027952516129,2.3027952516129
4,4.54750562155355,4.54750562155355,141,14.2867473650854,31,31,25.0986864246494,2.83743425498963,2.3027952516129,2.3027952516129
5,4.54750562155355,4.54750562155355,141,14.2867473650854,31,31,25.0986864246494,2.83743425498963,2.3027952516129,2.3027952516129
6,4.54750562155355,4.54750562155355,140.9,7.60754808695944,31,31,24.4443329966886,4.17099766018801,2.3027952516129,2.3027952516129
7,4.54750562155355,4.54750562155355,140.9,7.60754808695944,31,31,24.4443329966886,4.17099766018801,2.3027952516129,2.3027952516129
8,4.54750562155355,4.54750562155355,140.9,7.76753358951285,31,31,24.8541313769501,4.14652906337707,2.3027952516129,2.3027952516129
9,4.54750562155355,4.54750562155355,140.9,6.18695327101622,31,31,29.1544763687806,5.27302234093476,2.3027952516129,2.3027952516129
