"strata","dload.bi_kgd","dload.ub_kgd","tload_kglenS","degf","lenObs","lenStr","MSE_kglenS","Cl_kglenS","flowmu_m3s","flowav_m3s"
1,36.0655864106373,36.0655864106373,1082,29,30,30,10892.9361321849,39.6383490922102,6.32069958794667,6.32069958794667
2,36.0655864106373,36.0655864106373,1082,11.328153729363,30,30,5065.02027905069,46.3762305323884,6.32069958794667,6.32069958794667
3,36.0655864106373,36.0655864106373,1082,7.43625918850759,30,30,2720.3911258099,44.6949298512103,6.32069958794667,6.32069958794667
4,36.0655864106373,36.0655864106373,1082,4.29188038451278,30,30,883.716445493413,38.7940897330132,6.32069958794667,6.32069958794667
5,36.0655864106373,36.0655864106373,1082,4.13166598061188,30,30,866.495832688041,39.7074247018853,6.32069958794667,6.32069958794667
6,36.0655864106373,36.0655864106373,1082,4.13147661226506,30,30,866.476019033196,39.7085704815585,6.32069958794667,6.32069958794667
7,36.0655864106373,36.0655864106373,1081.9,4.13058437554848,30,30,866.382446920206,39.7139658270502,6.32069958794667,6.32069958794667
8,36.0655864106373,36.0655864106373,1082,4.13097875601982,30,30,866.423854785118,39.7115817381083,6.32069958794667,6.32069958794667
9,36.0655864106373,36.0655864106373,1082.1,4.96074201436206,30,30,1058.56881365829,37.6402244966308,6.32069958794667,6.32069958794667
