"strata","dload.bi_kgd","dload.ub_kgd","tload_kglenS","degf","lenObs","lenStr","MSE_kglenS","Cl_kglenS","flowmu_m3s","flowav_m3s"
6,3.07039464315871,3.07100340173969,95.2,11.3150457534907,26,31,57.866880375148,4.96056028863984,4.34449742795699,3.97683575053763
