"strata","dload.bi_kgd","dload.ub_kgd","tload_kglenS","degf","lenObs","lenStr","MSE_kglenS","Cl_kglenS","flowmu_m3s","flowav_m3s"
1,14.455160064,14.455160064,448.1,30,31,31,1128.75779975301,12.527183380876,4.97553579354839,4.97553579354839
2,14.455160064,14.455160064,448.1,8.34079724863715,31,31,467.561020426338,17.1433273655442,4.97553579354839,4.97553579354839
3,14.455160064,14.455160064,448.2,9.43139062915223,31,31,48.6223333579955,5.10073829342618,4.97553579354839,4.97553579354839
4,14.455160064,14.455160064,448.1,7.51960226900673,31,31,30.9634099564356,4.73191618713895,4.97553579354839,4.97553579354839
5,14.455160064,14.455160064,448.1,7.3141704848903,31,31,30.5333931339326,4.78958265069511,4.97553579354839,4.97553579354839
6,14.455160064,14.455160064,448.1,7.2852973708813,31,31,30.4721078766976,4.79791072990469,4.97553579354839,4.97553579354839
7,14.455160064,14.455160064,448,7.22021303928646,31,31,30.3351056951319,4.8170467189483,4.97553579354839,4.97553579354839
8,14.455160064,14.455160064,448.1,7.19000538420889,31,31,30.2741294180044,4.82626769518774,4.97553579354839,4.97553579354839
9,14.455160064,14.455160064,448,7.18994012112162,31,31,30.2739773559428,4.82628609014836,4.97553579354839,4.97553579354839
