"strata","dload.bi_kgd","dload.ub_kgd","tload_kglenS","degf","lenObs","lenStr","MSE_kglenS","Cl_kglenS","flowmu_m3s","flowav_m3s"
1,60.5205646017721,60.5205646017721,1876.1,30,31,31,16065.0192397615,47.2599957010918,6.49531440439054,6.49531440439054
2,60.5205646017721,60.5205646017721,1876.2,28.8323122031966,31,31,4816.13757819082,26.4400037190934,6.49531440439054,6.49531440439054
3,60.5205646017721,60.5205646017721,1876.2,24.6029385391452,31,31,3860.74009333159,25.8206543508283,6.49531440439054,6.49531440439054
4,60.5205646017721,60.5205646017721,1876.2,20.3943885259244,31,31,3477.78443281564,27.2059925025227,6.49531440439054,6.49531440439054
5,60.5205646017721,60.5205646017721,1876.2,18.1716490423721,31,31,3348.34295627638,28.4992721000841,6.49531440439054,6.49531440439054
6,60.5205646017721,60.5205646017721,1876.2,17.1005686132022,31,31,3357.37180044512,29.54911070338,6.49531440439054,6.49531440439054
7,60.5205646017721,60.5205646017721,1876.2,14.9646259126781,31,31,3490.97468804841,32.5615369863976,6.49531440439054,6.49531440439054
8,60.5205646017721,60.5205646017721,1876.2,8.24299685467658,31,31,3609.5965519459,48.0090096937961,6.49531440439054,6.49531440439054
9,60.5205646017721,60.5205646017721,1876.2,8.66216891018002,31,31,3801.39070534166,47.6725812383359,6.49531440439054,6.49531440439054
