"strata","dload.bi_kgd","dload.ub_kgd","tload_kglenS","degf","lenObs","lenStr","MSE_kglenS","Cl_kglenS","flowmu_m3s","flowav_m3s"
2,0.787342392917197,0.787491659873991,24.4,5.42360887338827,14,31,0.955731956821361,1.0542202613913,0.124492428928215,0.120967162107527
