"strata","dload.bi_kgd","dload.ub_kgd","tload_kglenS","degf","lenObs","lenStr","MSE_kglenS","Cl_kglenS","flowmu_m3s","flowav_m3s"
1,26.0646842872744,26.1698213605624,811.3,24,25,31,12421.9041960145,46.9544562081609,6.48956551547527,7.19701695464533
2,25.3394688377443,25.3395178884541,785.5,21.5275336872355,25,31,2091.57501648709,20.4679665505127,6.48956551547527,6.74751860916207
3,24.7486342262234,24.7477741031649,767.2,12.8931276647776,25,31,1105.07503317207,20.0175388894772,6.48956551547527,6.73485066102366
4,25.1351958153021,25.1314333247819,779.1,8.61771456169629,25,31,820.292142647143,22.2205884095624,6.48956551547527,6.23061641779269
5,25.1351958153021,25.1314333247819,779.1,5.74494177097553,25,31,602.977385792879,25.3406379717581,6.48956551547527,6.23061641779269
6,25.1351958153021,25.1314333247819,779.1,5.07496922329267,25,31,572.338415662543,27.1778021393483,6.48956551547527,6.23061641779269
7,25.1351958153021,25.1314333247819,779.2,4.8116187219656,25,31,556.885484265891,27.9835409380105,6.48956551547527,6.23061641779269
8,25.0346624231223,25.0311549154538,775.9,8.72221873437766,25,31,1169.23118246309,26.3191510719166,6.48956551547527,6.19961609859785
