"strata","dload.bi_kgd","dload.ub_kgd","tload_kglenS","degf","lenObs","lenStr","MSE_kglenS","Cl_kglenS","flowmu_m3s","flowav_m3s"
8,22.2078063942789,22.2078063942789,666.1,4.33681098156798,30,30,519.509732814109,29.4794035563614,3.44149886276693,3.44149886276693
