"strata","dload.bi_kgd","dload.ub_kgd","tload_kglenS","degf","lenObs","lenStr","MSE_kglenS","Cl_kglenS","flowmu_m3s","flowav_m3s"
1,224.184643266033,224.184643266033,6725.5,29,30,30,771564.442481826,333.602412006942,16.5252318831467,16.5252318831467
2,224.184643266033,224.184643266033,6725.5,10.3638064720058,30,30,132462.710028135,250.707253763751,16.5252318831467,16.5252318831467
3,224.184643266033,224.184643266033,6725.5,11.9065444966084,30,30,94746.5297461047,194.530147508412,16.5252318831467,16.5252318831467
4,224.184643266033,224.184643266033,6725.5,8.8014795365395,30,30,80911.2304398394,217.642929067124,16.5252318831467,16.5252318831467
5,224.184643266033,224.184643266033,6725.5,8.71742432510152,30,30,80619.9350937889,218.625095585112,16.5252318831467,16.5252318831467
6,224.184643266033,224.184643266033,6725.5,8.71665399513981,30,30,80616.3736126731,218.632979121824,16.5252318831467,16.5252318831467
7,224.184643266033,224.184643266033,6725.5,8.71574346824651,30,30,80612.1929699678,218.642338707918,16.5252318831467,16.5252318831467
8,224.184643266033,224.184643266033,6725.5,8.71567646535362,30,30,80611.883111439,218.643024526571,16.5252318831467,16.5252318831467
9,224.184643266033,224.184643266033,6725.5,9.17194810959876,30,30,88149.2930604476,221.137142204035,16.5252318831467,16.5252318831467
