"strata","dload.bi_kgd","dload.ub_kgd","tload_kglenS","degf","lenObs","lenStr","MSE_kglenS","Cl_kglenS","flowmu_m3s","flowav_m3s"
7,1.11755498797158,1.11755498797158,33.5,15.3861637154131,30,30,1.56049170450766,0.677317268794764,0.819211316622222,0.819211316622222
