"strata","dload.bi_kgd","dload.ub_kgd","tload_kglenS","degf","lenObs","lenStr","MSE_kglenS","Cl_kglenS","flowmu_m3s","flowav_m3s"
1,48.7610104802414,48.7610104802414,1365.3,27,28,28,24853.0837465306,62.2514890608004,4.55617986209524,4.55617986209524
2,48.7610104802414,48.7610104802414,1365.3,3.00003729797516,28,28,13698.4337103691,215.045401216296,4.55617986209524,4.55617986209524
3,48.7610104802414,48.7610104802414,1365.2,3.00003849738213,28,28,13698.436448675,215.045331085881,4.55617986209524,4.55617986209524
4,48.7610104802414,48.7610104802414,1365.3,3.00002445436989,28,28,13698.4043878121,215.046152198852,4.55617986209524,4.55617986209524
5,48.7610104802414,48.7610104802414,1365.3,3.00001959608754,28,28,13698.3932961087,215.046436271304,4.55617986209524,4.55617986209524
6,48.7610104802414,48.7610104802414,1365.3,3.00001943476786,28,28,13698.3929278078,215.046445703977,4.55617986209524,4.55617986209524
7,48.7610104802414,48.7610104802414,1365.2,3.00002147032091,28,28,13698.3975751254,215.046326681746,4.55617986209524,4.55617986209524
8,48.7610104802414,48.7610104802414,1365.3,3.00002263263859,28,28,13698.4002287548,215.046258718952,4.55617986209524,4.55617986209524
