"strata","dload.bi_kgd","dload.ub_kgd","tload_kglenS","degf","lenObs","lenStr","MSE_kglenS","Cl_kglenS","flowmu_m3s","flowav_m3s"
7,8.88882653787252,9.03331320949038,271.1,2.03583944638577,29,30,3180.83204828208,167.235659605208,5.29854522666667,4.58496186666667
