"strata","dload.bi_kgd","dload.ub_kgd","tload_kglenS","degf","lenObs","lenStr","MSE_kglenS","Cl_kglenS","flowmu_m3s","flowav_m3s"
5,0.87663279677547,0.874731973412717,26.1,3.21964878239897,28,30,3.21767735669821,3.06214117158058,0.158102133333333,0.171841025185185
