"strata","dload.bi_kgd","dload.ub_kgd","tload_kglenS","degf","lenObs","lenStr","MSE_kglenS","Cl_kglenS","flowmu_m3s","flowav_m3s"
7,0.109517475373662,0.109371714804614,3.4,3.91424889452778,29,31,0.330995661578529,0.814400029711386,0.0730756129032258,0.07503952
