"strata","dload.bi_kgd","dload.ub_kgd","tload_kglenS","degf","lenObs","lenStr","MSE_kglenS","Cl_kglenS","flowmu_m3s","flowav_m3s"
1,1.05691536976971,1.05878923607447,32.8,21,22,31,13.5529978800522,1.67067024521274,0.197492933505376,0.18290936630303
2,1.13844403029167,1.13893803534057,35.3,18.1945753477285,22,31,6.21951588483,1.22739533666031,0.197492933505376,0.216767587929825
3,1.18377684344067,1.1939538825826,37.1,2.08345636006031,22,31,5.22022530992445,6.55578425739452,0.197492933505376,0.218246026967742
4,1.18336270488222,1.19356602193247,37,2.04814060370478,22,31,5.17573863691051,6.68801279915692,0.197492933505376,0.218231183483871
5,1.18346906329789,1.19365826833746,37,2.04756144718168,22,31,5.1750074343694,6.69024343033714,0.197492933505376,0.218696702203106
6,1.18331673751606,1.19358064843023,37,2.0490245516162,22,31,5.17686567219574,6.68461941309353,0.197492933505376,0.219983475784946
7,1.1831550048861,1.19334479838896,37.1,2.04898319986426,22,31,5.17681369177081,6.68477852966288,0.197492933505376,0.216848836473118
