"strata","dload.bi_kgd","dload.ub_kgd","tload_kglenS","degf","lenObs","lenStr","MSE_kglenS","Cl_kglenS","flowmu_m3s","flowav_m3s"
5,7.66798651633053,7.66798651633053,237.6,3.00023780096959,31,31,707.417810075917,48.8654347566429,0.503796977032258,0.503796977032258
