"strata","dload.bi_kgd","dload.ub_kgd","tload_kglenS","degf","lenObs","lenStr","MSE_kglenS","Cl_kglenS","flowmu_m3s","flowav_m3s"
1,1.11755498797158,1.11755498797158,33.5,29,30,30,10.0596641322491,1.20457770286747,0.819211316622222,0.819211316622222
2,1.11755498797158,1.11755498797158,33.5,24.3700226771709,30,30,6.22573744303086,1.0423341208529,0.819211316622222,0.819211316622222
3,1.11755498797158,1.11755498797158,33.6,24.085456708299,30,30,4.32184335370791,0.87410555503109,0.819211316622222,0.819211316622222
4,1.11755498797158,1.11755498797158,33.5,18.1032334083228,30,30,1.71533753278116,0.646441412088282,0.819211316622222,0.819211316622222
5,1.11755498797158,1.11755498797158,33.5,17.6634871627327,30,30,1.70397763408351,0.65342700791484,0.819211316622222,0.819211316622222
6,1.11755498797158,1.11755498797158,33.5,15.8840223952805,30,30,1.58084100901619,0.669172514806457,0.819211316622222,0.819211316622222
7,1.11755498797158,1.11755498797158,33.5,15.3861637154131,30,30,1.56049170450766,0.677317268794764,0.819211316622222,0.819211316622222
8,1.11755498797158,1.11755498797158,33.5,14.9193779972917,30,30,1.58101638356522,0.694180370732013,0.819211316622222,0.819211316622222
9,1.11755498797158,1.11755498797158,33.5,14.4955525215175,30,30,1.64146191017489,0.71943427987935,0.819211316622222,0.819211316622222
