"strata","dload.bi_kgd","dload.ub_kgd","tload_kglenS","degf","lenObs","lenStr","MSE_kglenS","Cl_kglenS","flowmu_m3s","flowav_m3s"
8,128.229050381438,128.213477675457,3846.5,4.07677042850823,28,30,16527.5944092434,175.475898959047,9.81608557911111,9.91446128862222
