"strata","dload.bi_kgd","dload.ub_kgd","tload_kglenS","degf","lenObs","lenStr","MSE_kglenS","Cl_kglenS","flowmu_m3s","flowav_m3s"
7,8.551936379904,8.551936379904,256.7,6.04217572556803,30,30,222.599829753166,14.8268762412853,2.51925130666667,2.51925130666667
