"strata","dload.bi_kgd","dload.ub_kgd","tload_kglenS","degf","lenObs","lenStr","MSE_kglenS","Cl_kglenS","flowmu_m3s","flowav_m3s"
8,0.374037755564098,0.374037755564098,11.6,4.57374056997847,31,31,2.44272887401796,1.93249717646458,0.228458724473118,0.228458724473118
