"strata","dload.bi_kgd","dload.ub_kgd","tload_kglenS","degf","lenObs","lenStr","MSE_kglenS","Cl_kglenS","flowmu_m3s","flowav_m3s"
1,32.837178419456,32.837178419456,985.1,29,30,30,4321.97158473239,24.9680159523174,5.35722392888889,5.35722392888889
2,32.837178419456,32.837178419456,985.1,22.60702236537,30,30,3448.5500360673,25.5742621633321,5.35722392888889,5.35722392888889
3,32.837178419456,32.837178419456,985.1,22.5922114107537,30,30,1408.39595758571,16.3495417440237,5.35722392888889,5.35722392888889
4,32.837178419456,32.837178419456,985.1,15.484537594214,30,30,1049.78604650925,17.5022581134782,5.35722392888889,5.35722392888889
5,32.837178419456,32.837178419456,985.1,13.2390983568013,30,30,545.050136051049,13.8363074237168,5.35722392888889,5.35722392888889
6,32.837178419456,32.837178419456,985.1,13.1908063541063,30,30,555.188414733248,13.9950415318559,5.35722392888889,5.35722392888889
7,32.837178419456,32.837178419456,985.1,12.5032373537424,30,30,541.707965253601,14.2776333751466,5.35722392888889,5.35722392888889
8,32.837178419456,32.837178419456,985.1,10.4732525476544,30,30,577.791751647848,16.4487775475329,5.35722392888889,5.35722392888889
9,32.837178419456,32.837178419456,985.1,11.0421932815827,30,30,670.674001809811,17.145207656695,5.35722392888889,5.35722392888889
