"strata","dload.bi_kgd","dload.ub_kgd","tload_kglenS","degf","lenObs","lenStr","MSE_kglenS","Cl_kglenS","flowmu_m3s","flowav_m3s"
1,64.089756905113,64.4697845189738,1998.6,21,22,31,31668.007655374,80.7576036128323,7.28720516490323,9.47688127767273
2,61.2704141932109,61.2718329747542,1899.4,8.02598820544534,22,31,17554.3987769835,107.785186975813,7.28720516490323,7.10557376161191
3,61.8059979338836,61.8849124959313,1918.5,9.81801506405647,22,31,5305.74435732357,51.9273109190554,7.28720516490323,7.20926499979355
4,62.3688726432323,62.4781102838488,1936.8,6.75532019014335,22,31,4209.33151071068,59.4625030312307,7.28720516490323,7.41494237657061
5,62.3566500390273,62.4665659923125,1936.4,6.73775235733459,22,31,4203.84825767128,59.5339621245582,7.28720516490323,7.41405835195556
6,62.3379697034843,62.4486747270542,1935.9,6.73390148049005,22,31,4202.6461968734,59.5496814297794,7.28720516490323,7.44117362902652
7,62.3553388582795,62.4592210366708,1936.2,6.74451805104941,22,31,4205.96613212444,59.5064357468016,7.28720516490323,7.42272043823943
