"strata","dload.bi_kgd","dload.ub_kgd","tload_kglenS","degf","lenObs","lenStr","MSE_kglenS","Cl_kglenS","flowmu_m3s","flowav_m3s"
6,25.5512826599226,25.5512826599226,792.1,3.66557863834516,31,31,1212.18823224389,52.3592808606263,3.48509777204301,3.48509777204301
