"strata","dload.bi_kgd","dload.ub_kgd","tload_kglenS","degf","lenObs","lenStr","MSE_kglenS","Cl_kglenS","flowmu_m3s","flowav_m3s"
1,85.6042670728056,85.6042670728056,2396.9,27,28,28,8864.60551745324,37.1782813427144,11.3633312626667,11.3633312626667
2,85.6042670728056,85.6042670728056,2396.9,13.1241190379276,28,28,6910.15003908126,49.5243950068849,11.3633312626667,11.3633312626667
3,85.6042670728056,85.6042670728056,2396.9,13.0791327859643,28,28,3275.31728401191,34.1663075356989,11.3633312626667,11.3633312626667
4,85.6042670728056,85.6042670728056,2397,12.1110582704674,28,28,3220.72288973653,35.4947441553235,11.3633312626667,11.3633312626667
5,85.6042670728056,85.6042670728056,2396.8,6.07221837578431,28,28,3066.34822864056,54.8282756730462,11.3633312626667,11.3633312626667
6,85.6042670728056,85.6042670728056,2396.9,5.72381264447462,28,28,3011.75383436519,56.7918409455958,11.3633312626667,11.3633312626667
7,85.6042670728056,85.6042670728056,2396.9,5.64192605651555,28,28,2990.07005377626,57.2087956161417,11.3633312626667,11.3633312626667
8,85.6042670728056,85.6042670728056,2396.9,5.63526294790011,28,28,2988.30294681147,57.243325685101,11.3633312626667,11.3633312626667
