"strata","dload.bi_kgd","dload.ub_kgd","tload_kglenS","degf","lenObs","lenStr","MSE_kglenS","Cl_kglenS","flowmu_m3s","flowav_m3s"
1,4.3362605280301,4.34026734095276,134.5,28,29,31,570.312445984505,9.24471847505322,1.2980708202765,1.20053467586207
2,4.47090825348503,4.47573923206007,138.7,16.3752825967315,29,31,433.386148554094,10.8855735322028,1.2980708202765,1.22479563111954
3,4.47090825348503,4.47573923206007,138.7,16.0285412509612,29,31,428.730342808184,10.9622253348498,1.2980708202765,1.22479563111954
4,4.47090825348503,4.47573923206007,138.7,16.0218046060946,29,31,428.640189339364,10.9637507934643,1.2980708202765,1.22479563111954
5,4.47090825348503,4.47573923206007,138.8,16.0254371934515,29,31,428.689165326698,10.962932704378,1.2980708202765,1.22479563111954
6,4.48860373242213,4.49589614414017,139.4,13.6329912541092,29,31,462.747870859059,12.527337307993,1.2980708202765,1.22290733271889
7,4.53348930306778,4.54345503494496,141,9.44456889396436,29,31,466.016990214562,15.7770265954888,1.2980708202765,1.23908836129032
8,4.55693197262755,4.57029061686262,141.7,7.44401396747074,29,31,496.000290598273,19.0709202521708,1.2980708202765,1.24730936774194
9,4.52161194463512,4.54316033345755,140.8,4.89795530458687,29,31,826.216455013148,33.5968071654491,1.2980708202765,1.21807912258065
