"strata","dload.bi_kgd","dload.ub_kgd","tload_kglenS","degf","lenObs","lenStr","MSE_kglenS","Cl_kglenS","flowmu_m3s","flowav_m3s"
9,6.17371563452276,6.17371563452276,191.3,5.7896043520669,31,31,62.5556422516674,8.11455390489914,2.23589924746667,2.23589924746667
