"strata","dload.bi_kgd","dload.ub_kgd","tload_kglenS","degf","lenObs","lenStr","MSE_kglenS","Cl_kglenS","flowmu_m3s","flowav_m3s"
1,0.410983239168,0.410983239168,12.3,29,30,30,6.48369841527009,0.967062365283761,0.13592064,0.13592064
2,0.410983239168,0.410983239168,12.3,9.37955814684186,30,30,3.371706947453,1.34798181047727,0.13592064,0.13592064
3,0.410983239168,0.410983239168,12.4,4.85952165843446,30,30,2.34455153414372,1.8011564013032,0.13592064,0.13592064
4,0.410983239168,0.410983239168,12.3,4.83660439580466,30,30,2.33924480603685,1.80603688311556,0.13592064,0.13592064
5,0.410983239168,0.410983239168,12.4,4.45494454520714,30,30,2.30516268459916,1.91926620557695,0.13592064,0.13592064
6,0.410983239168,0.410983239168,12.3,4.35667631555585,30,30,2.27988501111865,1.94526579329569,0.13592064,0.13592064
7,0.410983239168,0.410983239168,12.3,4.34676504290508,30,30,2.27728843658552,1.94795038303432,0.13592064,0.13592064
8,0.410983239168,0.410983239168,12.4,4.34782601550302,30,30,2.27756707847534,1.94766255951337,0.13592064,0.13592064
9,0.410983239168,0.410983239168,12.2,4.45003937662086,30,30,2.30228980408342,1.91985819509769,0.13592064,0.13592064
