"strata","strata.n","dload.bi_kgd","dload.ub_kgd","tload_kglenS","degf","lenObs","lenStr","MSE_kglenS","Cl_kglenS","flowmu_m3s","flowav_m3s"
1,1,89.7292430221377,90.0362399949138,2701.1,11,12,30,31894.1694020329,118.515845759491,6.96684500548571,14.6195312222222
2,1,6.10026562161567,6.11732720620417,128.5,2,3,21,0.771943379219395,56.1349468177668,1.7536860713288,1.08547733333333
2,2,249.7970476352,249.7970476352,2248.2,8,9,9,259.860151146917,118.284391775953,19.1308825185185,19.1308825185185
3,1,6.10026562161567,6.11732720620417,128.5,2,3,21,0.771943379219395,56.1349468177668,1.7536860713288,1.08547733333333
3,2,199.7193673296,199.7193673296,798.9,3,4,4,65.4919162948171,59.4777180622527,12.9071514,12.9071514
3,3,289.85919187968,289.85919187968,1449.3,4,5,5,630.515446940713,174.29180407262,24.1098674133333,24.1098674133333
