"strata","dload.bi_kgd","dload.ub_kgd","tload_kglenS","degf","lenObs","lenStr","MSE_kglenS","Cl_kglenS","flowmu_m3s","flowav_m3s"
1,0.24139505664,0.24139505664,7.2,29,30,30,0.829576362119652,0.345916488715541,0.0660725333333333,0.0660725333333333
2,0.24139505664,0.24139505664,7.3,18.2931925341729,30,30,0.630651649514518,0.389637968038597,0.0660725333333333,0.0660725333333333
3,0.24139505664,0.24139505664,7.3,16.7440182512813,30,30,0.515559424970969,0.370646618011339,0.0660725333333333,0.0660725333333333
4,0.24139505664,0.24139505664,7.3,11.8828550313554,30,30,0.495134045451958,0.445241854672662,0.0660725333333333,0.0660725333333333
5,0.24139505664,0.24139505664,7.3,11.8755127670122,30,30,0.490401516516346,0.443276600713956,0.0660725333333333,0.0660725333333333
6,0.24139505664,0.24139505664,7.3,11.7078404366611,30,30,0.486858060402655,0.445539348331049,0.0660725333333333,0.0660725333333333
7,0.24139505664,0.24139505664,7.3,11.6019356809853,30,30,0.484647019361246,0.447015630958479,0.0660725333333333,0.0660725333333333
8,0.24139505664,0.24139505664,7.3,6.54571044989222,30,30,0.489638195757973,0.655938727069312,0.0660725333333333,0.0660725333333333
9,0.24139505664,0.24139505664,7.3,7.04014678003926,30,30,0.510264424822508,0.635868181384595,0.0660725333333333,0.0660725333333333
