"strata","dload.bi_kgd","dload.ub_kgd","tload_kglenS","degf","lenObs","lenStr","MSE_kglenS","Cl_kglenS","flowmu_m3s","flowav_m3s"
1,1.107827972352,1.107827972352,33.2,29,30,30,20.6114631555199,1.7242391057965,0.12317808,0.12317808
2,1.107827972352,1.107827972352,33.2,25.7170933668785,30,30,12.3137863402252,1.4231187676203,0.12317808,0.12317808
3,1.107827972352,1.107827972352,33.2,21.1645429626916,30,30,11.6937787988763,1.54507705942751,0.12317808,0.12317808
4,1.107827972352,1.107827972352,33.2,18.6055477751781,30,30,9.30984446161089,1.48268118631362,0.12317808,0.12317808
5,1.107827972352,1.107827972352,33.2,16.7795188613316,30,30,8.61744420973348,1.51348763885421,0.12317808,0.12317808
6,1.107827972352,1.107827972352,33.2,15.9616725121322,30,30,8.37109367788143,1.53551168153911,0.12317808,0.12317808
7,1.107827972352,1.107827972352,33.2,10.6792055614979,30,30,8.17340946069049,1.93260603217909,0.12317808,0.12317808
8,1.107827972352,1.107827972352,33.3,9.52195763650199,30,30,8.51808031783088,2.12184425354707,0.12317808,0.12317808
9,1.107827972352,1.107827972352,33.3,5.3033115864107,30,30,9.28471701981375,3.34359319328657,0.12317808,0.12317808
