"strata","dload.bi_kgd","dload.ub_kgd","tload_kglenS","degf","lenObs","lenStr","MSE_kglenS","Cl_kglenS","flowmu_m3s","flowav_m3s"
1,13.0239669578199,13.0239669578199,390.7,29,30,30,3237.92419099567,21.6110773492101,1.543690352,1.543690352
2,13.0239669578199,13.0239669578199,390.7,15.5161925795051,30,30,1080.47169551457,17.7350472096613,1.543690352,1.543690352
3,13.0239669578199,13.0239669578199,390.7,3.93361132320668,30,30,455.839587170049,30.0881669241468,1.543690352,1.543690352
4,13.0239669578199,13.0239669578199,390.7,3.14539152709213,30,30,407.059555993994,35.2751319060909,1.543690352,1.543690352
5,13.0239669578199,13.0239669578199,390.6,3.09328619070208,30,30,403.665748167142,35.7423779810788,1.543690352,1.543690352
6,13.0239669578199,13.0239669578199,390.6,3.07917121446999,30,30,402.741956676555,35.8726041256353,1.543690352,1.543690352
7,13.0239669578199,13.0239669578199,390.7,3.0788273890231,30,30,402.720804874404,35.8758575198899,1.543690352,1.543690352
8,13.0239669578199,13.0239669578199,390.7,3.07167817177062,30,30,402.254599513905,35.9425598812015,1.543690352,1.543690352
9,13.0239669578199,13.0239669578199,390.6,3.08020271426633,30,30,402.827980558146,35.8638544585481,1.543690352,1.543690352
