"strata","dload.bi_kgd","dload.ub_kgd","tload_kglenS","degf","lenObs","lenStr","MSE_kglenS","Cl_kglenS","flowmu_m3s","flowav_m3s"
6,43.8800166548685,43.8800166548685,1316.4,15.2258455951993,30,30,16479.5057680315,70.0318625886081,3.23049066488889,3.23049066488889
