"strata","dload.bi_kgd","dload.ub_kgd","tload_kglenS","degf","lenObs","lenStr","MSE_kglenS","Cl_kglenS","flowmu_m3s","flowav_m3s"
4,63.869056011324,63.9554329774353,1918.7,2.04512488078608,20,30,190779.508825198,1286.74256639553,10.88886015328,10.4379205478174
