"strata","dload.bi_kgd","dload.ub_kgd","tload_kglenS","degf","lenObs","lenStr","MSE_kglenS","Cl_kglenS","flowmu_m3s","flowav_m3s"
6,8.30716108465574,8.30005596643834,257.4,17.1741846651433,29,31,40.1684830110439,3.22413875376488,1.74863908828852,1.78223377443045
