"strata","dload.bi_kgd","dload.ub_kgd","tload_kglenS","degf","lenObs","lenStr","MSE_kglenS","Cl_kglenS","flowmu_m3s","flowav_m3s"
9,118.367876216827,118.367876216827,3669.1,3.63492695029306,31,31,77668.3746761813,422.440053965821,7.38302556232258,7.38302556232258
