"strata","dload.bi_kgd","dload.ub_kgd","tload_kglenS","degf","lenObs","lenStr","MSE_kglenS","Cl_kglenS","flowmu_m3s","flowav_m3s"
9,171.269001054677,171.269001054677,5309.3,2.54023834057859,31,31,105712.7658409,721.025028382159,15.7053894114409,15.7053894114409
