"strata","dload.bi_kgd","dload.ub_kgd","tload_kglenS","degf","lenObs","lenStr","MSE_kglenS","Cl_kglenS","flowmu_m3s","flowav_m3s"
6,-0.0675724194301785,-0.0675896224887542,-2.2,10.6177932486881,24,31,0.24527256299377,0.335996880335237,0.538514013243871,0.518908054663226
