"strata","dload.bi_kgd","dload.ub_kgd","tload_kglenS","degf","lenObs","lenStr","MSE_kglenS","Cl_kglenS","flowmu_m3s","flowav_m3s"
1,25.6522103908494,25.6522103908494,795.2,30,31,31,42172.535863848,76.5716333096961,1.66362417926882,1.66362417926882
2,25.6522103908494,25.6522103908494,795.2,8.14580170697754,31,31,13157.9487038855,92.3923047802317,1.66362417926882,1.66362417926882
3,25.6522103908494,25.6522103908494,795.3,2.0571134631111,31,31,8475.50079837456,268.959098279653,1.66362417926882,1.66362417926882
4,25.6522103908494,25.6522103908494,795.3,2.02791999902025,31,31,8415.17715229416,273.542730820661,1.66362417926882,1.66362417926882
5,25.6522103908494,25.6522103908494,795.2,2.02284925515758,31,31,8404.64822767674,274.360603715533,1.66362417926882,1.66362417926882
6,25.6522103908494,25.6522103908494,795.2,2.02230827794018,31,31,8403.52425664029,274.448252619004,1.66362417926882,1.66362417926882
7,25.6522103908494,25.6522103908494,795.2,2.02172122574596,31,31,8402.30439741524,274.543452614038,1.66362417926882,1.66362417926882
8,25.6522103908494,25.6522103908494,795.2,2.02159562352813,31,31,8402.04338871147,274.563832794492,1.66362417926882,1.66362417926882
9,25.6522103908494,25.6522103908494,795.2,2.0214149201746,31,31,8401.6678579274,274.593160785915,1.66362417926882,1.66362417926882
