"strata","dload.bi_kgd","dload.ub_kgd","tload_kglenS","degf","lenObs","lenStr","MSE_kglenS","Cl_kglenS","flowmu_m3s","flowav_m3s"
5,16.9603384830668,16.9603384830668,525.6,6.18713617246503,31,31,927.419879383993,29.7396441157833,2.51222880116301,2.51222880116301
