"strata","dload.bi_kgd","dload.ub_kgd","tload_kglenS","degf","lenObs","lenStr","MSE_kglenS","Cl_kglenS","flowmu_m3s","flowav_m3s"
6,47.1289173271655,47.1289173271655,1460.9,8.23228852872432,31,31,5881.64704138438,61.3366760599752,2.71367177602753,2.71367177602753
