"strata","dload.bi_kgd","dload.ub_kgd","tload_kglenS","degf","lenObs","lenStr","MSE_kglenS","Cl_kglenS","flowmu_m3s","flowav_m3s"
1,28.1819601814133,28.1916075362699,873.9,29,30,31,4071.21564990579,24.2328856612115,3.27919200860215,3.09683536888889
2,27.3516819977404,27.3524300200734,847.9,12.8134153310793,30,31,1398.63997315677,22.6043302199548,3.27919200860215,3.04167451797235
3,27.3516819977404,27.3524300200734,847.9,9.30766046830328,30,31,1154.49682757592,25.0677261928153,3.27919200860215,3.04167451797235
4,27.2049443362536,27.2071932055812,843.4,7.80194465684128,30,31,1050.67303436283,26.8790979038473,3.27919200860215,3.04526944920936
5,27.3838649341748,27.4052427409652,849.5,7.34795265709421,30,31,1031.49677555565,27.7497248529507,3.27919200860215,3.09650297634409
6,27.3838649341748,27.4052427409652,849.5,7.27184849110372,30,31,1026.16720972565,27.8783305974961,3.27919200860215,3.09650297634409
7,27.3838649341748,27.4052427409652,849.6,7.26916767102223,30,31,1025.95837610485,27.8826287574209,3.27919200860215,3.09650297634409
8,27.3838649341748,27.4052427409652,849.6,7.27200467381769,30,31,1026.15939094692,27.8778088292921,3.27919200860215,3.09650297634409
9,27.3838649341748,27.4052427409652,849.6,4.62298374859756,30,31,1276.19120273123,43.7790644386789,3.27919200860215,3.09650297634409
