"strata","dload.bi_kgd","dload.ub_kgd","tload_kglenS","degf","lenObs","lenStr","MSE_kglenS","Cl_kglenS","flowmu_m3s","flowav_m3s"
9,0.222756390812903,0.222756390812903,7,12.253869618256,31,31,0.074180827236065,0.16913449017697,0.151175174193548,0.151175174193548
