"strata","dload.bi_kgd","dload.ub_kgd","tload_kglenS","degf","lenObs","lenStr","MSE_kglenS","Cl_kglenS","flowmu_m3s","flowav_m3s"
1,8.90792744348903,8.90792744348903,276.1,30,31,31,5755.93711337722,28.2885751299696,4.42701197419355,4.42701197419355
2,8.90792744348903,8.90792744348903,276.2,3.07998910218399,31,31,4485.6898601153,119.685987356024,4.42701197419355,4.42701197419355
3,8.90792744348903,8.90792744348903,276.2,3.02727207368731,31,31,4447.09654711204,121.35649395515,4.42701197419355,4.42701197419355
4,8.90792744348903,8.90792744348903,276.2,3.00698966606718,31,31,4432.1684786057,122.020368386571,4.42701197419355,4.42701197419355
5,8.90792744348903,8.90792744348903,276.2,3.00574759437184,31,31,4431.25292345896,122.061419527766,4.42701197419355,4.42701197419355
6,8.90792744348903,8.90792744348903,276.2,3.00438521256554,31,31,4430.2484846377,122.106499884672,4.42701197419355,4.42701197419355
7,8.90792744348903,8.90792744348903,276.2,3.00371211861505,31,31,4429.75212241138,122.128792116603,4.42701197419355,4.42701197419355
8,8.90792744348903,8.90792744348903,276.1,3.00369032453135,31,31,4429.73607055738,122.129514427599,4.42701197419355,4.42701197419355
9,8.90792744348903,8.90792744348903,276.1,3.00381802875093,31,31,4429.83025420487,122.125283943583,4.42701197419355,4.42701197419355
