"strata","dload.bi_kgd","dload.ub_kgd","tload_kglenS","degf","lenObs","lenStr","MSE_kglenS","Cl_kglenS","flowmu_m3s","flowav_m3s"
1,0.173935176241237,0.173980461317491,5.4,27,28,31,0.340572636084788,0.230443508141934,0.054409338196129,0.0581604317428571
2,0.175126958188128,0.175161692999505,5.4,25.6173371620899,28,31,0.0628921202162828,0.101922640925724,0.054409338196129,0.0577938066625806
3,0.174873214037832,0.1749448149648,5.4,13.9857785879917,28,31,0.0625909890854059,0.143495446673763,0.054409338196129,0.0575735062253311
4,0.174193760130053,0.174195223778178,5.4,10.0684892938928,28,31,0.0530656045887695,0.16160930478568,0.054409338196129,0.0555540741968664
5,0.173534402385612,0.173448404052079,5.4,10.5589021933426,28,31,0.0522024027154365,0.155550391884398,0.054409338196129,0.0550895884197849
6,0.173534402385612,0.173448404052079,5.4,9.38042924457761,28,31,0.0512340969982039,0.166154699124366,0.054409338196129,0.0550895884197849
7,0.173534402385612,0.173448404052079,5.3,9.31814753748506,28,31,0.0510624632924753,0.166591628092038,0.054409338196129,0.0550895884197849
8,0.173534402385612,0.173448404052079,5.4,9.63637326436812,28,31,0.0538648030225001,0.16744181515832,0.054409338196129,0.0550895884197849
9,0.17358566799931,0.173463797688836,5.4,7.38772991352408,28,31,0.0636186441124559,0.217118291330965,0.054409338196129,0.0548579387268817
