"strata","dload.bi_kgd","dload.ub_kgd","tload_kglenS","degf","lenObs","lenStr","MSE_kglenS","Cl_kglenS","flowmu_m3s","flowav_m3s"
6,1.17872484708093,1.17872484708093,36.6,5.45585929081134,31,31,1.04065606962395,1.09503757389728,0.179928418291613,0.179928418291613
