"strata","dload.bi_kgd","dload.ub_kgd","tload_kglenS","degf","lenObs","lenStr","MSE_kglenS","Cl_kglenS","flowmu_m3s","flowav_m3s"
7,3.09568063703446,3.09568063703446,92.8,3.22783017983651,30,30,71.6067677291931,14.4082368473009,1.06890945682133,1.06890945682133
