"strata","dload.bi_kgd","dload.ub_kgd","tload_kglenS","degf","lenObs","lenStr","MSE_kglenS","Cl_kglenS","flowmu_m3s","flowav_m3s"
8,3.14500660439085,3.14547586353572,97.6,6.20566571335524,30,31,7.30418366597435,2.63348514063459,0.660496972043011,0.670316507526882
