"strata","dload.bi_kgd","dload.ub_kgd","tload_kglenS","degf","lenObs","lenStr","MSE_kglenS","Cl_kglenS","flowmu_m3s","flowav_m3s"
3,1.78227910306581,1.78214943323645,55.2,15.0849011018082,22,31,13.3585869523874,2.00480084687939,0.484331460645161,0.478594834731183
