"strata","dload.bi_kgd","dload.ub_kgd","tload_kglenS","degf","lenObs","lenStr","MSE_kglenS","Cl_kglenS","flowmu_m3s","flowav_m3s"
6,11.7816557818035,11.8401528022186,367.1,3.62134225528767,29,31,870.932473880052,44.8923182452264,1.26792733221677,1.38817617100367
