"strata","dload.bi_kgd","dload.ub_kgd","tload_kglenS","degf","lenObs","lenStr","MSE_kglenS","Cl_kglenS","flowmu_m3s","flowav_m3s"
1,0.254961071333283,0.254795218391995,7.9,21,22,31,1.73448487450866,0.59766567071282,0.0643978838709677,0.0656434909090909
2,0.248138367258788,0.247997088064994,7.7,19.1817915607943,22,31,1.69902633734009,0.622516965533686,0.0643978838709677,0.0664128364326376
3,0.233403061873094,0.23338145440335,7.3,3.31847902942692,22,31,1.33190073271478,1.91100726796925,0.0643978838709677,0.0690260060215054
4,0.235928236822522,0.236053449074631,7.4,3.07762192829555,22,31,1.28142377109819,2.02453268558083,0.0643978838709677,0.0683561462365591
5,0.235928236822522,0.236053449074631,7.4,2.90016191969731,22,31,1.24662570924816,2.12772706262482,0.0643978838709677,0.0683561462365591
6,0.235928236822522,0.236053449074631,7.4,2.90599780872728,22,31,1.24790611511474,2.12416010906223,0.0643978838709677,0.0683561462365591
