"strata","dload.bi_kgd","dload.ub_kgd","tload_kglenS","degf","lenObs","lenStr","MSE_kglenS","Cl_kglenS","flowmu_m3s","flowav_m3s"
9,12.2059656356079,12.2059656356079,378.3,2.31145210899241,31,31,462.88344148441,53.6636159502925,0.921698138322581,0.921698138322581
