"strata","dload.bi_kgd","dload.ub_kgd","tload_kglenS","degf","lenObs","lenStr","MSE_kglenS","Cl_kglenS","flowmu_m3s","flowav_m3s"
7,17.3997027217915,17.3997027217915,539.4,9.81119294970329,31,31,399.030080946064,14.2468288559055,1.45361345416946,1.45361345416946
