"strata","dload.bi_kgd","dload.ub_kgd","tload_kglenS","degf","lenObs","lenStr","MSE_kglenS","Cl_kglenS","flowmu_m3s","flowav_m3s"
3,13.0683398513961,13.0683398513961,405.1,8.34961312302078,31,31,13357.6720432682,91.5663346785592,13.4430201978495,13.4430201978495
