"strata","strata.n","dload.bi_kgd","dload.ub_kgd","tload_kglenS","degf","lenObs","lenStr","MSE_kglenS","Cl_kglenS","flowmu_m3s","flowav_m3s"
1,1,0.0487788585377067,0.0487716809751739,1.5,28,29,30,0.0329259283084603,0.0702435221421451,0.105668858666667,0.105455668965517
2,1,0.042535222767,0.0425239286987633,0.7,15,16,17,1.64186215876667e-05,0.0379093811898897,0.113183915294118,0.1132672
2,2,0.0562052757267692,0.0562052757267692,0.7,12,13,13,0.000137413658802811,0.09584900411812,0.0958414769230769,0.0958414769230769
3,1,0.0436164642921677,0.0436058430040743,0.8,17,18,19,1.51539704065564e-05,0.0378474699022469,0.111404252631579,0.111379413333333
3,2,0.083061103104,0.083061103104,0.5,5,6,6,0.000344403696471736,0.12800637076343,0.0896698666666667,0.0896698666666667
3,3,0.02568900096,0.02568900096,0.1,4,5,5,2.53728509687526e-05,0.0349634060674113,0.103073152,0.103073152
