"strata","strata.n","dload.bi_kgd","dload.ub_kgd","tload_kglenS","degf","lenObs","lenStr","MSE_kglenS","Cl_kglenS","flowmu_m3s","flowav_m3s"
1,1,5.19108020597265,5.19108020597265,160.9,30,31,31,77.6945159999872,3.28661047872387,1.08928335483871,1.08928335483871
2,1,5.808894759936,5.808894759936,17.4,2,3,3,1.42627220950014,10.9004333113895,1.82171413333333,1.82171413333333
2,2,5.12488578947657,5.12488578947657,143.5,27,28,28,0.0393162178085925,2.19231775014947,1.01080862857143,1.01080862857143
3,1,5.808894759936,5.808894759936,17.4,2,3,3,1.42627220950014,10.9004333113895,1.82171413333333,1.82171413333333
3,2,7.14424069135059,7.14424069135059,121.5,16,17,17,0.0418282732703455,1.8426394241634,1.2884144,1.2884144
3,3,2.00406457748945,2.00406457748945,22,10,11,11,0.00922149629849598,0.744278776051199,0.581781527272727,0.581781527272727
