"strata","dload.bi_kgd","dload.ub_kgd","tload_kglenS","degf","lenObs","lenStr","MSE_kglenS","Cl_kglenS","flowmu_m3s","flowav_m3s"
3,1.3638172879673,1.36563601560869,42.4,4.60793412195504,21,31,168.169357448748,15.9352568726159,2.8200744388455,3.03729650580645
