"strata","strata.n","dload.bi_kgd","dload.ub_kgd","tload_kglenS","degf","lenObs","lenStr","MSE_kglenS","Cl_kglenS","flowmu_m3s","flowav_m3s"
1,1,0.226365437742532,0.222185834843202,6.7,17,18,30,11.3216018273322,1.72176538528165,0.731191938526316,0.114368408888889
2,1,0.02759814226944,0.02759814226944,0.4,14,15,15,0.000372147222770578,0.165870341124895,0.120629568,0.120629568
2,2,1.20261682675716,1.20028924963973,18,2,3,15,0.00258467457383763,2.32014694638498,1.34175430905263,0.0830626133333333
3,1,-0.0175582282752,-0.0175582282752,-0.2,8,9,9,2.69067167610709e-05,0.0380616797881533,0.13875232,0.13875232
3,2,0.0943009589296208,0.094312397428687,0.7,5,6,7,6.61404491351542e-05,0.0654452365951972,0.0924341257142857,0.09344544
3,3,1.28298872738685,1.28054963855216,17.9,2,3,14,0.00294065760749265,2.30978503648344,1.43142488541353,0.0830626133333333
