"strata","dload.bi_kgd","dload.ub_kgd","tload_kglenS","degf","lenObs","lenStr","MSE_kglenS","Cl_kglenS","flowmu_m3s","flowav_m3s"
3,0.237954729860129,0.237954729860129,7.3,23.0616600742759,31,31,1.00650087747039,0.432101887032777,1.68256598709677,1.68256598709677
