"strata","dload.bi_kgd","dload.ub_kgd","tload_kglenS","degf","lenObs","lenStr","MSE_kglenS","Cl_kglenS","flowmu_m3s","flowav_m3s"
1,0.237954729860129,0.237954729860129,7.4,30,31,31,1.42437366877295,0.445005133653626,1.68256598709677,1.68256598709677
2,0.237954729860129,0.237954729860129,7.3,24.8140203642537,31,31,1.15454745447468,0.444418704038082,1.68256598709677,1.68256598709677
3,0.237954729860129,0.237954729860129,7.3,23.0616600742759,31,31,1.00650087747039,0.432101887032777,1.68256598709677,1.68256598709677
