"strata","dload.bi_kgd","dload.ub_kgd","tload_kglenS","degf","lenObs","lenStr","MSE_kglenS","Cl_kglenS","flowmu_m3s","flowav_m3s"
1,3.24910866505983,3.29392601676856,102.1,2,3,31,2825.64335710086,161.726046608534,5.84109685456221,8.51382347733333
