"strata","dload.bi_kgd","dload.ub_kgd","tload_kglenS","degf","lenObs","lenStr","MSE_kglenS","Cl_kglenS","flowmu_m3s","flowav_m3s"
1,2.39866387893677,2.39866387893677,74.4,30,31,31,18.9184459950598,1.62179434807639,4.88114646021505,4.88114646021505
2,2.39866387893677,2.39866387893677,74.4,27.9506657089806,31,31,15.2052822546158,1.51095657230696,4.88114646021505,4.88114646021505
3,2.39866387893677,2.39866387893677,74.3,16.4837986712297,31,31,10.4689794332778,1.68540821389784,4.88114646021505,4.88114646021505
