"strata","dload.bi_kgd","dload.ub_kgd","tload_kglenS","degf","lenObs","lenStr","MSE_kglenS","Cl_kglenS","flowmu_m3s","flowav_m3s"
1,0.934221953782916,0.934221953782916,29,30,31,31,21.9925403590522,1.74860111749943,0.535659466666667,0.535659466666667
2,0.934221953782916,0.934221953782916,29,25.9212525143899,31,31,4.09104937112605,0.816727704091528,0.535659466666667,0.535659466666667
3,0.934221953782916,0.934221953782916,29,25.0065047121395,31,31,2.53347711440574,0.655535468130011,0.535659466666667,0.535659466666667
