"strata","strata.n","dload.bi_kgd","dload.ub_kgd","tload_kglenS","degf","lenObs","lenStr","MSE_kglenS","Cl_kglenS","flowmu_m3s","flowav_m3s"
1,1,0.0188800345765161,0.0188800345765161,0.6,30,31,31,0.00304922781300376,0.0205896037680602,0.0768664103225806,0.0768664103225806
2,1,0.024985611648,0.024985611648,0.2,7,8,8,1.70783031197654e-05,0.0295478213893936,0.08601228,0.08601228
2,2,0.0167563555951304,0.0167563555951304,0.4,22,23,23,3.29772642343616e-06,0.0184674094982298,0.0736852382608696,0.0736852382608696
3,1,0.024985611648,0.024985611648,0.2,7,8,8,1.70783031197654e-05,0.0295478213893936,0.08601228,0.08601228
3,2,0.016249312512,0.016249312512,0,2,3,3,2.95698478320502e-05,0.049632608079545,0.130729226666667,0.130729226666667
3,3,0.0168324120576,0.0168324120576,0.3,19,20,20,1.72393380240941e-06,0.0126092050540409,0.06512864,0.06512864
