"strata","strata.n","dload.bi_kgd","dload.ub_kgd","tload_kglenS","degf","lenObs","lenStr","MSE_kglenS","Cl_kglenS","flowmu_m3s","flowav_m3s"
1,1,1.54842640013118,1.55088581081802,48.1,20,21,31,188.410731572897,6.40242521125428,2.8200744388455,1.91488988952381
2,1,2.11590038792176,2.11965909171396,31.8,4,5,15,0.691951493687008,17.3216069698252,4.94542479494737,5.3943504
2,2,0.65873938176,0.65873938176,10.5,15,16,16,0.0532652038406548,2.03222227139935,0.82755848,0.82755848
3,1,2.11590038792176,2.11965909171396,31.8,4,5,15,0.691951493687008,17.3216069698252,4.94542479494737,5.3943504
3,2,3.3191820288,3.3191820288,10,2,3,3,1.38483893342029,10.7409373781384,3.74725653333333,3.74725653333333
3,3,0.0447910785969231,0.0447910785969231,0.6,12,13,13,9.89406413536404e-05,0.0813317306656778,0.153782006153846,0.153782006153846
