"strata","strata.n","dload.bi_kgd","dload.ub_kgd","tload_kglenS","degf","lenObs","lenStr","MSE_kglenS","Cl_kglenS","flowmu_m3s","flowav_m3s"
1,1,0.365249451437419,0.365249451437419,11.3,30,31,31,11.3601417451418,1.25673852342523,0.122630012903226,0.122630012903226
2,1,2.138262732288,2.138262732288,6.4,2,3,3,0.114065665449172,3.08262021016404,0.148191253333333,0.148191253333333
2,2,0.175283742774857,0.175283742774857,4.9,27,28,28,0.00125831489266316,0.392204256191444,0.119891308571429,0.119891308571429
3,1,2.138262732288,2.138262732288,6.4,2,3,3,0.114065665449172,3.08262021016404,0.148191253333333,0.148191253333333
3,2,0.5792992045056,0.5792992045056,2.9,4,5,5,0.00420581623738343,0.45014688225383,0.152061216,0.152061216
3,3,0.0874542945725217,0.0874542945725217,2,22,23,23,0.000264036514681574,0.165245888672177,0.112897850434783,0.112897850434783
