"strata","dload.bi_kgd","dload.ub_kgd","tload_kglenS","degf","lenObs","lenStr","MSE_kglenS","Cl_kglenS","flowmu_m3s","flowav_m3s"
1,0.907871924080631,0.90752050378626,26.3,27,28,29,30.5082364468308,2.18106271918819,1.05924360827586,1.02714135428571
2,0.895928550148103,0.895556742756778,26,24.3374267487064,28,29,11.894603917206,1.44180815368303,1.05924360827586,1.0259979984953
3,0.889071512280201,0.889267865011118,25.8,10.6306879732508,28,29,6.04809212094571,1.66720723280463,1.05924360827586,1.02823388573503
