"strata","strata.n","dload.bi_kgd","dload.ub_kgd","tload_kglenS","degf","lenObs","lenStr","MSE_kglenS","Cl_kglenS","flowmu_m3s","flowav_m3s"
1,1,2.17671270830245,2.17671270830245,67.5,30,31,31,710.851349157688,9.94128326782268,4.32516283870968,4.32516283870968
2,1,2.91790712122729,2.91790712122729,49.6,16,17,17,0.89129413981429,8.50581467534579,1.81060950588235,1.81060950588235
2,2,1.27669092117943,1.27669092117943,17.9,13,14,14,0.090440146096923,2.52269562991757,7.37854902857143,7.37854902857143
3,1,0.177389541833143,0.177389541833143,2.5,13,14,14,0.00508015532185254,0.597891972681554,0.562290742857143,0.562290742857143
3,2,15.7069891584,15.7069891584,47.1,2,3,3,18.8258348003434,39.6022329292485,7.63609706666667,7.63609706666667
3,3,1.27669092117943,1.27669092117943,17.9,13,14,14,0.090440146096923,2.52269562991757,7.37854902857143,7.37854902857143
