"strata","dload.bi_kgd","dload.ub_kgd","tload_kglenS","degf","lenObs","lenStr","MSE_kglenS","Cl_kglenS","flowmu_m3s","flowav_m3s"
1,1.91913999969723,1.90504386067689,59.1,2,3,31,2810.61119762843,161.295289195033,6.37269644227154,10.9150881173333
