"strata","dload.bi_kgd","dload.ub_kgd","tload_kglenS","degf","lenObs","lenStr","MSE_kglenS","Cl_kglenS","flowmu_m3s","flowav_m3s"
3,10.9679603937445,10.9679603937445,340,26.9165777350812,31,31,571.485829644369,9.45577832039915,7.68481414193548,7.68481414193548
