"strata","dload.bi_kgd","dload.ub_kgd","tload_kglenS","degf","lenObs","lenStr","MSE_kglenS","Cl_kglenS","flowmu_m3s","flowav_m3s"
3,9.51342479232619,9.51342479232619,294.9,21.6612739886135,31,31,430.99896678033,9.25917300248402,1.13084510967742,1.13084510967742
