"strata","dload.bi_kgd","dload.ub_kgd","tload_kglenS","degf","lenObs","lenStr","MSE_kglenS","Cl_kglenS","flowmu_m3s","flowav_m3s"
1,0.119822069816028,0.119880703325734,3.6,22,23,30,0.949153173956842,0.430763585795375,0.487804074666667,0.475229773913043
2,0.0966397757843298,0.0965635574219688,2.9,15.2169534718065,23,30,0.323172440840625,0.310233970710945,0.487804074666667,0.471710693333333
3,0.0966397757843298,0.0965635574219688,2.9,13.1464734523303,23,30,0.257063658574425,0.301753235285817,0.487804074666667,0.471710693333333
