"strata","dload.bi_kgd","dload.ub_kgd","tload_kglenS","degf","lenObs","lenStr","MSE_kglenS","Cl_kglenS","flowmu_m3s","flowav_m3s"
3,0.1990367483904,0.1990367483904,5.9,9.96992249034085,30,30,0.609263191229599,0.551031535840649,0.144462874666667,0.144462874666667
