"strata","dload.bi_kgd","dload.ub_kgd","tload_kglenS","degf","lenObs","lenStr","MSE_kglenS","Cl_kglenS","flowmu_m3s","flowav_m3s"
1,0.180860632324188,0.144019217377832,4.5,2,3,31,16.4533857481973,12.3409597921834,3.65723575148387,4.14803364266667
