"strata","strata.n","dload.bi_kgd","dload.ub_kgd","tload_kglenS","degf","lenObs","lenStr","MSE_kglenS","Cl_kglenS","flowmu_m3s","flowav_m3s"
1,1,9.5134247923262,9.5134247923262,294.9,30,31,31,23165.7198851334,56.7513181328495,1.13084510967742,1.13084510967742
2,1,12.0737672017658,12.0737672017658,265.6,21,22,22,0.875472598396304,9.34150847735476,0.980790981818182,0.980790981818182
2,2,3.254810013696,3.254810013696,29.3,8,9,9,1.73965501630695,9.678079038097,1.49764408888889,1.49764408888889
3,1,12.0737672017658,12.0737672017658,265.6,21,22,22,0.875472598396304,9.34150847735476,0.980790981818182,0.980790981818182
3,2,9.247306374144,9.247306374144,27.7,2,3,3,0.799153041673606,8.1593869685474,3.3413824,3.3413824
3,3,0.258561833472,0.258561833472,1.6,5,6,6,0.00216254948488846,0.320760372854792,0.575774933333333,0.575774933333333
