"strata","dload.bi_kgd","dload.ub_kgd","tload_kglenS","degf","lenObs","lenStr","MSE_kglenS","Cl_kglenS","flowmu_m3s","flowav_m3s"
1,0.043767980667871,0.043767980667871,1.4,30,31,31,0.0600605232145871,0.0913792540307924,0.140031143225806,0.140031143225806
2,0.043767980667871,0.043767980667871,1.3,19.3090577323269,31,31,0.0463331432240986,0.102416352611215,0.140031143225806,0.140031143225806
3,0.043767980667871,0.043767980667871,1.3,8.41122197120412,31,31,0.0412029179580569,0.160033442067685,0.140031143225806,0.140031143225806
