"strata","strata.n","dload.bi_kgd","dload.ub_kgd","tload_kglenS","degf","lenObs","lenStr","MSE_kglenS","Cl_kglenS","flowmu_m3s","flowav_m3s"
1,1,8.10369499143019,8.10369499143019,251.2,30,31,31,5971.50321004411,28.8134251781493,3.73567100387097,3.73567100387097
2,1,58.858068132864,58.858068132864,176.6,2,3,3,116.077922184872,98.3370928240893,13.1814704,13.1814704
2,2,2.66572644056229,2.66572644056229,74.6,27,28,28,0.672529700834331,9.06720361322017,2.72362106857143,2.72362106857143
3,1,58.858068132864,58.858068132864,176.6,2,3,3,116.077922184872,98.3370928240893,13.1814704,13.1814704
3,2,10.065317561856,10.065317561856,70.5,6,7,7,9.53917030978345,21.5971299039695,9.95537782857143,9.95537782857143
3,3,0.199196066797714,0.199196066797714,4.2,20,21,21,0.00787993927457635,0.869505685652261,0.313035481904762,0.313035481904762
