"strata","strata.n","dload.bi_kgd","dload.ub_kgd","tload_kglenS","degf","lenObs","lenStr","MSE_kglenS","Cl_kglenS","flowmu_m3s","flowav_m3s"
1,1,29.5896121693769,29.6002529989181,888,28,29,30,29791.5585215815,66.8165238297786,17.0718054311111,16.8424746114943
2,1,4.20087523448471,4.20087523448471,71.4,16,17,17,1.15378213333676,9.67759170252888,5.24527077647059,5.24527077647059
2,2,63.1702438848051,63.2159452296368,821.8,11,12,13,152.070178453076,106.38640950765,32.537273825641,33.2718467111111
3,1,4.20087523448471,4.20087523448471,71.4,16,17,17,1.15378213333676,9.67759170252888,5.24527077647059,5.24527077647059
3,2,120.2544270336,120.2544270336,481,3,4,4,22.1465945324139,34.5870822059672,44.6933493333333,44.6933493333333
3,3,36.198388903305,36.2482214160948,326.2,7,8,9,257.098219898554,128.974889264516,27.1345736,27.5610954
