"strata","strata.n","dload.bi_kgd","dload.ub_kgd","tload_kglenS","degf","lenObs","lenStr","MSE_kglenS","Cl_kglenS","flowmu_m3s","flowav_m3s"
1,1,5.8046896521756,5.80456739549872,179.9,27,28,31,599.450339370029,9.66799034061668,9.09106296774194,8.83029068571429
2,1,5.97527366095322,5.97541594069112,101.6,13,14,17,0.214340853097771,4.71582402233015,12.0088217411765,12.1125112
2,2,5.24950365739886,5.24950365739886,73.5,13,14,14,1.73454522935544,11.0478314960436,5.54807017142857,5.54807017142857
3,1,5.97527366095322,5.97541594069112,101.6,13,14,17,0.214340853097771,4.71582402233015,12.0088217411765,12.1125112
3,2,5.049815363712,5.049815363712,40.4,7,8,8,0.664250199850789,5.82732115087729,2.94246948,2.94246948
3,3,5.515754715648,5.515754715648,33.1,5,6,6,0.816725814551903,6.23355540549452,9.02220442666667,9.02220442666667
