"strata","dload.bi_kgd","dload.ub_kgd","tload_kglenS","degf","lenObs","lenStr","MSE_kglenS","Cl_kglenS","flowmu_m3s","flowav_m3s"
3,0.000889553016576,0.000889553016576,0,8.78459307574819,30,30,4.65755612567471e-06,0.00165335731678861,0.0037378176,0.0037378176
