"strata","dload.bi_kgd","dload.ub_kgd","tload_kglenS","degf","lenObs","lenStr","MSE_kglenS","Cl_kglenS","flowmu_m3s","flowav_m3s"
1,0.0742176076635908,0.0742557663082464,2.3,19,20,31,0.103100730980044,0.154180088741093,0.359418452031386,0.050828656
2,0.101914765961473,0.10172452106062,3.2,4.13526894173152,20,31,0.0488973588752454,0.298056442442678,0.359418452031386,0.0468597367741935
3,0.101914765961473,0.10172452106062,3.1,4.12089079649154,20,31,0.04881215805089,0.298710188149728,0.359418452031386,0.0468597367741935
