"strata","dload.bi_kgd","dload.ub_kgd","tload_kglenS","degf","lenObs","lenStr","MSE_kglenS","Cl_kglenS","flowmu_m3s","flowav_m3s"
10,12211.9391337796,12226.3792899529,4462628.4,17.5721054001074,46,365,544531535.685276,11715.6981815897,2.92330790042427,3.24993396860952
