"strata","dload.bi_kgd","dload.ub_kgd","tload_kglenS","degf","lenObs","lenStr","MSE_kglenS","Cl_kglenS","flowmu_m3s","flowav_m3s"
1,861.124302144539,861.604807870315,25848.1,3,4,30,733893.446865304,1574.04434143071,0.303458335619048,0.29838828
