"strata","dload.bi_kgd","dload.ub_kgd","tload_kglenS","degf","lenObs","lenStr","MSE_kglenS","Cl_kglenS","flowmu_m3s","flowav_m3s"
6,294.819957630348,294.819957630348,9139.5,12.5957106894557,31,31,2449.87624440903,30.2278710642498,0.0768664103225806,0.0768664103225806
