"strata","dload.bi_kgd","dload.ub_kgd","tload_kglenS","degf","lenObs","lenStr","MSE_kglenS","Cl_kglenS","flowmu_m3s","flowav_m3s"
1,470.121986554276,469.198241841243,14545.1,3,4,31,610203.301642596,1435.28363843582,0.239918981456221,0.22511856
