"strata","dload.bi_kgd","dload.ub_kgd","tload_kglenS","degf","lenObs","lenStr","MSE_kglenS","Cl_kglenS","flowmu_m3s","flowav_m3s"
8,22246.5257717248,22246.5257717248,667395.8,2.61138756760896,30,30,149729081.97908,26259.2807837192,5.01317480888889,5.01317480888889
