"strata","dload.bi_kgd","dload.ub_kgd","tload_kglenS","degf","lenObs","lenStr","MSE_kglenS","Cl_kglenS","flowmu_m3s","flowav_m3s"
1,592.197421580553,592.223035906946,18358.9,29,30,31,52366.4861842229,86.910009274768,0.171392760430108,0.173943809777778
2,592.092706819606,592.102642335635,18355.2,19.2831860135617,30,31,46664.4195510267,102.859941581093,0.171392760430108,0.172063747925129
3,592.858779322153,592.861657437804,18378.6,21.2175220330584,30,31,17925.2715140598,60.4083829653838,0.171392760430108,0.174321874580645
4,592.858779322153,592.861657437804,18378.7,3.16550148595426,30,31,14499.7832105447,209.154955620204,0.171392760430108,0.174321874580645
5,592.858779322153,592.861657437804,18378.7,3.09576286107737,30,31,14338.7285575836,212.845761043821,0.171392760430108,0.174321874580645
6,592.858779322153,592.861657437804,18378.7,3.05567362492544,30,31,14245.3890197896,215.069891307463,0.171392760430108,0.174321874580645
7,592.858779322153,592.861657437804,18378.7,3.03138475317624,30,31,14188.5134823323,216.455659524321,0.171392760430108,0.174321874580645
8,592.858779322153,592.861657437804,18378.7,3.04196983326325,30,31,14214.3505765882,215.855857870956,0.171392760430108,0.174321874580645
9,592.858779322153,592.861657437804,18378.8,3.08116742445291,30,31,14311.337602248,213.695257216618,0.171392760430108,0.174321874580645
