"strata","dload.bi_kgd","dload.ub_kgd","tload_kglenS","degf","lenObs","lenStr","MSE_kglenS","Cl_kglenS","flowmu_m3s","flowav_m3s"
1,50212.4661787742,49877.4444221298,1496323.3,4,5,30,7586629914.2985,120915.936844432,14.210219744,13.746673728
