"strata","dload.bi_kgd","dload.ub_kgd","tload_kglenS","degf","lenObs","lenStr","MSE_kglenS","Cl_kglenS","flowmu_m3s","flowav_m3s"
1,11559.2872489757,11559.3056951448,358338.5,20,21,31,42099054.15068,3026.41071130022,2.8200744388455,1.91488988952381
2,11651.4716163163,11651.4707050568,361195.5,5.64366433122144,21,31,20110563.9748103,4690.64430220845,2.8200744388455,3.04110252731183
3,11651.4716163163,11651.4707050568,361195.5,5.06052869070483,21,31,19030294.618678,4967.01734310634,2.8200744388455,3.04110252731183
4,11651.4716163163,11651.4707050568,361195.5,5.05137159765102,21,31,19013063.6051224,4971.93810058104,2.8200744388455,3.04110252731183
5,11651.4716163163,11651.4707050568,361195.6,5.05107452436624,21,31,19012504.6727359,4972.09811112487,2.8200744388455,3.04110252731183
6,11647.8643957451,11647.3704021405,361068.5,4.52403399966719,21,31,28477556.2633577,6658.93844304586,2.8200744388455,3.04414734451613
