"strata","dload.bi_kgd","dload.ub_kgd","tload_kglenS","degf","lenObs","lenStr","MSE_kglenS","Cl_kglenS","flowmu_m3s","flowav_m3s"
9,17763.8036832818,17763.8036832818,550678,4.90643584095007,31,31,64303095.7847791,9359.65809522992,4.64815704774194,4.64815704774194
