"strata","strata.n","dload.bi_kgd","dload.ub_kgd","tload_kglenS","degf","lenObs","lenStr","MSE_kglenS","Cl_kglenS","flowmu_m3s","flowav_m3s"
1,1,18891.1054990108,18876.6487319092,585176.1,2,3,31,114211451.473873,32514.4283483849,5.84109685456221,8.51382347733333
