"strata","dload.bi_kgd","dload.ub_kgd","tload_kglenS","degf","lenObs","lenStr","MSE_kglenS","Cl_kglenS","flowmu_m3s","flowav_m3s"
5,4326.54272550813,4326.54272550813,134122.8,16.694396896308,31,31,46200.5608319645,111.144691664127,1.58528407741935,1.58528407741935
