"strata","dload.bi_kgd","dload.ub_kgd","tload_kglenS","degf","lenObs","lenStr","MSE_kglenS","Cl_kglenS","flowmu_m3s","flowav_m3s"
1,958.778972026303,963.136223462184,28894.1,2,3,30,449412.903625482,2039.5955997408,0.394235928533333,0.390394282666667
