"strata","dload.bi_kgd","dload.ub_kgd","tload_kglenS","degf","lenObs","lenStr","MSE_kglenS","Cl_kglenS","flowmu_m3s","flowav_m3s"
1,502.86239767296,502.86239767296,15085.9,29,30,30,122644.284627773,133.004623053574,0.144462874666667,0.144462874666667
2,502.86239767296,502.86239767296,15085.9,27.7461964808977,30,30,33463.0892467098,71.1666586275185,0.144462874666667,0.144462874666667
3,502.86239767296,502.86239767296,15085.8,18.0267970111509,30,30,10450.8856589489,50.5802449434936,0.144462874666667,0.144462874666667
4,502.86239767296,502.86239767296,15085.8,23.7546512279847,30,30,7219.19962385417,35.9994591032623,0.144462874666667,0.144462874666667
5,502.86239767296,502.86239767296,15085.9,19.300940206116,30,30,5264.77538505355,34.5316084658667,0.144462874666667,0.144462874666667
6,502.86239767296,502.86239767296,15085.9,18.2358226565404,30,30,5113.8226899625,35.149381316938,0.144462874666667,0.144462874666667
7,502.86239767296,502.86239767296,15085.9,15.6901588353071,30,30,4560.55555920664,36.2000493046607,0.144462874666667,0.144462874666667
8,502.86239767296,502.86239767296,15085.9,14.9789562257959,30,30,4468.23109963864,36.8175799202902,0.144462874666667,0.144462874666667
9,502.86239767296,502.86239767296,15085.8,10.35152827981,30,30,4641.45759887889,46.9647274494567,0.144462874666667,0.144462874666667
