"strata","dload.bi_kgd","dload.ub_kgd","tload_kglenS","degf","lenObs","lenStr","MSE_kglenS","Cl_kglenS","flowmu_m3s","flowav_m3s"
1,2856.56082262567,2861.0579192797,85831.7,3,4,30,5899805.2914014,4462.92200490928,0.556263309714286,0.56492016
