"strata","dload.bi_kgd","dload.ub_kgd","tload_kglenS","degf","lenObs","lenStr","MSE_kglenS","Cl_kglenS","flowmu_m3s","flowav_m3s"
1,21918.2760961486,21918.2760961486,679466.6,30,31,31,107243758.689016,3861.34908865793,4.88114646021505,4.88114646021505
2,21918.2760961486,21918.2760961486,679466.6,17.489753908097,31,31,45486466.0301864,3395.22221896033,4.88114646021505,4.88114646021505
3,21918.2760961486,21918.2760961486,679466.6,15.1191110232558,31,31,33880631.7575967,3188.52457240445,4.88114646021505,4.88114646021505
4,21918.2760961486,21918.2760961486,679466.6,10.9821991761123,31,31,29494043.559283,3607.65921711724,4.88114646021505,4.88114646021505
5,21918.2760961486,21918.2760961486,679466.6,10.8222768954365,31,31,29371669.0661205,3633.23061317485,4.88114646021505,4.88114646021505
6,21918.2760961486,21918.2760961486,679466.5,10.9856940671571,31,31,29726300.4711277,3621.11903335958,4.88114646021505,4.88114646021505
7,21918.2760961486,21918.2760961486,679466.5,11.0972055441865,31,31,29956654.7874944,3612.37664265314,4.88114646021505,4.88114646021505
8,21918.2760961486,21918.2760961486,679466.5,7.43523246460136,31,31,31246874.9377177,4790.57018408924,4.88114646021505,4.88114646021505
9,21918.2760961486,21918.2760961486,679466.5,7.5455129959935,31,31,31552286.3780884,4765.43625592516,4.88114646021505,4.88114646021505
