"strata","dload.bi_kgd","dload.ub_kgd","tload_kglenS","degf","lenObs","lenStr","MSE_kglenS","Cl_kglenS","flowmu_m3s","flowav_m3s"
1,2685.06213694534,2685.03582773564,80551.1,3,4,30,948220.648976602,1789.18464276702,0.489435661714286,0.4212124
