"strata","dload.bi_kgd","dload.ub_kgd","tload_kglenS","degf","lenObs","lenStr","MSE_kglenS","Cl_kglenS","flowmu_m3s","flowav_m3s"
1,22246.5257717248,22246.5257717248,667395.8,29,30,30,277751268.388385,6329.52478716638,5.01317480888889,5.01317480888889
2,22246.5257717248,22246.5257717248,667395.8,15.797853854287,30,30,196570286.383396,7485.62723882024,5.01317480888889,5.01317480888889
3,22246.5257717248,22246.5257717248,667395.8,6.56924141160956,30,30,169850147.605285,12185.3702236096,5.01317480888889,5.01317480888889
4,22246.5257717248,22246.5257717248,667395.8,5.74198922776837,30,30,160516941.317324,13079.6482366699,5.01317480888889,5.01317480888889
5,22246.5257717248,22246.5257717248,667395.8,5.20236471141088,30,30,152505762.743072,13756.6431593265,5.01317480888889,5.01317480888889
6,22246.5257717248,22246.5257717248,667395.8,2.61718218442692,30,30,149894984.468041,26205.4757397328,5.01317480888889,5.01317480888889
7,22246.5257717248,22246.5257717248,667395.8,2.61471812854918,30,30,149824556.471378,26228.3220002272,5.01317480888889,5.01317480888889
8,22246.5257717248,22246.5257717248,667395.8,2.61138756760896,30,30,149729081.97908,26259.2807837192,5.01317480888889,5.01317480888889
9,22246.5257717248,22246.5257717248,667395.8,2.61536492705761,30,30,149843393.639974,26222.3493970038,5.01317480888889,5.01317480888889
