"strata","dload.bi_kgd","dload.ub_kgd","tload_kglenS","degf","lenObs","lenStr","MSE_kglenS","Cl_kglenS","flowmu_m3s","flowav_m3s"
7,14.652047907072,14.652047907072,439.6,6.18122536456237,30,30,4.77201804208,2.13478076977855,0.0037378176,0.0037378176
