"strata","dload.bi_kgd","dload.ub_kgd","tload_kglenS","degf","lenObs","lenStr","MSE_kglenS","Cl_kglenS","flowmu_m3s","flowav_m3s"
1,212.68984075776,212.68984075776,6380.7,29,30,30,1207.45564765083,13.1971050309569,0.0561144586666667,0.0561144586666667
2,212.68984075776,212.68984075776,6380.7,23.7072735557165,30,30,1005.44674667718,13.4496486322789,0.0561144586666667,0.0561144586666667
3,212.68984075776,212.68984075776,6380.7,16.2328760531157,30,30,993.705907578519,16.5669116536049,0.0561144586666667,0.0561144586666667
4,212.68984075776,212.68984075776,6380.6,13.9657454011946,30,30,874.226174755979,16.9732064083759,0.0561144586666667,0.0561144586666667
5,212.68984075776,212.68984075776,6380.6,13.1844958237031,30,30,847.435079359159,17.2954521917577,0.0561144586666667,0.0561144586666667
6,212.68984075776,212.68984075776,6380.6,12.7658342969208,30,30,833.183653887024,17.4857422949985,0.0561144586666667,0.0561144586666667
7,212.68984075776,212.68984075776,6380.6,12.4630830542948,30,30,822.975940713975,17.6325079840643,0.0561144586666667,0.0561144586666667
8,212.68984075776,212.68984075776,6380.7,10.0871797247527,30,30,901.234449912607,21.036221261465,0.0561144586666667,0.0561144586666667
9,212.68984075776,212.68984075776,6380.7,5.70676386188351,30,30,1040.16447178225,33.450872321963,0.0561144586666667,0.0561144586666667
