"strata","dload.bi_kgd","dload.ub_kgd","tload_kglenS","degf","lenObs","lenStr","MSE_kglenS","Cl_kglenS","flowmu_m3s","flowav_m3s"
7,592.858779322153,592.861657437804,18378.7,3.03138475317624,30,31,14188.5134823323,216.455659524321,0.171392760430108,0.174321874580645
