"strata","dload.bi_kgd","dload.ub_kgd","tload_kglenS","degf","lenObs","lenStr","MSE_kglenS","Cl_kglenS","flowmu_m3s","flowav_m3s"
1,1361.50768899918,1360.57094674051,40817.1,3,4,30,1285025.61859983,2082.84211505955,0.443714142857143,0.35183624
