"strata","dload.bi_kgd","dload.ub_kgd","tload_kglenS","degf","lenObs","lenStr","MSE_kglenS","Cl_kglenS","flowmu_m3s","flowav_m3s"
1,25714.4159204427,25350.3259741637,785860.1,4,5,31,1736535759.38294,57849.6800014596,4.7944257164977,4.395900032
