"strata","dload.bi_kgd","dload.ub_kgd","tload_kglenS","degf","lenObs","lenStr","MSE_kglenS","Cl_kglenS","flowmu_m3s","flowav_m3s"
1,2486.61676168277,2532.83157364976,75984.9,2,3,30,56260094.83084,22820.3093497613,0.756852571369963,0.664500906666667
