"strata","dload.bi_kgd","dload.ub_kgd","tload_kglenS","degf","lenObs","lenStr","MSE_kglenS","Cl_kglenS","flowmu_m3s","flowav_m3s"
1,2829.08785928677,2826.82043033325,84804.6,17,18,30,2541108.23320458,815.702166114338,0.731191938526316,0.114368408888889
2,2818.42419300313,2818.44916083925,84553.4,11.9287916005992,18,30,204970.539295312,285.795266557722,0.731191938526316,0.105093083733333
3,2818.42419300313,2818.44916083925,84553.4,10.96497514266,18,30,195894.551762896,294.302361417722,0.731191938526316,0.105093083733333
4,2819.83290569115,2819.87869140882,84596.3,8.56650294521353,18,30,227714.828179956,371.686576939829,0.731191938526316,0.104614844444444
5,2803.0722425785,2802.99013379725,84089.6,5.21580754461678,18,30,378752.452598983,684.172604015848,0.731191938526316,0.103167541333333
6,2802.03729558754,2802.05312643376,84061.5,2.01787186598628,18,30,1821814.58286255,4053.78541196681,0.731191938526316,0.102066332444444
