"strata","dload.bi_kgd","dload.ub_kgd","tload_kglenS","degf","lenObs","lenStr","MSE_kglenS","Cl_kglenS","flowmu_m3s","flowav_m3s"
7,645.664824635458,645.664824635458,20015.7,15.1735345587937,31,31,18109.1603189933,73.5611345427174,0.140031143225806,0.140031143225806
