"strata","dload.bi_kgd","dload.ub_kgd","tload_kglenS","degf","lenObs","lenStr","MSE_kglenS","Cl_kglenS","flowmu_m3s","flowav_m3s"
1,6387.81167789251,6399.16697840592,198374.2,3,4,31,101604462.618412,18520.6766346859,3.63666007299539,2.1910124
