"strata","dload.bi_kgd","dload.ub_kgd","tload_kglenS","degf","lenObs","lenStr","MSE_kglenS","Cl_kglenS","flowmu_m3s","flowav_m3s"
1,1004.79432662686,1006.17367554992,31191.4,3,4,31,3578559.95922336,3475.79862180792,0.351379517419355,0.335270912
