"strata","dload.bi_kgd","dload.ub_kgd","tload_kglenS","degf","lenObs","lenStr","MSE_kglenS","Cl_kglenS","flowmu_m3s","flowav_m3s"
5,7528.78135751589,7521.280530136,225638.4,12.8003089403911,24,30,43991905.4711986,4011.37448767018,13.3918044440889,17.5546918215111
