"strata","dload.bi_kgd","dload.ub_kgd","tload_kglenS","degf","lenObs","lenStr","MSE_kglenS","Cl_kglenS","flowmu_m3s","flowav_m3s"
1,2789.47364435755,2789.57869873297,86476.9,24,25,31,11858209.6514702,1450.74903278679,4.87549467052043,3.77101546120533
2,2788.42039453299,2788.19547007371,86434,3.31459977024849,25,31,12372311.8277117,5831.21253489813,4.87549467052043,4.55861462051535
3,2685.70110629296,2683.90436323502,83201,2.23192766460894,25,31,10113379.85187,8304.70024793183,4.87549467052043,4.46972725803011
4,2660.99932092211,2660.15500425342,82464.8,2.10459045355318,25,31,9819598.24629821,8865.05221179861,4.87549467052043,4.47866577565591
5,2660.99932092211,2660.15500425342,82464.8,2.08640054081523,25,31,9777036.42272186,8954.07269564762,4.87549467052043,4.47866577565591
6,2660.99932092211,2660.15500425342,82464.8,2.08341600297754,25,31,9770038.04962116,8968.91694159256,4.87549467052043,4.47866577565591
7,2660.99932092211,2660.15500425342,82464.8,2.08910937869003,25,31,9783447.18670487,8940.68705133136,4.87549467052043,4.47866577565591
8,2660.99932092211,2660.15500425342,82464.7,2.09151944791189,25,31,9789109.5051438,8928.80685551447,4.87549467052043,4.47866577565591
