"strata","dload.bi_kgd","dload.ub_kgd","tload_kglenS","degf","lenObs","lenStr","MSE_kglenS","Cl_kglenS","flowmu_m3s","flowav_m3s"
1,271.735734553864,271.735734553864,8423.8,30,31,31,560431.261051742,279.134957606452,0.590889405935484,0.590889405935484
2,271.735734553864,271.735734553864,8423.8,21.232273808674,31,31,419486.748770662,292.115341513755,0.590889405935484,0.590889405935484
3,271.735734553864,271.735734553864,8423.8,7.41063643990588,31,31,333559.478923129,496.09269597787,0.590889405935484,0.590889405935484
4,271.735734553864,271.735734553864,8423.8,2.77629535543096,31,31,194602.000292961,882.302377196959,0.590889405935484,0.590889405935484
5,271.735734553864,271.735734553864,8423.8,2.42114825282624,31,31,181536.511543957,1002.01470793281,0.590889405935484,0.590889405935484
6,271.735734553864,271.735734553864,8423.9,2.24934515516341,31,31,174912.350528662,1080.96468583805,0.590889405935484,0.590889405935484
7,271.735734553864,271.735734553864,8423.8,2.14080482481073,31,31,170616.032529449,1141.23161800371,0.590889405935484,0.590889405935484
8,271.735734553864,271.735734553864,8423.9,2.14085420328158,31,31,170618.942893979,1141.20512577812,0.590889405935484,0.590889405935484
9,271.735734553864,271.735734553864,8424,2.14847176420686,31,31,170925.340374155,1136.66783251083,0.590889405935484,0.590889405935484
