"strata","dload.bi_kgd","dload.ub_kgd","tload_kglenS","degf","lenObs","lenStr","MSE_kglenS","Cl_kglenS","flowmu_m3s","flowav_m3s"
1,890.84264655959,890.84264655959,26725.3,29,30,30,1495829.67461988,464.498324537589,1.34684139733333,1.34684139733333
2,890.842646559591,890.842646559591,26725.3,27.8306106336084,30,30,577463.932263948,295.145690084279,1.34684139733333,1.34684139733333
3,890.84264655959,890.84264655959,26725.3,22.2654834467555,30,30,419052.960911718,284.31542392098,1.34684139733333,1.34684139733333
4,890.84264655959,890.84264655959,26725.3,22.8955878695661,30,30,347872.436105375,255.054111192534,1.34684139733333,1.34684139733333
5,890.84264655959,890.84264655959,26725.4,19.4871923081444,30,30,293297.769868018,256.341921861291,1.34684139733333,1.34684139733333
6,890.842646559591,890.842646559591,26725.4,12.3685433229781,30,30,289315.922327553,332.134165048283,1.34684139733333,1.34684139733333
7,890.84264655959,890.84264655959,26725.4,12.2721875596179,30,30,288179.409280374,333.060541454248,1.34684139733333,1.34684139733333
8,890.842646559591,890.842646559591,26725.3,11.1176771626069,30,30,295625.301899286,358.44319137653,1.34684139733333,1.34684139733333
9,890.842646559591,890.842646559591,26725.3,9.67867800306844,30,30,307878.681571074,399.192093800312,1.34684139733333,1.34684139733333
