"strata","dload.bi_kgd","dload.ub_kgd","tload_kglenS","degf","lenObs","lenStr","MSE_kglenS","Cl_kglenS","flowmu_m3s","flowav_m3s"
3,647.283361235595,647.273892592257,20065.5,6.14905382294329,15,31,3768537.57757546,1904.38175627367,1.63732000344086,1.68379609324731
