"strata","dload.bi_kgd","dload.ub_kgd","tload_kglenS","degf","lenObs","lenStr","MSE_kglenS","Cl_kglenS","flowmu_m3s","flowav_m3s"
2,158.499417687313,158.47598251321,4754.3,24.5581439731172,28,30,38664.5559159084,81.7946770145818,0.514137125511111,0.515628476977778
