"strata","dload.bi_kgd","dload.ub_kgd","tload_kglenS","degf","lenObs","lenStr","MSE_kglenS","Cl_kglenS","flowmu_m3s","flowav_m3s"
6,5166.91717198548,5166.91717198548,155007.6,2.10439364492397,30,30,54391413.0035262,20866.8220828994,7.40761352693333,7.40761352693333
