"strata","dload.bi_kgd","dload.ub_kgd","tload_kglenS","degf","lenObs","lenStr","MSE_kglenS","Cl_kglenS","flowmu_m3s","flowav_m3s"
8,943.885286147045,943.669214172605,29253.7,4.97850111106625,30,31,126372.897675385,410.084571041271,1.47334822374194,1.41860672389964
