"strata","dload.bi_kgd","dload.ub_kgd","tload_kglenS","degf","lenObs","lenStr","MSE_kglenS","Cl_kglenS","flowmu_m3s","flowav_m3s"
1,2057.04903051576,2057.04903051576,63768.5,30,31,31,6264758.76891887,933.265537734966,3.11822926950538,3.11822926950538
2,2057.04903051576,2057.04903051576,63768.5,23.3446820984749,31,31,6065378.37655736,1053.58333811689,3.11822926950538,3.11822926950538
3,2057.04903051576,2057.04903051576,63768.5,17.9123712460104,31,31,3625741.50363351,945.549194833462,3.11822926950538,3.11822926950538
4,2057.04903051576,2057.04903051576,63768.5,22.172534199442,31,31,1329348.22554714,507.572386617415,3.11822926950538,3.11822926950538
5,2057.04903051576,2057.04903051576,63768.4,8.47201503473493,31,31,963716.113256092,770.273880299124,3.11822926950538,3.11822926950538
6,2057.04903051576,2057.04903051576,63768.4,7.88119887405637,31,31,928159.089760286,793.443138203031,3.11822926950538,3.11822926950538
7,2057.04903051576,2057.04903051576,63768.5,9.7229804558517,31,31,1046903.77376611,733.965679019667,3.11822926950538,3.11822926950538
8,2057.04903051576,2057.04903051576,63768.4,6.12430605629957,31,31,1018005.03700191,992.731430012822,3.11822926950538,3.11822926950538
9,2057.04903051576,2057.04903051576,63768.5,7.48529237842695,31,31,1136749.72100773,909.5153327938,3.11822926950538,3.11822926950538
