"strata","dload.bi_kgd","dload.ub_kgd","tload_kglenS","degf","lenObs","lenStr","MSE_kglenS","Cl_kglenS","flowmu_m3s","flowav_m3s"
1,7076.96602433164,7076.96602433164,212309,29,30,30,50568127.5374269,2700.7321590546,9.03156155591111,9.03156155591111
2,7076.96602433163,7076.96602433163,212309,26.5932992749753,30,30,48800193.3167935,2781.48692824129,9.03156155591111,9.03156155591111
3,7076.96602433164,7076.96602433164,212309,14.3288686496456,30,30,30882542.6991479,3141.95819308574,9.03156155591111,9.03156155591111
4,7076.96602433163,7076.96602433163,212309,14.2136698608078,30,30,23169586.7530555,2734.50053736045,9.03156155591111,9.03156155591111
5,7076.96602433163,7076.96602433163,212308.9,13.2144393809216,30,30,21786217.4590076,2769.35417787858,9.03156155591111,9.03156155591111
6,7076.96602433164,7076.96602433164,212308.8,12.7729522021139,30,30,21533841.2381342,2810.14236717837,9.03156155591111,9.03156155591111
7,7076.96602433163,7076.96602433163,212308.9,12.6687282251252,30,30,21337987.088522,2811.21312340784,9.03156155591111,9.03156155591111
8,7076.96602433163,7076.96602433163,212308.9,11.8422198610387,30,30,20800078.5079005,2891.86491884566,9.03156155591111,9.03156155591111
9,7076.96602433164,7076.96602433164,212308.9,10.9312917108231,30,30,28460567.37667,3554.15447267228,9.03156155591111,9.03156155591111
