"strata","dload.bi_kgd","dload.ub_kgd","tload_kglenS","degf","lenObs","lenStr","MSE_kglenS","Cl_kglenS","flowmu_m3s","flowav_m3s"
1,72.3088937065605,72.3088937065605,2169.3,29,30,30,96143.7401072747,117.761569676164,0.275362002133333,0.275362002133333
2,72.3088937065605,72.3088937065605,2169.3,12.3351631463151,30,30,30892.6705733153,108.709642821682,0.275362002133333,0.275362002133333
3,72.3088937065605,72.3088937065605,2169.3,12.0733332992583,30,30,28854.349805029,106.443584112636,0.275362002133333,0.275362002133333
4,72.3088937065605,72.3088937065605,2169.2,2.48260448789286,30,30,27967.4695061455,381.317226523585,0.275362002133333,0.275362002133333
5,72.3088937065605,72.3088937065605,2169.3,2.17910363901459,30,30,26185.3102298019,436.387695610095,0.275362002133333,0.275362002133333
6,72.3088937065605,72.3088937065605,2169.3,2.09117083654679,30,30,25647.5270952395,457.136810726664,0.275362002133333,0.275362002133333
7,72.3088937065605,72.3088937065605,2169.3,2.09191956131011,30,30,25652.1467591024,456.948346494593,0.275362002133333,0.275362002133333
8,72.3088937065605,72.3088937065605,2169.4,2.09033083660091,30,30,25642.40241157,457.349033345795,0.275362002133333,0.275362002133333
9,72.3088937065605,72.3088937065605,2169.4,2.09098804275044,30,30,25646.4449366862,457.183263377668,0.275362002133333,0.275362002133333
