"strata","dload.bi_kgd","dload.ub_kgd","tload_kglenS","degf","lenObs","lenStr","MSE_kglenS","Cl_kglenS","flowmu_m3s","flowav_m3s"
7,8150.25264114561,8150.25264114561,228207,9.83735844753236,28,28,6665555.55925703,1838.21084402093,13.8447236819429,13.8447236819429
