"strata","dload.bi_kgd","dload.ub_kgd","tload_kglenS","degf","lenObs","lenStr","MSE_kglenS","Cl_kglenS","flowmu_m3s","flowav_m3s"
7,269.035899036176,269.035899036176,8340.1,2.72524737686401,31,31,131212.212168606,739.872555727472,0.48842217255914,0.48842217255914
