"strata","dload.bi_kgd","dload.ub_kgd","tload_kglenS","degf","lenObs","lenStr","MSE_kglenS","Cl_kglenS","flowmu_m3s","flowav_m3s"
7,1716.51377771445,1716.51377771445,51495.5,4.46070433514125,30,30,2839069.01015488,2127.6393035527,2.29266662861511,2.29266662861511
