"strata","dload.bi_kgd","dload.ub_kgd","tload_kglenS","degf","lenObs","lenStr","MSE_kglenS","Cl_kglenS","flowmu_m3s","flowav_m3s"
1,5383.70718606665,5383.00137927602,166873,28,29,31,12304575.5093221,1357.90873978587,8.44499842924731,8.04218276229885
2,5374.34090253649,5373.36523717251,166574.3,22.3298389058933,29,31,9415483.90581074,1345.51610648906,8.44499842924731,8.27622242054396
3,5374.34090253649,5373.36523717251,166574.3,18.869242114934,29,31,8419245.30626801,1398.74100854001,8.44499842924731,8.27622242054396
4,5377.30809580364,5375.69710328661,166646.5,17.7766427520551,29,31,7454728.57198591,1361.73397839943,8.44499842924731,8.3215449316911
5,5377.30809580364,5375.69710328662,166646.6,14.6113877879118,29,31,6510278.77826415,1426.05458456832,8.44499842924731,8.3215449316911
6,5377.30809580364,5375.69710328661,166646.6,14.020806590545,29,31,6457754.36531515,1455.38504329552,8.44499842924731,8.3215449316911
7,5359.62938450429,5356.01462851556,166036.6,7.63753528415811,29,31,5487478.67803822,1970.919260576,8.44499842924731,8.35197926365591
8,5359.62938450429,5356.01462851556,166036.6,7.35472631416981,29,31,5434954.26508922,2013.0099225165,8.44499842924731,8.35197926365591
9,5359.62938450429,5356.01462851556,166036.6,8.06359938763883,29,31,5892560.73885323,1968.57390768065,8.44499842924731,8.35197926365591
