"strata","dload.bi_kgd","dload.ub_kgd","tload_kglenS","degf","lenObs","lenStr","MSE_kglenS","Cl_kglenS","flowmu_m3s","flowav_m3s"
1,3092.06393187276,3091.12829631003,95825,28,29,31,13052680.3080531,1398.57936504505,5.01916345686022,5.20452205885057
2,3109.96185737631,3109.1192262474,96382.7,23.2647454763869,29,31,5782703.28231713,1030.69822110607,5.01916345686022,5.13231190898925
3,3109.96185737631,3109.1192262474,96382.7,10.4441229079681,29,31,3366745.53129061,1257.80676361397,5.01916345686022,5.13231190898925
4,3109.96185737631,3109.1192262474,96382.8,10.3086683899743,29,31,2235319.56009397,1033.35844154463,5.01916345686022,5.13231190898925
5,3109.96185737631,3109.1192262474,96382.8,7.37887997791297,29,31,1394682.60400192,1017.42277260907,5.01916345686021,5.13231190898925
6,3113.63767520021,3114.02431168559,96534.8,6.37625512576993,29,31,1285277.03839095,1083.06114370005,5.01916345686021,4.98730705686021
7,3113.63767520021,3114.02431168559,96534.8,5.70463173743359,29,31,1213281.69856206,1142.7734425127,5.01916345686021,4.98730705686021
8,3113.63767520021,3114.02431168559,96534.9,5.71235423466143,29,31,1214312.59253061,1142.08865268935,5.01916345686021,4.98730705686021
9,3113.63767520021,3114.02431168559,96534.9,5.71231295105018,29,31,1215300.51103885,1142.55938728483,5.01916345686021,4.98730705686021
