"strata","dload.bi_kgd","dload.ub_kgd","tload_kglenS","degf","lenObs","lenStr","MSE_kglenS","Cl_kglenS","flowmu_m3s","flowav_m3s"
1,3241.27739364131,3241.27739364131,90755.8,27,28,28,34455124.3964372,2317.85633312646,5.67416420761905,5.67416420761905
2,3241.27739364131,3241.27739364131,90755.8,10.5979197022182,28,28,20019171.6277021,3039.09272386468,5.67416420761905,5.67416420761905
3,3241.27739364131,3241.27739364131,90755.8,8.13899263107158,28,28,8205197.10644937,2308.4994254351,5.67416420761905,5.67416420761905
4,3241.27739364131,3241.27739364131,90755.8,7.80685412216115,28,28,8037711.52703058,2349.96609146205,5.67416420761905,5.67416420761905
5,3241.27739364131,3241.27739364131,90755.7,7.54330413992808,28,28,7870241.15620153,2380.50173141262,5.67416420761905,5.67416420761905
6,3241.27739364131,3241.27739364131,90755.8,7.48109552503942,28,28,7837565.519355,2389.10762656595,5.67416420761905,5.67416420761905
7,3241.27739364131,3241.27739364131,90755.7,7.91941388415024,28,28,8363565.2072051,2373.99085315465,5.67416420761905,5.67416420761905
8,3241.27739364131,3241.27739364131,90755.7,7.34600691255743,28,28,9319607.55717327,2638.17209725508,5.67416420761905,5.67416420761905
