"strata","dload.bi_kgd","dload.ub_kgd","tload_kglenS","degf","lenObs","lenStr","MSE_kglenS","Cl_kglenS","flowmu_m3s","flowav_m3s"
6,673.057436482164,673.057436482164,20864.9,3.05664059908307,31,31,643378.241783601,1444.877462539,0.921698138322581,0.921698138322581
