"strata","dload.bi_kgd","dload.ub_kgd","tload_kglenS","degf","lenObs","lenStr","MSE_kglenS","Cl_kglenS","flowmu_m3s","flowav_m3s"
6,4445.35265951438,4440.1388575691,137644.4,3.00617308940697,22,31,13412953.0148919,6714.47284275567,7.28720516490323,7.41320386206738
