"strata","dload.bi_kgd","dload.ub_kgd","tload_kglenS","degf","lenObs","lenStr","MSE_kglenS","Cl_kglenS","flowmu_m3s","flowav_m3s"
8,4289.7633664167,4289.7633664167,128692.9,3.34948081630357,30,30,44942885.2598519,10998.6461939465,8.57173211991111,8.57173211991111
