"strata","dload.bi_kgd","dload.ub_kgd","tload_kglenS","degf","lenObs","lenStr","MSE_kglenS","Cl_kglenS","flowmu_m3s","flowav_m3s"
1,2787.07108387856,2782.36176319302,86253.2,24,25,31,23836822.2077747,2056.87029460229,4.7490805587957,5.13178192810667
2,2821.36036340025,2820.42091897231,87433,6.3531683811839,25,31,7994822.70248549,2708.33976830493,4.7490805587957,4.92019715430538
3,2823.35295184933,2822.39280814394,87494.2,5.29370074635275,25,31,4431895.46490654,2313.33664218975,4.7490805587957,4.83532094635125
4,2864.89435701066,2864.54424686297,88800.9,2.8068173895058,25,31,3153219.56460042,3508.33209329177,4.7490805587957,4.77365223363441
5,2864.89435701066,2864.54424686297,88800.9,2.54931679259186,25,31,3003450.86401985,3826.82829082621,4.7490805587957,4.77365223363441
6,2864.89435701066,2864.54424686297,88800.8,2.55313586375855,25,31,3005970.23995252,3821.57986294381,4.7490805587957,4.77365223363441
7,2874.39335675529,2874.4218363267,89107,2.62104242655083,25,31,3054694.17007841,3734.48890543911,4.7490805587957,4.73481254537634
