"strata","dload.bi_kgd","dload.ub_kgd","tload_kglenS","degf","lenObs","lenStr","MSE_kglenS","Cl_kglenS","flowmu_m3s","flowav_m3s"
7,1209.09036718824,1209.09036718824,37481.8,3.9720599362285,31,31,660814.627252803,1135.60367383929,2.5402285747957,2.5402285747957
