"strata","dload.bi_kgd","dload.ub_kgd","tload_kglenS","degf","lenObs","lenStr","MSE_kglenS","Cl_kglenS","flowmu_m3s","flowav_m3s"
1,1374.8637206607,1374.44465377444,38484.5,25,26,28,6677001.9571937,1064.36521665314,3.31452324099048,3.24632054266667
2,1394.9500758161,1395.01961988392,39060.5,23.9870898618565,26,28,1452604.52520049,507.908678135972,3.31452324099048,3.1812244687609
3,1405.79611229116,1405.36748956754,39350.4,15.3507426931384,26,28,1261202.39463289,609.732334034939,3.31452324099048,3.24644383873333
4,1401.03877467195,1400.63121423416,39217.7,20.7679788719455,26,28,562510.76806688,342.488921672057,3.31452324099048,3.27845834086667
5,1401.03877467195,1400.63121423416,39217.8,9.33300663339636,26,28,383403.858080034,456.019232839865,3.31452324099048,3.27845834086667
6,1401.03877467195,1400.63121423416,39217.7,8.97211792431245,26,28,375734.186642682,463.149727843896,3.31452324099048,3.27845834086667
7,1401.03877467195,1400.63121423416,39217.8,8.85906631875347,26,28,373335.761896537,465.514020893286,3.31452324099048,3.27845834086667
8,1402.25292218381,1402.2350003814,39262.7,3.69695745269558,26,28,885205.367088928,1403.65899034305,3.31452324099048,3.23343420748571
