"strata","dload.bi_kgd","dload.ub_kgd","tload_kglenS","degf","lenObs","lenStr","MSE_kglenS","Cl_kglenS","flowmu_m3s","flowav_m3s"
1,339.108325074509,339.265233967982,10517.2,18,19,31,735963.515112601,424.816940760949,0.647194165677419,0.788145965473684
2,334.857145459601,337.059731409427,10448.8,10.1635682241348,19,31,206911.097789226,317.222859071859,0.647194165677419,0.761035922683871
3,331.814783822943,332.092104696952,10294.8,6.05899633626587,19,31,154734.641598329,390.110422935643,0.647194165677419,0.660584358296774
4,327.653925297921,327.847300329853,10163.2,5.50217244030637,19,31,146958.046047395,408.833340135398,0.647194165677419,0.628029651219662
5,327.823363563562,327.935954360812,10165.9,5.83162089934214,19,31,152749.311968633,398.804835215371,0.647194165677419,0.628097072172043
6,330.799708969298,331.654610238452,10281.2,4.79728757310174,19,31,222771.144765608,561.055293924216,0.647194165677419,0.62730237488172
