"strata","dload.bi_kgd","dload.ub_kgd","tload_kglenS","degf","lenObs","lenStr","MSE_kglenS","Cl_kglenS","flowmu_m3s","flowav_m3s"
8,71.7904748215628,71.8960124706774,2156.8,2.37719531591802,27,30,18390.3922674959,326.34145461952,0.234200387022222,0.235215072355556
