"strata","dload.bi_kgd","dload.ub_kgd","tload_kglenS","degf","lenObs","lenStr","MSE_kglenS","Cl_kglenS","flowmu_m3s","flowav_m3s"
1,6820.6455942256,6820.6455942256,211440,30,31,31,345126721.830489,6926.95467534988,12.395128088086,12.395128088086
2,6820.6455942256,6820.6455942256,211440,10.4614172527482,31,31,163839190.27186,8765.27732012065,12.395128088086,12.395128088086
3,6820.6455942256,6820.6455942256,211440,4.25719071924422,31,31,66687868.8331724,10731.8871846558,12.395128088086,12.395128088086
4,6820.6455942256,6820.6455942256,211440,3.43575267092644,31,31,61855745.5804796,12584.301856259,12.395128088086,12.395128088086
5,6820.6455942256,6820.6455942256,211440,3.14865855790842,31,31,59202487.8042916,13438.2966797527,12.395128088086,12.395128088086
6,6820.6455942256,6820.6455942256,211439.9,3.13639660083248,31,31,59087024.9992597,13479.4228138692,12.395128088086,12.395128088086
7,6820.6455942256,6820.6455942256,211439.9,3.13506590945238,31,31,59074486.7945997,13483.9121759873,12.395128088086,12.395128088086
8,6820.6455942256,6820.6455942256,211439.9,3.12790466967162,31,31,59006956.867964,13508.1580817082,12.395128088086,12.395128088086
9,6820.6455942256,6820.6455942256,211439.8,3.13008533483773,31,31,59028091.865155,13500.8238195508,12.395128088086,12.395128088086
