"strata","dload.bi_kgd","dload.ub_kgd","tload_kglenS","degf","lenObs","lenStr","MSE_kglenS","Cl_kglenS","flowmu_m3s","flowav_m3s"
5,2065.22572352148,2066.60397828365,61998.1,6.4826048790554,21,30,5493714.62731254,2212.52931978508,4.33138334951111,4.43553253991111
