"strata","dload.bi_kgd","dload.ub_kgd","tload_kglenS","degf","lenObs","lenStr","MSE_kglenS","Cl_kglenS","flowmu_m3s","flowav_m3s"
1,422.731066522537,422.731066522537,13104.7,30,31,31,806291.671721272,334.810554201391,0.784870142795699,0.784870142795699
2,422.731066522537,422.731066522537,13104.7,26.0066647076862,31,31,779751.159317039,355.921292247194,0.784870142795699,0.784870142795699
3,422.731066522537,422.731066522537,13104.7,13.565026357468,31,31,367432.942562608,354.055208074603,0.784870142795699,0.784870142795699
4,422.731066522537,422.731066522537,13104.7,8.43954203420278,31,31,133650.926438407,287.582998570627,0.784870142795699,0.784870142795699
5,422.731066522537,422.731066522537,13104.7,7.96138804491426,31,31,131911.80431339,297.080579015744,0.784870142795699,0.784870142795699
6,422.731066522537,422.731066522537,13104.6,5.87196773665438,31,31,109866.774214604,336.480063205658,0.784870142795699,0.784870142795699
7,422.731066522537,422.731066522537,13104.6,5.8282295254586,31,31,109455.690080202,337.737756020709,0.784870142795699,0.784870142795699
8,422.731066522537,422.731066522537,13104.7,6.25440993723566,31,31,113954.188357003,327.056593727261,0.784870142795699,0.784870142795699
9,422.731066522537,422.731066522537,13104.7,7.19421713344545,31,31,140554.405580564,328.715864932689,0.784870142795699,0.784870142795699
