"strata","dload.bi_kgd","dload.ub_kgd","tload_kglenS","degf","lenObs","lenStr","MSE_kglenS","Cl_kglenS","flowmu_m3s","flowav_m3s"
1,751.915622702396,751.905864771001,23309.1,28,29,31,1712206.3991553,506.541839987079,1.04921532642409,1.03111812569011
2,746.102004543089,745.811862158733,23120.1,16.2081363024341,29,31,1004181.58300392,527.11211075036,1.04921532642409,1.00764591813285
3,748.619261185565,748.614881958644,23207,9.87619193774926,29,31,719598.502925343,602.463984761048,1.04921532642409,0.997709552902131
4,758.670987075551,758.240646444292,23505.4,6.99410157507702,29,31,602880.889971307,694.362379398107,1.04921532642409,1.01658376671082
5,758.670987075551,758.240646444292,23505.4,6.87474623528715,29,31,598143.855516048,700.07220616683,1.04921532642409,1.01658376671082
6,758.670987075551,758.240646444292,23505.4,6.80292299339221,29,31,595010.802871216,703.449241073453,1.04921532642409,1.01658376671082
7,758.670987075551,758.240646444292,23505.5,6.76652398694099,29,31,593393.938315441,705.174304308624,1.04921532642409,1.01658376671082
8,758.670987075551,758.240646444292,23505.5,6.76921005546686,29,31,593523.710087257,705.052495883492,1.04921532642409,1.01658376671082
9,757.0092374109,756.301149667215,23445.3,6.32817968225047,29,31,601141.780671483,744.786801116992,1.04921532642409,1.0421855539567
