"strata","dload.bi_kgd","dload.ub_kgd","tload_kglenS","degf","lenObs","lenStr","MSE_kglenS","Cl_kglenS","flowmu_m3s","flowav_m3s"
6,4049.39818955951,4049.39818955951,125531.3,12.82847676462,31,31,9397078.88645777,1851.51556724567,6.75639761445161,6.75639761445161
