"strata","dload.bi_kgd","dload.ub_kgd","tload_kglenS","degf","lenObs","lenStr","MSE_kglenS","Cl_kglenS","flowmu_m3s","flowav_m3s"
2,348.358967415285,348.358967415285,10450.7,16.1129021537431,30,30,133725.604228322,193.014351452111,0.541889162666667,0.541889162666667
