"strata","dload.bi_kgd","dload.ub_kgd","tload_kglenS","degf","lenObs","lenStr","MSE_kglenS","Cl_kglenS","flowmu_m3s","flowav_m3s"
9,5689.61969701644,5689.61969701644,176378.3,3.51900892266541,31,31,40241628.0217636,9917.37239894845,10.024139587957,10.024139587957
