"strata","dload.bi_kgd","dload.ub_kgd","tload_kglenS","degf","lenObs","lenStr","MSE_kglenS","Cl_kglenS","flowmu_m3s","flowav_m3s"
7,2953.58470615418,2953.58470615418,91561.2,3.13622226478219,31,31,18177999.8832754,7476.92903897081,6.16612721985376,6.16612721985376
