"strata","dload.bi_kgd","dload.ub_kgd","tload_kglenS","degf","lenObs","lenStr","MSE_kglenS","Cl_kglenS","flowmu_m3s","flowav_m3s"
8,6285.77854211577,6279.78609302691,194673.5,3.92475210748252,30,31,52598478.3553867,10241.4321440894,12.3695698924731,11.5992311397849
