"strata","dload.bi_kgd","dload.ub_kgd","tload_kglenS","degf","lenObs","lenStr","MSE_kglenS","Cl_kglenS","flowmu_m3s","flowav_m3s"
1,67.95490582784,67.95490582784,2038.6,29,30,30,120993.710461162,132.106588373607,0.819211316622222,0.819211316622222
2,67.95490582784,67.95490582784,2038.6,7.96455032869079,30,30,65868.196370946,209.871711418317,0.819211316622222,0.819211316622222
3,67.95490582784,67.95490582784,2038.6,4.33118657877422,30,30,47179.4417490169,281.242867209722,0.819211316622222,0.819211316622222
4,67.95490582784,67.95490582784,2038.6,4.11915351048827,30,30,46368.4840246448,291.245140866424,0.819211316622222,0.819211316622222
5,67.95490582784,67.95490582784,2038.6,4.0715372379831,30,30,46098.3766622491,293.392817836677,0.819211316622222,0.819211316622222
6,67.95490582784,67.95490582784,2038.5,3.99696309891743,30,30,45672.8653360708,296.881611799242,0.819211316622222,0.819211316622222
7,67.95490582784,67.95490582784,2038.5,4.00024421422622,30,30,45691.6695448472,296.72483400069,0.819211316622222,0.819211316622222
8,67.95490582784,67.95490582784,2038.6,4.00387681316026,30,30,45712.6502162972,296.552175857216,0.819211316622222,0.819211316622222
9,67.95490582784,67.95490582784,2038.6,4.12297846369527,30,30,46706.6636732912,292.066583031802,0.819211316622222,0.819211316622222
