"strata","dload.bi_kgd","dload.ub_kgd","tload_kglenS","degf","lenObs","lenStr","MSE_kglenS","Cl_kglenS","flowmu_m3s","flowav_m3s"
5,3261.42360961498,3261.42360961498,91320,11.9046204938612,28,28,2301642.5572729,958.886365056088,6.89388542186667,6.89388542186667
