"strata","dload.bi_kgd","dload.ub_kgd","tload_kglenS","degf","lenObs","lenStr","MSE_kglenS","Cl_kglenS","flowmu_m3s","flowav_m3s"
1,4729.9460028362,4728.42955754433,146581.3,24,25,31,13213931.0216014,1531.43562351926,8.93418485092473,7.69877347178667
2,4663.40897594418,4661.05963502404,144492.8,9.2325099372467,25,31,8932264.39958707,2216.55732255255,8.93418485092473,8.58867675601434
3,4723.17933245467,4719.13158868586,146293.1,6.35913575887065,25,31,8405282.78616587,2775.09989447929,8.93418485092473,6.8695133347957
4,4723.17933245467,4719.13158868586,146293.1,5.88260722691289,25,31,8076952.77522702,2881.12154770909,8.93418485092473,6.8695133347957
5,4723.17933245467,4719.13158868586,146293.1,5.8744101587222,25,31,8072556.89181267,2883.34437380273,8.93418485092473,6.8695133347957
6,4723.17933245467,4719.13158868586,146293,5.85564472810802,25,31,8059613.8525591,2887.9440929561,8.93418485092473,6.8695133347957
7,4723.17933245467,4719.13158868586,146293,5.88189418995531,25,31,8084006.3069771,2882.64069748152,8.93418485092473,6.8695133347957
