"strata","dload.bi_kgd","dload.ub_kgd","tload_kglenS","degf","lenObs","lenStr","MSE_kglenS","Cl_kglenS","flowmu_m3s","flowav_m3s"
5,9317.46719844497,9317.46719844497,288841.6,12.8110151032403,31,31,57411571.788881,4580.23199238851,15.982254639828,15.982254639828
