"strata","dload.bi_kgd","dload.ub_kgd","tload_kglenS","degf","lenObs","lenStr","MSE_kglenS","Cl_kglenS","flowmu_m3s","flowav_m3s"
1,1019.85517695887,1019.9136496539,31617.3,28,29,31,1085746.0212403,403.367950920546,1.52101240122151,1.56082803738851
2,1019.25831964221,1019.5377529205,31605.7,25.0044267180122,29,31,1217483.71356962,454.453190415343,1.52101240122151,1.56707710109115
3,1018.7736434828,1019.30495807465,31598.5,22.0580628691296,29,31,1481015.46064331,537.294019249024,1.52101240122151,1.57620904607611
4,1018.41211285267,1019.22483006133,31596,19.0574378796366,29,31,1790865.83089688,641.482634127839,1.52101240122151,1.58853766251527
5,1018.17340419901,1019.31089435108,31598.7,16.0553386766068,29,31,2081495.41542788,763.084815416946,1.52101240122151,1.60432194923011
6,1021.68832739751,1021.68247689522,31672.1,3.0278847922164,29,31,2220800.70525566,2711.35537299884,1.52101240122151,1.51170662789391
7,1021.10619135396,1021.12859149722,31655,3.02269080655268,29,31,2218893.78081069,2715.12632607979,1.52101240122151,1.51801325627527
8,1021.19195297444,1021.27020527701,31659.4,3.02595243126484,29,31,2220093.26640624,2712.75738837664,1.52101240122151,1.51561820306237
9,1021.19195297444,1021.27020527701,31659.4,3.0311999172963,29,31,2222018.72895576,2708.95867227074,1.52101240122151,1.51561820306237
