"strata","dload.bi_kgd","dload.ub_kgd","tload_kglenS","degf","lenObs","lenStr","MSE_kglenS","Cl_kglenS","flowmu_m3s","flowav_m3s"
7,271.735734553864,271.735734553864,8423.8,2.14080482481073,31,31,170616.032529449,1141.23161800371,0.590889405935484,0.590889405935484
