"strata","dload.bi_kgd","dload.ub_kgd","tload_kglenS","degf","lenObs","lenStr","MSE_kglenS","Cl_kglenS","flowmu_m3s","flowav_m3s"
4,38.5605920009809,38.5411458739178,1156.2,7.2832175426885,24,30,621.043066981287,21.6644560684868,0.116100814981333,0.105616964759619
