"strata","dload.bi_kgd","dload.ub_kgd","tload_kglenS","degf","lenObs","lenStr","MSE_kglenS","Cl_kglenS","flowmu_m3s","flowav_m3s"
1,63.1683765094072,63.1683765094072,1895.1,29,30,30,12657.8483962011,42.7290290639234,0.226280303914667,0.226280303914667
2,63.1683765094072,63.1683765094072,1895,20.8825497833608,30,30,4696.72800283245,31.1987644498681,0.226280303914667,0.226280303914667
3,63.1683765094072,63.1683765094072,1895,21.5186361240617,30,30,1793.20971578252,18.9563158998784,0.226280303914667,0.226280303914667
4,63.1683765094072,63.1683765094072,1895.1,15.341622562188,30,30,1387.35979576642,20.2298363696733,0.226280303914667,0.226280303914667
5,63.1683765094072,63.1683765094072,1895.1,10.5387662766915,30,30,1020.26724719169,21.7722469527172,0.226280303914667,0.226280303914667
6,63.1683765094072,63.1683765094072,1895.1,8.47599350889323,30,30,923.1148428786,23.8321527071274,0.226280303914667,0.226280303914667
7,63.1683765094072,63.1683765094072,1895,7.5385565601833,30,30,865.871113010848,24.9797862064393,0.226280303914667,0.226280303914667
8,63.1683765094072,63.1683765094072,1895.1,7.24369386226278,30,30,848.122721959054,25.4130657966133,0.226280303914667,0.226280303914667
9,63.1683765094072,63.1683765094072,1895.1,6.80989991930846,30,30,993.285540528266,28.720473982418,0.226280303914667,0.226280303914667
