"strata","dload.bi_kgd","dload.ub_kgd","tload_kglenS","degf","lenObs","lenStr","MSE_kglenS","Cl_kglenS","flowmu_m3s","flowav_m3s"
1,1987.89004382609,1987.89004382609,55660.9,27,28,28,4528718.96551935,840.325007576056,4.55617986209524,4.55617986209524
2,1987.89004382609,1987.89004382609,55660.9,3.10102520979272,28,28,1697026.57272008,2311.45114435572,4.55617986209524,4.55617986209524
3,1987.89004382609,1987.89004382609,55660.9,3.02501764644052,28,28,1676071.69870844,2357.83727937433,4.55617986209524,4.55617986209524
4,1987.89004382609,1987.89004382609,55660.9,3.00979683094583,28,28,1671848.37616696,2367.50869493095,4.55617986209524,4.55617986209524
5,1987.89004382609,1987.89004382609,55660.9,3.00796250607241,28,28,1671338.81136046,2368.68323884176,4.55617986209524,4.55617986209524
6,1987.89004382609,1987.89004382609,55660.9,3.00754714170455,28,28,1671223.40877307,2368.94947419129,4.55617986209524,4.55617986209524
7,1987.89004382609,1987.89004382609,55660.9,3.00751223079138,28,28,1671213.70968118,2368.9718560126,4.55617986209524,4.55617986209524
8,1987.89004382609,1987.89004382609,55660.9,3.00751742364243,28,28,1671215.15247443,2368.968526831,4.55617986209524,4.55617986209524
