"strata","dload.bi_kgd","dload.ub_kgd","tload_kglenS","degf","lenObs","lenStr","MSE_kglenS","Cl_kglenS","flowmu_m3s","flowav_m3s"
1,1893.76514550131,1893.76514550131,56813,29,30,30,4954222.86136964,845.338889585939,2.28066653511111,2.28066653511111
2,1893.76514550131,1893.76514550131,56812.9,27.6342391149308,30,30,596482.279752091,301.127442744706,2.28066653511111,2.28066653511111
3,1893.76514550131,1893.76514550131,56813,22.5628364836839,30,30,509023.189449712,311.047265700184,2.28066653511111,2.28066653511111
4,1893.76514550131,1893.76514550131,56813,19.0786523349624,30,30,377928.644771897,294.49919616353,2.28066653511111,2.28066653511111
5,1893.76514550131,1893.76514550131,56813,10.7903156491262,30,30,240991.788635875,329.709781300188,2.28066653511111,2.28066653511111
6,1893.76514550131,1893.76514550131,56813,9.58855784149976,30,30,225898.320044759,343.996498036187,2.28066653511111,2.28066653511111
7,1893.76514550131,1893.76514550131,56812.9,9.35061857655411,30,30,223051.966986312,347.399228845422,2.28066653511111,2.28066653511111
8,1893.76514550131,1893.76514550131,56813,9.24670267476377,30,30,221978.343539637,349.076959364573,2.28066653511111,2.28066653511111
9,1893.76514550131,1893.76514550131,56813.1,3.31027507556058,30,30,251908.24331684,833.145830498618,2.28066653511111,2.28066653511111
