"strata","dload.bi_kgd","dload.ub_kgd","tload_kglenS","degf","lenObs","lenStr","MSE_kglenS","Cl_kglenS","flowmu_m3s","flowav_m3s"
1,17.1824995726068,17.1824995726068,532.7,30,31,31,74.4174111331107,3.21655018382504,0.0291577632877419,0.0291577632877419
2,17.1824995726068,17.1824995726068,532.6,28.9923316290903,31,31,25.3931636216806,1.91409681994031,0.0291577632877419,0.0291577632877419
3,17.1824995726068,17.1824995726068,532.6,27.1514019072997,31,31,12.4984056983728,1.39174401785973,0.0291577632877419,0.0291577632877419
4,17.1824995726068,17.1824995726068,532.7,21.8255969912319,31,31,8.44279171236845,1.29045656970603,0.0291577632877419,0.0291577632877419
5,17.1824995726068,17.1824995726068,532.7,17.4409477514107,31,31,7.20475371409336,1.3534222487071,0.0291577632877419,0.0291577632877419
6,17.1824995726068,17.1824995726068,532.7,16.8652736408427,31,31,7.07052640625064,1.366904023805,0.0291577632877419,0.0291577632877419
7,17.1824995726068,17.1824995726068,532.8,15.1232035571514,31,31,6.77961862956299,1.42609261303503,0.0291577632877419,0.0291577632877419
8,17.1824995726068,17.1824995726068,532.8,14.5880069112945,31,31,6.64539132172027,1.44213778063721,0.0291577632877419,0.0291577632877419
9,17.1824995726068,17.1824995726068,532.8,14.5019865760483,31,31,6.86268587981153,1.47064892447742,0.0291577632877419,0.0291577632877419
