"strata","dload.bi_kgd","dload.ub_kgd","tload_kglenS","degf","lenObs","lenStr","MSE_kglenS","Cl_kglenS","flowmu_m3s","flowav_m3s"
1,8150.25264114561,8150.25264114561,228207.1,27,28,28,47295765.7824502,2715.6308486221,13.8447236819429,13.8447236819429
2,8150.25264114561,8150.25264114561,228207.1,16.3535070590514,28,28,26779596.059587,2708.01218225455,13.8447236819429,13.8447236819429
3,8150.25264114561,8150.25264114561,228207,19.9394350199045,28,28,10729282.5060454,1530.45365945969,13.8447236819429,13.8447236819429
4,8150.25264114561,8150.25264114561,228206.9,13.1357141776183,28,28,7891448.82276069,1672.72088498258,13.8447236819429,13.8447236819429
5,8150.25264114561,8150.25264114561,228206.9,11.2810460952119,28,28,7165932.17499383,1748.88138011007,13.8447236819429,13.8447236819429
6,8150.25264114561,8150.25264114561,228207,10.4206652119384,28,28,6866275.79208943,1798.80453889721,13.8447236819429,13.8447236819429
7,8150.25264114561,8150.25264114561,228207,9.83735844753236,28,28,6665555.55925703,1838.21084402093,13.8447236819429,13.8447236819429
8,8150.25264114561,8150.25264114561,228207,7.93043352930654,28,28,7399206.48178065,2230.8362970089,13.8447236819429,13.8447236819429
