"strata","dload.bi_kgd","dload.ub_kgd","tload_kglenS","degf","lenObs","lenStr","MSE_kglenS","Cl_kglenS","flowmu_m3s","flowav_m3s"
1,76.5082355404552,76.5082355404552,2371.8,30,31,31,133984.979764474,136.48380144924,0.211549332129032,0.211549332129032
2,76.5082355404552,76.5082355404552,2371.8,27.0282160655352,31,31,14879.1484293564,48.1393939122988,0.211549332129032,0.211549332129032
3,76.5082355404552,76.5082355404552,2371.7,27.9492594064952,31,31,9635.6776646589,38.037133663318,0.211549332129032,0.211549332129032
4,76.5082355404552,76.5082355404552,2371.7,21.7907328568938,31,31,5273.05049307338,32.278927418824,0.211549332129032,0.211549332129032
5,76.5082355404552,76.5082355404552,2371.7,17.8230516158919,31,31,4334.28100153887,32.7858610397872,0.211549332129032,0.211549332129032
6,76.5082355404552,76.5082355404552,2371.9,14.8929131067076,31,31,3432.07833007112,32.3769460884655,0.211549332129032,0.211549332129032
7,76.5082355404552,76.5082355404552,2371.8,14.6415744072496,31,31,3395.58477138291,32.5285928380648,0.211549332129032,0.211549332129032
8,76.5082355404552,76.5082355404552,2371.9,14.293395573179,31,31,3376.58162204898,32.9017783813965,0.211549332129032,0.211549332129032
9,76.5082355404552,76.5082355404552,2371.8,11.6235803142486,31,31,3401.23344490918,37.405060973084,0.211549332129032,0.211549332129032
