"strata","dload.bi_kgd","dload.ub_kgd","tload_kglenS","degf","lenObs","lenStr","MSE_kglenS","Cl_kglenS","flowmu_m3s","flowav_m3s"
1,2234.92664847002,2234.52266558551,69270.2,29,30,31,20015311.5042893,1699.12079959444,3.62388967466667,3.73847517902222
2,2235.1852275037,2235.06754895063,69287.1,27.7355928907516,30,31,18588711.0964269,1677.67854934298,3.62388967466667,3.68026856399669
3,2233.5091469633,2234.33239476413,69264.4,11.5680832400627,30,31,9676769.57548717,2001.04075107376,3.62388967466667,3.64122518917849
4,2232.12210510764,2232.12532274472,69196,7.9905288476418,30,31,7961654.10858756,2302.30884612164,3.62388967466667,3.62279031654902
5,2232.12210510764,2232.12532274472,69196,4.37406661578113,30,31,6464510.14961647,3264.46634908364,3.62388967466667,3.62279031654902
6,2232.72757341245,2232.73007205764,69214.8,4.37058682369548,30,31,6461938.02350212,3266.03501763579,3.62388967466667,3.62424287346237
7,2232.72757341245,2232.73007205764,69214.8,4.37042618708052,30,31,6461819.27066602,3266.1075035743,3.62388967466667,3.62424287346237
8,2232.72757341245,2232.73007205764,69214.8,4.37040789223386,30,31,6461805.74585386,3266.11575937476,3.62388967466667,3.62424287346237
9,2232.72757341245,2232.73007205764,69214.9,4.37038742963551,30,31,6461790.61847254,3266.12499350181,3.62388967466667,3.62424287346237
