"strata","dload.bi_kgd","dload.ub_kgd","tload_kglenS","degf","lenObs","lenStr","MSE_kglenS","Cl_kglenS","flowmu_m3s","flowav_m3s"
1,3261.42360961498,3261.42360961498,91319.9,27,28,28,6394687.60560297,998.54874270583,6.89388542186667,6.89388542186667
2,3261.42360961498,3261.42360961498,91319.8,24.7754988152289,28,28,5815642.99229999,998.291046716845,6.89388542186667,6.89388542186667
3,3261.42360961498,3261.42360961498,91319.8,18.337053548653,28,28,4097931.56433662,991.872021910039,6.89388542186667,6.89388542186667
4,3261.42360961498,3261.42360961498,91319.9,14.6884498060461,28,28,2353514.56818567,854.768405666206,6.89388542186667,6.89388542186667
5,3261.42360961498,3261.42360961498,91320,11.9046204938612,28,28,2301642.5572729,958.886365056088,6.89388542186667,6.89388542186667
6,3261.42360961498,3261.42360961498,91320,12.2579402064365,28,28,2354784.52624009,952.739505676424,6.89388542186667,6.89388542186667
7,3261.42360961498,3261.42360961498,91320,4.69797968206114,28,28,2364072.0075704,1859.3319241872,6.89388542186667,6.89388542186667
8,3261.42360961498,3261.42360961498,91320,4.83790308118457,28,28,2402824.79375469,1830.01665395855,6.89388542186667,6.89388542186667
