"strata","dload.bi_kgd","dload.ub_kgd","tload_kglenS","degf","lenObs","lenStr","MSE_kglenS","Cl_kglenS","flowmu_m3s","flowav_m3s"
1,33.4919845180993,33.4946649419537,1038.3,26,27,31,534.758438194928,9.32214492047518,0.0637967151621505,0.0633189517669136
2,33.0802637489139,33.0772972823101,1025.4,24.988083725039,27,31,146.867492238055,4.9931750411644,0.0637967151621505,0.0622082253271889
3,33.5413508183059,33.5388465306028,1039.7,22.2037791813985,27,31,117.329587422041,4.76476464643951,0.0637967151621505,0.0637938608635085
4,33.5163123438659,33.5317287901989,1039.5,14.756923043013,27,31,107.140629306447,5.75145463226379,0.0637967151621505,0.0653051340003308
5,33.1104062698541,33.1127306212693,1026.5,18.730298273535,27,31,92.7012855200423,4.66088285082705,0.0637967151621505,0.0618784993535484
6,33.1104062698541,33.1127306212693,1026.5,15.2272001114331,27,31,79.1986319405239,4.85467093693,0.0637967151621505,0.0618784993535484
7,33.5730226349569,33.593599511395,1041.4,8.6035709210796,27,31,73.2846370695744,6.64888324076304,0.0637967151621505,0.0652324073703226
8,33.5730226349569,33.593599511395,1041.4,7.32542697270031,27,31,67.7301679256034,7.1258824570958,0.0637967151621505,0.0652324073703226
