"strata","dload.bi_kgd","dload.ub_kgd","tload_kglenS","degf","lenObs","lenStr","MSE_kglenS","Cl_kglenS","flowmu_m3s","flowav_m3s"
7,2274.56253587636,2273.39986168658,68202,5.03066521402207,23,30,563814.85241311,858.996134484472,2.8285226768,3.45026521546667
