"strata","dload.bi_kgd","dload.ub_kgd","tload_kglenS","degf","lenObs","lenStr","MSE_kglenS","Cl_kglenS","flowmu_m3s","flowav_m3s"
1,2442.65976854962,2442.65976854962,75722.5,30,31,31,18781035.0314174,1615.89379833793,5.82793236989247,5.82793236989247
2,2442.65976854962,2442.65976854962,75722.4,22.2990089820992,31,31,7629025.39936946,1212.09426483916,5.82793236989247,5.82793236989247
3,2442.65976854962,2442.65976854962,75722.5,18.6480420824674,31,31,6435664.36366001,1231.14550415701,5.82793236989247,5.82793236989247
4,2442.65976854962,2442.65976854962,75722.5,19.1528936415247,31,31,5471301.83756754,1118.06683585977,5.82793236989247,5.82793236989247
5,2442.65976854962,2442.65976854962,75722.5,4.55579450340526,31,31,4973169.51403281,2766.46146673014,5.82793236989247,5.82793236989247
6,2442.65976854962,2442.65976854962,75722.5,4.26339362719169,31,31,4809103.94007394,2878.31142437306,5.82793236989247,5.82793236989247
7,2442.65976854962,2442.65976854962,75722.5,4.26273361957587,31,31,4808731.82017074,2878.58541911524,5.82793236989247,5.82793236989247
8,2442.65976854962,2442.65976854962,75722.5,4.26761393068476,31,31,4811497.46372431,2876.5661647312,5.82793236989247,5.82793236989247
9,2442.65976854962,2442.65976854962,75722.5,4.30507570515666,31,31,4832797.88325789,2861.2805585318,5.82793236989247,5.82793236989247
