"strata","dload.bi_kgd","dload.ub_kgd","tload_kglenS","degf","lenObs","lenStr","MSE_kglenS","Cl_kglenS","flowmu_m3s","flowav_m3s"
1,48.1715463316645,48.1715463316645,1493.3,30,31,31,1023.24639579757,11.927328058359,0.228458724473118,0.228458724473118
2,48.1715463316645,48.1715463316645,1493.4,28.9999981308896,31,31,676.865516848084,9.8808496141168,0.228458724473118,0.228458724473118
3,48.1715463316645,48.1715463316645,1493.4,21.9605150867283,31,31,440.312079925005,9.28723610580127,0.228458724473118,0.228458724473118
4,48.1715463316645,48.1715463316645,1493.3,14.4672747537174,31,31,402.293330693976,11.2758132168107,0.228458724473118,0.228458724473118
5,48.1715463316645,48.1715463316645,1493.4,11.9457046752091,31,31,345.213328387131,11.7186285666822,0.228458724473118,0.228458724473118
6,48.1715463316645,48.1715463316645,1493.4,10.6509808298903,31,31,322.908710085279,12.1674995383355,0.228458724473118,0.228458724473118
7,48.1715463316645,48.1715463316645,1493.3,10.2892313896465,31,31,317.242637632322,12.32520951186,0.228458724473118,0.228458724473118
8,48.1715463316645,48.1715463316645,1493.3,10.1872800509561,31,31,316.497722421165,12.3884592252309,0.228458724473118,0.228458724473118
9,48.1715463316645,48.1715463316645,1493.2,10.9946817029071,31,31,367.919045629331,12.7329064986497,0.228458724473118,0.228458724473118
