"strata","dload.bi_kgd","dload.ub_kgd","tload_kglenS","degf","lenObs","lenStr","MSE_kglenS","Cl_kglenS","flowmu_m3s","flowav_m3s"
1,2414.75472181502,2414.75472181502,72442.6,29,30,30,51138305.0775758,2715.91544192216,4.85494682311111,4.85494682311111
2,2414.75472181502,2414.75472181502,72442.7,20.7440616514817,30,30,30167331.246295,2509.75092350844,4.85494682311111,4.85494682311111
3,2414.75472181502,2414.75472181502,72442.7,25.6799190949231,30,30,8795957.04703938,1203.73795614622,4.85494682311111,4.85494682311111
4,2414.75472181502,2414.75472181502,72442.7,17.4168205351398,30,30,6117493.89003122,1248.11819295106,4.85494682311111,4.85494682311111
5,2414.75472181502,2414.75472181502,72442.6,4.60046408986436,30,30,5056744.46090607,2766.9893674634,4.85494682311111,4.85494682311111
6,2414.75472181502,2414.75472181502,72442.6,3.3421068017949,30,30,4218656.88383335,3377.11611335974,4.85494682311111,4.85494682311111
7,2414.75472181502,2414.75472181502,72442.6,3.10316877725015,30,30,4063065.95129227,3574.00036775093,4.85494682311111,4.85494682311111
8,2414.75472181502,2414.75472181502,72442.7,3.08287535690266,30,30,4049695.38391489,3592.64298421981,4.85494682311111,4.85494682311111
9,2414.75472181502,2414.75472181502,72442.7,3.08171403704498,30,30,4049192.28067731,3593.83662407152,4.85494682311111,4.85494682311111
