"strata","dload.bi_kgd","dload.ub_kgd","tload_kglenS","degf","lenObs","lenStr","MSE_kglenS","Cl_kglenS","flowmu_m3s","flowav_m3s"
9,410.418038105344,410.418038105344,12312.6,3.23790620744379,30,30,1012158.84797631,1707.59537620742,0.883175821511111,0.883175821511111
