"strata","dload.bi_kgd","dload.ub_kgd","tload_kglenS","degf","lenObs","lenStr","MSE_kglenS","Cl_kglenS","flowmu_m3s","flowav_m3s"
5,131.884887864749,131.884887864749,4088.4,13.6544433409169,31,31,118027.66318923,199.880840769975,0.463265892817204,0.463265892817204
