"strata","dload.bi_kgd","dload.ub_kgd","tload_kglenS","degf","lenObs","lenStr","MSE_kglenS","Cl_kglenS","flowmu_m3s","flowav_m3s"
5,20.2706851202029,20.2691233842022,608.1,13.3803939765674,29,30,3192.76798609753,33.2754201315269,0.108137139733333,0.109213178133333
