"strata","dload.bi_kgd","dload.ub_kgd","tload_kglenS","degf","lenObs","lenStr","MSE_kglenS","Cl_kglenS","flowmu_m3s","flowav_m3s"
1,4433.91016940802,4433.91016940802,137451.2,30,31,31,9009499.01024406,1119.18884723438,7.49711821226667,7.49711821226667
2,4433.91016940802,4433.91016940802,137451.2,20.4089550825003,31,31,9361799.3886162,1410.97202682622,7.49711821226667,7.49711821226667
3,4433.91016940802,4433.91016940802,137451.2,15.4842027487148,31,31,7020960.47084467,1431.3552542013,7.49711821226667,7.49711821226667
4,4433.91016940802,4433.91016940802,137451.2,12.533912119955,31,31,6237407.37021769,1529.78669371105,7.49711821226667,7.49711821226667
5,4433.91016940802,4433.91016940802,137451.1,11.5122404925737,31,31,6009749.77027459,1581.65938968987,7.49711821226667,7.49711821226667
6,4433.91016940802,4433.91016940802,137451.1,10.8361920429057,31,31,5823135.94799189,1616.43714648433,7.49711821226667,7.49711821226667
7,4433.91016940802,4433.91016940802,137451.2,10.634658381499,31,31,5770080.15580313,1628.05729141384,7.49711821226667,7.49711821226667
8,4433.91016940802,4433.91016940802,137451.3,10.5552022300919,31,31,5827884.15644189,1643.90551873343,7.49711821226667,7.49711821226667
9,4433.91016940802,4433.91016940802,137451.3,8.65051468032503,31,31,6374192.03292905,1953.86900742008,7.49711821226667,7.49711821226667
