"strata","dload.bi_kgd","dload.ub_kgd","tload_kglenS","degf","lenObs","lenStr","MSE_kglenS","Cl_kglenS","flowmu_m3s","flowav_m3s"
1,5962.58057836129,5961.66013000114,184811.5,29,30,31,56730253.5767303,2860.55591908818,11.5759087099478,11.7373954040889
2,5985.59832808478,5984.19349739894,185510,25.3124133371815,30,31,34264829.9048966,2394.72541790237,11.5759087099478,11.7504854792258
3,5980.73416338373,5978.0615528851,185320,4.82720499201744,30,31,18125872.4997863,5035.3005207319,11.5759087099478,11.9072283191644
4,5992.78785159839,5992.55229502203,185769.2,2.87270949749352,30,31,13385323.0443677,7045.02496947072,11.5759087099478,11.5915155729892
5,5992.78785159839,5992.55229502203,185769.2,2.75715944017404,30,31,13112834.5124304,7299.26343011353,11.5759087099478,11.5915155729892
6,5992.78785159839,5992.55229502203,185769.1,2.75148172629018,30,31,13099324.2968568,7312.533931421,11.5759087099478,11.5915155729892
7,5992.78785159839,5992.55229502203,185769.1,2.75099324343494,30,31,13098161.398797,7313.67927924943,11.5759087099478,11.5915155729892
8,5992.78785159839,5992.55229502203,185769.1,2.75106541466724,30,31,13098333.2160462,7313.51002246632,11.5759087099478,11.5915155729892
9,5992.78785159839,5992.55229502203,185769.3,2.75155241822064,30,31,13099492.633278,7312.36824191401,11.5759087099478,11.5915155729892
