"strata","dload.bi_kgd","dload.ub_kgd","tload_kglenS","degf","lenObs","lenStr","MSE_kglenS","Cl_kglenS","flowmu_m3s","flowav_m3s"
6,4658.12367893616,4658.12367893616,130427.5,10.7738718872993,28,28,2598158.60513993,1083.62076574447,7.05299061041905,7.05299061041905
