"strata","dload.bi_kgd","dload.ub_kgd","tload_kglenS","degf","lenObs","lenStr","MSE_kglenS","Cl_kglenS","flowmu_m3s","flowav_m3s"
8,7048.20080694786,7048.20080694786,218494.3,5.48902117052433,31,31,18631113.7900998,4611.77406591323,17.058278881428,17.058278881428
