"strata","dload.bi_kgd","dload.ub_kgd","tload_kglenS","degf","lenObs","lenStr","MSE_kglenS","Cl_kglenS","flowmu_m3s","flowav_m3s"
6,2600.52785906847,2600.52785906847,80616.4,15.1098825920664,31,31,3169218.86489183,975.54122101241,5.09395634666667,5.09395634666667
