"strata","dload.bi_kgd","dload.ub_kgd","tload_kglenS","degf","lenObs","lenStr","MSE_kglenS","Cl_kglenS","flowmu_m3s","flowav_m3s"
1,449.401960801566,449.401960801566,13482.1,29,30,30,277335.403698617,200.00724898612,0.524538609802667,0.524538609802667
2,449.401960801566,449.401960801566,13482.1,26.1605282903244,30,30,67208.8762861464,104.1559484116,0.524538609802667,0.524538609802667
3,449.401960801566,449.401960801566,13482,17.4527023060332,30,30,42920.2137082145,104.420723554683,0.524538609802667,0.524538609802667
4,449.401960801566,449.401960801566,13482.1,8.97849473619583,30,30,24363.0680652162,117.881481850095,0.524538609802667,0.524538609802667
5,449.401960801566,449.401960801566,13482.1,6.80127599681181,30,30,20963.2865005668,132.061016451841,0.524538609802667,0.524538609802667
6,449.401960801566,449.401960801566,13482.1,5.81531487906061,30,30,19268.234027449,141.940078675844,0.524538609802667,0.524538609802667
7,449.401960801566,449.401960801566,13482.1,5.7075714734499,30,30,19087.1054648858,143.278144912526,0.524538609802667,0.524538609802667
8,449.401960801566,449.401960801566,13482.1,5.80222958285283,30,30,19271.699612577,142.193448416476,0.524538609802667,0.524538609802667
9,449.401960801566,449.401960801566,13482,4.65672362046813,30,30,24029.7374733194,188.827314075492,0.524538609802667,0.524538609802667
