"strata","dload.bi_kgd","dload.ub_kgd","tload_kglenS","degf","lenObs","lenStr","MSE_kglenS","Cl_kglenS","flowmu_m3s","flowav_m3s"
1,430.704682939648,430.704682939648,12921.1,29,30,30,5941609.36242335,925.752997938121,0.888636244444444,0.888636244444444
2,430.704682939648,430.704682939648,12921.1,16.0661569466403,30,30,456937.231414625,357.390833586207,0.888636244444444,0.888636244444444
3,430.704682939648,430.704682939648,12921.1,16.015583576994,30,30,456216.268841007,357.763571631664,0.888636244444444,0.888636244444444
4,430.704682939648,430.704682939648,12921.1,16.0086436093499,30,30,456117.363575243,357.814913495237,0.888636244444444,0.888636244444444
5,430.704682939648,430.704682939648,12921.1,16.0117690956996,30,30,456161.931089496,357.791795335441,0.888636244444444,0.888636244444444
6,430.704682939648,430.704682939648,12921.1,12.0080901689277,30,30,558293.115886578,469.766063433237,0.888636244444444,0.888636244444444
7,430.704682939648,430.704682939648,12921.1,9.00791234430278,30,30,661838.788069535,613.096249302587,0.888636244444444,0.888636244444444
8,430.704682939648,430.704682939648,12921.1,2.00972263571257,30,30,716599.165411551,2557.37568065811,0.888636244444444,0.888636244444444
9,430.704682939648,430.704682939648,12921.1,2.0099726054306,30,30,716643.732925804,2556.99336358219,0.888636244444444,0.888636244444444
