"strata","dload.bi_kgd","dload.ub_kgd","tload_kglenS","degf","lenObs","lenStr","MSE_kglenS","Cl_kglenS","flowmu_m3s","flowav_m3s"
4,3060.0832765157,3060.48176755313,94875,2.59627913918669,22,31,14577257.0393592,8249.69480558182,5.66839399628387,5.42253695794409
