"strata","dload.bi_kgd","dload.ub_kgd","tload_kglenS","degf","lenObs","lenStr","MSE_kglenS","Cl_kglenS","flowmu_m3s","flowav_m3s"
1,3858.56078443525,3856.09458171607,119538.9,23,24,31,18225502.0519441,1841.46914985895,4.8499316032,4.86619488533333
2,3914.68067060558,3913.62841715062,121322.5,12.0345117549777,24,31,11100851.3124978,2091.92310367865,4.8499316032,4.89733636012452
3,3924.1366513265,3923.88811478942,121640.6,4.90718646484182,24,31,6097092.24776899,2881.7199280629,4.8499316032,4.58864465057971
4,3858.51942759491,3849.33731720155,119329.3,5.66409246601558,24,31,5521628.31994068,2451.10275927201,4.8499316032,5.57474531473548
5,3865.86354510946,3861.10530028065,119694.2,4.06139803287252,24,31,5248247.03596033,3137.42758462998,4.8499316032,5.13122155994839
6,3865.86354510946,3861.10530028065,119694.2,4.05869018870352,24,31,5246496.89354716,3138.76116192315,4.8499316032,5.13122155994839
7,3865.86354510946,3861.10530028065,119694.2,4.05889484002519,24,31,5246629.20981502,3138.66030723413,4.8499316032,5.13122155994839
