"strata","dload.bi_kgd","dload.ub_kgd","tload_kglenS","degf","lenObs","lenStr","MSE_kglenS","Cl_kglenS","flowmu_m3s","flowav_m3s"
8,6509.72216518346,6509.72216518346,195291.6,2.60722941294103,30,30,18106781.8938249,9148.81518174184,10.6661551285333,10.6661551285333
