"strata","dload.bi_kgd","dload.ub_kgd","tload_kglenS","degf","lenObs","lenStr","MSE_kglenS","Cl_kglenS","flowmu_m3s","flowav_m3s"
1,3253.90033675176,3253.90033675176,100870.9,30,31,31,10707303.2440433,1220.09347372438,6.49500462468817,6.49500462468817
2,3253.90033675177,3253.90033675177,100870.9,21.032690858502,31,31,9647900.11814737,1408.34994142809,6.49500462468817,6.49500462468817
3,3253.90033675176,3253.90033675176,100870.9,13.9190996811537,31,31,8056552.8222504,1632.63847998363,6.49500462468817,6.49500462468817
4,3253.90033675176,3253.90033675176,100870.9,15.4826538894266,31,31,6575825.29758834,1385.31866288477,6.49500462468817,6.49500462468817
5,3253.90033675177,3253.90033675177,100870.9,10.0459595781997,31,31,2590687.0486439,1130.79730701665,6.49500462468817,6.49500462468817
6,3253.90033675176,3253.90033675176,100871,8.23024809003968,31,31,2280267.08670164,1207.91281788055,6.49500462468817,6.49500462468817
7,3253.90033675176,3253.90033675176,100871.1,7.53663858202799,31,31,2186169.0941107,1255.39329063982,6.49500462468817,6.49500462468817
8,3253.90033675176,3253.90033675176,100871,7.53322974955335,31,31,2185674.46596137,1255.64107612481,6.49500462468817,6.49500462468817
9,3253.90033675176,3253.90033675176,100870.9,5.19176287830146,31,31,2382850.51071844,1722.32525287883,6.49500462468817,6.49500462468817
