"strata","dload.bi_kgd","dload.ub_kgd","tload_kglenS","degf","lenObs","lenStr","MSE_kglenS","Cl_kglenS","flowmu_m3s","flowav_m3s"
8,6712.75735956335,6712.75735956335,187957.1,7.13211454291016,28,28,16615873.0924064,3595.72108439386,11.3633312626667,11.3633312626667
