"strata","dload.bi_kgd","dload.ub_kgd","tload_kglenS","degf","lenObs","lenStr","MSE_kglenS","Cl_kglenS","flowmu_m3s","flowav_m3s"
7,705.195859615577,706.34948178885,21896.8,3.12427312767542,30,31,166711.753601776,718.870623507763,0.860964691956989,0.889152087225806
