"strata","dload.bi_kgd","dload.ub_kgd","tload_kglenS","degf","lenObs","lenStr","MSE_kglenS","Cl_kglenS","flowmu_m3s","flowav_m3s"
8,2421.16744202392,2421.16744202392,75056.2,3.15496913452236,31,31,9717695.22755652,5433.24305095566,4.86962182709677,4.86962182709677
