"strata","dload.bi_kgd","dload.ub_kgd","tload_kglenS","degf","lenObs","lenStr","MSE_kglenS","Cl_kglenS","flowmu_m3s","flowav_m3s"
1,6239.47164520247,6238.41870856837,193391,29,30,31,121167255.210569,4180.57206755668,12.3695698924731,11.59289792
2,6276.30892957195,6275.61362726565,194544,6.11808519710337,30,31,65836034.5962428,7989.3940154935,12.3695698924731,11.5303889938792
3,6259.0395625581,6258.52949307462,194014.4,4.77075319363802,30,31,57740415.238816,9073.70184216027,12.3695698924731,11.5469762769073
4,6305.38520023408,6304.64106912815,195443.9,4.71887378914447,30,31,57718661.7841982,9153.72842979072,12.3695698924731,11.3428396204934
5,6313.77268474555,6312.65679788872,195692.4,4.30643442040186,30,31,54783194.470612,9630.9005947534,12.3695698924731,11.3530333102796
6,6285.77854211577,6279.78609302691,194673.4,3.95255112883111,30,31,52784594.6149403,10194.4291835099,12.3695698924731,11.5992311397849
7,6285.77854211577,6279.78609302691,194673.4,3.92971091565869,30,31,52631705.3224968,10232.9868809478,12.3695698924731,11.5992311397849
8,6285.77854211577,6279.78609302691,194673.5,3.92475210748252,30,31,52598478.3553867,10241.4321440894,12.3695698924731,11.5992311397849
9,6285.77854211577,6279.78609302691,194673.4,3.92921877940508,30,31,52628434.6750542,10233.8264092768,12.3695698924731,11.5992311397849
