"strata","dload.bi_kgd","dload.ub_kgd","tload_kglenS","degf","lenObs","lenStr","MSE_kglenS","Cl_kglenS","flowmu_m3s","flowav_m3s"
9,5909.96381149831,5909.96381149831,183208.9,2.3022617772832,31,31,30492443.1263559,13844.5867452757,13.1195080654108,13.1195080654108
