"strata","dload.bi_kgd","dload.ub_kgd","tload_kglenS","degf","lenObs","lenStr","MSE_kglenS","Cl_kglenS","flowmu_m3s","flowav_m3s"
1,447.117774304137,447.442590468176,13870.7,28,29,31,1652888.21463167,497.690106098045,0.718853938580645,0.70326237462069
2,457.466213275326,457.672787043488,14187.8,17.3682827367112,29,31,185147.023505654,217.482047847406,0.718853938580645,0.727774784555831
3,453.154887975549,453.196185912494,14049,24.8236440962867,29,31,72976.8669791184,111.708504261244,0.718853938580645,0.707531785806452
4,453.964210092478,453.974450571643,14073.2,19.9377955705278,29,31,44267.6594067521,98.3101311307122,0.718853938580645,0.709638581824885
5,452.843543184042,452.861550277473,14038.7,18.2043769920758,29,31,34153.568647222,90.9265480725405,0.718853938580645,0.709021614864516
6,452.843543184042,452.861550277473,14038.7,12.2181128727991,29,31,25509.4524625169,99.3594708330236,0.718853938580645,0.709021614864516
7,452.843543184042,452.861550277473,14038.7,10.7358594690457,29,31,23702.3254129121,103.72882188274,0.718853938580645,0.709021614864516
8,452.843543184042,452.861550277473,14038.7,11.2714776784685,29,31,24406.5606469382,102.118707866092,0.718853938580645,0.709021614864516
9,452.891597245602,452.935716366832,14040.9,8.61991920944741,29,31,31345.6164555241,137.336623213427,0.718853938580645,0.715766493935484
