"strata","dload.bi_kgd","dload.ub_kgd","tload_kglenS","degf","lenObs","lenStr","MSE_kglenS","Cl_kglenS","flowmu_m3s","flowav_m3s"
8,30.284851942615,30.284851942615,908.3,3.02692113851406,30,30,11570.6684537905,195.775030008781,0.116122791964444,0.116122791964444
