"strata","dload.bi_kgd","dload.ub_kgd","tload_kglenS","degf","lenObs","lenStr","MSE_kglenS","Cl_kglenS","flowmu_m3s","flowav_m3s"
1,4815.00248217475,4816.48128745307,149310.9,12,13,31,34864540.8766746,3713.82363779336,8.55624082580645,11.9174520123077
2,5043.95896346209,5055.20926707159,156711.5,9.12956080612003,13,31,30032323.5047632,4094.05434296434,8.55624082580645,11.6043565820789
3,4857.26762124674,4871.40664826774,151013.6,9.20398868126446,13,31,23652053.6842932,3614.13088280036,8.55624082580645,8.69448161651613
4,4749.67511938235,4757.29140390528,147476.1,6.0647952914494,13,31,24903115.3766791,4945.53617755723,8.55624082580645,8.83338008774193
