"strata","dload.bi_kgd","dload.ub_kgd","tload_kglenS","degf","lenObs","lenStr","MSE_kglenS","Cl_kglenS","flowmu_m3s","flowav_m3s"
8,286.362608612473,286.36746505296,8877.4,6.99575639427407,30,31,65090.7247481443,228.117057397564,0.764040548301075,0.77004736368172
