"strata","dload.bi_kgd","dload.ub_kgd","tload_kglenS","degf","lenObs","lenStr","MSE_kglenS","Cl_kglenS","flowmu_m3s","flowav_m3s"
1,7057.84283078237,7007.83233236013,217242.8,2,3,31,71114578.5726584,25656.6894684456,8.49792177215401,13.7537843911111
