"strata","dload.bi_kgd","dload.ub_kgd","tload_kglenS","degf","lenObs","lenStr","MSE_kglenS","Cl_kglenS","flowmu_m3s","flowav_m3s"
8,1068.49047783373,1068.49047783373,33123.2,7.41519162278883,31,31,199116.351713249,383.129468225878,1.37013957737634,1.37013957737634
