"strata","dload.bi_kgd","dload.ub_kgd","tload_kglenS","degf","lenObs","lenStr","MSE_kglenS","Cl_kglenS","flowmu_m3s","flowav_m3s"
1,1310.63675329434,1310.63675329434,40629.7,30,31,31,7915863.6747134,1049.06453630772,2.77434761445161,2.77434761445161
2,1310.63675329434,1310.63675329434,40629.7,27.5189401132772,31,31,2228808.55155704,583.416843418309,2.77434761445161,2.77434761445161
3,1310.63675329434,1310.63675329434,40629.8,23.9978689145784,31,31,2139304.6424363,616.226495883579,2.77434761445161,2.77434761445161
4,1310.63675329434,1310.63675329434,40629.7,20.9767659276408,31,31,1751662.34691779,600.990935733448,2.77434761445161,2.77434761445161
5,1310.63675329434,1310.63675329434,40629.7,16.9783394251624,31,31,1609247.29372876,649.606692822794,2.77434761445161,2.77434761445161
6,1310.63675329434,1310.63675329434,40629.8,7.18007060166037,31,31,1567128.35873625,1099.12288678194,2.77434761445161,2.77434761445161
7,1310.63675329434,1310.63675329434,40629.8,6.03517042035809,31,31,1430851.29896521,1189.75521689764,2.77434761445161,2.77434761445161
8,1310.63675329434,1310.63675329434,40629.8,6.00050006483171,31,31,1427077.87164926,1193.27259000046,2.77434761445161,2.77434761445161
9,1310.63675329434,1310.63675329434,40629.8,6.09384750551508,31,31,1439422.14368168,1184.80666598044,2.77434761445161,2.77434761445161
