"strata","dload.bi_kgd","dload.ub_kgd","tload_kglenS","degf","lenObs","lenStr","MSE_kglenS","Cl_kglenS","flowmu_m3s","flowav_m3s"
8,1825.76330667864,1824.91132616953,52922.4,9.32480547258538,27,29,1722246.94924405,967.051135048913,3.81013740527816,3.8245465066023
