"strata","dload.bi_kgd","dload.ub_kgd","tload_kglenS","degf","lenObs","lenStr","MSE_kglenS","Cl_kglenS","flowmu_m3s","flowav_m3s"
1,7400.51952210003,7399.87576389974,207196.5,26,27,28,78360388.528626,3568.49684673401,14.7756101651429,15.0631794423704
2,7398.08560729214,7397.44078006907,207128.4,22.6174373671879,27,28,71043516.8898641,3669.74416863682,14.7756101651429,15.107185456265
3,7402.46901837847,7401.50709367486,207242.2,19.5426938002618,27,28,53523669.1045994,3457.31818739804,14.7756101651429,15.1172796064444
4,7399.67222478021,7398.70890076452,207163.8,14.5223461735385,27,28,48747255.5768643,3916.31307678211,14.7756101651429,15.25293041137
5,7406.78129110612,7405.45169878139,207352.6,14.1290570749662,27,28,36746325.9407377,3455.91021617893,14.7756101651429,15.2061544677143
6,7400.56203549963,7397.78409481323,207137.9,10.6742484559337,27,28,32209231.6103826,3837.58605237657,14.7756101651429,15.2374422843492
7,7423.71833581745,7416.97381995706,207675.2,8.32766582816784,27,28,33069567.5805605,4564.00472265336,14.7756101651429,14.9686110689524
8,7423.71833581745,7416.97381995706,207675.2,9.02682116757291,27,28,35921356.3101121,4510.60761700815,14.7756101651429,14.9686110689524
