"strata","dload.bi_kgd","dload.ub_kgd","tload_kglenS","degf","lenObs","lenStr","MSE_kglenS","Cl_kglenS","flowmu_m3s","flowav_m3s"
8,80.5136291935035,80.5136291935035,2496,4.52412906384085,31,31,753.603501784777,34.2544844568767,0.113327807086452,0.113327807086452
