"strata","dload.bi_kgd","dload.ub_kgd","tload_kglenS","degf","lenObs","lenStr","MSE_kglenS","Cl_kglenS","flowmu_m3s","flowav_m3s"
1,13118.3858870566,13118.3858870566,406670,30,31,31,231051501.331672,5667.70777657897,29.5075199175914,29.5075199175914
2,13118.3858870566,13118.3858870566,406670,28.4600227532575,31,31,201360215.667591,5444.64216475806,29.5075199175914,29.5075199175914
3,13118.3858870566,13118.3858870566,406669.9,23.6840133549716,31,31,158125157.438296,5336.64001353933,29.5075199175914,29.5075199175914
4,13118.3858870566,13118.3858870566,406669.9,22.2529834904454,31,31,138551323.248322,5171.38905080636,29.5075199175914,29.5075199175914
5,13118.3858870566,13118.3858870566,406669.9,16.733083587697,31,31,104360404.372128,5275.36336742546,29.5075199175914,29.5075199175914
6,13118.3858870566,13118.3858870566,406670,12.4629881481984,31,31,88067112.4738875,5768.05514416752,29.5075199175914,29.5075199175914
7,13118.3858870566,13118.3858870566,406670,11.9654152734186,31,31,86363325.1568926,5855.44565114748,29.5075199175914,29.5075199175914
8,13118.3858870566,13118.3858870566,406670,8.96749668242308,31,31,81313345.9289335,6815.66260370278,29.5075199175914,29.5075199175914
9,13118.3858870566,13118.3858870566,406670,8.97385373240961,31,31,81345555.3763524,6813.85857079014,29.5075199175914,29.5075199175914
