"strata","dload.bi_kgd","dload.ub_kgd","tload_kglenS","degf","lenObs","lenStr","MSE_kglenS","Cl_kglenS","flowmu_m3s","flowav_m3s"
9,2414.75472181502,2414.75472181502,72442.7,3.08171403704498,30,30,4049192.28067731,3593.83662407152,4.85494682311111,4.85494682311111
