"strata","dload.bi_kgd","dload.ub_kgd","tload_kglenS","degf","lenObs","lenStr","MSE_kglenS","Cl_kglenS","flowmu_m3s","flowav_m3s"
6,1108.78979336762,1109.66142210724,33289.8,2.05217745765447,19,30,1908163.13090979,4049.46756269919,1.85204457244444,2.31370280177778
