"strata","dload.bi_kgd","dload.ub_kgd","tload_kglenS","degf","lenObs","lenStr","MSE_kglenS","Cl_kglenS","flowmu_m3s","flowav_m3s"
1,967.307910179196,967.268995571084,29985.3,29,30,31,672462.619488709,311.441981260242,1.47334822374194,1.44597379466667
2,965.918381164019,965.938903976348,29944.1,24.2441899702908,30,31,500690.716420548,296.440715653892,1.47334822374194,1.45038308580473
3,966.472884575971,966.562272741868,29963.4,22.9628934965615,30,31,472177.796691278,296.66541835627,1.47334822374194,1.43880754057478
4,943.885286147045,943.669214172605,29253.7,16.358754540256,30,31,342907.308647562,306.37706153895,1.47334822374194,1.41860672389964
5,966.002461165592,966.070597202813,29948.1,7.19774293834014,30,31,154385.51713868,344.392373897419,1.47334822374194,1.44074660473118
6,943.885286147045,943.669214172605,29253.8,5.68920400170333,30,31,135394.244864062,382.53435983848,1.47334822374194,1.41860672389964
7,943.885286147045,943.669214172605,29253.6,5.28069108753826,30,31,130259.586919771,397.359817690549,1.47334822374194,1.41860672389964
8,943.885286147045,943.669214172605,29253.7,4.97850111106625,30,31,126372.897675385,410.084571041271,1.47334822374194,1.41860672389964
9,943.885286147045,943.669214172605,29253.7,5.0261123323808,30,31,216492.347380503,532.670095411792,1.47334822374194,1.41860672389964
