"strata","dload.bi_kgd","dload.ub_kgd","tload_kglenS","degf","lenObs","lenStr","MSE_kglenS","Cl_kglenS","flowmu_m3s","flowav_m3s"
9,86.4446098650594,86.4446098650594,2679.9,3.43628495779033,31,31,4127.62806997307,102.783568054408,0.179928418291613,0.179928418291613
