"strata","dload.bi_kgd","dload.ub_kgd","tload_kglenS","degf","lenObs","lenStr","MSE_kglenS","Cl_kglenS","flowmu_m3s","flowav_m3s"
1,7541.06346749836,7537.00155750191,226110,23,24,30,55054025.3765046,3200.51035461839,13.3918044440889,16.0686119991111
2,7528.78135751589,7521.280530136,225638.4,17.3627374606994,24,30,50869446.7590317,3605.56411024512,13.3918044440889,17.5546918215111
3,7528.78135751589,7521.280530136,225638.4,13.5500038493462,24,30,45244008.9060371,3931.423546537,13.3918044440889,17.5546918215111
4,7528.78135751589,7521.280530136,225638.5,14.1914893934858,24,30,44975767.2008628,3813.37868324581,13.3918044440889,17.5546918215111
5,7528.78135751589,7521.280530136,225638.4,12.8003089403911,24,30,43991905.4711986,4011.37448767018,13.3918044440889,17.5546918215111
6,7565.01150299096,7539.74538850152,226192.4,11.1464948189493,24,30,45171397.8716037,4423.6808940545,13.3918044440889,15.6090759566222
7,7565.01150299096,7539.74538850152,226192.4,12.0704815618554,24,30,47526137.3562689,4320.58649376145,13.3918044440889,15.6090759566222
