"strata","dload.bi_kgd","dload.ub_kgd","tload_kglenS","degf","lenObs","lenStr","MSE_kglenS","Cl_kglenS","flowmu_m3s","flowav_m3s"
6,403.425946472038,403.425946472038,12102.8,2.78017265325581,30,30,271029.306443272,1039.61022237055,0.722048510044444,0.722048510044444
