"strata","dload.bi_kgd","dload.ub_kgd","tload_kglenS","degf","lenObs","lenStr","MSE_kglenS","Cl_kglenS","flowmu_m3s","flowav_m3s"
9,215.176660571532,215.176660571532,6670.6,4.0686247715967,31,31,14590.0756243837,165.16225009796,0.406283661247312,0.406283661247312
