"strata","dload.bi_kgd","dload.ub_kgd","tload_kglenS","degf","lenObs","lenStr","MSE_kglenS","Cl_kglenS","flowmu_m3s","flowav_m3s"
6,364.126029772339,364.126029772339,10923.7,2.04473992878277,30,30,313488.595521646,1649.88487318542,0.678148031111111,0.678148031111111
