"strata","dload.bi_kgd","dload.ub_kgd","tload_kglenS","degf","lenObs","lenStr","MSE_kglenS","Cl_kglenS","flowmu_m3s","flowav_m3s"
1,3323.88887269498,3321.89907194195,102978.9,25,26,31,10603578.3145672,1341.3006831645,4.78604844567742,5.02340522098461
2,3331.12010279288,3331.95109680361,103290.5,2.54296169023631,26,31,9144102.40720134,6697.28228188781,4.78604844567742,4.62138817985526
3,3345.20315003115,3344.98978521513,103694.7,2.12413373248738,26,31,8351541.6878891,8071.145561429,4.78604844567742,4.80425548029365
4,3340.25286005683,3340.20823079435,103546.4,2.08312960289306,26,31,8270236.82311395,8253.43857714418,4.78604844567742,4.94930138209462
5,3318.90148898785,3318.98204377556,102888.4,2.06174781943218,26,31,8227597.60696593,8353.15066397998,4.78604844567742,4.66502335592258
6,3316.74350886351,3316.88841766458,102823.5,2.05995747474079,26,31,8224024.44175916,8361.65405344818,4.78604844567742,4.65755441932043
7,3316.53845817563,3316.76584664421,102819.7,2.05949445102077,26,31,8223289.11982241,8363.95321500019,4.78604844567742,4.65755441932043
8,3330.57300766124,3331.75331023489,103284.4,2.22162071109271,26,31,8546629.30988629,7681.58935213891,4.78604844567742,4.80172849307527
