"strata","dload.bi_kgd","dload.ub_kgd","tload_kglenS","degf","lenObs","lenStr","MSE_kglenS","Cl_kglenS","flowmu_m3s","flowav_m3s"
7,5992.78785159839,5992.55229502203,185769.1,2.75099324343494,30,31,13098161.398797,7313.67927924943,11.5759087099478,11.5915155729892
