"strata","dload.bi_kgd","dload.ub_kgd","tload_kglenS","degf","lenObs","lenStr","MSE_kglenS","Cl_kglenS","flowmu_m3s","flowav_m3s"
8,1310.63675329434,1310.63675329434,40629.8,6.00050006483171,31,31,1427077.87164926,1193.27259000046,2.77434761445161,2.77434761445161
