"strata","dload.bi_kgd","dload.ub_kgd","tload_kglenS","degf","lenObs","lenStr","MSE_kglenS","Cl_kglenS","flowmu_m3s","flowav_m3s"
9,1432.37688312183,1432.37688312183,44403.6,2.78029547599899,31,31,316378.628187277,1123.16723505136,1.93482452524731,1.93482452524731
