"strata","dload.bi_kgd","dload.ub_kgd","tload_kglenS","degf","lenObs","lenStr","MSE_kglenS","Cl_kglenS","flowmu_m3s","flowav_m3s"
9,6397.46473937767,6397.46473937767,198321.5,4.16054041393411,31,31,7099591.16081418,3572.32937267143,11.4862684215054,11.4862684215054
