"strata","dload.bi_kgd","dload.ub_kgd","tload_kglenS","degf","lenObs","lenStr","MSE_kglenS","Cl_kglenS","flowmu_m3s","flowav_m3s"
5,4277.46691674852,4277.34660082049,132597.7,11.7661366112367,29,31,3328354.30063164,1161.38444154625,9.04450832165161,9.07288642034654
