"strata","dload.bi_kgd","dload.ub_kgd","tload_kglenS","degf","lenObs","lenStr","MSE_kglenS","Cl_kglenS","flowmu_m3s","flowav_m3s"
1,3953.43646256308,3950.07256478671,118502.2,27,28,30,42568051.5721333,2576.32998806769,5.68939651102222,4.79401822752381
2,3904.45126071884,3891.13058559513,116733.9,2.13845188926698,28,30,19866984.7476781,12333.5312592155,5.68939651102222,6.3151348648
3,3904.45126071884,3891.13058559513,116733.9,2.1203150904416,28,30,19782558.5337079,12453.0702502021,5.68939651102222,6.3151348648
4,3904.45126071884,3891.13058559513,116733.9,2.09297671225908,28,30,19654385.8135597,12639.4204636569,5.68939651102222,6.3151348648
5,3904.45126071884,3891.13058559513,116733.9,2.07181798350139,28,30,19556045.2555378,12789.5216454774,5.68939651102222,6.3151348648
6,3904.45126071884,3891.13058559513,116733.9,2.06249570675735,28,30,19511981.5205855,12857.0326015079,5.68939651102222,6.3151348648
7,3904.45126071884,3891.13058559513,116733.8,2.06063414287246,28,30,19503172.5141582,12870.6318413043,5.68939651102222,6.3151348648
8,3904.45126071884,3891.13058559513,116733.8,2.06078273786862,28,30,19503875.8005815,12869.5448611619,5.68939651102222,6.3151348648
