"strata","dload.bi_kgd","dload.ub_kgd","tload_kglenS","degf","lenObs","lenStr","MSE_kglenS","Cl_kglenS","flowmu_m3s","flowav_m3s"
3,2685.84162836693,2686.66188591998,77913.1,18.8152304587273,24,29,12848320.249941,1730.73815225138,5.7174499702069,5.69596012285057
