"strata","dload.bi_kgd","dload.ub_kgd","tload_kglenS","degf","lenObs","lenStr","MSE_kglenS","Cl_kglenS","flowmu_m3s","flowav_m3s"
5,1549.15153113537,1549.15153113537,46474.4,10.1440393641653,30,30,1363387.99861419,815.288428720545,2.35809929665778,2.35809929665778
