"strata","dload.bi_kgd","dload.ub_kgd","tload_kglenS","degf","lenObs","lenStr","MSE_kglenS","Cl_kglenS","flowmu_m3s","flowav_m3s"
1,1427.00133326038,1427.00133326038,42810,29,30,30,17035548.1815219,1567.54903886155,2.36102866961778,2.36102866961778
2,1427.00133326038,1427.00133326038,42810.1,23.5782702517767,30,30,7871688.02648629,1193.65153523219,2.36102866961778,2.36102866961778
3,1427.00133326038,1427.00133326038,42810.1,22.1402053886586,30,30,7598116.21033164,1214.46466968095,2.36102866961778,2.36102866961778
4,1427.00133326038,1427.00133326038,42810,2.59924725804595,30,30,7179422.5406882,5781.7437541905,2.36102866961778,2.36102866961778
5,1427.00133326038,1427.00133326038,42810,2.60157030629512,30,30,7182641.40209781,5776.94762245088,2.36102866961778,2.36102866961778
6,1427.00133326038,1427.00133326038,42810.1,2.63031151472803,30,30,7222985.41179536,5718.86415739582,2.36102866961778,2.36102866961778
7,1427.00133326037,1427.00133326037,42810,2.65680631761352,30,30,7260444.48786357,5667.08580981941,2.36102866961778,2.36102866961778
8,1427.00133326037,1427.00133326037,42810,2.66175252646683,30,30,7279480.69560657,5662.27561389674,2.36102866961778,2.36102866961778
9,1427.00133326037,1427.00133326037,42810,2.6640986497199,30,30,7282699.55701618,5657.74584213594,2.36102866961778,2.36102866961778
