"strata","dload.bi_kgd","dload.ub_kgd","tload_kglenS","degf","lenObs","lenStr","MSE_kglenS","Cl_kglenS","flowmu_m3s","flowav_m3s"
7,1651.63603454341,1651.63603454341,51200.7,4.79021015644041,31,31,110897.668734431,396.333563882382,2.1994940428043,2.1994940428043
