"strata","dload.bi_kgd","dload.ub_kgd","tload_kglenS","degf","lenObs","lenStr","MSE_kglenS","Cl_kglenS","flowmu_m3s","flowav_m3s"
1,6493.72764193696,6493.72764193696,194811.8,29,30,30,65083374.9338157,3063.92487280466,11.3491031718756,11.3491031718756
2,6493.72764193696,6493.72764193696,194811.8,21.4983696756494,30,30,45722846.6516999,3028.5443016803,11.3491031718756,11.3491031718756
3,6493.72764193696,6493.72764193696,194811.8,16.5232441230678,30,30,27152367.0123161,2710.54210550386,11.3491031718756,11.3491031718756
4,6493.72764193696,6493.72764193696,194811.8,8.72336405704556,30,30,17736931.5735964,3241.33122401582,11.3491031718756,11.3491031718756
5,6493.72764193696,6493.72764193696,194811.9,7.87019801057604,30,30,16789842.5094154,3377.83713766879,11.3491031718756,11.3491031718756
6,6493.72764193696,6493.72764193696,194811.9,7.58437679571923,30,30,16479060.297021,3431.81653472405,11.3491031718756,11.3491031718756
7,6493.72764193696,6493.72764193696,194811.9,7.56347173357747,30,30,16456316.3561147,3435.93985688563,11.3491031718756,11.3491031718756
8,6493.72764193696,6493.72764193696,194811.9,7.69719926054331,30,30,17372926.7608157,3488.28397580673,11.3491031718756,11.3491031718756
9,6493.72764193696,6493.72764193696,194811.8,3.68025644239052,30,30,18506015.7666633,6445.20295798249,11.3491031718756,11.3491031718756
