"strata","dload.bi_kgd","dload.ub_kgd","tload_kglenS","degf","lenObs","lenStr","MSE_kglenS","Cl_kglenS","flowmu_m3s","flowav_m3s"
1,798.731716460205,798.731716460205,23962,29,30,30,4924749.02982569,842.820579023408,1.18290691563022,1.18290691563022
2,798.731716460205,798.731716460205,23962,4.16118367495402,30,30,2148519.64276346,1964.9237013276,1.18290691563022,1.18290691563022
3,798.731716460205,798.731716460205,23962,3.41755322324209,30,30,1948236.22743401,2244.99791729279,1.18290691563022,1.18290691563022
4,798.731716460205,798.731716460205,23962,3.36219130818233,30,30,1932375.58080273,2272.0858888902,1.18290691563022,1.18290691563022
5,798.731716460205,798.731716460205,23962,3.35425912661861,30,30,1930093.6602976,2276.06196476531,1.18290691563022,1.18290691563022
6,798.731716460205,798.731716460205,23962,3.3538164391721,30,30,1929966.57765642,2276.28478483285,1.18290691563022,1.18290691563022
7,798.731716460205,798.731716460205,23962,3.35371701247966,30,30,1929938.43399601,2276.33507607562,1.18290691563022,1.18290691563022
8,798.731716460205,798.731716460205,23962,3.35371765690189,30,30,1929938.61941658,2276.33475188136,1.18290691563022,1.18290691563022
9,798.731716460205,798.731716460205,23961.9,3.35385862375605,30,30,1929980.04046064,2276.26434616514,1.18290691563022,1.18290691563022
