"strata","dload.bi_kgd","dload.ub_kgd","tload_kglenS","degf","lenObs","lenStr","MSE_kglenS","Cl_kglenS","flowmu_m3s","flowav_m3s"
8,3089.95017738098,3090.11127883002,92703.3,6.73438332583047,27,30,2548652.87076962,1466.39593228161,5.17989641882667,5.17398497219556
