"strata","dload.bi_kgd","dload.ub_kgd","tload_kglenS","degf","lenObs","lenStr","MSE_kglenS","Cl_kglenS","flowmu_m3s","flowav_m3s"
8,8908.20228029245,8908.14316680359,276152.3,6.00280745518214,30,31,60866134.4164237,7790.75854000931,20.7828495474581,20.7988585873548
