"strata","dload.bi_kgd","dload.ub_kgd","tload_kglenS","degf","lenObs","lenStr","MSE_kglenS","Cl_kglenS","flowmu_m3s","flowav_m3s"
1,2327.74319031397,2324.3267778081,72054.1,15,16,31,4809364.27422769,1206.90549239766,5.16075637382488,7.17246846
2,2341.46310269024,2338.70868999116,72500,13.8238050086907,16,31,5012898.0215374,1293.10656643708,5.16075637382488,6.58463795354839
3,2301.72208720368,2298.96392874904,71268,10.0089065491886,16,31,4139908.99137547,1432.82103757214,5.16075637382488,6.77722807889401
4,2304.49045571184,2300.58333269983,71318.1,8.60794037719161,16,31,4561817.6872354,1658.30953691763,5.16075637382488,7.06415860301075
5,2322.3199008006,2310.6289170706,71629.5,5.41487081635781,16,31,6626032.9079467,2779.27547488872,5.16075637382488,7.7382050116129
