"strata","dload.bi_kgd","dload.ub_kgd","tload_kglenS","degf","lenObs","lenStr","MSE_kglenS","Cl_kglenS","flowmu_m3s","flowav_m3s"
1,6214.14648127828,6206.72025954425,192408.3,17,18,31,69463856.5551068,4264.8079543229,9.91405175563355,6.07570321117037
