"strata","dload.bi_kgd","dload.ub_kgd","tload_kglenS","degf","lenObs","lenStr","MSE_kglenS","Cl_kglenS","flowmu_m3s","flowav_m3s"
7,5664.849312711,5664.849312711,158615.8,4.42484433442899,28,28,41488742.5235579,8189.24270273025,9.48184845504762,9.48184845504762
