"strata","dload.bi_kgd","dload.ub_kgd","tload_kglenS","degf","lenObs","lenStr","MSE_kglenS","Cl_kglenS","flowmu_m3s","flowav_m3s"
4,5951.92931571303,5794.30017680661,162240.5,2.08337337233387,14,28,325275018.461844,51752.3104133283,15.2199074992381,10.0630271777143
