"strata","dload.bi_kgd","dload.ub_kgd","tload_kglenS","degf","lenObs","lenStr","MSE_kglenS","Cl_kglenS","flowmu_m3s","flowav_m3s"
6,7400.56203549963,7397.78409481323,207137.9,10.6742484559337,27,28,32209231.6103826,3837.58605237657,14.7756101651429,15.2374422843492
