"strata","dload.bi_kgd","dload.ub_kgd","tload_kglenS","degf","lenObs","lenStr","MSE_kglenS","Cl_kglenS","flowmu_m3s","flowav_m3s"
1,2849.63938693543,2849.74340856623,85492.3,28,29,30,4656197.09736066,835.320122600051,4.07237901884444,3.93086331549425
2,2866.14734875138,2864.52942003343,85935.9,6.8056336670835,29,30,3511441.20048175,1708.4028867936,4.07237901884444,4.13280235057778
3,2866.14734875138,2864.52942003343,85935.9,5.94557889765938,29,30,3274069.94165861,1819.8247784582,4.07237901884444,4.13280235057778
4,2866.14734875138,2864.52942003343,85935.9,5.88205609620086,29,30,3256839.40285396,1829.64326195821,4.07237901884444,4.13280235057778
5,2866.14734875138,2864.52942003343,85935.9,5.62960146658861,29,30,3189442.44826282,1871.55318343405,4.07237901884444,4.13280235057778
6,2866.14734875138,2864.52942003343,85935.9,5.12813421108697,29,30,3038499.55981149,1963.92762550045,4.07237901884444,4.13280235057778
7,2866.14734875138,2864.52942003343,85935.9,4.99051734417761,29,30,2999341.12233772,1993.97557415397,4.07237901884444,4.13280235057778
8,2866.14734875138,2864.52942003343,85935.9,4.987612718633,29,30,2998478.7399843,1994.61950923036,4.07237901884444,4.13280235057778
9,2866.14734875138,2864.52942003343,85935.8,6.08988301719807,29,30,3412973.90470349,1825.27583132123,4.07237901884444,4.13280235057778
