"strata","dload.bi_kgd","dload.ub_kgd","tload_kglenS","degf","lenObs","lenStr","MSE_kglenS","Cl_kglenS","flowmu_m3s","flowav_m3s"
9,1322.46798180131,1322.46798180131,40996.6,2.72463540815501,31,31,4689789.15891389,4424.43312276294,3.12831096375054,3.12831096375054
