"strata","dload.bi_kgd","dload.ub_kgd","tload_kglenS","degf","lenObs","lenStr","MSE_kglenS","Cl_kglenS","flowmu_m3s","flowav_m3s"
8,1240.35380336662,1240.35380336662,38451.1,5.92088237484227,31,31,1211090.18977244,1110.25228017782,1.94769268395699,1.94769268395699
