"strata","dload.bi_kgd","dload.ub_kgd","tload_kglenS","degf","lenObs","lenStr","MSE_kglenS","Cl_kglenS","flowmu_m3s","flowav_m3s"
1,376.253663865201,376.253663865201,11287.6,29,30,30,1145128.04614243,406.415352488527,0.70846793008,0.70846793008
2,376.253663865201,376.253663865201,11287.6,19.7604546925244,30,30,223835.163261328,222.182580355005,0.70846793008,0.70846793008
3,376.253663865201,376.253663865201,11287.6,18.9605073560409,30,30,50810.6712243341,108.364726020972,0.70846793008,0.70846793008
4,376.253663865201,376.253663865201,11287.6,13.4102232997314,30,30,40499.5342665114,118.35487740819,0.70846793008,0.70846793008
5,376.253663865201,376.253663865201,11287.6,8.46278986792232,30,30,30693.8103339946,137.565596520299,0.70846793008,0.70846793008
6,376.253663865201,376.253663865201,11287.6,6.66245446385928,30,30,26900.7412696803,151.811422929024,0.70846793008,0.70846793008
7,376.253663865201,376.253663865201,11287.7,6.97914925738896,30,30,27833.2585102764,149.419062024548,0.70846793008,0.70846793008
8,376.253663865201,376.253663865201,11287.6,6.51363994187871,30,30,26946.6341387566,154.423347396786,0.70846793008,0.70846793008
9,376.253663865201,376.253663865201,11287.6,6.66929127494644,30,30,27648.9790810008,153.795499563575,0.70846793008,0.70846793008
