"strata","dload.bi_kgd","dload.ub_kgd","tload_kglenS","degf","lenObs","lenStr","MSE_kglenS","Cl_kglenS","flowmu_m3s","flowav_m3s"
1,83.7169421146839,83.7169421146839,2595.2,30,31,31,87442.8917331753,110.259319668106,0.344058254451613,0.344058254451613
2,83.7169421146839,83.7169421146839,2595.2,8.09278956667493,31,31,20544.4976447133,115.955842332189,0.344058254451613,0.344058254451613
3,83.7169421146839,83.7169421146839,2595.3,5.9744321329031,31,31,7320.83950160098,85.7434869233457,0.344058254451613,0.344058254451613
4,83.7169421146839,83.7169421146839,2595.3,3.86694761537631,31,31,5711.60164233837,108.168449623698,0.344058254451613,0.344058254451613
5,83.7169421146839,83.7169421146839,2595.3,3.74019658846237,31,31,5616.55527172473,110.60373174251,0.344058254451613,0.344058254451613
6,83.7169421146839,83.7169421146839,2595.3,3.73269402729724,31,31,5610.92210691489,110.754676250223,0.344058254451613,0.344058254451613
7,83.7169421146839,83.7169421146839,2595.3,3.64488882200951,31,31,5544.21254210663,112.574941129496,0.344058254451613,0.344058254451613
8,83.7169421146839,83.7169421146839,2595.4,3.63576399445447,31,31,5537.26830038511,112.770724207269,0.344058254451613,0.344058254451613
9,83.7169421146839,83.7169421146839,2595.5,3.64661600860212,31,31,5545.60801419606,112.538851892564,0.344058254451613,0.344058254451613
