"strata","dload.bi_kgd","dload.ub_kgd","tload_kglenS","degf","lenObs","lenStr","MSE_kglenS","Cl_kglenS","flowmu_m3s","flowav_m3s"
1,4362.1529552304,4338.48595777385,134493.1,21,22,31,130304913.61284,5180.28255847671,7.28720516490323,9.47688127767273
2,4343.09571416914,4315.55273327083,133782.2,17.2571228722994,22,31,75551699.0142006,4409.50399490239,7.28720516490323,9.20948336861936
3,4444.6162238098,4437.50880817689,137562.8,5.46741596256191,22,31,18303991.9874355,4585.00718383002,7.28720516490323,7.38193454342194
4,4451.26508204174,4446.04706912273,137827.5,3.07496526205221,22,31,13565998.9223332,6593.21617974308,7.28720516490323,7.41494237657061
5,4445.1122818577,4440.14262433317,137644.5,3.04074794997118,22,31,13490079.7541562,6652.60634594093,7.28720516490323,7.40484812245448
6,4445.35265951438,4440.1388575691,137644.4,3.00617308940697,22,31,13412953.0148919,6714.47284275567,7.28720516490323,7.41320386206738
7,4446.06636015476,4441.48347385357,137686,3.01747858603634,22,31,13438347.4710538,6694.06481332908,7.28720516490323,7.42272043823943
