"strata","dload.bi_kgd","dload.ub_kgd","tload_kglenS","degf","lenObs","lenStr","MSE_kglenS","Cl_kglenS","flowmu_m3s","flowav_m3s"
5,4837.69210021338,4837.69210021338,145130.7,11.7821636792784,30,30,15663967.6600847,2517.38472895423,9.40209632284444,9.40209632284444
