"strata","dload.bi_kgd","dload.ub_kgd","tload_kglenS","degf","lenObs","lenStr","MSE_kglenS","Cl_kglenS","flowmu_m3s","flowav_m3s"
6,768.749330862416,768.749330862416,21525,3.07185636593322,28,28,384661.736802034,1111.40299630639,1.57628956234286,1.57628956234286
