"strata","dload.bi_kgd","dload.ub_kgd","tload_kglenS","degf","lenObs","lenStr","MSE_kglenS","Cl_kglenS","flowmu_m3s","flowav_m3s"
1,1648.36211761728,1648.36211761728,49450.9,29,30,30,4977127.60597484,847.290754107362,2.27418828053333,2.27418828053333
2,1648.36211761728,1648.36211761728,49450.9,26.2962139275929,30,30,1907989.69997329,553.384591466776,2.27418828053333,2.27418828053333
3,1648.36211761728,1648.36211761728,49450.9,17.8314032507078,30,30,1027889.21925535,504.759794589872,2.27418828053333,2.27418828053333
4,1648.36211761728,1648.36211761728,49450.9,17.7769101822163,30,30,597444.977157734,385.497505759502,2.27418828053333,2.27418828053333
5,1648.36211761728,1648.36211761728,49450.9,17.9514324869996,30,30,269963.20453896,257.689604349429,2.27418828053333,2.27418828053333
6,1648.36211761728,1648.36211761728,49450.9,13.4727790970132,30,30,306217.007186937,324.539121186808,2.27418828053333,2.27418828053333
7,1648.36211761728,1648.36211761728,49450.9,14.8423591529538,30,30,415861.519396563,357.108233646495,2.27418828053333,2.27418828053333
8,1648.36211761728,1648.36211761728,49450.8,3.21537430716617,30,30,594678.647638066,1318.20282195278,2.27418828053333,2.27418828053333
9,1648.36211761728,1648.36211761728,49450.8,3.52638476721588,30,30,630932.450286044,1239.29787052008,2.27418828053333,2.27418828053333
