"strata","dload.bi_kgd","dload.ub_kgd","tload_kglenS","degf","lenObs","lenStr","MSE_kglenS","Cl_kglenS","flowmu_m3s","flowav_m3s"
1,8890.28239098102,8888.18910171873,275533.9,29,30,31,201577747.795671,5392.17990752408,20.7828495474581,21.4176089537067
2,8898.54702164887,8895.70378748592,275766.8,20.9815720613898,30,31,131624906.393463,5209.0191185386,20.7828495474581,20.9481213988571
3,8898.54702164887,8895.70378748592,275766.9,18.4973831599387,30,31,108895417.145028,5087.72034413792,20.7828495474581,20.9481213988571
4,8905.51902257315,8905.20619837587,276061.5,13.624959126021,30,31,91393140.7141464,5569.24150472373,20.7828495474581,20.8085563024704
5,8898.54702164887,8895.70378748592,275766.8,9.63626979795788,30,31,78850959.7159822,6406.45628872124,20.7828495474581,20.9481213988571
6,8905.51902257315,8905.20619837587,276061.4,6.09810606914709,30,31,61348683.2851007,7730.93701723627,20.7828495474581,20.8085563024704
7,8908.68852512329,8908.66427955866,276168.5,6.00331155246563,30,31,60868690.2717784,7790.43651832539,20.7828495474581,20.7827306854065
8,8908.20228029245,8908.14316680359,276152.3,6.00280745518214,30,31,60866134.4164237,7790.75854000931,20.7828495474581,20.7988585873548
9,8908.20228029245,8908.14316680359,276152.3,4.74533473318922,30,31,67879234.2898882,9881.29193044512,20.7828495474581,20.7988585873548
