"strata","dload.bi_kgd","dload.ub_kgd","tload_kglenS","degf","lenObs","lenStr","MSE_kglenS","Cl_kglenS","flowmu_m3s","flowav_m3s"
1,4837.69210021338,4837.69210021338,145130.8,29,30,30,30653143.7864986,2102.71586128997,9.40209632284444,9.40209632284444
2,4837.69210021338,4837.69210021338,145130.7,23.9820968809859,30,30,29501397.8747957,2289.19730712698,9.40209632284444,9.40209632284444
3,4837.69210021338,4837.69210021338,145130.8,17.0842120841278,30,30,20126855.9697708,2289.13781748356,9.40209632284444,9.40209632284444
4,4837.69210021338,4837.69210021338,145130.7,11.9165635402024,30,30,15753283.4654806,2507.07492877127,9.40209632284444,9.40209632284444
5,4837.69210021338,4837.69210021338,145130.7,11.7821636792784,30,30,15663967.6600847,2517.38472895423,9.40209632284444,9.40209632284444
6,4837.69210021338,4837.69210021338,145130.7,11.9306679926418,30,30,15834932.1820594,2511.74550800342,9.40209632284444,9.40209632284444
7,4837.69210021338,4837.69210021338,145130.7,9.57178231571456,30,30,17531409.8549769,3033.85133229697,9.40209632284444,9.40209632284444
8,4837.69210021338,4837.69210021338,145130.7,9.70132084992704,30,30,17702374.3769516,3022.44227631654,9.40209632284444,9.40209632284444
9,4837.69210021338,4837.69210021338,145130.7,6.74405718624863,30,30,19106969.7377295,4010.95766912702,9.40209632284444,9.40209632284444
