"strata","dload.bi_kgd","dload.ub_kgd","tload_kglenS","degf","lenObs","lenStr","MSE_kglenS","Cl_kglenS","flowmu_m3s","flowav_m3s"
1,1571.72067701095,1572.92405354137,47187.7,26,27,30,9198682.28602525,1222.64348074177,2.37924990115556,1.80739142597531
2,1375.6090785153,1375.80004840569,41274,17.3324564696429,27,30,3747382.14178834,979.589817066483,2.37924990115556,1.66888962225778
3,1370.94182015176,1371.16692089859,41135,12.002534984625,27,30,2864067.78082089,1064.30206916066,2.37924990115556,1.66747881635556
4,1370.94182015176,1371.16692089859,41135,11.7983201274565,27,30,2517614.50988992,1008.38985933235,2.37924990115556,1.66747881635556
5,1369.33322161209,1369.6493127269,41089.5,6.77238328670096,27,30,2238274.63312329,1368.71952137169,2.37924990115556,1.66716654497778
6,1329.12558797641,1329.49933190548,39885,6.30348196491168,27,30,2162632.08992374,1416.67990453636,2.37924990115556,1.66010858257778
7,1319.47871476861,1319.2495591975,39577.5,6.35755716386453,27,30,2181567.49287179,1414.05115624843,2.37924990115556,1.65615838897778
8,1329.12558797641,1329.49933190548,39885,2.42715046219526,27,30,2403478.0061043,3634.74299768464,2.37924990115556,1.66010858257778
