"strata","dload.bi_kgd","dload.ub_kgd","tload_kglenS","degf","lenObs","lenStr","MSE_kglenS","Cl_kglenS","flowmu_m3s","flowav_m3s"
1,324.050904902128,324.050904902128,10045.6,30,31,31,1329833.96469604,429.983473026378,0.803176801754839,0.803176801754839
2,324.050904902128,324.050904902128,10045.6,16.042673518424,31,31,268904.347135682,274.399376373738,0.803176801754839,0.803176801754839
3,324.050904902128,324.050904902128,10045.6,12.8603390966831,31,31,255893.188452808,305.077848623431,0.803176801754839,0.803176801754839
4,324.050904902127,324.050904902127,10045.6,2.89362931672882,31,31,197503.315881291,848.993016201801,0.803176801754839,0.803176801754839
5,324.050904902127,324.050904902127,10045.5,2.59193987081419,31,31,186770.0679027,935.647531393119,0.803176801754839,0.803176801754839
6,324.050904902128,324.050904902128,10045.7,2.53510160594546,31,31,184704.402029351,955.392128578555,0.803176801754839,0.803176801754839
7,324.050904902128,324.050904902128,10045.7,2.43092073054191,31,31,180833.876036112,995.074915951008,0.803176801754839,0.803176801754839
8,324.050904902128,324.050904902128,10045.6,2.40390193925967,31,31,179851.910549159,1006.30259266177,0.803176801754839,0.803176801754839
9,324.050904902128,324.050904902128,10045.7,2.37744631734395,31,31,178857.76957349,1017.58969327809,0.803176801754839,0.803176801754839
