"strata","dload.bi_kgd","dload.ub_kgd","tload_kglenS","degf","lenObs","lenStr","MSE_kglenS","Cl_kglenS","flowmu_m3s","flowav_m3s"
1,135.741479152555,140.901641628444,4368,23,24,31,7431159.96612175,1175.85292098908,0.694126978064516,0.801601413333333
2,123.69420032785,123.673036771468,3833.9,3.06579304104559,24,31,502067.169202643,1272.37057527173,0.694126978064516,0.738448859698925
3,124.300262600378,124.287762805898,3853,3.05059375902985,24,31,500819.869989997,1277.45104756565,0.694126978064516,0.727549555913978
4,123.77841041179,123.709098112193,3835,3.04842063962949,24,31,500643.998612248,1278.1864443089,0.694126978064516,0.702165295483871
5,123.77841041179,123.709098112193,3835,3.04487071769261,24,31,500352.367966729,1279.38542192784,0.694126978064516,0.702165295483871
6,123.77841041179,123.709098112193,3835,3.04570235833764,24,31,500420.702899593,1279.10420017078,0.694126978064516,0.702165295483871
7,123.738517641917,123.586399130073,3831.2,3.07160411847493,24,31,502557.681551704,1270.4642135117,0.694126978064516,0.697707683096774
