"strata","dload.bi_kgd","dload.ub_kgd","tload_kglenS","degf","lenObs","lenStr","MSE_kglenS","Cl_kglenS","flowmu_m3s","flowav_m3s"
7,1282.27836109328,1282.27836109328,39750.7,7.61234741597735,31,31,115946.419938294,287.138954160426,1.45361345416946,1.45361345416946
