"strata","dload.bi_kgd","dload.ub_kgd","tload_kglenS","degf","lenObs","lenStr","MSE_kglenS","Cl_kglenS","flowmu_m3s","flowav_m3s"
7,4635.07787003112,4633.5202949685,143639,7.85151891767153,26,31,5433464.17141412,1924.65560179765,7.21850038709677,7.68874500094624
