"strata","dload.bi_kgd","dload.ub_kgd","tload_kglenS","degf","lenObs","lenStr","MSE_kglenS","Cl_kglenS","flowmu_m3s","flowav_m3s"
1,3561.89834621624,3558.50881610662,106755.3,27,28,30,62188426.8929585,3113.96974136282,4.75898905368889,4.25705163714286
2,3612.48996946807,3612.76337807727,108382.9,11.5457234434503,28,30,37624603.5013328,3950.42602251348,4.75898905368889,4.12319711503778
3,3612.48996946807,3612.76337807727,108383,2.17669923954406,28,30,22009484.8364653,12670.654766823,4.75898905368889,4.12319711503778
4,3612.48996946807,3612.76337807726,108383,2.17695711732597,28,30,22010788.7251032,12668.99290506,4.75898905368889,4.12319711503778
5,3601.06459179876,3601.4214641881,108042.7,2.20632077068977,28,30,22160613.2492015,12484.2247864373,4.75898905368889,4.10602075678085
6,3598.46934487718,3599.15452402256,107974.7,2.27037039615875,28,30,22485939.853986,12107.0529302547,4.75898905368889,4.11641277551644
7,3604.93765902828,3606.85666332771,108205.7,2.44975231326196,28,30,23391318.3075325,11209.6796053473,4.75898905368889,4.10616230966349
8,3616.51599490711,3619.0252701625,108570.8,2.49507643755023,28,30,23676153.1498168,11027.0942788111,4.75898905368889,4.16193750609778
