"strata","dload.bi_kgd","dload.ub_kgd","tload_kglenS","degf","lenObs","lenStr","MSE_kglenS","Cl_kglenS","flowmu_m3s","flowav_m3s"
1,655.086270206404,655.086270206404,19652.6,29,30,30,14697866.9264391,1456.02970411422,1.06890945682133,1.06890945682133
2,655.086270206404,655.086270206404,19652.6,3.31985175765505,30,30,5167243.60359944,3762.50156318659,1.06890945682133,1.06890945682133
3,655.086270206404,655.086270206404,19652.6,3.03940838873472,30,30,4943387.28192073,4029.01617085326,1.06890945682133,1.06890945682133
4,655.086270206404,655.086270206404,19652.6,3.02509436932812,30,30,4931728.05720936,4044.41228659794,1.06890945682133,1.06890945682133
5,655.086270206404,655.086270206404,19652.6,3.01579828513524,30,30,4924139.15979385,4054.5156589678,1.06890945682133,1.06890945682133
6,655.086270206404,655.086270206404,19652.6,3.01214530038773,30,30,4921155.88859085,4058.5097255357,1.06890945682133,1.06890945682133
7,655.086270206404,655.086270206404,19652.7,3.0107635323324,30,30,4920026.64514226,4060.02378079261,1.06890945682133,1.06890945682133
8,655.086270206404,655.086270206404,19652.7,3.01076410588765,30,30,4920027.11383696,4060.02315189891,1.06890945682133,1.06890945682133
9,655.086270206404,655.086270206404,19652.6,3.01074769341931,30,30,4920013.70363025,4060.04114870755,1.06890945682133,1.06890945682133
