"strata","dload.bi_kgd","dload.ub_kgd","tload_kglenS","degf","lenObs","lenStr","MSE_kglenS","Cl_kglenS","flowmu_m3s","flowav_m3s"
6,1076.0406275382,1079.68042372408,33470.1,2.14572423952497,24,31,8200321.53498278,7886.94383228038,2.1142708271828,2.44665068524731
