"strata","dload.bi_kgd","dload.ub_kgd","tload_kglenS","degf","lenObs","lenStr","MSE_kglenS","Cl_kglenS","flowmu_m3s","flowav_m3s"
6,2660.99932092211,2660.15500425342,82464.8,2.08341600297754,25,31,9770038.04962116,8968.91694159256,4.87549467052043,4.47866577565591
