"strata","dload.bi_kgd","dload.ub_kgd","tload_kglenS","degf","lenObs","lenStr","MSE_kglenS","Cl_kglenS","flowmu_m3s","flowav_m3s"
8,346.120416386775,346.120416386775,10729.7,3.17528886725009,31,31,413782.931881072,1113.77205461101,1.10362444387097,1.10362444387097
