"strata","dload.bi_kgd","dload.ub_kgd","tload_kglenS","degf","lenObs","lenStr","MSE_kglenS","Cl_kglenS","flowmu_m3s","flowav_m3s"
1,319.108469759732,319.108469759732,9892.4,30,31,31,2409626.15456157,578.799153144886,0.743290545328172,0.743290545328172
2,319.108469759732,319.108469759732,9892.4,3.01841532423031,31,31,1161556.6539963,1967.40647629194,0.743290545328172,0.743290545328172
3,319.108469759732,319.108469759732,9892.4,3.00179310348664,31,31,1158353.30931367,1976.26181747234,0.743290545328172,0.743290545328172
4,319.108469759732,319.108469759732,9892.4,3.00093333675513,31,31,1158187.40803366,1976.72347730218,0.743290545328172,0.743290545328172
5,319.108469759732,319.108469759732,9892.5,3.00073354428504,31,31,1158148.85301806,1976.83080931918,0.743290545328172,0.743290545328172
6,319.108469759732,319.108469759732,9892.4,3.00071889730056,31,31,1158146.02646133,1976.8386786954,0.743290545328172,0.743290545328172
7,319.108469759732,319.108469759732,9892.4,3.00069969984965,31,31,1158142.32176218,1976.84899306461,0.743290545328172,0.743290545328172
8,319.108469759732,319.108469759732,9892.4,3.00069959866857,31,31,1158142.30223686,1976.84904742789,0.743290545328172,0.743290545328172
9,319.108469759732,319.108469759732,9892.4,3.00069983803641,31,31,1158142.34843026,1976.84891882006,0.743290545328172,0.743290545328172
