"strata","dload.bi_kgd","dload.ub_kgd","tload_kglenS","degf","lenObs","lenStr","MSE_kglenS","Cl_kglenS","flowmu_m3s","flowav_m3s"
1,451.755563772723,451.755563772723,13552.7,29,30,30,847368.90681464,349.606373574032,0.602899281422222,0.602899281422222
2,451.755563772723,451.755563772723,13552.6,19.0631157495715,30,30,362836.608359911,288.692509096883,0.602899281422222,0.602899281422222
3,451.755563772723,451.755563772723,13552.7,17.4203068032129,30,30,111038.563984349,168.134155348515,0.602899281422222,0.602899281422222
4,451.755563772723,451.755563772723,13552.7,5.58810061668316,30,30,104571.09715946,340.800722589648,0.602899281422222,0.602899281422222
5,451.755563772723,451.755563772723,13552.7,5.042470124516,30,30,99167.279752744,359.579302544089,0.602899281422222,0.602899281422222
6,451.755563772723,451.755563772723,13552.7,4.99123782430708,30,30,98658.4183101401,361.596094979393,0.602899281422222,0.602899281422222
7,451.755563772723,451.755563772723,13552.7,4.94922244451547,30,30,98241.3917309694,363.288572973351,0.602899281422222,0.602899281422222
8,451.755563772723,451.755563772723,13552.7,4.94798324004323,30,30,98229.0909923235,363.339021273951,0.602899281422222,0.602899281422222
9,451.755563772723,451.755563772723,13552.7,5.08654295610871,30,30,100969.846530253,360.327299220106,0.602899281422222,0.602899281422222
