"strata","dload.bi_kgd","dload.ub_kgd","tload_kglenS","degf","lenObs","lenStr","MSE_kglenS","Cl_kglenS","flowmu_m3s","flowav_m3s"
8,7146.68651405103,7146.68651405103,221547.3,2.72578295471514,31,31,69509420.4326179,17025.2834590441,9.75996805025376,9.75996805025376
