"strata","dload.bi_kgd","dload.ub_kgd","tload_kglenS","degf","lenObs","lenStr","MSE_kglenS","Cl_kglenS","flowmu_m3s","flowav_m3s"
1,10311.7674628138,10311.7674628138,319664.8,30,31,31,611186027.161212,9218.06489539547,18.7334723003871,18.7334723003871
2,10311.7674628138,10311.7674628138,319664.7,2.73818380681075,31,31,163885075.282654,26007.5320779545,18.7334723003871,18.7334723003871
3,10311.7674628138,10311.7674628138,319664.7,2.24549340375069,31,31,148299340.204767,31546.7744707249,18.7334723003871,18.7334723003871
4,10311.7674628138,10311.7674628138,319664.7,2.16581744585892,31,31,145629428.040072,32815.5099693269,18.7334723003871,18.7334723003871
5,10311.7674628138,10311.7674628138,319664.7,2.13490330132128,31,31,144585489.25616,33348.6354948747,18.7334723003871,18.7334723003871
6,10311.7674628138,10311.7674628138,319664.8,2.13201621438459,31,31,144488236.036906,33399.7422468492,18.7334723003871,18.7334723003871
7,10311.7674628138,10311.7674628138,319664.8,2.13116135486535,31,31,144459839.891298,33414.9645183544,18.7334723003871,18.7334723003871
8,10311.7674628138,10311.7674628138,319664.7,2.13036321823814,31,31,144432784.904751,33429.1319068823,18.7334723003871,18.7334723003871
9,10311.7674628138,10311.7674628138,319664.7,2.13023174268326,31,31,144428328.122149,33431.4673299567,18.7334723003871,18.7334723003871
