"strata","dload.bi_kgd","dload.ub_kgd","tload_kglenS","degf","lenObs","lenStr","MSE_kglenS","Cl_kglenS","flowmu_m3s","flowav_m3s"
7,3113.63767520021,3114.02431168559,96534.8,5.70463173743359,29,31,1213281.69856206,1142.7734425127,5.01916345686021,4.98730705686021
