"strata","dload.bi_kgd","dload.ub_kgd","tload_kglenS","degf","lenObs","lenStr","MSE_kglenS","Cl_kglenS","flowmu_m3s","flowav_m3s"
8,4701.74349291211,4701.74349291211,145754.1,6.61665994154061,31,31,18095034.2354903,3956.80959061959,8.73623519483871,8.73623519483871
