"strata","dload.bi_kgd","dload.ub_kgd","tload_kglenS","degf","lenObs","lenStr","MSE_kglenS","Cl_kglenS","flowmu_m3s","flowav_m3s"
1,365.130581885179,365.130581885179,10953.9,29,30,30,546997.49288968,280.889656759642,0.705097570154667,0.705097570154667
2,365.130581885179,365.130581885179,10953.9,27.3639503365531,30,30,141803.995061294,147.613514325078,0.705097570154667,0.705097570154667
3,365.130581885179,365.130581885179,10953.9,15.0064160999066,30,30,133375.183077883,200.936071158989,0.705097570154667,0.705097570154667
4,365.130581885179,365.130581885179,10953.9,10.9375678804642,30,30,112188.667497587,223.066197787349,0.705097570154667,0.705097570154667
5,365.130581885179,365.130581885179,10953.9,10.1191537905858,30,30,94465.3226826714,214.938210949362,0.705097570154667,0.705097570154667
6,365.130581885179,365.130581885179,10953.9,9.78971246812077,30,30,92896.5972836539,217.682330293303,0.705097570154667,0.705097570154667
7,365.130581885179,365.130581885179,10953.9,9.76012871028173,30,30,92755.8694778128,217.938468621346,0.705097570154667,0.705097570154667
8,365.130581885179,365.130581885179,10953.9,9.79588813788201,30,30,92931.8367753131,217.6359310795,0.705097570154667,0.705097570154667
9,365.130581885179,365.130581885179,10953.9,3.48930713454016,30,30,152853.935788345,616.238677169257,0.705097570154667,0.705097570154667
