"strata","dload.bi_kgd","dload.ub_kgd","tload_kglenS","degf","lenObs","lenStr","MSE_kglenS","Cl_kglenS","flowmu_m3s","flowav_m3s"
6,2057.04903051576,2057.04903051576,63768.4,7.88119887405637,31,31,928159.089760286,793.443138203031,3.11822926950538,3.11822926950538
