"strata","dload.bi_kgd","dload.ub_kgd","tload_kglenS","degf","lenObs","lenStr","MSE_kglenS","Cl_kglenS","flowmu_m3s","flowav_m3s"
1,32.1757830891607,32.1757830891607,997.4,30,31,31,4738.84023988969,25.6678260006654,0.256272969380872,0.256272969380872
2,32.1757830891607,32.1757830891607,997.4,28.8170204323577,31,31,651.943413216878,9.7306598270358,0.256272969380872,0.256272969380872
3,32.1757830891607,32.1757830891607,997.4,27.19483173185,31,31,530.654488155624,9.06063537700357,0.256272969380872,0.256272969380872
4,32.1757830891607,32.1757830891607,997.5,12.5955740621172,31,31,442.418797477921,12.8456215918791,0.256272969380872,0.256272969380872
5,32.1757830891607,32.1757830891607,997.5,10.8722674645702,31,31,403.91578146779,13.4346184991089,0.256272969380872,0.256272969380872
6,32.1757830891607,32.1757830891607,997.6,9.1036029714631,31,31,368.378575470405,14.3651580736821,0.256272969380872,0.256272969380872
7,32.1757830891607,32.1757830891607,997.6,7.57128904830792,31,31,329.875559460274,15.3725815413048,0.256272969380872,0.256272969380872
8,32.1757830891607,32.1757830891607,997.6,7.53249455612513,31,31,329.026672498122,15.4069765362621,0.256272969380872,0.256272969380872
9,32.1757830891607,32.1757830891607,997.5,7.54861935105115,31,31,329.569085027848,15.3970619527087,0.256272969380872,0.256272969380872
