"strata","dload.bi_kgd","dload.ub_kgd","tload_kglenS","degf","lenObs","lenStr","MSE_kglenS","Cl_kglenS","flowmu_m3s","flowav_m3s"
1,52.6584304708707,52.6584304708707,1632.4,30,31,31,1027.72780665785,11.9534179921841,0.19451510227957,0.19451510227957
2,52.6584304708707,52.6584304708707,1632.4,27.7088310301547,31,31,458.666258400693,8.33798710193933,0.19451510227957,0.19451510227957
3,52.6584304708707,52.6584304708707,1632.4,18.7875281566057,31,31,201.041139022843,6.8519534348445,0.19451510227957,0.19451510227957
4,52.6584304708707,52.6584304708707,1632.4,18.8908479375646,31,31,130.800325550969,5.50963433444436,0.19451510227957,0.19451510227957
5,52.6584304708707,52.6584304708707,1632.4,17.0174899705181,31,31,110.310282668021,5.37119279596607,0.19451510227957,0.19451510227957
6,52.6584304708707,52.6584304708707,1632.4,16.8007078895717,31,31,109.705901850745,5.39620311157019,0.19451510227957,0.19451510227957
7,52.6584304708707,52.6584304708707,1632.5,17.0495013162363,31,31,111.0507868602,5.38336009645168,0.19451510227957,0.19451510227957
8,52.6584304708707,52.6584304708707,1632.4,16.8259719578172,31,31,111.566758444749,5.43705979935004,0.19451510227957,0.19451510227957
9,52.6584304708707,52.6584304708707,1632.4,15.6005035845588,31,31,118.285938054024,5.8494951875795,0.19451510227957,0.19451510227957
