"strata","dload.bi_kgd","dload.ub_kgd","tload_kglenS","degf","lenObs","lenStr","MSE_kglenS","Cl_kglenS","flowmu_m3s","flowav_m3s"
7,4261.8907084489,4261.8907084489,132118.7,5.7086097713085,31,31,30549001.654103,5731.24034635666,6.77906673526021,6.77906673526021
