"strata","dload.bi_kgd","dload.ub_kgd","tload_kglenS","degf","lenObs","lenStr","MSE_kglenS","Cl_kglenS","flowmu_m3s","flowav_m3s"
9,62.8346240303063,62.8346240303063,1885.1,5.55182268172145,30,30,1333.42324228052,38.6759794291945,0.175985136426667,0.175985136426667
