"strata","dload.bi_kgd","dload.ub_kgd","tload_kglenS","degf","lenObs","lenStr","MSE_kglenS","Cl_kglenS","flowmu_m3s","flowav_m3s"
1,7813.86270278499,7813.86270278499,234415.9,29,30,30,221652631.76328,5654.30883376924,14.3918979730667,14.3918979730667
2,7813.86270278499,7813.86270278499,234415.9,5.44845229734508,30,30,162637444.636016,13703.7923152587,14.3918979730667,14.3918979730667
3,7813.86270278499,7813.86270278499,234415.9,3.43267383557277,30,30,148193477.284278,19495.4807303372,14.3918979730667,14.3918979730667
4,7813.86270278499,7813.86270278499,234415.8,3.3112748088208,30,30,145535781.37803,20019.5212301186,14.3918979730667,14.3918979730667
5,7813.86270278499,7813.86270278499,234415.9,3.23043738335662,30,30,143734028.42734,20396.5923436307,14.3918979730667,14.3918979730667
6,7813.86270278499,7813.86270278499,234415.9,3.10348260426836,30,30,140935863.933445,21047.1192467409,14.3918979730667,14.3918979730667
7,7813.86270278499,7813.86270278499,234415.9,3.0974606363975,30,30,141133480.812338,21104.5589335522,14.3918979730667,14.3918979730667
8,7813.86270278499,7813.86270278499,234416,3.20782824577485,30,30,143746982.495467,20543.7645751734,14.3918979730667,14.3918979730667
9,7813.86270278499,7813.86270278499,234415.9,3.26364739530212,30,30,145100904.790505,20282.3961309916,14.3918979730667,14.3918979730667
