"strata","dload.bi_kgd","dload.ub_kgd","tload_kglenS","degf","lenObs","lenStr","MSE_kglenS","Cl_kglenS","flowmu_m3s","flowav_m3s"
1,7048.20080694786,7048.20080694786,218494.2,30,31,31,473440496.599991,8113.07992628931,17.058278881428,17.058278881428
2,7048.20080694786,7048.20080694786,218494.2,28.8551577953481,31,31,103211980.250813,3868.92319687624,17.058278881428,17.058278881428
3,7048.20080694786,7048.20080694786,218494.2,16.4266286112447,31,31,31292674.5365324,2919.76374606843,17.058278881428,17.058278881428
4,7048.20080694786,7048.20080694786,218494.2,11.5661661171848,31,31,24924153.0902742,3211.77592659212,17.058278881428,17.058278881428
5,7048.20080694786,7048.20080694786,218494.2,9.68737016517316,31,31,22369577.3641447,3400.72345192179,17.058278881428,17.058278881428
6,7048.20080694786,7048.20080694786,218494.3,6.87913073326302,31,31,21193443.410323,4165.28806080842,17.058278881428,17.058278881428
7,7048.20080694786,7048.20080694786,218494.3,5.49359937808643,31,31,18638867.6841935,4609.77708572226,17.058278881428,17.058278881428
8,7048.20080694786,7048.20080694786,218494.3,5.48902117052433,31,31,18631113.7900998,4611.77406591323,17.058278881428,17.058278881428
9,7048.20080694786,7048.20080694786,218494.3,5.51825961634393,31,31,18685558.5549069,4599.69423917811,17.058278881428,17.058278881428
