"strata","dload.bi_kgd","dload.ub_kgd","tload_kglenS","degf","lenObs","lenStr","MSE_kglenS","Cl_kglenS","flowmu_m3s","flowav_m3s"
1,6819.40065838437,6612.58592907649,185152.4,13,14,28,1660290163.2829,24414.5199275374,15.2199074992381,8.22246383161905
2,5863.25580498699,5695.42678332334,159472,2.56204329025316,14,28,361305649.069189,41723.5317884015,15.2199074992381,10.0165096319307
3,5949.19781924108,5791.8396016266,162171.6,2.0836293733321,14,28,325295002.851109,51744.9470792803,15.2199074992381,9.88062340288436
4,5951.92931571303,5794.30017680661,162240.5,2.08337337233387,14,28,325275018.461844,51752.3104133283,15.2199074992381,10.0630271777143
