"strata","dload.bi_kgd","dload.ub_kgd","tload_kglenS","degf","lenObs","lenStr","MSE_kglenS","Cl_kglenS","flowmu_m3s","flowav_m3s"
6,3241.27739364131,3241.27739364131,90755.8,7.48109552503942,28,28,7837565.519355,2389.10762656595,5.67416420761905,5.67416420761905
