"strata","dload.bi_kgd","dload.ub_kgd","tload_kglenS","degf","lenObs","lenStr","MSE_kglenS","Cl_kglenS","flowmu_m3s","flowav_m3s"
1,135.190804495745,135.234804120366,4192.3,27,28,31,17993.8652184027,52.9690073421693,0.202797522694194,0.218644227074286
2,134.287046455506,134.288436606447,4162.9,14.3168182465571,28,31,12246.5025002571,62.5988069469106,0.202797522694194,0.204758401368933
3,134.417769540763,134.420394937669,4167,10.9955668648118,28,31,2896.75419379643,35.7260899984472,0.202797522694194,0.205086138052979
4,134.371979018302,134.373658301878,4165.6,5.54696093039454,28,31,1997.03786698844,47.3632828643342,0.202797522694194,0.20491057825871
5,134.287046455506,134.288436606447,4162.9,4.65034630885757,28,31,1822.95099531238,52.0679573751159,0.202797522694194,0.204758401368933
6,134.120775685884,134.114839570742,4157.6,4.36295155081851,28,31,1764.54803723711,54.0511369278196,0.202797522694194,0.204210658896516
7,134.371693794107,134.37429966018,4165.6,4.21763740211553,28,31,1734.49609876043,55.1767168296609,0.202797522694194,0.202678135411613
8,134.371693794107,134.37429966018,4165.5,4.09646317108665,28,31,1709.2299410367,56.1904618733262,0.202797522694194,0.202678135411613
