"strata","dload.bi_kgd","dload.ub_kgd","tload_kglenS","degf","lenObs","lenStr","MSE_kglenS","Cl_kglenS","flowmu_m3s","flowav_m3s"
7,3631.66519502245,3631.69458879499,108950.7,3.38123659370628,29,30,30783718.0586459,9018.12152077601,6.65598969244444,6.65410190577778
